respondent_id,movie_code,has_seen_movie,movie_title,film_key,episode_order
3292879998.0,seen_episode_i_the_phantom_menace,1,Episode I: The Phantom Menace,the_phantom_menace,1
3292879538.0,seen_episode_i_the_phantom_menace,0,Episode I: The Phantom Menace,the_phantom_menace,1
3292765271.0,seen_episode_i_the_phantom_menace,1,Episode I: The Phantom Menace,the_phantom_menace,1
3292763116.0,seen_episode_i_the_phantom_menace,1,Episode I: The Phantom Menace,the_phantom_menace,1
3292731220.0,seen_episode_i_the_phantom_menace,1,Episode I: The Phantom Menace,the_phantom_menace,1
3292719380.0,seen_episode_i_the_phantom_menace,1,Episode I: The Phantom Menace,the_phantom_menace,1
3292684787.0,seen_episode_i_the_phantom_menace,1,Episode I: The Phantom Menace,the_phantom_menace,1
3292663732.0,seen_episode_i_the_phantom_menace,1,Episode I: The Phantom Menace,the_phantom_menace,1
3292654043.0,seen_episode_i_the_phantom_menace,1,Episode I: The Phantom Menace,the_phantom_menace,1
3292640424.0,seen_episode_i_the_phantom_menace,0,Episode I: The Phantom Menace,the_phantom_menace,1
3292637870.0,seen_episode_i_the_phantom_menace,0,Episode I: The Phantom Menace,the_phantom_menace,1
3292635062.0,seen_episode_i_the_phantom_menace,0,Episode I: The Phantom Menace,the_phantom_menace,1
3292609214.0,seen_episode_i_the_phantom_menace,1,Episode I: The Phantom Menace,the_phantom_menace,1
3292596911.0,seen_episode_i_the_phantom_menace,1,Episode I: The Phantom Menace,the_phantom_menace,1
3292587240.0,seen_episode_i_the_phantom_menace,1,Episode I: The Phantom Menace,the_phantom_menace,1
3292583038.0,seen_episode_i_the_phantom_menace,1,Episode I: The Phantom Menace,the_phantom_menace,1
3292580516.0,seen_episode_i_the_phantom_menace,0,Episode I: The Phantom Menace,the_phantom_menace,1
3292572872.0,seen_episode_i_the_phantom_menace,1,Episode I: The Phantom Menace,the_phantom_menace,1
3292565282.0,seen_episode_i_the_phantom_menace,1,Episode I: The Phantom Menace,the_phantom_menace,1
3292562297.0,seen_episode_i_the_phantom_menace,1,Episode I: The Phantom Menace,the_phantom_menace,1
3292522349.0,seen_episode_i_the_phantom_menace,1,Episode I: The Phantom Menace,the_phantom_menace,1
3292521066.0,seen_episode_i_the_phantom_menace,1,Episode I: The Phantom Menace,the_phantom_menace,1
3292511801.0,seen_episode_i_the_phantom_menace,1,Episode I: The Phantom Menace,the_phantom_menace,1
3292483200.0,seen_episode_i_the_phantom_menace,1,Episode I: The Phantom Menace,the_phantom_menace,1
3292465491.0,seen_episode_i_the_phantom_menace,1,Episode I: The Phantom Menace,the_phantom_menace,1
3292447974.0,seen_episode_i_the_phantom_menace,0,Episode I: The Phantom Menace,the_phantom_menace,1
3292420123.0,seen_episode_i_the_phantom_menace,1,Episode I: The Phantom Menace,the_phantom_menace,1
3292384040.0,seen_episode_i_the_phantom_menace,1,Episode I: The Phantom Menace,the_phantom_menace,1
3292380493.0,seen_episode_i_the_phantom_menace,1,Episode I: The Phantom Menace,the_phantom_menace,1
3292376985.0,seen_episode_i_the_phantom_menace,1,Episode I: The Phantom Menace,the_phantom_menace,1
3292366792.0,seen_episode_i_the_phantom_menace,1,Episode I: The Phantom Menace,the_phantom_menace,1
3292339379.0,seen_episode_i_the_phantom_menace,1,Episode I: The Phantom Menace,the_phantom_menace,1
3292330840.0,seen_episode_i_the_phantom_menace,1,Episode I: The Phantom Menace,the_phantom_menace,1
3292318652.0,seen_episode_i_the_phantom_menace,0,Episode I: The Phantom Menace,the_phantom_menace,1
3292297848.0,seen_episode_i_the_phantom_menace,0,Episode I: The Phantom Menace,the_phantom_menace,1
3292290677.0,seen_episode_i_the_phantom_menace,1,Episode I: The Phantom Menace,the_phantom_menace,1
3292281095.0,seen_episode_i_the_phantom_menace,1,Episode I: The Phantom Menace,the_phantom_menace,1
3292279889.0,seen_episode_i_the_phantom_menace,1,Episode I: The Phantom Menace,the_phantom_menace,1
3292264069.0,seen_episode_i_the_phantom_menace,1,Episode I: The Phantom Menace,the_phantom_menace,1
3292257520.0,seen_episode_i_the_phantom_menace,1,Episode I: The Phantom Menace,the_phantom_menace,1
3292249492.0,seen_episode_i_the_phantom_menace,1,Episode I: The Phantom Menace,the_phantom_menace,1
3292222729.0,seen_episode_i_the_phantom_menace,1,Episode I: The Phantom Menace,the_phantom_menace,1
3292221635.0,seen_episode_i_the_phantom_menace,1,Episode I: The Phantom Menace,the_phantom_menace,1
3292218251.0,seen_episode_i_the_phantom_menace,1,Episode I: The Phantom Menace,the_phantom_menace,1
3292214307.0,seen_episode_i_the_phantom_menace,1,Episode I: The Phantom Menace,the_phantom_menace,1
3292210606.0,seen_episode_i_the_phantom_menace,1,Episode I: The Phantom Menace,the_phantom_menace,1
3292202220.0,seen_episode_i_the_phantom_menace,0,Episode I: The Phantom Menace,the_phantom_menace,1
3292189580.0,seen_episode_i_the_phantom_menace,1,Episode I: The Phantom Menace,the_phantom_menace,1
3292187343.0,seen_episode_i_the_phantom_menace,1,Episode I: The Phantom Menace,the_phantom_menace,1
3292186608.0,seen_episode_i_the_phantom_menace,0,Episode I: The Phantom Menace,the_phantom_menace,1
3292178389.0,seen_episode_i_the_phantom_menace,1,Episode I: The Phantom Menace,the_phantom_menace,1
3292176862.0,seen_episode_i_the_phantom_menace,1,Episode I: The Phantom Menace,the_phantom_menace,1
3292173922.0,seen_episode_i_the_phantom_menace,1,Episode I: The Phantom Menace,the_phantom_menace,1
3292167131.0,seen_episode_i_the_phantom_menace,1,Episode I: The Phantom Menace,the_phantom_menace,1
3292162057.0,seen_episode_i_the_phantom_menace,1,Episode I: The Phantom Menace,the_phantom_menace,1
3292161407.0,seen_episode_i_the_phantom_menace,0,Episode I: The Phantom Menace,the_phantom_menace,1
3292156614.0,seen_episode_i_the_phantom_menace,1,Episode I: The Phantom Menace,the_phantom_menace,1
3292148570.0,seen_episode_i_the_phantom_menace,1,Episode I: The Phantom Menace,the_phantom_menace,1
3292144665.0,seen_episode_i_the_phantom_menace,1,Episode I: The Phantom Menace,the_phantom_menace,1
3292143503.0,seen_episode_i_the_phantom_menace,1,Episode I: The Phantom Menace,the_phantom_menace,1
3292131636.0,seen_episode_i_the_phantom_menace,1,Episode I: The Phantom Menace,the_phantom_menace,1
3292125068.0,seen_episode_i_the_phantom_menace,0,Episode I: The Phantom Menace,the_phantom_menace,1
3292120160.0,seen_episode_i_the_phantom_menace,1,Episode I: The Phantom Menace,the_phantom_menace,1
3292103680.0,seen_episode_i_the_phantom_menace,1,Episode I: The Phantom Menace,the_phantom_menace,1
3292050153.0,seen_episode_i_the_phantom_menace,1,Episode I: The Phantom Menace,the_phantom_menace,1
3292041365.0,seen_episode_i_the_phantom_menace,1,Episode I: The Phantom Menace,the_phantom_menace,1
3292033243.0,seen_episode_i_the_phantom_menace,1,Episode I: The Phantom Menace,the_phantom_menace,1
3292031637.0,seen_episode_i_the_phantom_menace,1,Episode I: The Phantom Menace,the_phantom_menace,1
3292008762.0,seen_episode_i_the_phantom_menace,1,Episode I: The Phantom Menace,the_phantom_menace,1
3291992352.0,seen_episode_i_the_phantom_menace,1,Episode I: The Phantom Menace,the_phantom_menace,1
3291945498.0,seen_episode_i_the_phantom_menace,1,Episode I: The Phantom Menace,the_phantom_menace,1
3291940517.0,seen_episode_i_the_phantom_menace,1,Episode I: The Phantom Menace,the_phantom_menace,1
3291871486.0,seen_episode_i_the_phantom_menace,1,Episode I: The Phantom Menace,the_phantom_menace,1
3291778150.0,seen_episode_i_the_phantom_menace,1,Episode I: The Phantom Menace,the_phantom_menace,1
3291766314.0,seen_episode_i_the_phantom_menace,1,Episode I: The Phantom Menace,the_phantom_menace,1
3291762799.0,seen_episode_i_the_phantom_menace,1,Episode I: The Phantom Menace,the_phantom_menace,1
3291707153.0,seen_episode_i_the_phantom_menace,0,Episode I: The Phantom Menace,the_phantom_menace,1
3291701619.0,seen_episode_i_the_phantom_menace,1,Episode I: The Phantom Menace,the_phantom_menace,1
3291696391.0,seen_episode_i_the_phantom_menace,1,Episode I: The Phantom Menace,the_phantom_menace,1
3291684768.0,seen_episode_i_the_phantom_menace,1,Episode I: The Phantom Menace,the_phantom_menace,1
3291669388.0,seen_episode_i_the_phantom_menace,0,Episode I: The Phantom Menace,the_phantom_menace,1
3291661584.0,seen_episode_i_the_phantom_menace,0,Episode I: The Phantom Menace,the_phantom_menace,1
3291658046.0,seen_episode_i_the_phantom_menace,1,Episode I: The Phantom Menace,the_phantom_menace,1
3291654919.0,seen_episode_i_the_phantom_menace,1,Episode I: The Phantom Menace,the_phantom_menace,1
3291653882.0,seen_episode_i_the_phantom_menace,0,Episode I: The Phantom Menace,the_phantom_menace,1
3291650311.0,seen_episode_i_the_phantom_menace,1,Episode I: The Phantom Menace,the_phantom_menace,1
3291649780.0,seen_episode_i_the_phantom_menace,0,Episode I: The Phantom Menace,the_phantom_menace,1
3291648660.0,seen_episode_i_the_phantom_menace,0,Episode I: The Phantom Menace,the_phantom_menace,1
3291641416.0,seen_episode_i_the_phantom_menace,1,Episode I: The Phantom Menace,the_phantom_menace,1
3291635934.0,seen_episode_i_the_phantom_menace,0,Episode I: The Phantom Menace,the_phantom_menace,1
3291634205.0,seen_episode_i_the_phantom_menace,1,Episode I: The Phantom Menace,the_phantom_menace,1
3291618031.0,seen_episode_i_the_phantom_menace,0,Episode I: The Phantom Menace,the_phantom_menace,1
3291603688.0,seen_episode_i_the_phantom_menace,0,Episode I: The Phantom Menace,the_phantom_menace,1
3291602842.0,seen_episode_i_the_phantom_menace,1,Episode I: The Phantom Menace,the_phantom_menace,1
3291598188.0,seen_episode_i_the_phantom_menace,0,Episode I: The Phantom Menace,the_phantom_menace,1
3291588139.0,seen_episode_i_the_phantom_menace,1,Episode I: The Phantom Menace,the_phantom_menace,1
3291570206.0,seen_episode_i_the_phantom_menace,0,Episode I: The Phantom Menace,the_phantom_menace,1
3291548852.0,seen_episode_i_the_phantom_menace,1,Episode I: The Phantom Menace,the_phantom_menace,1
3291529925.0,seen_episode_i_the_phantom_menace,1,Episode I: The Phantom Menace,the_phantom_menace,1
3291524547.0,seen_episode_i_the_phantom_menace,1,Episode I: The Phantom Menace,the_phantom_menace,1
3291502449.0,seen_episode_i_the_phantom_menace,1,Episode I: The Phantom Menace,the_phantom_menace,1
3291497337.0,seen_episode_i_the_phantom_menace,1,Episode I: The Phantom Menace,the_phantom_menace,1
3291482197.0,seen_episode_i_the_phantom_menace,1,Episode I: The Phantom Menace,the_phantom_menace,1
3291476650.0,seen_episode_i_the_phantom_menace,0,Episode I: The Phantom Menace,the_phantom_menace,1
3291470613.0,seen_episode_i_the_phantom_menace,0,Episode I: The Phantom Menace,the_phantom_menace,1
3291469991.0,seen_episode_i_the_phantom_menace,0,Episode I: The Phantom Menace,the_phantom_menace,1
3291468155.0,seen_episode_i_the_phantom_menace,0,Episode I: The Phantom Menace,the_phantom_menace,1
3291461574.0,seen_episode_i_the_phantom_menace,0,Episode I: The Phantom Menace,the_phantom_menace,1
3291455642.0,seen_episode_i_the_phantom_menace,0,Episode I: The Phantom Menace,the_phantom_menace,1
3291446474.0,seen_episode_i_the_phantom_menace,0,Episode I: The Phantom Menace,the_phantom_menace,1
3291446275.0,seen_episode_i_the_phantom_menace,1,Episode I: The Phantom Menace,the_phantom_menace,1
3291439708.0,seen_episode_i_the_phantom_menace,1,Episode I: The Phantom Menace,the_phantom_menace,1
3291439404.0,seen_episode_i_the_phantom_menace,1,Episode I: The Phantom Menace,the_phantom_menace,1
3291437345.0,seen_episode_i_the_phantom_menace,1,Episode I: The Phantom Menace,the_phantom_menace,1
3291435787.0,seen_episode_i_the_phantom_menace,1,Episode I: The Phantom Menace,the_phantom_menace,1
3291435056.0,seen_episode_i_the_phantom_menace,0,Episode I: The Phantom Menace,the_phantom_menace,1
3291433636.0,seen_episode_i_the_phantom_menace,1,Episode I: The Phantom Menace,the_phantom_menace,1
3291431939.0,seen_episode_i_the_phantom_menace,1,Episode I: The Phantom Menace,the_phantom_menace,1
3291430239.0,seen_episode_i_the_phantom_menace,0,Episode I: The Phantom Menace,the_phantom_menace,1
3291430193.0,seen_episode_i_the_phantom_menace,0,Episode I: The Phantom Menace,the_phantom_menace,1
3291428174.0,seen_episode_i_the_phantom_menace,0,Episode I: The Phantom Menace,the_phantom_menace,1
3291427761.0,seen_episode_i_the_phantom_menace,0,Episode I: The Phantom Menace,the_phantom_menace,1
3291425110.0,seen_episode_i_the_phantom_menace,1,Episode I: The Phantom Menace,the_phantom_menace,1
3291424127.0,seen_episode_i_the_phantom_menace,1,Episode I: The Phantom Menace,the_phantom_menace,1
3291424006.0,seen_episode_i_the_phantom_menace,0,Episode I: The Phantom Menace,the_phantom_menace,1
3291422637.0,seen_episode_i_the_phantom_menace,0,Episode I: The Phantom Menace,the_phantom_menace,1
3291421381.0,seen_episode_i_the_phantom_menace,0,Episode I: The Phantom Menace,the_phantom_menace,1
3291420030.0,seen_episode_i_the_phantom_menace,0,Episode I: The Phantom Menace,the_phantom_menace,1
3291410155.0,seen_episode_i_the_phantom_menace,0,Episode I: The Phantom Menace,the_phantom_menace,1
3291405943.0,seen_episode_i_the_phantom_menace,0,Episode I: The Phantom Menace,the_phantom_menace,1
3291402264.0,seen_episode_i_the_phantom_menace,0,Episode I: The Phantom Menace,the_phantom_menace,1
3291401326.0,seen_episode_i_the_phantom_menace,1,Episode I: The Phantom Menace,the_phantom_menace,1
3291395512.0,seen_episode_i_the_phantom_menace,1,Episode I: The Phantom Menace,the_phantom_menace,1
3291394022.0,seen_episode_i_the_phantom_menace,1,Episode I: The Phantom Menace,the_phantom_menace,1
3291391717.0,seen_episode_i_the_phantom_menace,0,Episode I: The Phantom Menace,the_phantom_menace,1
3291391446.0,seen_episode_i_the_phantom_menace,0,Episode I: The Phantom Menace,the_phantom_menace,1
3291391033.0,seen_episode_i_the_phantom_menace,0,Episode I: The Phantom Menace,the_phantom_menace,1
3291390734.0,seen_episode_i_the_phantom_menace,0,Episode I: The Phantom Menace,the_phantom_menace,1
3291388906.0,seen_episode_i_the_phantom_menace,0,Episode I: The Phantom Menace,the_phantom_menace,1
3291388180.0,seen_episode_i_the_phantom_menace,1,Episode I: The Phantom Menace,the_phantom_menace,1
3291380973.0,seen_episode_i_the_phantom_menace,0,Episode I: The Phantom Menace,the_phantom_menace,1
3291378572.0,seen_episode_i_the_phantom_menace,1,Episode I: The Phantom Menace,the_phantom_menace,1
3291375306.0,seen_episode_i_the_phantom_menace,0,Episode I: The Phantom Menace,the_phantom_menace,1
3291364062.0,seen_episode_i_the_phantom_menace,1,Episode I: The Phantom Menace,the_phantom_menace,1
3291345427.0,seen_episode_i_the_phantom_menace,1,Episode I: The Phantom Menace,the_phantom_menace,1
3291341186.0,seen_episode_i_the_phantom_menace,0,Episode I: The Phantom Menace,the_phantom_menace,1
3291330710.0,seen_episode_i_the_phantom_menace,1,Episode I: The Phantom Menace,the_phantom_menace,1
3291327304.0,seen_episode_i_the_phantom_menace,0,Episode I: The Phantom Menace,the_phantom_menace,1
3291320154.0,seen_episode_i_the_phantom_menace,1,Episode I: The Phantom Menace,the_phantom_menace,1
3291312980.0,seen_episode_i_the_phantom_menace,0,Episode I: The Phantom Menace,the_phantom_menace,1
3291290675.0,seen_episode_i_the_phantom_menace,0,Episode I: The Phantom Menace,the_phantom_menace,1
3291288174.0,seen_episode_i_the_phantom_menace,1,Episode I: The Phantom Menace,the_phantom_menace,1
3291271932.0,seen_episode_i_the_phantom_menace,1,Episode I: The Phantom Menace,the_phantom_menace,1
3291267852.0,seen_episode_i_the_phantom_menace,0,Episode I: The Phantom Menace,the_phantom_menace,1
3291262515.0,seen_episode_i_the_phantom_menace,1,Episode I: The Phantom Menace,the_phantom_menace,1
3291233218.0,seen_episode_i_the_phantom_menace,1,Episode I: The Phantom Menace,the_phantom_menace,1
3291206864.0,seen_episode_i_the_phantom_menace,1,Episode I: The Phantom Menace,the_phantom_menace,1
3291203531.0,seen_episode_i_the_phantom_menace,0,Episode I: The Phantom Menace,the_phantom_menace,1
3291184745.0,seen_episode_i_the_phantom_menace,1,Episode I: The Phantom Menace,the_phantom_menace,1
3291181010.0,seen_episode_i_the_phantom_menace,1,Episode I: The Phantom Menace,the_phantom_menace,1
3291159863.0,seen_episode_i_the_phantom_menace,1,Episode I: The Phantom Menace,the_phantom_menace,1
3291145258.0,seen_episode_i_the_phantom_menace,1,Episode I: The Phantom Menace,the_phantom_menace,1
3291141478.0,seen_episode_i_the_phantom_menace,1,Episode I: The Phantom Menace,the_phantom_menace,1
3291139156.0,seen_episode_i_the_phantom_menace,0,Episode I: The Phantom Menace,the_phantom_menace,1
3291121359.0,seen_episode_i_the_phantom_menace,0,Episode I: The Phantom Menace,the_phantom_menace,1
3291119656.0,seen_episode_i_the_phantom_menace,1,Episode I: The Phantom Menace,the_phantom_menace,1
3291101925.0,seen_episode_i_the_phantom_menace,1,Episode I: The Phantom Menace,the_phantom_menace,1
3291094347.0,seen_episode_i_the_phantom_menace,1,Episode I: The Phantom Menace,the_phantom_menace,1
3291092094.0,seen_episode_i_the_phantom_menace,0,Episode I: The Phantom Menace,the_phantom_menace,1
3291077381.0,seen_episode_i_the_phantom_menace,1,Episode I: The Phantom Menace,the_phantom_menace,1
3291075212.0,seen_episode_i_the_phantom_menace,1,Episode I: The Phantom Menace,the_phantom_menace,1
3291064417.0,seen_episode_i_the_phantom_menace,0,Episode I: The Phantom Menace,the_phantom_menace,1
3291063226.0,seen_episode_i_the_phantom_menace,1,Episode I: The Phantom Menace,the_phantom_menace,1
3291060156.0,seen_episode_i_the_phantom_menace,0,Episode I: The Phantom Menace,the_phantom_menace,1
3291056296.0,seen_episode_i_the_phantom_menace,1,Episode I: The Phantom Menace,the_phantom_menace,1
3291052728.0,seen_episode_i_the_phantom_menace,1,Episode I: The Phantom Menace,the_phantom_menace,1
3291051343.0,seen_episode_i_the_phantom_menace,1,Episode I: The Phantom Menace,the_phantom_menace,1
3291045360.0,seen_episode_i_the_phantom_menace,1,Episode I: The Phantom Menace,the_phantom_menace,1
3291043176.0,seen_episode_i_the_phantom_menace,1,Episode I: The Phantom Menace,the_phantom_menace,1
3291042516.0,seen_episode_i_the_phantom_menace,1,Episode I: The Phantom Menace,the_phantom_menace,1
3291037640.0,seen_episode_i_the_phantom_menace,0,Episode I: The Phantom Menace,the_phantom_menace,1
3291034202.0,seen_episode_i_the_phantom_menace,1,Episode I: The Phantom Menace,the_phantom_menace,1
3291033668.0,seen_episode_i_the_phantom_menace,0,Episode I: The Phantom Menace,the_phantom_menace,1
3291032418.0,seen_episode_i_the_phantom_menace,0,Episode I: The Phantom Menace,the_phantom_menace,1
3291029281.0,seen_episode_i_the_phantom_menace,0,Episode I: The Phantom Menace,the_phantom_menace,1
3291028446.0,seen_episode_i_the_phantom_menace,1,Episode I: The Phantom Menace,the_phantom_menace,1
3291024297.0,seen_episode_i_the_phantom_menace,1,Episode I: The Phantom Menace,the_phantom_menace,1
3291023456.0,seen_episode_i_the_phantom_menace,1,Episode I: The Phantom Menace,the_phantom_menace,1
3291022655.0,seen_episode_i_the_phantom_menace,1,Episode I: The Phantom Menace,the_phantom_menace,1
3291022275.0,seen_episode_i_the_phantom_menace,0,Episode I: The Phantom Menace,the_phantom_menace,1
3291022013.0,seen_episode_i_the_phantom_menace,0,Episode I: The Phantom Menace,the_phantom_menace,1
3291019033.0,seen_episode_i_the_phantom_menace,1,Episode I: The Phantom Menace,the_phantom_menace,1
3291018581.0,seen_episode_i_the_phantom_menace,0,Episode I: The Phantom Menace,the_phantom_menace,1
3291015347.0,seen_episode_i_the_phantom_menace,0,Episode I: The Phantom Menace,the_phantom_menace,1
3291014757.0,seen_episode_i_the_phantom_menace,1,Episode I: The Phantom Menace,the_phantom_menace,1
3291009055.0,seen_episode_i_the_phantom_menace,0,Episode I: The Phantom Menace,the_phantom_menace,1
3291007877.0,seen_episode_i_the_phantom_menace,1,Episode I: The Phantom Menace,the_phantom_menace,1
3291006540.0,seen_episode_i_the_phantom_menace,0,Episode I: The Phantom Menace,the_phantom_menace,1
3291002672.0,seen_episode_i_the_phantom_menace,0,Episode I: The Phantom Menace,the_phantom_menace,1
3291001879.0,seen_episode_i_the_phantom_menace,0,Episode I: The Phantom Menace,the_phantom_menace,1
3290999912.0,seen_episode_i_the_phantom_menace,1,Episode I: The Phantom Menace,the_phantom_menace,1
3290998457.0,seen_episode_i_the_phantom_menace,0,Episode I: The Phantom Menace,the_phantom_menace,1
3290996933.0,seen_episode_i_the_phantom_menace,1,Episode I: The Phantom Menace,the_phantom_menace,1
3290994001.0,seen_episode_i_the_phantom_menace,1,Episode I: The Phantom Menace,the_phantom_menace,1
3290992477.0,seen_episode_i_the_phantom_menace,1,Episode I: The Phantom Menace,the_phantom_menace,1
3290992371.0,seen_episode_i_the_phantom_menace,0,Episode I: The Phantom Menace,the_phantom_menace,1
3290987996.0,seen_episode_i_the_phantom_menace,1,Episode I: The Phantom Menace,the_phantom_menace,1
3290984063.0,seen_episode_i_the_phantom_menace,0,Episode I: The Phantom Menace,the_phantom_menace,1
3290980789.0,seen_episode_i_the_phantom_menace,0,Episode I: The Phantom Menace,the_phantom_menace,1
3290977827.0,seen_episode_i_the_phantom_menace,1,Episode I: The Phantom Menace,the_phantom_menace,1
3290976539.0,seen_episode_i_the_phantom_menace,0,Episode I: The Phantom Menace,the_phantom_menace,1
3290975724.0,seen_episode_i_the_phantom_menace,1,Episode I: The Phantom Menace,the_phantom_menace,1
3290973695.0,seen_episode_i_the_phantom_menace,1,Episode I: The Phantom Menace,the_phantom_menace,1
3290973177.0,seen_episode_i_the_phantom_menace,0,Episode I: The Phantom Menace,the_phantom_menace,1
3290973120.0,seen_episode_i_the_phantom_menace,0,Episode I: The Phantom Menace,the_phantom_menace,1
3290972257.0,seen_episode_i_the_phantom_menace,1,Episode I: The Phantom Menace,the_phantom_menace,1
3290971794.0,seen_episode_i_the_phantom_menace,1,Episode I: The Phantom Menace,the_phantom_menace,1
3290971358.0,seen_episode_i_the_phantom_menace,1,Episode I: The Phantom Menace,the_phantom_menace,1
3290965482.0,seen_episode_i_the_phantom_menace,0,Episode I: The Phantom Menace,the_phantom_menace,1
3290961855.0,seen_episode_i_the_phantom_menace,0,Episode I: The Phantom Menace,the_phantom_menace,1
3290961497.0,seen_episode_i_the_phantom_menace,1,Episode I: The Phantom Menace,the_phantom_menace,1
3290953060.0,seen_episode_i_the_phantom_menace,0,Episode I: The Phantom Menace,the_phantom_menace,1
3290949606.0,seen_episode_i_the_phantom_menace,0,Episode I: The Phantom Menace,the_phantom_menace,1
3290948002.0,seen_episode_i_the_phantom_menace,0,Episode I: The Phantom Menace,the_phantom_menace,1
3290947136.0,seen_episode_i_the_phantom_menace,1,Episode I: The Phantom Menace,the_phantom_menace,1
3290947011.0,seen_episode_i_the_phantom_menace,1,Episode I: The Phantom Menace,the_phantom_menace,1
3290946211.0,seen_episode_i_the_phantom_menace,0,Episode I: The Phantom Menace,the_phantom_menace,1
3290944858.0,seen_episode_i_the_phantom_menace,1,Episode I: The Phantom Menace,the_phantom_menace,1
3290944288.0,seen_episode_i_the_phantom_menace,1,Episode I: The Phantom Menace,the_phantom_menace,1
3290941824.0,seen_episode_i_the_phantom_menace,1,Episode I: The Phantom Menace,the_phantom_menace,1
3290939696.0,seen_episode_i_the_phantom_menace,0,Episode I: The Phantom Menace,the_phantom_menace,1
3290934328.0,seen_episode_i_the_phantom_menace,0,Episode I: The Phantom Menace,the_phantom_menace,1
3290929229.0,seen_episode_i_the_phantom_menace,1,Episode I: The Phantom Menace,the_phantom_menace,1
3290927126.0,seen_episode_i_the_phantom_menace,0,Episode I: The Phantom Menace,the_phantom_menace,1
3290926407.0,seen_episode_i_the_phantom_menace,0,Episode I: The Phantom Menace,the_phantom_menace,1
3290922858.0,seen_episode_i_the_phantom_menace,1,Episode I: The Phantom Menace,the_phantom_menace,1
3290920752.0,seen_episode_i_the_phantom_menace,1,Episode I: The Phantom Menace,the_phantom_menace,1
3290919823.0,seen_episode_i_the_phantom_menace,1,Episode I: The Phantom Menace,the_phantom_menace,1
3290919419.0,seen_episode_i_the_phantom_menace,1,Episode I: The Phantom Menace,the_phantom_menace,1
3290917153.0,seen_episode_i_the_phantom_menace,1,Episode I: The Phantom Menace,the_phantom_menace,1
3290917131.0,seen_episode_i_the_phantom_menace,1,Episode I: The Phantom Menace,the_phantom_menace,1
3290916554.0,seen_episode_i_the_phantom_menace,1,Episode I: The Phantom Menace,the_phantom_menace,1
3290915885.0,seen_episode_i_the_phantom_menace,1,Episode I: The Phantom Menace,the_phantom_menace,1
3290912485.0,seen_episode_i_the_phantom_menace,0,Episode I: The Phantom Menace,the_phantom_menace,1
3290912014.0,seen_episode_i_the_phantom_menace,0,Episode I: The Phantom Menace,the_phantom_menace,1
3290910069.0,seen_episode_i_the_phantom_menace,1,Episode I: The Phantom Menace,the_phantom_menace,1
3290906086.0,seen_episode_i_the_phantom_menace,1,Episode I: The Phantom Menace,the_phantom_menace,1
3290906022.0,seen_episode_i_the_phantom_menace,0,Episode I: The Phantom Menace,the_phantom_menace,1
3290903423.0,seen_episode_i_the_phantom_menace,0,Episode I: The Phantom Menace,the_phantom_menace,1
3290902880.0,seen_episode_i_the_phantom_menace,1,Episode I: The Phantom Menace,the_phantom_menace,1
3290901027.0,seen_episode_i_the_phantom_menace,1,Episode I: The Phantom Menace,the_phantom_menace,1
3290896982.0,seen_episode_i_the_phantom_menace,0,Episode I: The Phantom Menace,the_phantom_menace,1
3290893301.0,seen_episode_i_the_phantom_menace,0,Episode I: The Phantom Menace,the_phantom_menace,1
3290889443.0,seen_episode_i_the_phantom_menace,0,Episode I: The Phantom Menace,the_phantom_menace,1
3290888715.0,seen_episode_i_the_phantom_menace,0,Episode I: The Phantom Menace,the_phantom_menace,1
3290888303.0,seen_episode_i_the_phantom_menace,1,Episode I: The Phantom Menace,the_phantom_menace,1
3290888102.0,seen_episode_i_the_phantom_menace,0,Episode I: The Phantom Menace,the_phantom_menace,1
3290888079.0,seen_episode_i_the_phantom_menace,1,Episode I: The Phantom Menace,the_phantom_menace,1
3290884427.0,seen_episode_i_the_phantom_menace,1,Episode I: The Phantom Menace,the_phantom_menace,1
3290881566.0,seen_episode_i_the_phantom_menace,1,Episode I: The Phantom Menace,the_phantom_menace,1
3290879019.0,seen_episode_i_the_phantom_menace,1,Episode I: The Phantom Menace,the_phantom_menace,1
3290878766.0,seen_episode_i_the_phantom_menace,1,Episode I: The Phantom Menace,the_phantom_menace,1
3290874545.0,seen_episode_i_the_phantom_menace,0,Episode I: The Phantom Menace,the_phantom_menace,1
3290873342.0,seen_episode_i_the_phantom_menace,1,Episode I: The Phantom Menace,the_phantom_menace,1
3290871307.0,seen_episode_i_the_phantom_menace,1,Episode I: The Phantom Menace,the_phantom_menace,1
3290869696.0,seen_episode_i_the_phantom_menace,0,Episode I: The Phantom Menace,the_phantom_menace,1
3290863729.0,seen_episode_i_the_phantom_menace,1,Episode I: The Phantom Menace,the_phantom_menace,1
3290863193.0,seen_episode_i_the_phantom_menace,1,Episode I: The Phantom Menace,the_phantom_menace,1
3290862050.0,seen_episode_i_the_phantom_menace,0,Episode I: The Phantom Menace,the_phantom_menace,1
3290860908.0,seen_episode_i_the_phantom_menace,1,Episode I: The Phantom Menace,the_phantom_menace,1
3290860842.0,seen_episode_i_the_phantom_menace,1,Episode I: The Phantom Menace,the_phantom_menace,1
3290860558.0,seen_episode_i_the_phantom_menace,1,Episode I: The Phantom Menace,the_phantom_menace,1
3290858689.0,seen_episode_i_the_phantom_menace,0,Episode I: The Phantom Menace,the_phantom_menace,1
3290858543.0,seen_episode_i_the_phantom_menace,1,Episode I: The Phantom Menace,the_phantom_menace,1
3290855818.0,seen_episode_i_the_phantom_menace,1,Episode I: The Phantom Menace,the_phantom_menace,1
3290854802.0,seen_episode_i_the_phantom_menace,1,Episode I: The Phantom Menace,the_phantom_menace,1
3290853559.0,seen_episode_i_the_phantom_menace,1,Episode I: The Phantom Menace,the_phantom_menace,1
3290853267.0,seen_episode_i_the_phantom_menace,0,Episode I: The Phantom Menace,the_phantom_menace,1
3290852271.0,seen_episode_i_the_phantom_menace,0,Episode I: The Phantom Menace,the_phantom_menace,1
3290848617.0,seen_episode_i_the_phantom_menace,1,Episode I: The Phantom Menace,the_phantom_menace,1
3290846848.0,seen_episode_i_the_phantom_menace,1,Episode I: The Phantom Menace,the_phantom_menace,1
3290846769.0,seen_episode_i_the_phantom_menace,0,Episode I: The Phantom Menace,the_phantom_menace,1
3290846466.0,seen_episode_i_the_phantom_menace,1,Episode I: The Phantom Menace,the_phantom_menace,1
3290845752.0,seen_episode_i_the_phantom_menace,1,Episode I: The Phantom Menace,the_phantom_menace,1
3290845367.0,seen_episode_i_the_phantom_menace,1,Episode I: The Phantom Menace,the_phantom_menace,1
3290845046.0,seen_episode_i_the_phantom_menace,1,Episode I: The Phantom Menace,the_phantom_menace,1
3290844577.0,seen_episode_i_the_phantom_menace,0,Episode I: The Phantom Menace,the_phantom_menace,1
3290841815.0,seen_episode_i_the_phantom_menace,0,Episode I: The Phantom Menace,the_phantom_menace,1
3290840905.0,seen_episode_i_the_phantom_menace,0,Episode I: The Phantom Menace,the_phantom_menace,1
3290836653.0,seen_episode_i_the_phantom_menace,1,Episode I: The Phantom Menace,the_phantom_menace,1
3290834007.0,seen_episode_i_the_phantom_menace,0,Episode I: The Phantom Menace,the_phantom_menace,1
3290829888.0,seen_episode_i_the_phantom_menace,0,Episode I: The Phantom Menace,the_phantom_menace,1
3290828902.0,seen_episode_i_the_phantom_menace,0,Episode I: The Phantom Menace,the_phantom_menace,1
3290824340.0,seen_episode_i_the_phantom_menace,0,Episode I: The Phantom Menace,the_phantom_menace,1
3290821620.0,seen_episode_i_the_phantom_menace,0,Episode I: The Phantom Menace,the_phantom_menace,1
3290819415.0,seen_episode_i_the_phantom_menace,1,Episode I: The Phantom Menace,the_phantom_menace,1
3290815080.0,seen_episode_i_the_phantom_menace,0,Episode I: The Phantom Menace,the_phantom_menace,1
3290812610.0,seen_episode_i_the_phantom_menace,0,Episode I: The Phantom Menace,the_phantom_menace,1
3290810177.0,seen_episode_i_the_phantom_menace,0,Episode I: The Phantom Menace,the_phantom_menace,1
3290810023.0,seen_episode_i_the_phantom_menace,1,Episode I: The Phantom Menace,the_phantom_menace,1
3290807769.0,seen_episode_i_the_phantom_menace,0,Episode I: The Phantom Menace,the_phantom_menace,1
3290806200.0,seen_episode_i_the_phantom_menace,1,Episode I: The Phantom Menace,the_phantom_menace,1
3290805125.0,seen_episode_i_the_phantom_menace,1,Episode I: The Phantom Menace,the_phantom_menace,1
3290804128.0,seen_episode_i_the_phantom_menace,0,Episode I: The Phantom Menace,the_phantom_menace,1
3290804008.0,seen_episode_i_the_phantom_menace,1,Episode I: The Phantom Menace,the_phantom_menace,1
3290799403.0,seen_episode_i_the_phantom_menace,0,Episode I: The Phantom Menace,the_phantom_menace,1
3290798641.0,seen_episode_i_the_phantom_menace,0,Episode I: The Phantom Menace,the_phantom_menace,1
3290798064.0,seen_episode_i_the_phantom_menace,1,Episode I: The Phantom Menace,the_phantom_menace,1
3290796650.0,seen_episode_i_the_phantom_menace,1,Episode I: The Phantom Menace,the_phantom_menace,1
3290792507.0,seen_episode_i_the_phantom_menace,1,Episode I: The Phantom Menace,the_phantom_menace,1
3290787286.0,seen_episode_i_the_phantom_menace,1,Episode I: The Phantom Menace,the_phantom_menace,1
3290785928.0,seen_episode_i_the_phantom_menace,1,Episode I: The Phantom Menace,the_phantom_menace,1
3290782952.0,seen_episode_i_the_phantom_menace,0,Episode I: The Phantom Menace,the_phantom_menace,1
3290781544.0,seen_episode_i_the_phantom_menace,1,Episode I: The Phantom Menace,the_phantom_menace,1
3290781284.0,seen_episode_i_the_phantom_menace,0,Episode I: The Phantom Menace,the_phantom_menace,1
3290781039.0,seen_episode_i_the_phantom_menace,1,Episode I: The Phantom Menace,the_phantom_menace,1
3290779524.0,seen_episode_i_the_phantom_menace,1,Episode I: The Phantom Menace,the_phantom_menace,1
3290779140.0,seen_episode_i_the_phantom_menace,1,Episode I: The Phantom Menace,the_phantom_menace,1
3290778828.0,seen_episode_i_the_phantom_menace,1,Episode I: The Phantom Menace,the_phantom_menace,1
3290777129.0,seen_episode_i_the_phantom_menace,0,Episode I: The Phantom Menace,the_phantom_menace,1
3290773277.0,seen_episode_i_the_phantom_menace,1,Episode I: The Phantom Menace,the_phantom_menace,1
3290769012.0,seen_episode_i_the_phantom_menace,0,Episode I: The Phantom Menace,the_phantom_menace,1
3290767951.0,seen_episode_i_the_phantom_menace,0,Episode I: The Phantom Menace,the_phantom_menace,1
3290767535.0,seen_episode_i_the_phantom_menace,0,Episode I: The Phantom Menace,the_phantom_menace,1
3290765210.0,seen_episode_i_the_phantom_menace,0,Episode I: The Phantom Menace,the_phantom_menace,1
3290762924.0,seen_episode_i_the_phantom_menace,0,Episode I: The Phantom Menace,the_phantom_menace,1
3290761823.0,seen_episode_i_the_phantom_menace,0,Episode I: The Phantom Menace,the_phantom_menace,1
3290760722.0,seen_episode_i_the_phantom_menace,0,Episode I: The Phantom Menace,the_phantom_menace,1
3290759512.0,seen_episode_i_the_phantom_menace,0,Episode I: The Phantom Menace,the_phantom_menace,1
3290758362.0,seen_episode_i_the_phantom_menace,1,Episode I: The Phantom Menace,the_phantom_menace,1
3290757230.0,seen_episode_i_the_phantom_menace,1,Episode I: The Phantom Menace,the_phantom_menace,1
3290756394.0,seen_episode_i_the_phantom_menace,1,Episode I: The Phantom Menace,the_phantom_menace,1
3290755451.0,seen_episode_i_the_phantom_menace,1,Episode I: The Phantom Menace,the_phantom_menace,1
3290753390.0,seen_episode_i_the_phantom_menace,1,Episode I: The Phantom Menace,the_phantom_menace,1
3290749764.0,seen_episode_i_the_phantom_menace,1,Episode I: The Phantom Menace,the_phantom_menace,1
3290749229.0,seen_episode_i_the_phantom_menace,0,Episode I: The Phantom Menace,the_phantom_menace,1
3290746853.0,seen_episode_i_the_phantom_menace,0,Episode I: The Phantom Menace,the_phantom_menace,1
3290744027.0,seen_episode_i_the_phantom_menace,0,Episode I: The Phantom Menace,the_phantom_menace,1
3290741994.0,seen_episode_i_the_phantom_menace,1,Episode I: The Phantom Menace,the_phantom_menace,1
3290741405.0,seen_episode_i_the_phantom_menace,1,Episode I: The Phantom Menace,the_phantom_menace,1
3290740448.0,seen_episode_i_the_phantom_menace,1,Episode I: The Phantom Menace,the_phantom_menace,1
3290739967.0,seen_episode_i_the_phantom_menace,1,Episode I: The Phantom Menace,the_phantom_menace,1
3290739235.0,seen_episode_i_the_phantom_menace,0,Episode I: The Phantom Menace,the_phantom_menace,1
3290738262.0,seen_episode_i_the_phantom_menace,0,Episode I: The Phantom Menace,the_phantom_menace,1
3290737104.0,seen_episode_i_the_phantom_menace,0,Episode I: The Phantom Menace,the_phantom_menace,1
3290736072.0,seen_episode_i_the_phantom_menace,1,Episode I: The Phantom Menace,the_phantom_menace,1
3290734874.0,seen_episode_i_the_phantom_menace,1,Episode I: The Phantom Menace,the_phantom_menace,1
3290733932.0,seen_episode_i_the_phantom_menace,1,Episode I: The Phantom Menace,the_phantom_menace,1
3290733316.0,seen_episode_i_the_phantom_menace,1,Episode I: The Phantom Menace,the_phantom_menace,1
3290732383.0,seen_episode_i_the_phantom_menace,1,Episode I: The Phantom Menace,the_phantom_menace,1
3290727763.0,seen_episode_i_the_phantom_menace,1,Episode I: The Phantom Menace,the_phantom_menace,1
3290726075.0,seen_episode_i_the_phantom_menace,1,Episode I: The Phantom Menace,the_phantom_menace,1
3290719847.0,seen_episode_i_the_phantom_menace,0,Episode I: The Phantom Menace,the_phantom_menace,1
3290718359.0,seen_episode_i_the_phantom_menace,0,Episode I: The Phantom Menace,the_phantom_menace,1
3290717899.0,seen_episode_i_the_phantom_menace,1,Episode I: The Phantom Menace,the_phantom_menace,1
3290717372.0,seen_episode_i_the_phantom_menace,0,Episode I: The Phantom Menace,the_phantom_menace,1
3290714941.0,seen_episode_i_the_phantom_menace,1,Episode I: The Phantom Menace,the_phantom_menace,1
3290714484.0,seen_episode_i_the_phantom_menace,1,Episode I: The Phantom Menace,the_phantom_menace,1
3290714430.0,seen_episode_i_the_phantom_menace,0,Episode I: The Phantom Menace,the_phantom_menace,1
3290714378.0,seen_episode_i_the_phantom_menace,1,Episode I: The Phantom Menace,the_phantom_menace,1
3290712204.0,seen_episode_i_the_phantom_menace,1,Episode I: The Phantom Menace,the_phantom_menace,1
3290711898.0,seen_episode_i_the_phantom_menace,0,Episode I: The Phantom Menace,the_phantom_menace,1
3290711882.0,seen_episode_i_the_phantom_menace,0,Episode I: The Phantom Menace,the_phantom_menace,1
3290711757.0,seen_episode_i_the_phantom_menace,0,Episode I: The Phantom Menace,the_phantom_menace,1
3290711487.0,seen_episode_i_the_phantom_menace,0,Episode I: The Phantom Menace,the_phantom_menace,1
3290711262.0,seen_episode_i_the_phantom_menace,1,Episode I: The Phantom Menace,the_phantom_menace,1
3290708664.0,seen_episode_i_the_phantom_menace,0,Episode I: The Phantom Menace,the_phantom_menace,1
3290707402.0,seen_episode_i_the_phantom_menace,0,Episode I: The Phantom Menace,the_phantom_menace,1
3290706716.0,seen_episode_i_the_phantom_menace,1,Episode I: The Phantom Menace,the_phantom_menace,1
3290706611.0,seen_episode_i_the_phantom_menace,1,Episode I: The Phantom Menace,the_phantom_menace,1
3290703210.0,seen_episode_i_the_phantom_menace,1,Episode I: The Phantom Menace,the_phantom_menace,1
3290701442.0,seen_episode_i_the_phantom_menace,0,Episode I: The Phantom Menace,the_phantom_menace,1
3290700285.0,seen_episode_i_the_phantom_menace,1,Episode I: The Phantom Menace,the_phantom_menace,1
3290700214.0,seen_episode_i_the_phantom_menace,1,Episode I: The Phantom Menace,the_phantom_menace,1
3290700030.0,seen_episode_i_the_phantom_menace,1,Episode I: The Phantom Menace,the_phantom_menace,1
3290699410.0,seen_episode_i_the_phantom_menace,1,Episode I: The Phantom Menace,the_phantom_menace,1
3290695784.0,seen_episode_i_the_phantom_menace,1,Episode I: The Phantom Menace,the_phantom_menace,1
3290695316.0,seen_episode_i_the_phantom_menace,0,Episode I: The Phantom Menace,the_phantom_menace,1
3290694269.0,seen_episode_i_the_phantom_menace,0,Episode I: The Phantom Menace,the_phantom_menace,1
3290693095.0,seen_episode_i_the_phantom_menace,0,Episode I: The Phantom Menace,the_phantom_menace,1
3290692020.0,seen_episode_i_the_phantom_menace,0,Episode I: The Phantom Menace,the_phantom_menace,1
3290691758.0,seen_episode_i_the_phantom_menace,1,Episode I: The Phantom Menace,the_phantom_menace,1
3290689343.0,seen_episode_i_the_phantom_menace,1,Episode I: The Phantom Menace,the_phantom_menace,1
3290687981.0,seen_episode_i_the_phantom_menace,1,Episode I: The Phantom Menace,the_phantom_menace,1
3290687830.0,seen_episode_i_the_phantom_menace,1,Episode I: The Phantom Menace,the_phantom_menace,1
3290686887.0,seen_episode_i_the_phantom_menace,0,Episode I: The Phantom Menace,the_phantom_menace,1
3290686362.0,seen_episode_i_the_phantom_menace,0,Episode I: The Phantom Menace,the_phantom_menace,1
3290685885.0,seen_episode_i_the_phantom_menace,0,Episode I: The Phantom Menace,the_phantom_menace,1
3290684868.0,seen_episode_i_the_phantom_menace,1,Episode I: The Phantom Menace,the_phantom_menace,1
3290684287.0,seen_episode_i_the_phantom_menace,1,Episode I: The Phantom Menace,the_phantom_menace,1
3290681574.0,seen_episode_i_the_phantom_menace,0,Episode I: The Phantom Menace,the_phantom_menace,1
3290678952.0,seen_episode_i_the_phantom_menace,0,Episode I: The Phantom Menace,the_phantom_menace,1
3290678515.0,seen_episode_i_the_phantom_menace,1,Episode I: The Phantom Menace,the_phantom_menace,1
3290676695.0,seen_episode_i_the_phantom_menace,0,Episode I: The Phantom Menace,the_phantom_menace,1
3290674534.0,seen_episode_i_the_phantom_menace,0,Episode I: The Phantom Menace,the_phantom_menace,1
3290667297.0,seen_episode_i_the_phantom_menace,1,Episode I: The Phantom Menace,the_phantom_menace,1
3290664543.0,seen_episode_i_the_phantom_menace,1,Episode I: The Phantom Menace,the_phantom_menace,1
3290664463.0,seen_episode_i_the_phantom_menace,1,Episode I: The Phantom Menace,the_phantom_menace,1
3290664069.0,seen_episode_i_the_phantom_menace,0,Episode I: The Phantom Menace,the_phantom_menace,1
3290662118.0,seen_episode_i_the_phantom_menace,1,Episode I: The Phantom Menace,the_phantom_menace,1
3290661650.0,seen_episode_i_the_phantom_menace,1,Episode I: The Phantom Menace,the_phantom_menace,1
3290661587.0,seen_episode_i_the_phantom_menace,0,Episode I: The Phantom Menace,the_phantom_menace,1
3290661135.0,seen_episode_i_the_phantom_menace,1,Episode I: The Phantom Menace,the_phantom_menace,1
3290659818.0,seen_episode_i_the_phantom_menace,1,Episode I: The Phantom Menace,the_phantom_menace,1
3290659314.0,seen_episode_i_the_phantom_menace,0,Episode I: The Phantom Menace,the_phantom_menace,1
3290655784.0,seen_episode_i_the_phantom_menace,0,Episode I: The Phantom Menace,the_phantom_menace,1
3290654597.0,seen_episode_i_the_phantom_menace,1,Episode I: The Phantom Menace,the_phantom_menace,1
3290652558.0,seen_episode_i_the_phantom_menace,0,Episode I: The Phantom Menace,the_phantom_menace,1
3290651085.0,seen_episode_i_the_phantom_menace,0,Episode I: The Phantom Menace,the_phantom_menace,1
3290650590.0,seen_episode_i_the_phantom_menace,1,Episode I: The Phantom Menace,the_phantom_menace,1
3290644326.0,seen_episode_i_the_phantom_menace,0,Episode I: The Phantom Menace,the_phantom_menace,1
3290640323.0,seen_episode_i_the_phantom_menace,0,Episode I: The Phantom Menace,the_phantom_menace,1
3290638529.0,seen_episode_i_the_phantom_menace,1,Episode I: The Phantom Menace,the_phantom_menace,1
3290634681.0,seen_episode_i_the_phantom_menace,0,Episode I: The Phantom Menace,the_phantom_menace,1
3290631608.0,seen_episode_i_the_phantom_menace,0,Episode I: The Phantom Menace,the_phantom_menace,1
3290630470.0,seen_episode_i_the_phantom_menace,0,Episode I: The Phantom Menace,the_phantom_menace,1
3290630282.0,seen_episode_i_the_phantom_menace,1,Episode I: The Phantom Menace,the_phantom_menace,1
3290628419.0,seen_episode_i_the_phantom_menace,0,Episode I: The Phantom Menace,the_phantom_menace,1
3290627850.0,seen_episode_i_the_phantom_menace,1,Episode I: The Phantom Menace,the_phantom_menace,1
3290627681.0,seen_episode_i_the_phantom_menace,1,Episode I: The Phantom Menace,the_phantom_menace,1
3290626609.0,seen_episode_i_the_phantom_menace,0,Episode I: The Phantom Menace,the_phantom_menace,1
3290625814.0,seen_episode_i_the_phantom_menace,0,Episode I: The Phantom Menace,the_phantom_menace,1
3290624447.0,seen_episode_i_the_phantom_menace,1,Episode I: The Phantom Menace,the_phantom_menace,1
3290620991.0,seen_episode_i_the_phantom_menace,1,Episode I: The Phantom Menace,the_phantom_menace,1
3290617461.0,seen_episode_i_the_phantom_menace,1,Episode I: The Phantom Menace,the_phantom_menace,1
3290611875.0,seen_episode_i_the_phantom_menace,1,Episode I: The Phantom Menace,the_phantom_menace,1
3290611716.0,seen_episode_i_the_phantom_menace,0,Episode I: The Phantom Menace,the_phantom_menace,1
3290602490.0,seen_episode_i_the_phantom_menace,0,Episode I: The Phantom Menace,the_phantom_menace,1
3290601892.0,seen_episode_i_the_phantom_menace,1,Episode I: The Phantom Menace,the_phantom_menace,1
3290601518.0,seen_episode_i_the_phantom_menace,0,Episode I: The Phantom Menace,the_phantom_menace,1
3290600680.0,seen_episode_i_the_phantom_menace,1,Episode I: The Phantom Menace,the_phantom_menace,1
3290600559.0,seen_episode_i_the_phantom_menace,0,Episode I: The Phantom Menace,the_phantom_menace,1
3290600057.0,seen_episode_i_the_phantom_menace,0,Episode I: The Phantom Menace,the_phantom_menace,1
3290598307.0,seen_episode_i_the_phantom_menace,1,Episode I: The Phantom Menace,the_phantom_menace,1
3290597099.0,seen_episode_i_the_phantom_menace,1,Episode I: The Phantom Menace,the_phantom_menace,1
3290593953.0,seen_episode_i_the_phantom_menace,1,Episode I: The Phantom Menace,the_phantom_menace,1
3290582716.0,seen_episode_i_the_phantom_menace,0,Episode I: The Phantom Menace,the_phantom_menace,1
3290572568.0,seen_episode_i_the_phantom_menace,0,Episode I: The Phantom Menace,the_phantom_menace,1
3290572073.0,seen_episode_i_the_phantom_menace,1,Episode I: The Phantom Menace,the_phantom_menace,1
3290569001.0,seen_episode_i_the_phantom_menace,0,Episode I: The Phantom Menace,the_phantom_menace,1
3290568339.0,seen_episode_i_the_phantom_menace,1,Episode I: The Phantom Menace,the_phantom_menace,1
3290565779.0,seen_episode_i_the_phantom_menace,1,Episode I: The Phantom Menace,the_phantom_menace,1
3290565768.0,seen_episode_i_the_phantom_menace,1,Episode I: The Phantom Menace,the_phantom_menace,1
3290565487.0,seen_episode_i_the_phantom_menace,0,Episode I: The Phantom Menace,the_phantom_menace,1
3290561583.0,seen_episode_i_the_phantom_menace,0,Episode I: The Phantom Menace,the_phantom_menace,1
3290561192.0,seen_episode_i_the_phantom_menace,1,Episode I: The Phantom Menace,the_phantom_menace,1
3290555153.0,seen_episode_i_the_phantom_menace,0,Episode I: The Phantom Menace,the_phantom_menace,1
3290553558.0,seen_episode_i_the_phantom_menace,0,Episode I: The Phantom Menace,the_phantom_menace,1
3290552963.0,seen_episode_i_the_phantom_menace,1,Episode I: The Phantom Menace,the_phantom_menace,1
3290551809.0,seen_episode_i_the_phantom_menace,0,Episode I: The Phantom Menace,the_phantom_menace,1
3290547819.0,seen_episode_i_the_phantom_menace,0,Episode I: The Phantom Menace,the_phantom_menace,1
3290544886.0,seen_episode_i_the_phantom_menace,0,Episode I: The Phantom Menace,the_phantom_menace,1
3290544865.0,seen_episode_i_the_phantom_menace,1,Episode I: The Phantom Menace,the_phantom_menace,1
3290544012.0,seen_episode_i_the_phantom_menace,0,Episode I: The Phantom Menace,the_phantom_menace,1
3290539653.0,seen_episode_i_the_phantom_menace,1,Episode I: The Phantom Menace,the_phantom_menace,1
3290538433.0,seen_episode_i_the_phantom_menace,0,Episode I: The Phantom Menace,the_phantom_menace,1
3290536294.0,seen_episode_i_the_phantom_menace,0,Episode I: The Phantom Menace,the_phantom_menace,1
3290532429.0,seen_episode_i_the_phantom_menace,1,Episode I: The Phantom Menace,the_phantom_menace,1
3290531735.0,seen_episode_i_the_phantom_menace,1,Episode I: The Phantom Menace,the_phantom_menace,1
3290526356.0,seen_episode_i_the_phantom_menace,0,Episode I: The Phantom Menace,the_phantom_menace,1
3290525782.0,seen_episode_i_the_phantom_menace,1,Episode I: The Phantom Menace,the_phantom_menace,1
3290524413.0,seen_episode_i_the_phantom_menace,0,Episode I: The Phantom Menace,the_phantom_menace,1
3290519884.0,seen_episode_i_the_phantom_menace,1,Episode I: The Phantom Menace,the_phantom_menace,1
3290515688.0,seen_episode_i_the_phantom_menace,1,Episode I: The Phantom Menace,the_phantom_menace,1
3290511533.0,seen_episode_i_the_phantom_menace,1,Episode I: The Phantom Menace,the_phantom_menace,1
3290506830.0,seen_episode_i_the_phantom_menace,1,Episode I: The Phantom Menace,the_phantom_menace,1
3290506333.0,seen_episode_i_the_phantom_menace,1,Episode I: The Phantom Menace,the_phantom_menace,1
3290505081.0,seen_episode_i_the_phantom_menace,1,Episode I: The Phantom Menace,the_phantom_menace,1
3290500457.0,seen_episode_i_the_phantom_menace,1,Episode I: The Phantom Menace,the_phantom_menace,1
3290499954.0,seen_episode_i_the_phantom_menace,1,Episode I: The Phantom Menace,the_phantom_menace,1
3290499953.0,seen_episode_i_the_phantom_menace,0,Episode I: The Phantom Menace,the_phantom_menace,1
3290496822.0,seen_episode_i_the_phantom_menace,1,Episode I: The Phantom Menace,the_phantom_menace,1
3290491807.0,seen_episode_i_the_phantom_menace,1,Episode I: The Phantom Menace,the_phantom_menace,1
3290477551.0,seen_episode_i_the_phantom_menace,1,Episode I: The Phantom Menace,the_phantom_menace,1
3290475079.0,seen_episode_i_the_phantom_menace,0,Episode I: The Phantom Menace,the_phantom_menace,1
3290474953.0,seen_episode_i_the_phantom_menace,1,Episode I: The Phantom Menace,the_phantom_menace,1
3290471553.0,seen_episode_i_the_phantom_menace,1,Episode I: The Phantom Menace,the_phantom_menace,1
3290467062.0,seen_episode_i_the_phantom_menace,1,Episode I: The Phantom Menace,the_phantom_menace,1
3290467000.0,seen_episode_i_the_phantom_menace,0,Episode I: The Phantom Menace,the_phantom_menace,1
3290464481.0,seen_episode_i_the_phantom_menace,1,Episode I: The Phantom Menace,the_phantom_menace,1
3290463350.0,seen_episode_i_the_phantom_menace,0,Episode I: The Phantom Menace,the_phantom_menace,1
3290461599.0,seen_episode_i_the_phantom_menace,1,Episode I: The Phantom Menace,the_phantom_menace,1
3290461455.0,seen_episode_i_the_phantom_menace,0,Episode I: The Phantom Menace,the_phantom_menace,1
3290448644.0,seen_episode_i_the_phantom_menace,0,Episode I: The Phantom Menace,the_phantom_menace,1
3290444421.0,seen_episode_i_the_phantom_menace,1,Episode I: The Phantom Menace,the_phantom_menace,1
3290439063.0,seen_episode_i_the_phantom_menace,1,Episode I: The Phantom Menace,the_phantom_menace,1
3290437717.0,seen_episode_i_the_phantom_menace,1,Episode I: The Phantom Menace,the_phantom_menace,1
3290432874.0,seen_episode_i_the_phantom_menace,0,Episode I: The Phantom Menace,the_phantom_menace,1
3290432121.0,seen_episode_i_the_phantom_menace,0,Episode I: The Phantom Menace,the_phantom_menace,1
3290428766.0,seen_episode_i_the_phantom_menace,1,Episode I: The Phantom Menace,the_phantom_menace,1
3290427764.0,seen_episode_i_the_phantom_menace,1,Episode I: The Phantom Menace,the_phantom_menace,1
3290426384.0,seen_episode_i_the_phantom_menace,1,Episode I: The Phantom Menace,the_phantom_menace,1
3290426289.0,seen_episode_i_the_phantom_menace,0,Episode I: The Phantom Menace,the_phantom_menace,1
3290423155.0,seen_episode_i_the_phantom_menace,1,Episode I: The Phantom Menace,the_phantom_menace,1
3290421738.0,seen_episode_i_the_phantom_menace,1,Episode I: The Phantom Menace,the_phantom_menace,1
3290417966.0,seen_episode_i_the_phantom_menace,1,Episode I: The Phantom Menace,the_phantom_menace,1
3290412412.0,seen_episode_i_the_phantom_menace,0,Episode I: The Phantom Menace,the_phantom_menace,1
3290411058.0,seen_episode_i_the_phantom_menace,0,Episode I: The Phantom Menace,the_phantom_menace,1
3290409431.0,seen_episode_i_the_phantom_menace,1,Episode I: The Phantom Menace,the_phantom_menace,1
3290409075.0,seen_episode_i_the_phantom_menace,1,Episode I: The Phantom Menace,the_phantom_menace,1
3290407409.0,seen_episode_i_the_phantom_menace,1,Episode I: The Phantom Menace,the_phantom_menace,1
3290401956.0,seen_episode_i_the_phantom_menace,1,Episode I: The Phantom Menace,the_phantom_menace,1
3290398978.0,seen_episode_i_the_phantom_menace,0,Episode I: The Phantom Menace,the_phantom_menace,1
3290394872.0,seen_episode_i_the_phantom_menace,1,Episode I: The Phantom Menace,the_phantom_menace,1
3290392454.0,seen_episode_i_the_phantom_menace,1,Episode I: The Phantom Menace,the_phantom_menace,1
3290392264.0,seen_episode_i_the_phantom_menace,1,Episode I: The Phantom Menace,the_phantom_menace,1
3290391985.0,seen_episode_i_the_phantom_menace,0,Episode I: The Phantom Menace,the_phantom_menace,1
3290386524.0,seen_episode_i_the_phantom_menace,1,Episode I: The Phantom Menace,the_phantom_menace,1
3290380140.0,seen_episode_i_the_phantom_menace,0,Episode I: The Phantom Menace,the_phantom_menace,1
3290374523.0,seen_episode_i_the_phantom_menace,1,Episode I: The Phantom Menace,the_phantom_menace,1
3290371734.0,seen_episode_i_the_phantom_menace,0,Episode I: The Phantom Menace,the_phantom_menace,1
3290371532.0,seen_episode_i_the_phantom_menace,0,Episode I: The Phantom Menace,the_phantom_menace,1
3290371101.0,seen_episode_i_the_phantom_menace,0,Episode I: The Phantom Menace,the_phantom_menace,1
3290365225.0,seen_episode_i_the_phantom_menace,1,Episode I: The Phantom Menace,the_phantom_menace,1
3290364952.0,seen_episode_i_the_phantom_menace,1,Episode I: The Phantom Menace,the_phantom_menace,1
3290359700.0,seen_episode_i_the_phantom_menace,0,Episode I: The Phantom Menace,the_phantom_menace,1
3290358751.0,seen_episode_i_the_phantom_menace,0,Episode I: The Phantom Menace,the_phantom_menace,1
3290350512.0,seen_episode_i_the_phantom_menace,0,Episode I: The Phantom Menace,the_phantom_menace,1
3290347473.0,seen_episode_i_the_phantom_menace,1,Episode I: The Phantom Menace,the_phantom_menace,1
3290344571.0,seen_episode_i_the_phantom_menace,1,Episode I: The Phantom Menace,the_phantom_menace,1
3290343366.0,seen_episode_i_the_phantom_menace,1,Episode I: The Phantom Menace,the_phantom_menace,1
3290342169.0,seen_episode_i_the_phantom_menace,1,Episode I: The Phantom Menace,the_phantom_menace,1
3290342102.0,seen_episode_i_the_phantom_menace,1,Episode I: The Phantom Menace,the_phantom_menace,1
3290340804.0,seen_episode_i_the_phantom_menace,1,Episode I: The Phantom Menace,the_phantom_menace,1
3290337251.0,seen_episode_i_the_phantom_menace,1,Episode I: The Phantom Menace,the_phantom_menace,1
3290335343.0,seen_episode_i_the_phantom_menace,0,Episode I: The Phantom Menace,the_phantom_menace,1
3290329580.0,seen_episode_i_the_phantom_menace,0,Episode I: The Phantom Menace,the_phantom_menace,1
3290328309.0,seen_episode_i_the_phantom_menace,1,Episode I: The Phantom Menace,the_phantom_menace,1
3290325811.0,seen_episode_i_the_phantom_menace,1,Episode I: The Phantom Menace,the_phantom_menace,1
3290324518.0,seen_episode_i_the_phantom_menace,0,Episode I: The Phantom Menace,the_phantom_menace,1
3290320007.0,seen_episode_i_the_phantom_menace,1,Episode I: The Phantom Menace,the_phantom_menace,1
3290318577.0,seen_episode_i_the_phantom_menace,1,Episode I: The Phantom Menace,the_phantom_menace,1
3290317691.0,seen_episode_i_the_phantom_menace,1,Episode I: The Phantom Menace,the_phantom_menace,1
3290316632.0,seen_episode_i_the_phantom_menace,1,Episode I: The Phantom Menace,the_phantom_menace,1
3290316375.0,seen_episode_i_the_phantom_menace,1,Episode I: The Phantom Menace,the_phantom_menace,1
3290315336.0,seen_episode_i_the_phantom_menace,1,Episode I: The Phantom Menace,the_phantom_menace,1
3290310304.0,seen_episode_i_the_phantom_menace,0,Episode I: The Phantom Menace,the_phantom_menace,1
3290309722.0,seen_episode_i_the_phantom_menace,1,Episode I: The Phantom Menace,the_phantom_menace,1
3290309711.0,seen_episode_i_the_phantom_menace,1,Episode I: The Phantom Menace,the_phantom_menace,1
3290304610.0,seen_episode_i_the_phantom_menace,0,Episode I: The Phantom Menace,the_phantom_menace,1
3290297761.0,seen_episode_i_the_phantom_menace,0,Episode I: The Phantom Menace,the_phantom_menace,1
3290296317.0,seen_episode_i_the_phantom_menace,0,Episode I: The Phantom Menace,the_phantom_menace,1
3290295809.0,seen_episode_i_the_phantom_menace,0,Episode I: The Phantom Menace,the_phantom_menace,1
3290294922.0,seen_episode_i_the_phantom_menace,0,Episode I: The Phantom Menace,the_phantom_menace,1
3290294142.0,seen_episode_i_the_phantom_menace,0,Episode I: The Phantom Menace,the_phantom_menace,1
3290292697.0,seen_episode_i_the_phantom_menace,1,Episode I: The Phantom Menace,the_phantom_menace,1
3290289176.0,seen_episode_i_the_phantom_menace,0,Episode I: The Phantom Menace,the_phantom_menace,1
3290287101.0,seen_episode_i_the_phantom_menace,0,Episode I: The Phantom Menace,the_phantom_menace,1
3290283817.0,seen_episode_i_the_phantom_menace,1,Episode I: The Phantom Menace,the_phantom_menace,1
3290283139.0,seen_episode_i_the_phantom_menace,1,Episode I: The Phantom Menace,the_phantom_menace,1
3290280642.0,seen_episode_i_the_phantom_menace,0,Episode I: The Phantom Menace,the_phantom_menace,1
3290279732.0,seen_episode_i_the_phantom_menace,1,Episode I: The Phantom Menace,the_phantom_menace,1
3290269777.0,seen_episode_i_the_phantom_menace,1,Episode I: The Phantom Menace,the_phantom_menace,1
3290268027.0,seen_episode_i_the_phantom_menace,0,Episode I: The Phantom Menace,the_phantom_menace,1
3290266084.0,seen_episode_i_the_phantom_menace,1,Episode I: The Phantom Menace,the_phantom_menace,1
3290262568.0,seen_episode_i_the_phantom_menace,1,Episode I: The Phantom Menace,the_phantom_menace,1
3290257673.0,seen_episode_i_the_phantom_menace,1,Episode I: The Phantom Menace,the_phantom_menace,1
3290249464.0,seen_episode_i_the_phantom_menace,0,Episode I: The Phantom Menace,the_phantom_menace,1
3290248279.0,seen_episode_i_the_phantom_menace,0,Episode I: The Phantom Menace,the_phantom_menace,1
3290248167.0,seen_episode_i_the_phantom_menace,0,Episode I: The Phantom Menace,the_phantom_menace,1
3290229579.0,seen_episode_i_the_phantom_menace,0,Episode I: The Phantom Menace,the_phantom_menace,1
3290227264.0,seen_episode_i_the_phantom_menace,1,Episode I: The Phantom Menace,the_phantom_menace,1
3290225128.0,seen_episode_i_the_phantom_menace,0,Episode I: The Phantom Menace,the_phantom_menace,1
3290223393.0,seen_episode_i_the_phantom_menace,1,Episode I: The Phantom Menace,the_phantom_menace,1
3290216970.0,seen_episode_i_the_phantom_menace,1,Episode I: The Phantom Menace,the_phantom_menace,1
3290213089.0,seen_episode_i_the_phantom_menace,1,Episode I: The Phantom Menace,the_phantom_menace,1
3290210801.0,seen_episode_i_the_phantom_menace,1,Episode I: The Phantom Menace,the_phantom_menace,1
3290209773.0,seen_episode_i_the_phantom_menace,1,Episode I: The Phantom Menace,the_phantom_menace,1
3290209744.0,seen_episode_i_the_phantom_menace,1,Episode I: The Phantom Menace,the_phantom_menace,1
3290206907.0,seen_episode_i_the_phantom_menace,1,Episode I: The Phantom Menace,the_phantom_menace,1
3290203063.0,seen_episode_i_the_phantom_menace,1,Episode I: The Phantom Menace,the_phantom_menace,1
3290201752.0,seen_episode_i_the_phantom_menace,0,Episode I: The Phantom Menace,the_phantom_menace,1
3290196296.0,seen_episode_i_the_phantom_menace,1,Episode I: The Phantom Menace,the_phantom_menace,1
3290193368.0,seen_episode_i_the_phantom_menace,0,Episode I: The Phantom Menace,the_phantom_menace,1
3290191566.0,seen_episode_i_the_phantom_menace,1,Episode I: The Phantom Menace,the_phantom_menace,1
3290188213.0,seen_episode_i_the_phantom_menace,1,Episode I: The Phantom Menace,the_phantom_menace,1
3290185244.0,seen_episode_i_the_phantom_menace,1,Episode I: The Phantom Menace,the_phantom_menace,1
3290184813.0,seen_episode_i_the_phantom_menace,0,Episode I: The Phantom Menace,the_phantom_menace,1
3290182531.0,seen_episode_i_the_phantom_menace,0,Episode I: The Phantom Menace,the_phantom_menace,1
3290180442.0,seen_episode_i_the_phantom_menace,0,Episode I: The Phantom Menace,the_phantom_menace,1
3290176915.0,seen_episode_i_the_phantom_menace,0,Episode I: The Phantom Menace,the_phantom_menace,1
3290176563.0,seen_episode_i_the_phantom_menace,1,Episode I: The Phantom Menace,the_phantom_menace,1
3290174629.0,seen_episode_i_the_phantom_menace,0,Episode I: The Phantom Menace,the_phantom_menace,1
3290174048.0,seen_episode_i_the_phantom_menace,0,Episode I: The Phantom Menace,the_phantom_menace,1
3290173775.0,seen_episode_i_the_phantom_menace,1,Episode I: The Phantom Menace,the_phantom_menace,1
3290173176.0,seen_episode_i_the_phantom_menace,1,Episode I: The Phantom Menace,the_phantom_menace,1
3290167473.0,seen_episode_i_the_phantom_menace,0,Episode I: The Phantom Menace,the_phantom_menace,1
3290164098.0,seen_episode_i_the_phantom_menace,0,Episode I: The Phantom Menace,the_phantom_menace,1
3290159455.0,seen_episode_i_the_phantom_menace,0,Episode I: The Phantom Menace,the_phantom_menace,1
3290159056.0,seen_episode_i_the_phantom_menace,0,Episode I: The Phantom Menace,the_phantom_menace,1
3290157529.0,seen_episode_i_the_phantom_menace,1,Episode I: The Phantom Menace,the_phantom_menace,1
3290149698.0,seen_episode_i_the_phantom_menace,1,Episode I: The Phantom Menace,the_phantom_menace,1
3290148834.0,seen_episode_i_the_phantom_menace,0,Episode I: The Phantom Menace,the_phantom_menace,1
3290145517.0,seen_episode_i_the_phantom_menace,1,Episode I: The Phantom Menace,the_phantom_menace,1
3290142232.0,seen_episode_i_the_phantom_menace,1,Episode I: The Phantom Menace,the_phantom_menace,1
3290139192.0,seen_episode_i_the_phantom_menace,1,Episode I: The Phantom Menace,the_phantom_menace,1
3290137793.0,seen_episode_i_the_phantom_menace,1,Episode I: The Phantom Menace,the_phantom_menace,1
3290128978.0,seen_episode_i_the_phantom_menace,0,Episode I: The Phantom Menace,the_phantom_menace,1
3290128468.0,seen_episode_i_the_phantom_menace,1,Episode I: The Phantom Menace,the_phantom_menace,1
3290127670.0,seen_episode_i_the_phantom_menace,0,Episode I: The Phantom Menace,the_phantom_menace,1
3290125801.0,seen_episode_i_the_phantom_menace,1,Episode I: The Phantom Menace,the_phantom_menace,1
3290125784.0,seen_episode_i_the_phantom_menace,1,Episode I: The Phantom Menace,the_phantom_menace,1
3290125550.0,seen_episode_i_the_phantom_menace,1,Episode I: The Phantom Menace,the_phantom_menace,1
3290125357.0,seen_episode_i_the_phantom_menace,1,Episode I: The Phantom Menace,the_phantom_menace,1
3290124259.0,seen_episode_i_the_phantom_menace,1,Episode I: The Phantom Menace,the_phantom_menace,1
3290116629.0,seen_episode_i_the_phantom_menace,0,Episode I: The Phantom Menace,the_phantom_menace,1
3290116182.0,seen_episode_i_the_phantom_menace,0,Episode I: The Phantom Menace,the_phantom_menace,1
3290109779.0,seen_episode_i_the_phantom_menace,1,Episode I: The Phantom Menace,the_phantom_menace,1
3290103593.0,seen_episode_i_the_phantom_menace,1,Episode I: The Phantom Menace,the_phantom_menace,1
3290099797.0,seen_episode_i_the_phantom_menace,1,Episode I: The Phantom Menace,the_phantom_menace,1
3290097546.0,seen_episode_i_the_phantom_menace,0,Episode I: The Phantom Menace,the_phantom_menace,1
3290097268.0,seen_episode_i_the_phantom_menace,0,Episode I: The Phantom Menace,the_phantom_menace,1
3290095220.0,seen_episode_i_the_phantom_menace,0,Episode I: The Phantom Menace,the_phantom_menace,1
3290094384.0,seen_episode_i_the_phantom_menace,0,Episode I: The Phantom Menace,the_phantom_menace,1
3290083352.0,seen_episode_i_the_phantom_menace,0,Episode I: The Phantom Menace,the_phantom_menace,1
3290082468.0,seen_episode_i_the_phantom_menace,0,Episode I: The Phantom Menace,the_phantom_menace,1
3290081504.0,seen_episode_i_the_phantom_menace,0,Episode I: The Phantom Menace,the_phantom_menace,1
3290081040.0,seen_episode_i_the_phantom_menace,0,Episode I: The Phantom Menace,the_phantom_menace,1
3290076587.0,seen_episode_i_the_phantom_menace,0,Episode I: The Phantom Menace,the_phantom_menace,1
3290071379.0,seen_episode_i_the_phantom_menace,0,Episode I: The Phantom Menace,the_phantom_menace,1
3290070395.0,seen_episode_i_the_phantom_menace,1,Episode I: The Phantom Menace,the_phantom_menace,1
3290068892.0,seen_episode_i_the_phantom_menace,1,Episode I: The Phantom Menace,the_phantom_menace,1
3290068765.0,seen_episode_i_the_phantom_menace,1,Episode I: The Phantom Menace,the_phantom_menace,1
3290063543.0,seen_episode_i_the_phantom_menace,0,Episode I: The Phantom Menace,the_phantom_menace,1
3290062936.0,seen_episode_i_the_phantom_menace,0,Episode I: The Phantom Menace,the_phantom_menace,1
3290061815.0,seen_episode_i_the_phantom_menace,1,Episode I: The Phantom Menace,the_phantom_menace,1
3290058506.0,seen_episode_i_the_phantom_menace,1,Episode I: The Phantom Menace,the_phantom_menace,1
3290058216.0,seen_episode_i_the_phantom_menace,1,Episode I: The Phantom Menace,the_phantom_menace,1
3290050695.0,seen_episode_i_the_phantom_menace,0,Episode I: The Phantom Menace,the_phantom_menace,1
3290049932.0,seen_episode_i_the_phantom_menace,0,Episode I: The Phantom Menace,the_phantom_menace,1
3290049231.0,seen_episode_i_the_phantom_menace,0,Episode I: The Phantom Menace,the_phantom_menace,1
3290048884.0,seen_episode_i_the_phantom_menace,1,Episode I: The Phantom Menace,the_phantom_menace,1
3290047842.0,seen_episode_i_the_phantom_menace,1,Episode I: The Phantom Menace,the_phantom_menace,1
3290047689.0,seen_episode_i_the_phantom_menace,0,Episode I: The Phantom Menace,the_phantom_menace,1
3290047483.0,seen_episode_i_the_phantom_menace,1,Episode I: The Phantom Menace,the_phantom_menace,1
3290046627.0,seen_episode_i_the_phantom_menace,1,Episode I: The Phantom Menace,the_phantom_menace,1
3290042369.0,seen_episode_i_the_phantom_menace,0,Episode I: The Phantom Menace,the_phantom_menace,1
3290038794.0,seen_episode_i_the_phantom_menace,1,Episode I: The Phantom Menace,the_phantom_menace,1
3290034196.0,seen_episode_i_the_phantom_menace,0,Episode I: The Phantom Menace,the_phantom_menace,1
3290032864.0,seen_episode_i_the_phantom_menace,1,Episode I: The Phantom Menace,the_phantom_menace,1
3290029531.0,seen_episode_i_the_phantom_menace,0,Episode I: The Phantom Menace,the_phantom_menace,1
3290024333.0,seen_episode_i_the_phantom_menace,1,Episode I: The Phantom Menace,the_phantom_menace,1
3290022302.0,seen_episode_i_the_phantom_menace,0,Episode I: The Phantom Menace,the_phantom_menace,1
3290019869.0,seen_episode_i_the_phantom_menace,1,Episode I: The Phantom Menace,the_phantom_menace,1
3290019779.0,seen_episode_i_the_phantom_menace,0,Episode I: The Phantom Menace,the_phantom_menace,1
3290018381.0,seen_episode_i_the_phantom_menace,1,Episode I: The Phantom Menace,the_phantom_menace,1
3290017901.0,seen_episode_i_the_phantom_menace,0,Episode I: The Phantom Menace,the_phantom_menace,1
3290014606.0,seen_episode_i_the_phantom_menace,0,Episode I: The Phantom Menace,the_phantom_menace,1
3290013239.0,seen_episode_i_the_phantom_menace,0,Episode I: The Phantom Menace,the_phantom_menace,1
3290011286.0,seen_episode_i_the_phantom_menace,1,Episode I: The Phantom Menace,the_phantom_menace,1
3290010419.0,seen_episode_i_the_phantom_menace,1,Episode I: The Phantom Menace,the_phantom_menace,1
3290008538.0,seen_episode_i_the_phantom_menace,0,Episode I: The Phantom Menace,the_phantom_menace,1
3290005674.0,seen_episode_i_the_phantom_menace,1,Episode I: The Phantom Menace,the_phantom_menace,1
3290002601.0,seen_episode_i_the_phantom_menace,1,Episode I: The Phantom Menace,the_phantom_menace,1
3289997713.0,seen_episode_i_the_phantom_menace,1,Episode I: The Phantom Menace,the_phantom_menace,1
3289997196.0,seen_episode_i_the_phantom_menace,1,Episode I: The Phantom Menace,the_phantom_menace,1
3289996800.0,seen_episode_i_the_phantom_menace,1,Episode I: The Phantom Menace,the_phantom_menace,1
3289996025.0,seen_episode_i_the_phantom_menace,1,Episode I: The Phantom Menace,the_phantom_menace,1
3289995352.0,seen_episode_i_the_phantom_menace,1,Episode I: The Phantom Menace,the_phantom_menace,1
3289993284.0,seen_episode_i_the_phantom_menace,0,Episode I: The Phantom Menace,the_phantom_menace,1
3289991708.0,seen_episode_i_the_phantom_menace,0,Episode I: The Phantom Menace,the_phantom_menace,1
3289989311.0,seen_episode_i_the_phantom_menace,0,Episode I: The Phantom Menace,the_phantom_menace,1
3289988393.0,seen_episode_i_the_phantom_menace,1,Episode I: The Phantom Menace,the_phantom_menace,1
3289987865.0,seen_episode_i_the_phantom_menace,0,Episode I: The Phantom Menace,the_phantom_menace,1
3289986698.0,seen_episode_i_the_phantom_menace,0,Episode I: The Phantom Menace,the_phantom_menace,1
3289985995.0,seen_episode_i_the_phantom_menace,0,Episode I: The Phantom Menace,the_phantom_menace,1
3289980534.0,seen_episode_i_the_phantom_menace,1,Episode I: The Phantom Menace,the_phantom_menace,1
3289973506.0,seen_episode_i_the_phantom_menace,1,Episode I: The Phantom Menace,the_phantom_menace,1
3289972382.0,seen_episode_i_the_phantom_menace,0,Episode I: The Phantom Menace,the_phantom_menace,1
3289971452.0,seen_episode_i_the_phantom_menace,0,Episode I: The Phantom Menace,the_phantom_menace,1
3289971256.0,seen_episode_i_the_phantom_menace,1,Episode I: The Phantom Menace,the_phantom_menace,1
3289963393.0,seen_episode_i_the_phantom_menace,1,Episode I: The Phantom Menace,the_phantom_menace,1
3289962839.0,seen_episode_i_the_phantom_menace,0,Episode I: The Phantom Menace,the_phantom_menace,1
3289962614.0,seen_episode_i_the_phantom_menace,1,Episode I: The Phantom Menace,the_phantom_menace,1
3289956408.0,seen_episode_i_the_phantom_menace,0,Episode I: The Phantom Menace,the_phantom_menace,1
3289955364.0,seen_episode_i_the_phantom_menace,1,Episode I: The Phantom Menace,the_phantom_menace,1
3289952496.0,seen_episode_i_the_phantom_menace,1,Episode I: The Phantom Menace,the_phantom_menace,1
3289951011.0,seen_episode_i_the_phantom_menace,0,Episode I: The Phantom Menace,the_phantom_menace,1
3289949516.0,seen_episode_i_the_phantom_menace,1,Episode I: The Phantom Menace,the_phantom_menace,1
3289949409.0,seen_episode_i_the_phantom_menace,0,Episode I: The Phantom Menace,the_phantom_menace,1
3289943405.0,seen_episode_i_the_phantom_menace,0,Episode I: The Phantom Menace,the_phantom_menace,1
3289943097.0,seen_episode_i_the_phantom_menace,1,Episode I: The Phantom Menace,the_phantom_menace,1
3289942520.0,seen_episode_i_the_phantom_menace,0,Episode I: The Phantom Menace,the_phantom_menace,1
3289933137.0,seen_episode_i_the_phantom_menace,1,Episode I: The Phantom Menace,the_phantom_menace,1
3289927404.0,seen_episode_i_the_phantom_menace,1,Episode I: The Phantom Menace,the_phantom_menace,1
3289924943.0,seen_episode_i_the_phantom_menace,0,Episode I: The Phantom Menace,the_phantom_menace,1
3289923980.0,seen_episode_i_the_phantom_menace,1,Episode I: The Phantom Menace,the_phantom_menace,1
3289920249.0,seen_episode_i_the_phantom_menace,1,Episode I: The Phantom Menace,the_phantom_menace,1
3289919285.0,seen_episode_i_the_phantom_menace,0,Episode I: The Phantom Menace,the_phantom_menace,1
3289918842.0,seen_episode_i_the_phantom_menace,0,Episode I: The Phantom Menace,the_phantom_menace,1
3289914533.0,seen_episode_i_the_phantom_menace,1,Episode I: The Phantom Menace,the_phantom_menace,1
3289914097.0,seen_episode_i_the_phantom_menace,1,Episode I: The Phantom Menace,the_phantom_menace,1
3289913649.0,seen_episode_i_the_phantom_menace,1,Episode I: The Phantom Menace,the_phantom_menace,1
3289911175.0,seen_episode_i_the_phantom_menace,0,Episode I: The Phantom Menace,the_phantom_menace,1
3289909917.0,seen_episode_i_the_phantom_menace,1,Episode I: The Phantom Menace,the_phantom_menace,1
3289907541.0,seen_episode_i_the_phantom_menace,1,Episode I: The Phantom Menace,the_phantom_menace,1
3289905986.0,seen_episode_i_the_phantom_menace,1,Episode I: The Phantom Menace,the_phantom_menace,1
3289905819.0,seen_episode_i_the_phantom_menace,0,Episode I: The Phantom Menace,the_phantom_menace,1
3289905044.0,seen_episode_i_the_phantom_menace,1,Episode I: The Phantom Menace,the_phantom_menace,1
3289903380.0,seen_episode_i_the_phantom_menace,0,Episode I: The Phantom Menace,the_phantom_menace,1
3289902920.0,seen_episode_i_the_phantom_menace,1,Episode I: The Phantom Menace,the_phantom_menace,1
3289902115.0,seen_episode_i_the_phantom_menace,0,Episode I: The Phantom Menace,the_phantom_menace,1
3289901820.0,seen_episode_i_the_phantom_menace,1,Episode I: The Phantom Menace,the_phantom_menace,1
3289901633.0,seen_episode_i_the_phantom_menace,1,Episode I: The Phantom Menace,the_phantom_menace,1
3289897826.0,seen_episode_i_the_phantom_menace,1,Episode I: The Phantom Menace,the_phantom_menace,1
3289896565.0,seen_episode_i_the_phantom_menace,1,Episode I: The Phantom Menace,the_phantom_menace,1
3289895732.0,seen_episode_i_the_phantom_menace,1,Episode I: The Phantom Menace,the_phantom_menace,1
3289894873.0,seen_episode_i_the_phantom_menace,0,Episode I: The Phantom Menace,the_phantom_menace,1
3289891069.0,seen_episode_i_the_phantom_menace,0,Episode I: The Phantom Menace,the_phantom_menace,1
3289890495.0,seen_episode_i_the_phantom_menace,0,Episode I: The Phantom Menace,the_phantom_menace,1
3289888113.0,seen_episode_i_the_phantom_menace,0,Episode I: The Phantom Menace,the_phantom_menace,1
3289888015.0,seen_episode_i_the_phantom_menace,1,Episode I: The Phantom Menace,the_phantom_menace,1
3289885747.0,seen_episode_i_the_phantom_menace,1,Episode I: The Phantom Menace,the_phantom_menace,1
3289878528.0,seen_episode_i_the_phantom_menace,1,Episode I: The Phantom Menace,the_phantom_menace,1
3289877093.0,seen_episode_i_the_phantom_menace,1,Episode I: The Phantom Menace,the_phantom_menace,1
3289874408.0,seen_episode_i_the_phantom_menace,1,Episode I: The Phantom Menace,the_phantom_menace,1
3289873978.0,seen_episode_i_the_phantom_menace,0,Episode I: The Phantom Menace,the_phantom_menace,1
3289870772.0,seen_episode_i_the_phantom_menace,0,Episode I: The Phantom Menace,the_phantom_menace,1
3289868197.0,seen_episode_i_the_phantom_menace,1,Episode I: The Phantom Menace,the_phantom_menace,1
3289866531.0,seen_episode_i_the_phantom_menace,1,Episode I: The Phantom Menace,the_phantom_menace,1
3289866259.0,seen_episode_i_the_phantom_menace,0,Episode I: The Phantom Menace,the_phantom_menace,1
3289865550.0,seen_episode_i_the_phantom_menace,0,Episode I: The Phantom Menace,the_phantom_menace,1
3289864687.0,seen_episode_i_the_phantom_menace,0,Episode I: The Phantom Menace,the_phantom_menace,1
3289862004.0,seen_episode_i_the_phantom_menace,0,Episode I: The Phantom Menace,the_phantom_menace,1
3289861464.0,seen_episode_i_the_phantom_menace,0,Episode I: The Phantom Menace,the_phantom_menace,1
3289857817.0,seen_episode_i_the_phantom_menace,0,Episode I: The Phantom Menace,the_phantom_menace,1
3289856887.0,seen_episode_i_the_phantom_menace,1,Episode I: The Phantom Menace,the_phantom_menace,1
3289856557.0,seen_episode_i_the_phantom_menace,0,Episode I: The Phantom Menace,the_phantom_menace,1
3289855873.0,seen_episode_i_the_phantom_menace,1,Episode I: The Phantom Menace,the_phantom_menace,1
3289854601.0,seen_episode_i_the_phantom_menace,1,Episode I: The Phantom Menace,the_phantom_menace,1
3289848909.0,seen_episode_i_the_phantom_menace,0,Episode I: The Phantom Menace,the_phantom_menace,1
3289847932.0,seen_episode_i_the_phantom_menace,1,Episode I: The Phantom Menace,the_phantom_menace,1
3289844139.0,seen_episode_i_the_phantom_menace,1,Episode I: The Phantom Menace,the_phantom_menace,1
3289843973.0,seen_episode_i_the_phantom_menace,1,Episode I: The Phantom Menace,the_phantom_menace,1
3289837359.0,seen_episode_i_the_phantom_menace,0,Episode I: The Phantom Menace,the_phantom_menace,1
3289835282.0,seen_episode_i_the_phantom_menace,1,Episode I: The Phantom Menace,the_phantom_menace,1
3289834572.0,seen_episode_i_the_phantom_menace,0,Episode I: The Phantom Menace,the_phantom_menace,1
3289831274.0,seen_episode_i_the_phantom_menace,0,Episode I: The Phantom Menace,the_phantom_menace,1
3289830199.0,seen_episode_i_the_phantom_menace,0,Episode I: The Phantom Menace,the_phantom_menace,1
3289829982.0,seen_episode_i_the_phantom_menace,1,Episode I: The Phantom Menace,the_phantom_menace,1
3289822005.0,seen_episode_i_the_phantom_menace,1,Episode I: The Phantom Menace,the_phantom_menace,1
3289821310.0,seen_episode_i_the_phantom_menace,1,Episode I: The Phantom Menace,the_phantom_menace,1
3289815685.0,seen_episode_i_the_phantom_menace,1,Episode I: The Phantom Menace,the_phantom_menace,1
3289813977.0,seen_episode_i_the_phantom_menace,1,Episode I: The Phantom Menace,the_phantom_menace,1
3289812188.0,seen_episode_i_the_phantom_menace,0,Episode I: The Phantom Menace,the_phantom_menace,1
3289809469.0,seen_episode_i_the_phantom_menace,1,Episode I: The Phantom Menace,the_phantom_menace,1
3289809255.0,seen_episode_i_the_phantom_menace,0,Episode I: The Phantom Menace,the_phantom_menace,1
3289808310.0,seen_episode_i_the_phantom_menace,0,Episode I: The Phantom Menace,the_phantom_menace,1
3289805753.0,seen_episode_i_the_phantom_menace,0,Episode I: The Phantom Menace,the_phantom_menace,1
3289805745.0,seen_episode_i_the_phantom_menace,0,Episode I: The Phantom Menace,the_phantom_menace,1
3289804908.0,seen_episode_i_the_phantom_menace,1,Episode I: The Phantom Menace,the_phantom_menace,1
3289804326.0,seen_episode_i_the_phantom_menace,1,Episode I: The Phantom Menace,the_phantom_menace,1
3289804031.0,seen_episode_i_the_phantom_menace,1,Episode I: The Phantom Menace,the_phantom_menace,1
3289802847.0,seen_episode_i_the_phantom_menace,0,Episode I: The Phantom Menace,the_phantom_menace,1
3289799650.0,seen_episode_i_the_phantom_menace,1,Episode I: The Phantom Menace,the_phantom_menace,1
3289799581.0,seen_episode_i_the_phantom_menace,1,Episode I: The Phantom Menace,the_phantom_menace,1
3289798968.0,seen_episode_i_the_phantom_menace,0,Episode I: The Phantom Menace,the_phantom_menace,1
3289798759.0,seen_episode_i_the_phantom_menace,1,Episode I: The Phantom Menace,the_phantom_menace,1
3289797876.0,seen_episode_i_the_phantom_menace,0,Episode I: The Phantom Menace,the_phantom_menace,1
3289795859.0,seen_episode_i_the_phantom_menace,0,Episode I: The Phantom Menace,the_phantom_menace,1
3289790475.0,seen_episode_i_the_phantom_menace,0,Episode I: The Phantom Menace,the_phantom_menace,1
3289790146.0,seen_episode_i_the_phantom_menace,1,Episode I: The Phantom Menace,the_phantom_menace,1
3289786719.0,seen_episode_i_the_phantom_menace,1,Episode I: The Phantom Menace,the_phantom_menace,1
3289781705.0,seen_episode_i_the_phantom_menace,0,Episode I: The Phantom Menace,the_phantom_menace,1
3289779434.0,seen_episode_i_the_phantom_menace,0,Episode I: The Phantom Menace,the_phantom_menace,1
3289764515.0,seen_episode_i_the_phantom_menace,0,Episode I: The Phantom Menace,the_phantom_menace,1
3289758800.0,seen_episode_i_the_phantom_menace,1,Episode I: The Phantom Menace,the_phantom_menace,1
3289757385.0,seen_episode_i_the_phantom_menace,1,Episode I: The Phantom Menace,the_phantom_menace,1
3289757163.0,seen_episode_i_the_phantom_menace,1,Episode I: The Phantom Menace,the_phantom_menace,1
3289753279.0,seen_episode_i_the_phantom_menace,0,Episode I: The Phantom Menace,the_phantom_menace,1
3289752347.0,seen_episode_i_the_phantom_menace,1,Episode I: The Phantom Menace,the_phantom_menace,1
3289751464.0,seen_episode_i_the_phantom_menace,1,Episode I: The Phantom Menace,the_phantom_menace,1
3289745316.0,seen_episode_i_the_phantom_menace,0,Episode I: The Phantom Menace,the_phantom_menace,1
3289745063.0,seen_episode_i_the_phantom_menace,1,Episode I: The Phantom Menace,the_phantom_menace,1
3289737236.0,seen_episode_i_the_phantom_menace,1,Episode I: The Phantom Menace,the_phantom_menace,1
3289735954.0,seen_episode_i_the_phantom_menace,1,Episode I: The Phantom Menace,the_phantom_menace,1
3289733444.0,seen_episode_i_the_phantom_menace,1,Episode I: The Phantom Menace,the_phantom_menace,1
3289730973.0,seen_episode_i_the_phantom_menace,0,Episode I: The Phantom Menace,the_phantom_menace,1
3289727014.0,seen_episode_i_the_phantom_menace,1,Episode I: The Phantom Menace,the_phantom_menace,1
3289725827.0,seen_episode_i_the_phantom_menace,1,Episode I: The Phantom Menace,the_phantom_menace,1
3289725605.0,seen_episode_i_the_phantom_menace,1,Episode I: The Phantom Menace,the_phantom_menace,1
3289722110.0,seen_episode_i_the_phantom_menace,1,Episode I: The Phantom Menace,the_phantom_menace,1
3289713384.0,seen_episode_i_the_phantom_menace,0,Episode I: The Phantom Menace,the_phantom_menace,1
3289711817.0,seen_episode_i_the_phantom_menace,1,Episode I: The Phantom Menace,the_phantom_menace,1
3289710382.0,seen_episode_i_the_phantom_menace,0,Episode I: The Phantom Menace,the_phantom_menace,1
3289706727.0,seen_episode_i_the_phantom_menace,1,Episode I: The Phantom Menace,the_phantom_menace,1
3289706550.0,seen_episode_i_the_phantom_menace,0,Episode I: The Phantom Menace,the_phantom_menace,1
3289705195.0,seen_episode_i_the_phantom_menace,1,Episode I: The Phantom Menace,the_phantom_menace,1
3289700288.0,seen_episode_i_the_phantom_menace,1,Episode I: The Phantom Menace,the_phantom_menace,1
3289695941.0,seen_episode_i_the_phantom_menace,1,Episode I: The Phantom Menace,the_phantom_menace,1
3289693023.0,seen_episode_i_the_phantom_menace,1,Episode I: The Phantom Menace,the_phantom_menace,1
3289692258.0,seen_episode_i_the_phantom_menace,0,Episode I: The Phantom Menace,the_phantom_menace,1
3289689591.0,seen_episode_i_the_phantom_menace,0,Episode I: The Phantom Menace,the_phantom_menace,1
3289689331.0,seen_episode_i_the_phantom_menace,1,Episode I: The Phantom Menace,the_phantom_menace,1
3289688885.0,seen_episode_i_the_phantom_menace,1,Episode I: The Phantom Menace,the_phantom_menace,1
3289686202.0,seen_episode_i_the_phantom_menace,0,Episode I: The Phantom Menace,the_phantom_menace,1
3289685200.0,seen_episode_i_the_phantom_menace,0,Episode I: The Phantom Menace,the_phantom_menace,1
3289684323.0,seen_episode_i_the_phantom_menace,1,Episode I: The Phantom Menace,the_phantom_menace,1
3289681765.0,seen_episode_i_the_phantom_menace,1,Episode I: The Phantom Menace,the_phantom_menace,1
3289680108.0,seen_episode_i_the_phantom_menace,0,Episode I: The Phantom Menace,the_phantom_menace,1
3289673695.0,seen_episode_i_the_phantom_menace,1,Episode I: The Phantom Menace,the_phantom_menace,1
3289666523.0,seen_episode_i_the_phantom_menace,0,Episode I: The Phantom Menace,the_phantom_menace,1
3289664241.0,seen_episode_i_the_phantom_menace,1,Episode I: The Phantom Menace,the_phantom_menace,1
3289653763.0,seen_episode_i_the_phantom_menace,1,Episode I: The Phantom Menace,the_phantom_menace,1
3289653664.0,seen_episode_i_the_phantom_menace,0,Episode I: The Phantom Menace,the_phantom_menace,1
3289652167.0,seen_episode_i_the_phantom_menace,1,Episode I: The Phantom Menace,the_phantom_menace,1
3289649402.0,seen_episode_i_the_phantom_menace,0,Episode I: The Phantom Menace,the_phantom_menace,1
3289648154.0,seen_episode_i_the_phantom_menace,0,Episode I: The Phantom Menace,the_phantom_menace,1
3289646833.0,seen_episode_i_the_phantom_menace,0,Episode I: The Phantom Menace,the_phantom_menace,1
3289645505.0,seen_episode_i_the_phantom_menace,1,Episode I: The Phantom Menace,the_phantom_menace,1
3289644365.0,seen_episode_i_the_phantom_menace,0,Episode I: The Phantom Menace,the_phantom_menace,1
3289641241.0,seen_episode_i_the_phantom_menace,1,Episode I: The Phantom Menace,the_phantom_menace,1
3289640516.0,seen_episode_i_the_phantom_menace,0,Episode I: The Phantom Menace,the_phantom_menace,1
3289638367.0,seen_episode_i_the_phantom_menace,1,Episode I: The Phantom Menace,the_phantom_menace,1
3289633176.0,seen_episode_i_the_phantom_menace,1,Episode I: The Phantom Menace,the_phantom_menace,1
3289628791.0,seen_episode_i_the_phantom_menace,1,Episode I: The Phantom Menace,the_phantom_menace,1
3289627503.0,seen_episode_i_the_phantom_menace,0,Episode I: The Phantom Menace,the_phantom_menace,1
3289625918.0,seen_episode_i_the_phantom_menace,0,Episode I: The Phantom Menace,the_phantom_menace,1
3289625905.0,seen_episode_i_the_phantom_menace,0,Episode I: The Phantom Menace,the_phantom_menace,1
3289625071.0,seen_episode_i_the_phantom_menace,1,Episode I: The Phantom Menace,the_phantom_menace,1
3289621004.0,seen_episode_i_the_phantom_menace,1,Episode I: The Phantom Menace,the_phantom_menace,1
3289619487.0,seen_episode_i_the_phantom_menace,1,Episode I: The Phantom Menace,the_phantom_menace,1
3289618781.0,seen_episode_i_the_phantom_menace,0,Episode I: The Phantom Menace,the_phantom_menace,1
3289618768.0,seen_episode_i_the_phantom_menace,0,Episode I: The Phantom Menace,the_phantom_menace,1
3289618355.0,seen_episode_i_the_phantom_menace,0,Episode I: The Phantom Menace,the_phantom_menace,1
3289616064.0,seen_episode_i_the_phantom_menace,0,Episode I: The Phantom Menace,the_phantom_menace,1
3289610618.0,seen_episode_i_the_phantom_menace,0,Episode I: The Phantom Menace,the_phantom_menace,1
3289610391.0,seen_episode_i_the_phantom_menace,0,Episode I: The Phantom Menace,the_phantom_menace,1
3289600885.0,seen_episode_i_the_phantom_menace,1,Episode I: The Phantom Menace,the_phantom_menace,1
3289598419.0,seen_episode_i_the_phantom_menace,0,Episode I: The Phantom Menace,the_phantom_menace,1
3289597768.0,seen_episode_i_the_phantom_menace,0,Episode I: The Phantom Menace,the_phantom_menace,1
3289597035.0,seen_episode_i_the_phantom_menace,1,Episode I: The Phantom Menace,the_phantom_menace,1
3289588064.0,seen_episode_i_the_phantom_menace,0,Episode I: The Phantom Menace,the_phantom_menace,1
3289582868.0,seen_episode_i_the_phantom_menace,1,Episode I: The Phantom Menace,the_phantom_menace,1
3289582774.0,seen_episode_i_the_phantom_menace,0,Episode I: The Phantom Menace,the_phantom_menace,1
3289582090.0,seen_episode_i_the_phantom_menace,1,Episode I: The Phantom Menace,the_phantom_menace,1
3289573606.0,seen_episode_i_the_phantom_menace,1,Episode I: The Phantom Menace,the_phantom_menace,1
3289572808.0,seen_episode_i_the_phantom_menace,1,Episode I: The Phantom Menace,the_phantom_menace,1
3289569955.0,seen_episode_i_the_phantom_menace,0,Episode I: The Phantom Menace,the_phantom_menace,1
3289567355.0,seen_episode_i_the_phantom_menace,0,Episode I: The Phantom Menace,the_phantom_menace,1
3289564387.0,seen_episode_i_the_phantom_menace,1,Episode I: The Phantom Menace,the_phantom_menace,1
3289563102.0,seen_episode_i_the_phantom_menace,0,Episode I: The Phantom Menace,the_phantom_menace,1
3289561190.0,seen_episode_i_the_phantom_menace,0,Episode I: The Phantom Menace,the_phantom_menace,1
3289560376.0,seen_episode_i_the_phantom_menace,1,Episode I: The Phantom Menace,the_phantom_menace,1
3289555540.0,seen_episode_i_the_phantom_menace,0,Episode I: The Phantom Menace,the_phantom_menace,1
3289553574.0,seen_episode_i_the_phantom_menace,0,Episode I: The Phantom Menace,the_phantom_menace,1
3289553473.0,seen_episode_i_the_phantom_menace,0,Episode I: The Phantom Menace,the_phantom_menace,1
3289552996.0,seen_episode_i_the_phantom_menace,1,Episode I: The Phantom Menace,the_phantom_menace,1
3289552625.0,seen_episode_i_the_phantom_menace,1,Episode I: The Phantom Menace,the_phantom_menace,1
3289543778.0,seen_episode_i_the_phantom_menace,1,Episode I: The Phantom Menace,the_phantom_menace,1
3289540349.0,seen_episode_i_the_phantom_menace,1,Episode I: The Phantom Menace,the_phantom_menace,1
3289539921.0,seen_episode_i_the_phantom_menace,1,Episode I: The Phantom Menace,the_phantom_menace,1
3289537363.0,seen_episode_i_the_phantom_menace,0,Episode I: The Phantom Menace,the_phantom_menace,1
3289537293.0,seen_episode_i_the_phantom_menace,1,Episode I: The Phantom Menace,the_phantom_menace,1
3289536171.0,seen_episode_i_the_phantom_menace,1,Episode I: The Phantom Menace,the_phantom_menace,1
3289533753.0,seen_episode_i_the_phantom_menace,1,Episode I: The Phantom Menace,the_phantom_menace,1
3289531711.0,seen_episode_i_the_phantom_menace,1,Episode I: The Phantom Menace,the_phantom_menace,1
3289530269.0,seen_episode_i_the_phantom_menace,0,Episode I: The Phantom Menace,the_phantom_menace,1
3289530042.0,seen_episode_i_the_phantom_menace,1,Episode I: The Phantom Menace,the_phantom_menace,1
3289529064.0,seen_episode_i_the_phantom_menace,1,Episode I: The Phantom Menace,the_phantom_menace,1
3289528214.0,seen_episode_i_the_phantom_menace,0,Episode I: The Phantom Menace,the_phantom_menace,1
3289526845.0,seen_episode_i_the_phantom_menace,1,Episode I: The Phantom Menace,the_phantom_menace,1
3289526048.0,seen_episode_i_the_phantom_menace,1,Episode I: The Phantom Menace,the_phantom_menace,1
3289522048.0,seen_episode_i_the_phantom_menace,0,Episode I: The Phantom Menace,the_phantom_menace,1
3289512650.0,seen_episode_i_the_phantom_menace,0,Episode I: The Phantom Menace,the_phantom_menace,1
3289510637.0,seen_episode_i_the_phantom_menace,0,Episode I: The Phantom Menace,the_phantom_menace,1
3289510083.0,seen_episode_i_the_phantom_menace,0,Episode I: The Phantom Menace,the_phantom_menace,1
3289508774.0,seen_episode_i_the_phantom_menace,1,Episode I: The Phantom Menace,the_phantom_menace,1
3289505557.0,seen_episode_i_the_phantom_menace,1,Episode I: The Phantom Menace,the_phantom_menace,1
3289498676.0,seen_episode_i_the_phantom_menace,1,Episode I: The Phantom Menace,the_phantom_menace,1
3289498263.0,seen_episode_i_the_phantom_menace,1,Episode I: The Phantom Menace,the_phantom_menace,1
3289498064.0,seen_episode_i_the_phantom_menace,1,Episode I: The Phantom Menace,the_phantom_menace,1
3289494245.0,seen_episode_i_the_phantom_menace,0,Episode I: The Phantom Menace,the_phantom_menace,1
3289492759.0,seen_episode_i_the_phantom_menace,0,Episode I: The Phantom Menace,the_phantom_menace,1
3289492075.0,seen_episode_i_the_phantom_menace,0,Episode I: The Phantom Menace,the_phantom_menace,1
3289489736.0,seen_episode_i_the_phantom_menace,1,Episode I: The Phantom Menace,the_phantom_menace,1
3289485680.0,seen_episode_i_the_phantom_menace,0,Episode I: The Phantom Menace,the_phantom_menace,1
3289484757.0,seen_episode_i_the_phantom_menace,1,Episode I: The Phantom Menace,the_phantom_menace,1
3289481873.0,seen_episode_i_the_phantom_menace,0,Episode I: The Phantom Menace,the_phantom_menace,1
3289481310.0,seen_episode_i_the_phantom_menace,1,Episode I: The Phantom Menace,the_phantom_menace,1
3289472648.0,seen_episode_i_the_phantom_menace,1,Episode I: The Phantom Menace,the_phantom_menace,1
3289469330.0,seen_episode_i_the_phantom_menace,0,Episode I: The Phantom Menace,the_phantom_menace,1
3289467778.0,seen_episode_i_the_phantom_menace,1,Episode I: The Phantom Menace,the_phantom_menace,1
3289467324.0,seen_episode_i_the_phantom_menace,0,Episode I: The Phantom Menace,the_phantom_menace,1
3289463626.0,seen_episode_i_the_phantom_menace,0,Episode I: The Phantom Menace,the_phantom_menace,1
3289463066.0,seen_episode_i_the_phantom_menace,1,Episode I: The Phantom Menace,the_phantom_menace,1
3289459695.0,seen_episode_i_the_phantom_menace,0,Episode I: The Phantom Menace,the_phantom_menace,1
3289458608.0,seen_episode_i_the_phantom_menace,1,Episode I: The Phantom Menace,the_phantom_menace,1
3289453110.0,seen_episode_i_the_phantom_menace,1,Episode I: The Phantom Menace,the_phantom_menace,1
3289450247.0,seen_episode_i_the_phantom_menace,0,Episode I: The Phantom Menace,the_phantom_menace,1
3289450050.0,seen_episode_i_the_phantom_menace,0,Episode I: The Phantom Menace,the_phantom_menace,1
3289449176.0,seen_episode_i_the_phantom_menace,1,Episode I: The Phantom Menace,the_phantom_menace,1
3289448435.0,seen_episode_i_the_phantom_menace,1,Episode I: The Phantom Menace,the_phantom_menace,1
3289445841.0,seen_episode_i_the_phantom_menace,1,Episode I: The Phantom Menace,the_phantom_menace,1
3289437997.0,seen_episode_i_the_phantom_menace,0,Episode I: The Phantom Menace,the_phantom_menace,1
3289436437.0,seen_episode_i_the_phantom_menace,1,Episode I: The Phantom Menace,the_phantom_menace,1
3289434297.0,seen_episode_i_the_phantom_menace,1,Episode I: The Phantom Menace,the_phantom_menace,1
3289425578.0,seen_episode_i_the_phantom_menace,1,Episode I: The Phantom Menace,the_phantom_menace,1
3289423303.0,seen_episode_i_the_phantom_menace,1,Episode I: The Phantom Menace,the_phantom_menace,1
3289419064.0,seen_episode_i_the_phantom_menace,0,Episode I: The Phantom Menace,the_phantom_menace,1
3289418012.0,seen_episode_i_the_phantom_menace,0,Episode I: The Phantom Menace,the_phantom_menace,1
3289416615.0,seen_episode_i_the_phantom_menace,1,Episode I: The Phantom Menace,the_phantom_menace,1
3289415200.0,seen_episode_i_the_phantom_menace,0,Episode I: The Phantom Menace,the_phantom_menace,1
3289414959.0,seen_episode_i_the_phantom_menace,1,Episode I: The Phantom Menace,the_phantom_menace,1
3289414036.0,seen_episode_i_the_phantom_menace,1,Episode I: The Phantom Menace,the_phantom_menace,1
3289410507.0,seen_episode_i_the_phantom_menace,1,Episode I: The Phantom Menace,the_phantom_menace,1
3289410455.0,seen_episode_i_the_phantom_menace,1,Episode I: The Phantom Menace,the_phantom_menace,1
3289398157.0,seen_episode_i_the_phantom_menace,1,Episode I: The Phantom Menace,the_phantom_menace,1
3289394268.0,seen_episode_i_the_phantom_menace,0,Episode I: The Phantom Menace,the_phantom_menace,1
3289393495.0,seen_episode_i_the_phantom_menace,0,Episode I: The Phantom Menace,the_phantom_menace,1
3289392497.0,seen_episode_i_the_phantom_menace,1,Episode I: The Phantom Menace,the_phantom_menace,1
3289383220.0,seen_episode_i_the_phantom_menace,1,Episode I: The Phantom Menace,the_phantom_menace,1
3289381739.0,seen_episode_i_the_phantom_menace,1,Episode I: The Phantom Menace,the_phantom_menace,1
3289374653.0,seen_episode_i_the_phantom_menace,0,Episode I: The Phantom Menace,the_phantom_menace,1
3289370623.0,seen_episode_i_the_phantom_menace,1,Episode I: The Phantom Menace,the_phantom_menace,1
3289369318.0,seen_episode_i_the_phantom_menace,0,Episode I: The Phantom Menace,the_phantom_menace,1
3289363684.0,seen_episode_i_the_phantom_menace,1,Episode I: The Phantom Menace,the_phantom_menace,1
3289358306.0,seen_episode_i_the_phantom_menace,1,Episode I: The Phantom Menace,the_phantom_menace,1
3289354975.0,seen_episode_i_the_phantom_menace,1,Episode I: The Phantom Menace,the_phantom_menace,1
3289351950.0,seen_episode_i_the_phantom_menace,1,Episode I: The Phantom Menace,the_phantom_menace,1
3289351379.0,seen_episode_i_the_phantom_menace,1,Episode I: The Phantom Menace,the_phantom_menace,1
3289341349.0,seen_episode_i_the_phantom_menace,0,Episode I: The Phantom Menace,the_phantom_menace,1
3289334585.0,seen_episode_i_the_phantom_menace,0,Episode I: The Phantom Menace,the_phantom_menace,1
3289334511.0,seen_episode_i_the_phantom_menace,0,Episode I: The Phantom Menace,the_phantom_menace,1
3289322178.0,seen_episode_i_the_phantom_menace,0,Episode I: The Phantom Menace,the_phantom_menace,1
3289321600.0,seen_episode_i_the_phantom_menace,1,Episode I: The Phantom Menace,the_phantom_menace,1
3289317542.0,seen_episode_i_the_phantom_menace,1,Episode I: The Phantom Menace,the_phantom_menace,1
3289316592.0,seen_episode_i_the_phantom_menace,0,Episode I: The Phantom Menace,the_phantom_menace,1
3289311086.0,seen_episode_i_the_phantom_menace,1,Episode I: The Phantom Menace,the_phantom_menace,1
3289305272.0,seen_episode_i_the_phantom_menace,0,Episode I: The Phantom Menace,the_phantom_menace,1
3289302743.0,seen_episode_i_the_phantom_menace,0,Episode I: The Phantom Menace,the_phantom_menace,1
3289301976.0,seen_episode_i_the_phantom_menace,0,Episode I: The Phantom Menace,the_phantom_menace,1
3289282741.0,seen_episode_i_the_phantom_menace,0,Episode I: The Phantom Menace,the_phantom_menace,1
3289281855.0,seen_episode_i_the_phantom_menace,0,Episode I: The Phantom Menace,the_phantom_menace,1
3289279767.0,seen_episode_i_the_phantom_menace,0,Episode I: The Phantom Menace,the_phantom_menace,1
3289274314.0,seen_episode_i_the_phantom_menace,1,Episode I: The Phantom Menace,the_phantom_menace,1
3289274207.0,seen_episode_i_the_phantom_menace,0,Episode I: The Phantom Menace,the_phantom_menace,1
3289262699.0,seen_episode_i_the_phantom_menace,1,Episode I: The Phantom Menace,the_phantom_menace,1
3289262511.0,seen_episode_i_the_phantom_menace,1,Episode I: The Phantom Menace,the_phantom_menace,1
3289242777.0,seen_episode_i_the_phantom_menace,0,Episode I: The Phantom Menace,the_phantom_menace,1
3289236782.0,seen_episode_i_the_phantom_menace,1,Episode I: The Phantom Menace,the_phantom_menace,1
3289198607.0,seen_episode_i_the_phantom_menace,1,Episode I: The Phantom Menace,the_phantom_menace,1
3289179421.0,seen_episode_i_the_phantom_menace,0,Episode I: The Phantom Menace,the_phantom_menace,1
3289178815.0,seen_episode_i_the_phantom_menace,0,Episode I: The Phantom Menace,the_phantom_menace,1
3289177383.0,seen_episode_i_the_phantom_menace,1,Episode I: The Phantom Menace,the_phantom_menace,1
3289172932.0,seen_episode_i_the_phantom_menace,0,Episode I: The Phantom Menace,the_phantom_menace,1
3289156917.0,seen_episode_i_the_phantom_menace,1,Episode I: The Phantom Menace,the_phantom_menace,1
3289153001.0,seen_episode_i_the_phantom_menace,1,Episode I: The Phantom Menace,the_phantom_menace,1
3289148779.0,seen_episode_i_the_phantom_menace,1,Episode I: The Phantom Menace,the_phantom_menace,1
3289112999.0,seen_episode_i_the_phantom_menace,1,Episode I: The Phantom Menace,the_phantom_menace,1
3289095873.0,seen_episode_i_the_phantom_menace,1,Episode I: The Phantom Menace,the_phantom_menace,1
3289069642.0,seen_episode_i_the_phantom_menace,1,Episode I: The Phantom Menace,the_phantom_menace,1
3289064086.0,seen_episode_i_the_phantom_menace,0,Episode I: The Phantom Menace,the_phantom_menace,1
3289054324.0,seen_episode_i_the_phantom_menace,1,Episode I: The Phantom Menace,the_phantom_menace,1
3289049751.0,seen_episode_i_the_phantom_menace,1,Episode I: The Phantom Menace,the_phantom_menace,1
3289032654.0,seen_episode_i_the_phantom_menace,0,Episode I: The Phantom Menace,the_phantom_menace,1
3288941294.0,seen_episode_i_the_phantom_menace,1,Episode I: The Phantom Menace,the_phantom_menace,1
3288846487.0,seen_episode_i_the_phantom_menace,0,Episode I: The Phantom Menace,the_phantom_menace,1
3288826742.0,seen_episode_i_the_phantom_menace,0,Episode I: The Phantom Menace,the_phantom_menace,1
3288823234.0,seen_episode_i_the_phantom_menace,0,Episode I: The Phantom Menace,the_phantom_menace,1
3288802482.0,seen_episode_i_the_phantom_menace,1,Episode I: The Phantom Menace,the_phantom_menace,1
3288793006.0,seen_episode_i_the_phantom_menace,1,Episode I: The Phantom Menace,the_phantom_menace,1
3288777560.0,seen_episode_i_the_phantom_menace,1,Episode I: The Phantom Menace,the_phantom_menace,1
3288772244.0,seen_episode_i_the_phantom_menace,1,Episode I: The Phantom Menace,the_phantom_menace,1
3288771826.0,seen_episode_i_the_phantom_menace,1,Episode I: The Phantom Menace,the_phantom_menace,1
3288750443.0,seen_episode_i_the_phantom_menace,1,Episode I: The Phantom Menace,the_phantom_menace,1
3288741236.0,seen_episode_i_the_phantom_menace,1,Episode I: The Phantom Menace,the_phantom_menace,1
3288740386.0,seen_episode_i_the_phantom_menace,0,Episode I: The Phantom Menace,the_phantom_menace,1
3288728912.0,seen_episode_i_the_phantom_menace,1,Episode I: The Phantom Menace,the_phantom_menace,1
3288723253.0,seen_episode_i_the_phantom_menace,0,Episode I: The Phantom Menace,the_phantom_menace,1
3288722710.0,seen_episode_i_the_phantom_menace,0,Episode I: The Phantom Menace,the_phantom_menace,1
3288719090.0,seen_episode_i_the_phantom_menace,1,Episode I: The Phantom Menace,the_phantom_menace,1
3288718743.0,seen_episode_i_the_phantom_menace,1,Episode I: The Phantom Menace,the_phantom_menace,1
3288714827.0,seen_episode_i_the_phantom_menace,1,Episode I: The Phantom Menace,the_phantom_menace,1
3288714697.0,seen_episode_i_the_phantom_menace,0,Episode I: The Phantom Menace,the_phantom_menace,1
3288713721.0,seen_episode_i_the_phantom_menace,1,Episode I: The Phantom Menace,the_phantom_menace,1
3288713570.0,seen_episode_i_the_phantom_menace,1,Episode I: The Phantom Menace,the_phantom_menace,1
3288712832.0,seen_episode_i_the_phantom_menace,1,Episode I: The Phantom Menace,the_phantom_menace,1
3288704807.0,seen_episode_i_the_phantom_menace,1,Episode I: The Phantom Menace,the_phantom_menace,1
3288702291.0,seen_episode_i_the_phantom_menace,1,Episode I: The Phantom Menace,the_phantom_menace,1
3288700554.0,seen_episode_i_the_phantom_menace,0,Episode I: The Phantom Menace,the_phantom_menace,1
3288699973.0,seen_episode_i_the_phantom_menace,0,Episode I: The Phantom Menace,the_phantom_menace,1
3288698545.0,seen_episode_i_the_phantom_menace,0,Episode I: The Phantom Menace,the_phantom_menace,1
3288698085.0,seen_episode_i_the_phantom_menace,1,Episode I: The Phantom Menace,the_phantom_menace,1
3288697760.0,seen_episode_i_the_phantom_menace,1,Episode I: The Phantom Menace,the_phantom_menace,1
3288696158.0,seen_episode_i_the_phantom_menace,0,Episode I: The Phantom Menace,the_phantom_menace,1
3288694272.0,seen_episode_i_the_phantom_menace,0,Episode I: The Phantom Menace,the_phantom_menace,1
3288690295.0,seen_episode_i_the_phantom_menace,1,Episode I: The Phantom Menace,the_phantom_menace,1
3288689621.0,seen_episode_i_the_phantom_menace,0,Episode I: The Phantom Menace,the_phantom_menace,1
3288687502.0,seen_episode_i_the_phantom_menace,1,Episode I: The Phantom Menace,the_phantom_menace,1
3288685641.0,seen_episode_i_the_phantom_menace,1,Episode I: The Phantom Menace,the_phantom_menace,1
3288683262.0,seen_episode_i_the_phantom_menace,0,Episode I: The Phantom Menace,the_phantom_menace,1
3288683105.0,seen_episode_i_the_phantom_menace,1,Episode I: The Phantom Menace,the_phantom_menace,1
3288682774.0,seen_episode_i_the_phantom_menace,0,Episode I: The Phantom Menace,the_phantom_menace,1
3288682656.0,seen_episode_i_the_phantom_menace,1,Episode I: The Phantom Menace,the_phantom_menace,1
3288678886.0,seen_episode_i_the_phantom_menace,0,Episode I: The Phantom Menace,the_phantom_menace,1
3288675923.0,seen_episode_i_the_phantom_menace,1,Episode I: The Phantom Menace,the_phantom_menace,1
3288672490.0,seen_episode_i_the_phantom_menace,1,Episode I: The Phantom Menace,the_phantom_menace,1
3288672409.0,seen_episode_i_the_phantom_menace,1,Episode I: The Phantom Menace,the_phantom_menace,1
3288672197.0,seen_episode_i_the_phantom_menace,0,Episode I: The Phantom Menace,the_phantom_menace,1
3288671359.0,seen_episode_i_the_phantom_menace,1,Episode I: The Phantom Menace,the_phantom_menace,1
3288671328.0,seen_episode_i_the_phantom_menace,1,Episode I: The Phantom Menace,the_phantom_menace,1
3288670345.0,seen_episode_i_the_phantom_menace,1,Episode I: The Phantom Menace,the_phantom_menace,1
3288668791.0,seen_episode_i_the_phantom_menace,1,Episode I: The Phantom Menace,the_phantom_menace,1
3288668404.0,seen_episode_i_the_phantom_menace,0,Episode I: The Phantom Menace,the_phantom_menace,1
3288668176.0,seen_episode_i_the_phantom_menace,1,Episode I: The Phantom Menace,the_phantom_menace,1
3288666429.0,seen_episode_i_the_phantom_menace,0,Episode I: The Phantom Menace,the_phantom_menace,1
3288665797.0,seen_episode_i_the_phantom_menace,0,Episode I: The Phantom Menace,the_phantom_menace,1
3288665355.0,seen_episode_i_the_phantom_menace,0,Episode I: The Phantom Menace,the_phantom_menace,1
3288662617.0,seen_episode_i_the_phantom_menace,0,Episode I: The Phantom Menace,the_phantom_menace,1
3288660175.0,seen_episode_i_the_phantom_menace,1,Episode I: The Phantom Menace,the_phantom_menace,1
3288657866.0,seen_episode_i_the_phantom_menace,0,Episode I: The Phantom Menace,the_phantom_menace,1
3288657113.0,seen_episode_i_the_phantom_menace,1,Episode I: The Phantom Menace,the_phantom_menace,1
3288653945.0,seen_episode_i_the_phantom_menace,0,Episode I: The Phantom Menace,the_phantom_menace,1
3288653548.0,seen_episode_i_the_phantom_menace,0,Episode I: The Phantom Menace,the_phantom_menace,1
3288653332.0,seen_episode_i_the_phantom_menace,0,Episode I: The Phantom Menace,the_phantom_menace,1
3288653149.0,seen_episode_i_the_phantom_menace,1,Episode I: The Phantom Menace,the_phantom_menace,1
3288650455.0,seen_episode_i_the_phantom_menace,1,Episode I: The Phantom Menace,the_phantom_menace,1
3288649171.0,seen_episode_i_the_phantom_menace,0,Episode I: The Phantom Menace,the_phantom_menace,1
3288647913.0,seen_episode_i_the_phantom_menace,1,Episode I: The Phantom Menace,the_phantom_menace,1
3288647623.0,seen_episode_i_the_phantom_menace,1,Episode I: The Phantom Menace,the_phantom_menace,1
3288644592.0,seen_episode_i_the_phantom_menace,1,Episode I: The Phantom Menace,the_phantom_menace,1
3288644163.0,seen_episode_i_the_phantom_menace,1,Episode I: The Phantom Menace,the_phantom_menace,1
3288641278.0,seen_episode_i_the_phantom_menace,0,Episode I: The Phantom Menace,the_phantom_menace,1
3288639879.0,seen_episode_i_the_phantom_menace,0,Episode I: The Phantom Menace,the_phantom_menace,1
3288639732.0,seen_episode_i_the_phantom_menace,0,Episode I: The Phantom Menace,the_phantom_menace,1
3288639377.0,seen_episode_i_the_phantom_menace,1,Episode I: The Phantom Menace,the_phantom_menace,1
3288638640.0,seen_episode_i_the_phantom_menace,0,Episode I: The Phantom Menace,the_phantom_menace,1
3288635451.0,seen_episode_i_the_phantom_menace,1,Episode I: The Phantom Menace,the_phantom_menace,1
3288633861.0,seen_episode_i_the_phantom_menace,0,Episode I: The Phantom Menace,the_phantom_menace,1
3288629979.0,seen_episode_i_the_phantom_menace,1,Episode I: The Phantom Menace,the_phantom_menace,1
3288627180.0,seen_episode_i_the_phantom_menace,0,Episode I: The Phantom Menace,the_phantom_menace,1
3288625580.0,seen_episode_i_the_phantom_menace,1,Episode I: The Phantom Menace,the_phantom_menace,1
3288623870.0,seen_episode_i_the_phantom_menace,1,Episode I: The Phantom Menace,the_phantom_menace,1
3288623420.0,seen_episode_i_the_phantom_menace,0,Episode I: The Phantom Menace,the_phantom_menace,1
3288623033.0,seen_episode_i_the_phantom_menace,0,Episode I: The Phantom Menace,the_phantom_menace,1
3288620198.0,seen_episode_i_the_phantom_menace,1,Episode I: The Phantom Menace,the_phantom_menace,1
3288618459.0,seen_episode_i_the_phantom_menace,0,Episode I: The Phantom Menace,the_phantom_menace,1
3288617343.0,seen_episode_i_the_phantom_menace,0,Episode I: The Phantom Menace,the_phantom_menace,1
3288617091.0,seen_episode_i_the_phantom_menace,1,Episode I: The Phantom Menace,the_phantom_menace,1
3288614671.0,seen_episode_i_the_phantom_menace,1,Episode I: The Phantom Menace,the_phantom_menace,1
3288614539.0,seen_episode_i_the_phantom_menace,1,Episode I: The Phantom Menace,the_phantom_menace,1
3288614195.0,seen_episode_i_the_phantom_menace,1,Episode I: The Phantom Menace,the_phantom_menace,1
3288613051.0,seen_episode_i_the_phantom_menace,0,Episode I: The Phantom Menace,the_phantom_menace,1
3288609566.0,seen_episode_i_the_phantom_menace,1,Episode I: The Phantom Menace,the_phantom_menace,1
3288608965.0,seen_episode_i_the_phantom_menace,0,Episode I: The Phantom Menace,the_phantom_menace,1
3288604946.0,seen_episode_i_the_phantom_menace,1,Episode I: The Phantom Menace,the_phantom_menace,1
3288602883.0,seen_episode_i_the_phantom_menace,1,Episode I: The Phantom Menace,the_phantom_menace,1
3288601847.0,seen_episode_i_the_phantom_menace,1,Episode I: The Phantom Menace,the_phantom_menace,1
3288601827.0,seen_episode_i_the_phantom_menace,0,Episode I: The Phantom Menace,the_phantom_menace,1
3288599799.0,seen_episode_i_the_phantom_menace,1,Episode I: The Phantom Menace,the_phantom_menace,1
3288599067.0,seen_episode_i_the_phantom_menace,1,Episode I: The Phantom Menace,the_phantom_menace,1
3288593331.0,seen_episode_i_the_phantom_menace,0,Episode I: The Phantom Menace,the_phantom_menace,1
3288590836.0,seen_episode_i_the_phantom_menace,0,Episode I: The Phantom Menace,the_phantom_menace,1
3288588424.0,seen_episode_i_the_phantom_menace,0,Episode I: The Phantom Menace,the_phantom_menace,1
3288587373.0,seen_episode_i_the_phantom_menace,1,Episode I: The Phantom Menace,the_phantom_menace,1
3288586178.0,seen_episode_i_the_phantom_menace,0,Episode I: The Phantom Menace,the_phantom_menace,1
3288585053.0,seen_episode_i_the_phantom_menace,1,Episode I: The Phantom Menace,the_phantom_menace,1
3288584578.0,seen_episode_i_the_phantom_menace,1,Episode I: The Phantom Menace,the_phantom_menace,1
3288583884.0,seen_episode_i_the_phantom_menace,0,Episode I: The Phantom Menace,the_phantom_menace,1
3288583591.0,seen_episode_i_the_phantom_menace,0,Episode I: The Phantom Menace,the_phantom_menace,1
3288581774.0,seen_episode_i_the_phantom_menace,0,Episode I: The Phantom Menace,the_phantom_menace,1
3288580684.0,seen_episode_i_the_phantom_menace,0,Episode I: The Phantom Menace,the_phantom_menace,1
3288580145.0,seen_episode_i_the_phantom_menace,0,Episode I: The Phantom Menace,the_phantom_menace,1
3288579719.0,seen_episode_i_the_phantom_menace,0,Episode I: The Phantom Menace,the_phantom_menace,1
3288579445.0,seen_episode_i_the_phantom_menace,0,Episode I: The Phantom Menace,the_phantom_menace,1
3288578983.0,seen_episode_i_the_phantom_menace,0,Episode I: The Phantom Menace,the_phantom_menace,1
3288578072.0,seen_episode_i_the_phantom_menace,1,Episode I: The Phantom Menace,the_phantom_menace,1
3288576462.0,seen_episode_i_the_phantom_menace,1,Episode I: The Phantom Menace,the_phantom_menace,1
3288574703.0,seen_episode_i_the_phantom_menace,1,Episode I: The Phantom Menace,the_phantom_menace,1
3288571196.0,seen_episode_i_the_phantom_menace,0,Episode I: The Phantom Menace,the_phantom_menace,1
3288568534.0,seen_episode_i_the_phantom_menace,1,Episode I: The Phantom Menace,the_phantom_menace,1
3288567242.0,seen_episode_i_the_phantom_menace,1,Episode I: The Phantom Menace,the_phantom_menace,1
3288567154.0,seen_episode_i_the_phantom_menace,1,Episode I: The Phantom Menace,the_phantom_menace,1
3288563970.0,seen_episode_i_the_phantom_menace,0,Episode I: The Phantom Menace,the_phantom_menace,1
3288563342.0,seen_episode_i_the_phantom_menace,0,Episode I: The Phantom Menace,the_phantom_menace,1
3288563065.0,seen_episode_i_the_phantom_menace,0,Episode I: The Phantom Menace,the_phantom_menace,1
3288559700.0,seen_episode_i_the_phantom_menace,0,Episode I: The Phantom Menace,the_phantom_menace,1
3288559015.0,seen_episode_i_the_phantom_menace,1,Episode I: The Phantom Menace,the_phantom_menace,1
3288558131.0,seen_episode_i_the_phantom_menace,0,Episode I: The Phantom Menace,the_phantom_menace,1
3288557322.0,seen_episode_i_the_phantom_menace,0,Episode I: The Phantom Menace,the_phantom_menace,1
3288553903.0,seen_episode_i_the_phantom_menace,1,Episode I: The Phantom Menace,the_phantom_menace,1
3288553457.0,seen_episode_i_the_phantom_menace,0,Episode I: The Phantom Menace,the_phantom_menace,1
3288552984.0,seen_episode_i_the_phantom_menace,1,Episode I: The Phantom Menace,the_phantom_menace,1
3288551156.0,seen_episode_i_the_phantom_menace,0,Episode I: The Phantom Menace,the_phantom_menace,1
3288549677.0,seen_episode_i_the_phantom_menace,0,Episode I: The Phantom Menace,the_phantom_menace,1
3288547379.0,seen_episode_i_the_phantom_menace,0,Episode I: The Phantom Menace,the_phantom_menace,1
3288545527.0,seen_episode_i_the_phantom_menace,0,Episode I: The Phantom Menace,the_phantom_menace,1
3288544295.0,seen_episode_i_the_phantom_menace,0,Episode I: The Phantom Menace,the_phantom_menace,1
3288539645.0,seen_episode_i_the_phantom_menace,0,Episode I: The Phantom Menace,the_phantom_menace,1
3288538248.0,seen_episode_i_the_phantom_menace,1,Episode I: The Phantom Menace,the_phantom_menace,1
3288536532.0,seen_episode_i_the_phantom_menace,1,Episode I: The Phantom Menace,the_phantom_menace,1
3288534023.0,seen_episode_i_the_phantom_menace,0,Episode I: The Phantom Menace,the_phantom_menace,1
3288532773.0,seen_episode_i_the_phantom_menace,0,Episode I: The Phantom Menace,the_phantom_menace,1
3288532255.0,seen_episode_i_the_phantom_menace,0,Episode I: The Phantom Menace,the_phantom_menace,1
3288526244.0,seen_episode_i_the_phantom_menace,0,Episode I: The Phantom Menace,the_phantom_menace,1
3288524042.0,seen_episode_i_the_phantom_menace,1,Episode I: The Phantom Menace,the_phantom_menace,1
3288523874.0,seen_episode_i_the_phantom_menace,1,Episode I: The Phantom Menace,the_phantom_menace,1
3288522525.0,seen_episode_i_the_phantom_menace,1,Episode I: The Phantom Menace,the_phantom_menace,1
3288522488.0,seen_episode_i_the_phantom_menace,1,Episode I: The Phantom Menace,the_phantom_menace,1
3288521325.0,seen_episode_i_the_phantom_menace,1,Episode I: The Phantom Menace,the_phantom_menace,1
3288519037.0,seen_episode_i_the_phantom_menace,1,Episode I: The Phantom Menace,the_phantom_menace,1
3288516295.0,seen_episode_i_the_phantom_menace,0,Episode I: The Phantom Menace,the_phantom_menace,1
3288515773.0,seen_episode_i_the_phantom_menace,1,Episode I: The Phantom Menace,the_phantom_menace,1
3288514217.0,seen_episode_i_the_phantom_menace,0,Episode I: The Phantom Menace,the_phantom_menace,1
3288513045.0,seen_episode_i_the_phantom_menace,0,Episode I: The Phantom Menace,the_phantom_menace,1
3288512822.0,seen_episode_i_the_phantom_menace,0,Episode I: The Phantom Menace,the_phantom_menace,1
3288512665.0,seen_episode_i_the_phantom_menace,1,Episode I: The Phantom Menace,the_phantom_menace,1
3288512020.0,seen_episode_i_the_phantom_menace,0,Episode I: The Phantom Menace,the_phantom_menace,1
3288511686.0,seen_episode_i_the_phantom_menace,0,Episode I: The Phantom Menace,the_phantom_menace,1
3288511180.0,seen_episode_i_the_phantom_menace,1,Episode I: The Phantom Menace,the_phantom_menace,1
3288509415.0,seen_episode_i_the_phantom_menace,1,Episode I: The Phantom Menace,the_phantom_menace,1
3288506275.0,seen_episode_i_the_phantom_menace,1,Episode I: The Phantom Menace,the_phantom_menace,1
3288505925.0,seen_episode_i_the_phantom_menace,1,Episode I: The Phantom Menace,the_phantom_menace,1
3288505737.0,seen_episode_i_the_phantom_menace,1,Episode I: The Phantom Menace,the_phantom_menace,1
3288505216.0,seen_episode_i_the_phantom_menace,0,Episode I: The Phantom Menace,the_phantom_menace,1
3288505151.0,seen_episode_i_the_phantom_menace,0,Episode I: The Phantom Menace,the_phantom_menace,1
3288504398.0,seen_episode_i_the_phantom_menace,1,Episode I: The Phantom Menace,the_phantom_menace,1
3288502884.0,seen_episode_i_the_phantom_menace,0,Episode I: The Phantom Menace,the_phantom_menace,1
3288501301.0,seen_episode_i_the_phantom_menace,1,Episode I: The Phantom Menace,the_phantom_menace,1
3288499757.0,seen_episode_i_the_phantom_menace,0,Episode I: The Phantom Menace,the_phantom_menace,1
3288498715.0,seen_episode_i_the_phantom_menace,1,Episode I: The Phantom Menace,the_phantom_menace,1
3288497532.0,seen_episode_i_the_phantom_menace,0,Episode I: The Phantom Menace,the_phantom_menace,1
3288497228.0,seen_episode_i_the_phantom_menace,1,Episode I: The Phantom Menace,the_phantom_menace,1
3288497010.0,seen_episode_i_the_phantom_menace,0,Episode I: The Phantom Menace,the_phantom_menace,1
3288493077.0,seen_episode_i_the_phantom_menace,1,Episode I: The Phantom Menace,the_phantom_menace,1
3288492006.0,seen_episode_i_the_phantom_menace,1,Episode I: The Phantom Menace,the_phantom_menace,1
3288484535.0,seen_episode_i_the_phantom_menace,1,Episode I: The Phantom Menace,the_phantom_menace,1
3288482717.0,seen_episode_i_the_phantom_menace,1,Episode I: The Phantom Menace,the_phantom_menace,1
3288482581.0,seen_episode_i_the_phantom_menace,1,Episode I: The Phantom Menace,the_phantom_menace,1
3288482369.0,seen_episode_i_the_phantom_menace,1,Episode I: The Phantom Menace,the_phantom_menace,1
3288479368.0,seen_episode_i_the_phantom_menace,1,Episode I: The Phantom Menace,the_phantom_menace,1
3288479074.0,seen_episode_i_the_phantom_menace,0,Episode I: The Phantom Menace,the_phantom_menace,1
3288477753.0,seen_episode_i_the_phantom_menace,1,Episode I: The Phantom Menace,the_phantom_menace,1
3288476971.0,seen_episode_i_the_phantom_menace,1,Episode I: The Phantom Menace,the_phantom_menace,1
3288472373.0,seen_episode_i_the_phantom_menace,0,Episode I: The Phantom Menace,the_phantom_menace,1
3288471192.0,seen_episode_i_the_phantom_menace,0,Episode I: The Phantom Menace,the_phantom_menace,1
3288469670.0,seen_episode_i_the_phantom_menace,0,Episode I: The Phantom Menace,the_phantom_menace,1
3288469047.0,seen_episode_i_the_phantom_menace,1,Episode I: The Phantom Menace,the_phantom_menace,1
3288460192.0,seen_episode_i_the_phantom_menace,0,Episode I: The Phantom Menace,the_phantom_menace,1
3288459190.0,seen_episode_i_the_phantom_menace,0,Episode I: The Phantom Menace,the_phantom_menace,1
3288458873.0,seen_episode_i_the_phantom_menace,0,Episode I: The Phantom Menace,the_phantom_menace,1
3288456946.0,seen_episode_i_the_phantom_menace,1,Episode I: The Phantom Menace,the_phantom_menace,1
3288455900.0,seen_episode_i_the_phantom_menace,0,Episode I: The Phantom Menace,the_phantom_menace,1
3288453555.0,seen_episode_i_the_phantom_menace,1,Episode I: The Phantom Menace,the_phantom_menace,1
3288446700.0,seen_episode_i_the_phantom_menace,1,Episode I: The Phantom Menace,the_phantom_menace,1
3288446529.0,seen_episode_i_the_phantom_menace,1,Episode I: The Phantom Menace,the_phantom_menace,1
3288445926.0,seen_episode_i_the_phantom_menace,1,Episode I: The Phantom Menace,the_phantom_menace,1
3288444784.0,seen_episode_i_the_phantom_menace,0,Episode I: The Phantom Menace,the_phantom_menace,1
3288442728.0,seen_episode_i_the_phantom_menace,1,Episode I: The Phantom Menace,the_phantom_menace,1
3288436226.0,seen_episode_i_the_phantom_menace,0,Episode I: The Phantom Menace,the_phantom_menace,1
3288432395.0,seen_episode_i_the_phantom_menace,0,Episode I: The Phantom Menace,the_phantom_menace,1
3288429451.0,seen_episode_i_the_phantom_menace,1,Episode I: The Phantom Menace,the_phantom_menace,1
3288429390.0,seen_episode_i_the_phantom_menace,0,Episode I: The Phantom Menace,the_phantom_menace,1
3288429092.0,seen_episode_i_the_phantom_menace,1,Episode I: The Phantom Menace,the_phantom_menace,1
3288428243.0,seen_episode_i_the_phantom_menace,0,Episode I: The Phantom Menace,the_phantom_menace,1
3288425859.0,seen_episode_i_the_phantom_menace,1,Episode I: The Phantom Menace,the_phantom_menace,1
3288423088.0,seen_episode_i_the_phantom_menace,0,Episode I: The Phantom Menace,the_phantom_menace,1
3288423045.0,seen_episode_i_the_phantom_menace,0,Episode I: The Phantom Menace,the_phantom_menace,1
3288421819.0,seen_episode_i_the_phantom_menace,0,Episode I: The Phantom Menace,the_phantom_menace,1
3288420798.0,seen_episode_i_the_phantom_menace,1,Episode I: The Phantom Menace,the_phantom_menace,1
3288417782.0,seen_episode_i_the_phantom_menace,1,Episode I: The Phantom Menace,the_phantom_menace,1
3288417641.0,seen_episode_i_the_phantom_menace,1,Episode I: The Phantom Menace,the_phantom_menace,1
3288416959.0,seen_episode_i_the_phantom_menace,0,Episode I: The Phantom Menace,the_phantom_menace,1
3288415166.0,seen_episode_i_the_phantom_menace,1,Episode I: The Phantom Menace,the_phantom_menace,1
3288414025.0,seen_episode_i_the_phantom_menace,1,Episode I: The Phantom Menace,the_phantom_menace,1
3288413441.0,seen_episode_i_the_phantom_menace,1,Episode I: The Phantom Menace,the_phantom_menace,1
3288410348.0,seen_episode_i_the_phantom_menace,1,Episode I: The Phantom Menace,the_phantom_menace,1
3288410073.0,seen_episode_i_the_phantom_menace,0,Episode I: The Phantom Menace,the_phantom_menace,1
3288408698.0,seen_episode_i_the_phantom_menace,1,Episode I: The Phantom Menace,the_phantom_menace,1
3288402717.0,seen_episode_i_the_phantom_menace,0,Episode I: The Phantom Menace,the_phantom_menace,1
3288402643.0,seen_episode_i_the_phantom_menace,1,Episode I: The Phantom Menace,the_phantom_menace,1
3288402592.0,seen_episode_i_the_phantom_menace,0,Episode I: The Phantom Menace,the_phantom_menace,1
3288402511.0,seen_episode_i_the_phantom_menace,1,Episode I: The Phantom Menace,the_phantom_menace,1
3288401681.0,seen_episode_i_the_phantom_menace,1,Episode I: The Phantom Menace,the_phantom_menace,1
3288401136.0,seen_episode_i_the_phantom_menace,1,Episode I: The Phantom Menace,the_phantom_menace,1
3288398062.0,seen_episode_i_the_phantom_menace,1,Episode I: The Phantom Menace,the_phantom_menace,1
3288396374.0,seen_episode_i_the_phantom_menace,1,Episode I: The Phantom Menace,the_phantom_menace,1
3288395255.0,seen_episode_i_the_phantom_menace,0,Episode I: The Phantom Menace,the_phantom_menace,1
3288391812.0,seen_episode_i_the_phantom_menace,0,Episode I: The Phantom Menace,the_phantom_menace,1
3288389603.0,seen_episode_i_the_phantom_menace,1,Episode I: The Phantom Menace,the_phantom_menace,1
3288388730.0,seen_episode_i_the_phantom_menace,1,Episode I: The Phantom Menace,the_phantom_menace,1
3288378779.0,seen_episode_i_the_phantom_menace,1,Episode I: The Phantom Menace,the_phantom_menace,1
3288375286.0,seen_episode_i_the_phantom_menace,0,Episode I: The Phantom Menace,the_phantom_menace,1
3288373068.0,seen_episode_i_the_phantom_menace,1,Episode I: The Phantom Menace,the_phantom_menace,1
3288372923.0,seen_episode_i_the_phantom_menace,1,Episode I: The Phantom Menace,the_phantom_menace,1
3292879998.0,seen_episode_ii_attack_of_the_clones,1,Episode II: Attack of the Clones,attack_of_the_clones,2
3292879538.0,seen_episode_ii_attack_of_the_clones,0,Episode II: Attack of the Clones,attack_of_the_clones,2
3292765271.0,seen_episode_ii_attack_of_the_clones,1,Episode II: Attack of the Clones,attack_of_the_clones,2
3292763116.0,seen_episode_ii_attack_of_the_clones,1,Episode II: Attack of the Clones,attack_of_the_clones,2
3292731220.0,seen_episode_ii_attack_of_the_clones,1,Episode II: Attack of the Clones,attack_of_the_clones,2
3292719380.0,seen_episode_ii_attack_of_the_clones,1,Episode II: Attack of the Clones,attack_of_the_clones,2
3292684787.0,seen_episode_ii_attack_of_the_clones,1,Episode II: Attack of the Clones,attack_of_the_clones,2
3292663732.0,seen_episode_ii_attack_of_the_clones,1,Episode II: Attack of the Clones,attack_of_the_clones,2
3292654043.0,seen_episode_ii_attack_of_the_clones,1,Episode II: Attack of the Clones,attack_of_the_clones,2
3292640424.0,seen_episode_ii_attack_of_the_clones,1,Episode II: Attack of the Clones,attack_of_the_clones,2
3292637870.0,seen_episode_ii_attack_of_the_clones,0,Episode II: Attack of the Clones,attack_of_the_clones,2
3292635062.0,seen_episode_ii_attack_of_the_clones,0,Episode II: Attack of the Clones,attack_of_the_clones,2
3292609214.0,seen_episode_ii_attack_of_the_clones,1,Episode II: Attack of the Clones,attack_of_the_clones,2
3292596911.0,seen_episode_ii_attack_of_the_clones,1,Episode II: Attack of the Clones,attack_of_the_clones,2
3292587240.0,seen_episode_ii_attack_of_the_clones,1,Episode II: Attack of the Clones,attack_of_the_clones,2
3292583038.0,seen_episode_ii_attack_of_the_clones,1,Episode II: Attack of the Clones,attack_of_the_clones,2
3292580516.0,seen_episode_ii_attack_of_the_clones,0,Episode II: Attack of the Clones,attack_of_the_clones,2
3292572872.0,seen_episode_ii_attack_of_the_clones,1,Episode II: Attack of the Clones,attack_of_the_clones,2
3292565282.0,seen_episode_ii_attack_of_the_clones,1,Episode II: Attack of the Clones,attack_of_the_clones,2
3292562297.0,seen_episode_ii_attack_of_the_clones,1,Episode II: Attack of the Clones,attack_of_the_clones,2
3292522349.0,seen_episode_ii_attack_of_the_clones,1,Episode II: Attack of the Clones,attack_of_the_clones,2
3292521066.0,seen_episode_ii_attack_of_the_clones,1,Episode II: Attack of the Clones,attack_of_the_clones,2
3292511801.0,seen_episode_ii_attack_of_the_clones,1,Episode II: Attack of the Clones,attack_of_the_clones,2
3292483200.0,seen_episode_ii_attack_of_the_clones,1,Episode II: Attack of the Clones,attack_of_the_clones,2
3292465491.0,seen_episode_ii_attack_of_the_clones,1,Episode II: Attack of the Clones,attack_of_the_clones,2
3292447974.0,seen_episode_ii_attack_of_the_clones,0,Episode II: Attack of the Clones,attack_of_the_clones,2
3292420123.0,seen_episode_ii_attack_of_the_clones,1,Episode II: Attack of the Clones,attack_of_the_clones,2
3292384040.0,seen_episode_ii_attack_of_the_clones,1,Episode II: Attack of the Clones,attack_of_the_clones,2
3292380493.0,seen_episode_ii_attack_of_the_clones,1,Episode II: Attack of the Clones,attack_of_the_clones,2
3292376985.0,seen_episode_ii_attack_of_the_clones,1,Episode II: Attack of the Clones,attack_of_the_clones,2
3292366792.0,seen_episode_ii_attack_of_the_clones,1,Episode II: Attack of the Clones,attack_of_the_clones,2
3292339379.0,seen_episode_ii_attack_of_the_clones,1,Episode II: Attack of the Clones,attack_of_the_clones,2
3292330840.0,seen_episode_ii_attack_of_the_clones,1,Episode II: Attack of the Clones,attack_of_the_clones,2
3292318652.0,seen_episode_ii_attack_of_the_clones,1,Episode II: Attack of the Clones,attack_of_the_clones,2
3292297848.0,seen_episode_ii_attack_of_the_clones,0,Episode II: Attack of the Clones,attack_of_the_clones,2
3292290677.0,seen_episode_ii_attack_of_the_clones,1,Episode II: Attack of the Clones,attack_of_the_clones,2
3292281095.0,seen_episode_ii_attack_of_the_clones,1,Episode II: Attack of the Clones,attack_of_the_clones,2
3292279889.0,seen_episode_ii_attack_of_the_clones,1,Episode II: Attack of the Clones,attack_of_the_clones,2
3292264069.0,seen_episode_ii_attack_of_the_clones,1,Episode II: Attack of the Clones,attack_of_the_clones,2
3292257520.0,seen_episode_ii_attack_of_the_clones,1,Episode II: Attack of the Clones,attack_of_the_clones,2
3292249492.0,seen_episode_ii_attack_of_the_clones,1,Episode II: Attack of the Clones,attack_of_the_clones,2
3292222729.0,seen_episode_ii_attack_of_the_clones,1,Episode II: Attack of the Clones,attack_of_the_clones,2
3292221635.0,seen_episode_ii_attack_of_the_clones,1,Episode II: Attack of the Clones,attack_of_the_clones,2
3292218251.0,seen_episode_ii_attack_of_the_clones,1,Episode II: Attack of the Clones,attack_of_the_clones,2
3292214307.0,seen_episode_ii_attack_of_the_clones,1,Episode II: Attack of the Clones,attack_of_the_clones,2
3292210606.0,seen_episode_ii_attack_of_the_clones,1,Episode II: Attack of the Clones,attack_of_the_clones,2
3292202220.0,seen_episode_ii_attack_of_the_clones,0,Episode II: Attack of the Clones,attack_of_the_clones,2
3292189580.0,seen_episode_ii_attack_of_the_clones,1,Episode II: Attack of the Clones,attack_of_the_clones,2
3292187343.0,seen_episode_ii_attack_of_the_clones,1,Episode II: Attack of the Clones,attack_of_the_clones,2
3292186608.0,seen_episode_ii_attack_of_the_clones,0,Episode II: Attack of the Clones,attack_of_the_clones,2
3292178389.0,seen_episode_ii_attack_of_the_clones,0,Episode II: Attack of the Clones,attack_of_the_clones,2
3292176862.0,seen_episode_ii_attack_of_the_clones,1,Episode II: Attack of the Clones,attack_of_the_clones,2
3292173922.0,seen_episode_ii_attack_of_the_clones,1,Episode II: Attack of the Clones,attack_of_the_clones,2
3292167131.0,seen_episode_ii_attack_of_the_clones,1,Episode II: Attack of the Clones,attack_of_the_clones,2
3292162057.0,seen_episode_ii_attack_of_the_clones,1,Episode II: Attack of the Clones,attack_of_the_clones,2
3292161407.0,seen_episode_ii_attack_of_the_clones,0,Episode II: Attack of the Clones,attack_of_the_clones,2
3292156614.0,seen_episode_ii_attack_of_the_clones,1,Episode II: Attack of the Clones,attack_of_the_clones,2
3292148570.0,seen_episode_ii_attack_of_the_clones,1,Episode II: Attack of the Clones,attack_of_the_clones,2
3292144665.0,seen_episode_ii_attack_of_the_clones,1,Episode II: Attack of the Clones,attack_of_the_clones,2
3292143503.0,seen_episode_ii_attack_of_the_clones,1,Episode II: Attack of the Clones,attack_of_the_clones,2
3292131636.0,seen_episode_ii_attack_of_the_clones,1,Episode II: Attack of the Clones,attack_of_the_clones,2
3292125068.0,seen_episode_ii_attack_of_the_clones,0,Episode II: Attack of the Clones,attack_of_the_clones,2
3292120160.0,seen_episode_ii_attack_of_the_clones,1,Episode II: Attack of the Clones,attack_of_the_clones,2
3292103680.0,seen_episode_ii_attack_of_the_clones,1,Episode II: Attack of the Clones,attack_of_the_clones,2
3292050153.0,seen_episode_ii_attack_of_the_clones,1,Episode II: Attack of the Clones,attack_of_the_clones,2
3292041365.0,seen_episode_ii_attack_of_the_clones,1,Episode II: Attack of the Clones,attack_of_the_clones,2
3292033243.0,seen_episode_ii_attack_of_the_clones,1,Episode II: Attack of the Clones,attack_of_the_clones,2
3292031637.0,seen_episode_ii_attack_of_the_clones,1,Episode II: Attack of the Clones,attack_of_the_clones,2
3292008762.0,seen_episode_ii_attack_of_the_clones,1,Episode II: Attack of the Clones,attack_of_the_clones,2
3291992352.0,seen_episode_ii_attack_of_the_clones,1,Episode II: Attack of the Clones,attack_of_the_clones,2
3291945498.0,seen_episode_ii_attack_of_the_clones,1,Episode II: Attack of the Clones,attack_of_the_clones,2
3291940517.0,seen_episode_ii_attack_of_the_clones,1,Episode II: Attack of the Clones,attack_of_the_clones,2
3291871486.0,seen_episode_ii_attack_of_the_clones,1,Episode II: Attack of the Clones,attack_of_the_clones,2
3291778150.0,seen_episode_ii_attack_of_the_clones,1,Episode II: Attack of the Clones,attack_of_the_clones,2
3291766314.0,seen_episode_ii_attack_of_the_clones,1,Episode II: Attack of the Clones,attack_of_the_clones,2
3291762799.0,seen_episode_ii_attack_of_the_clones,1,Episode II: Attack of the Clones,attack_of_the_clones,2
3291707153.0,seen_episode_ii_attack_of_the_clones,0,Episode II: Attack of the Clones,attack_of_the_clones,2
3291701619.0,seen_episode_ii_attack_of_the_clones,1,Episode II: Attack of the Clones,attack_of_the_clones,2
3291696391.0,seen_episode_ii_attack_of_the_clones,1,Episode II: Attack of the Clones,attack_of_the_clones,2
3291684768.0,seen_episode_ii_attack_of_the_clones,1,Episode II: Attack of the Clones,attack_of_the_clones,2
3291669388.0,seen_episode_ii_attack_of_the_clones,0,Episode II: Attack of the Clones,attack_of_the_clones,2
3291661584.0,seen_episode_ii_attack_of_the_clones,0,Episode II: Attack of the Clones,attack_of_the_clones,2
3291658046.0,seen_episode_ii_attack_of_the_clones,1,Episode II: Attack of the Clones,attack_of_the_clones,2
3291654919.0,seen_episode_ii_attack_of_the_clones,1,Episode II: Attack of the Clones,attack_of_the_clones,2
3291653882.0,seen_episode_ii_attack_of_the_clones,0,Episode II: Attack of the Clones,attack_of_the_clones,2
3291650311.0,seen_episode_ii_attack_of_the_clones,1,Episode II: Attack of the Clones,attack_of_the_clones,2
3291649780.0,seen_episode_ii_attack_of_the_clones,0,Episode II: Attack of the Clones,attack_of_the_clones,2
3291648660.0,seen_episode_ii_attack_of_the_clones,0,Episode II: Attack of the Clones,attack_of_the_clones,2
3291641416.0,seen_episode_ii_attack_of_the_clones,1,Episode II: Attack of the Clones,attack_of_the_clones,2
3291635934.0,seen_episode_ii_attack_of_the_clones,0,Episode II: Attack of the Clones,attack_of_the_clones,2
3291634205.0,seen_episode_ii_attack_of_the_clones,1,Episode II: Attack of the Clones,attack_of_the_clones,2
3291618031.0,seen_episode_ii_attack_of_the_clones,0,Episode II: Attack of the Clones,attack_of_the_clones,2
3291603688.0,seen_episode_ii_attack_of_the_clones,0,Episode II: Attack of the Clones,attack_of_the_clones,2
3291602842.0,seen_episode_ii_attack_of_the_clones,1,Episode II: Attack of the Clones,attack_of_the_clones,2
3291598188.0,seen_episode_ii_attack_of_the_clones,0,Episode II: Attack of the Clones,attack_of_the_clones,2
3291588139.0,seen_episode_ii_attack_of_the_clones,1,Episode II: Attack of the Clones,attack_of_the_clones,2
3291570206.0,seen_episode_ii_attack_of_the_clones,0,Episode II: Attack of the Clones,attack_of_the_clones,2
3291548852.0,seen_episode_ii_attack_of_the_clones,1,Episode II: Attack of the Clones,attack_of_the_clones,2
3291529925.0,seen_episode_ii_attack_of_the_clones,1,Episode II: Attack of the Clones,attack_of_the_clones,2
3291524547.0,seen_episode_ii_attack_of_the_clones,1,Episode II: Attack of the Clones,attack_of_the_clones,2
3291502449.0,seen_episode_ii_attack_of_the_clones,1,Episode II: Attack of the Clones,attack_of_the_clones,2
3291497337.0,seen_episode_ii_attack_of_the_clones,1,Episode II: Attack of the Clones,attack_of_the_clones,2
3291482197.0,seen_episode_ii_attack_of_the_clones,1,Episode II: Attack of the Clones,attack_of_the_clones,2
3291476650.0,seen_episode_ii_attack_of_the_clones,0,Episode II: Attack of the Clones,attack_of_the_clones,2
3291470613.0,seen_episode_ii_attack_of_the_clones,0,Episode II: Attack of the Clones,attack_of_the_clones,2
3291469991.0,seen_episode_ii_attack_of_the_clones,0,Episode II: Attack of the Clones,attack_of_the_clones,2
3291468155.0,seen_episode_ii_attack_of_the_clones,0,Episode II: Attack of the Clones,attack_of_the_clones,2
3291461574.0,seen_episode_ii_attack_of_the_clones,0,Episode II: Attack of the Clones,attack_of_the_clones,2
3291455642.0,seen_episode_ii_attack_of_the_clones,0,Episode II: Attack of the Clones,attack_of_the_clones,2
3291446474.0,seen_episode_ii_attack_of_the_clones,0,Episode II: Attack of the Clones,attack_of_the_clones,2
3291446275.0,seen_episode_ii_attack_of_the_clones,1,Episode II: Attack of the Clones,attack_of_the_clones,2
3291439708.0,seen_episode_ii_attack_of_the_clones,1,Episode II: Attack of the Clones,attack_of_the_clones,2
3291439404.0,seen_episode_ii_attack_of_the_clones,0,Episode II: Attack of the Clones,attack_of_the_clones,2
3291437345.0,seen_episode_ii_attack_of_the_clones,1,Episode II: Attack of the Clones,attack_of_the_clones,2
3291435787.0,seen_episode_ii_attack_of_the_clones,0,Episode II: Attack of the Clones,attack_of_the_clones,2
3291435056.0,seen_episode_ii_attack_of_the_clones,0,Episode II: Attack of the Clones,attack_of_the_clones,2
3291433636.0,seen_episode_ii_attack_of_the_clones,1,Episode II: Attack of the Clones,attack_of_the_clones,2
3291431939.0,seen_episode_ii_attack_of_the_clones,1,Episode II: Attack of the Clones,attack_of_the_clones,2
3291430239.0,seen_episode_ii_attack_of_the_clones,0,Episode II: Attack of the Clones,attack_of_the_clones,2
3291430193.0,seen_episode_ii_attack_of_the_clones,0,Episode II: Attack of the Clones,attack_of_the_clones,2
3291428174.0,seen_episode_ii_attack_of_the_clones,0,Episode II: Attack of the Clones,attack_of_the_clones,2
3291427761.0,seen_episode_ii_attack_of_the_clones,0,Episode II: Attack of the Clones,attack_of_the_clones,2
3291425110.0,seen_episode_ii_attack_of_the_clones,1,Episode II: Attack of the Clones,attack_of_the_clones,2
3291424127.0,seen_episode_ii_attack_of_the_clones,1,Episode II: Attack of the Clones,attack_of_the_clones,2
3291424006.0,seen_episode_ii_attack_of_the_clones,0,Episode II: Attack of the Clones,attack_of_the_clones,2
3291422637.0,seen_episode_ii_attack_of_the_clones,0,Episode II: Attack of the Clones,attack_of_the_clones,2
3291421381.0,seen_episode_ii_attack_of_the_clones,0,Episode II: Attack of the Clones,attack_of_the_clones,2
3291420030.0,seen_episode_ii_attack_of_the_clones,0,Episode II: Attack of the Clones,attack_of_the_clones,2
3291410155.0,seen_episode_ii_attack_of_the_clones,0,Episode II: Attack of the Clones,attack_of_the_clones,2
3291405943.0,seen_episode_ii_attack_of_the_clones,0,Episode II: Attack of the Clones,attack_of_the_clones,2
3291402264.0,seen_episode_ii_attack_of_the_clones,0,Episode II: Attack of the Clones,attack_of_the_clones,2
3291401326.0,seen_episode_ii_attack_of_the_clones,1,Episode II: Attack of the Clones,attack_of_the_clones,2
3291395512.0,seen_episode_ii_attack_of_the_clones,1,Episode II: Attack of the Clones,attack_of_the_clones,2
3291394022.0,seen_episode_ii_attack_of_the_clones,0,Episode II: Attack of the Clones,attack_of_the_clones,2
3291391717.0,seen_episode_ii_attack_of_the_clones,0,Episode II: Attack of the Clones,attack_of_the_clones,2
3291391446.0,seen_episode_ii_attack_of_the_clones,0,Episode II: Attack of the Clones,attack_of_the_clones,2
3291391033.0,seen_episode_ii_attack_of_the_clones,0,Episode II: Attack of the Clones,attack_of_the_clones,2
3291390734.0,seen_episode_ii_attack_of_the_clones,0,Episode II: Attack of the Clones,attack_of_the_clones,2
3291388906.0,seen_episode_ii_attack_of_the_clones,0,Episode II: Attack of the Clones,attack_of_the_clones,2
3291388180.0,seen_episode_ii_attack_of_the_clones,0,Episode II: Attack of the Clones,attack_of_the_clones,2
3291380973.0,seen_episode_ii_attack_of_the_clones,0,Episode II: Attack of the Clones,attack_of_the_clones,2
3291378572.0,seen_episode_ii_attack_of_the_clones,1,Episode II: Attack of the Clones,attack_of_the_clones,2
3291375306.0,seen_episode_ii_attack_of_the_clones,0,Episode II: Attack of the Clones,attack_of_the_clones,2
3291364062.0,seen_episode_ii_attack_of_the_clones,1,Episode II: Attack of the Clones,attack_of_the_clones,2
3291345427.0,seen_episode_ii_attack_of_the_clones,1,Episode II: Attack of the Clones,attack_of_the_clones,2
3291341186.0,seen_episode_ii_attack_of_the_clones,0,Episode II: Attack of the Clones,attack_of_the_clones,2
3291330710.0,seen_episode_ii_attack_of_the_clones,1,Episode II: Attack of the Clones,attack_of_the_clones,2
3291327304.0,seen_episode_ii_attack_of_the_clones,0,Episode II: Attack of the Clones,attack_of_the_clones,2
3291320154.0,seen_episode_ii_attack_of_the_clones,1,Episode II: Attack of the Clones,attack_of_the_clones,2
3291312980.0,seen_episode_ii_attack_of_the_clones,0,Episode II: Attack of the Clones,attack_of_the_clones,2
3291290675.0,seen_episode_ii_attack_of_the_clones,0,Episode II: Attack of the Clones,attack_of_the_clones,2
3291288174.0,seen_episode_ii_attack_of_the_clones,0,Episode II: Attack of the Clones,attack_of_the_clones,2
3291271932.0,seen_episode_ii_attack_of_the_clones,0,Episode II: Attack of the Clones,attack_of_the_clones,2
3291267852.0,seen_episode_ii_attack_of_the_clones,0,Episode II: Attack of the Clones,attack_of_the_clones,2
3291262515.0,seen_episode_ii_attack_of_the_clones,1,Episode II: Attack of the Clones,attack_of_the_clones,2
3291233218.0,seen_episode_ii_attack_of_the_clones,1,Episode II: Attack of the Clones,attack_of_the_clones,2
3291206864.0,seen_episode_ii_attack_of_the_clones,1,Episode II: Attack of the Clones,attack_of_the_clones,2
3291203531.0,seen_episode_ii_attack_of_the_clones,0,Episode II: Attack of the Clones,attack_of_the_clones,2
3291184745.0,seen_episode_ii_attack_of_the_clones,1,Episode II: Attack of the Clones,attack_of_the_clones,2
3291181010.0,seen_episode_ii_attack_of_the_clones,1,Episode II: Attack of the Clones,attack_of_the_clones,2
3291159863.0,seen_episode_ii_attack_of_the_clones,0,Episode II: Attack of the Clones,attack_of_the_clones,2
3291145258.0,seen_episode_ii_attack_of_the_clones,0,Episode II: Attack of the Clones,attack_of_the_clones,2
3291141478.0,seen_episode_ii_attack_of_the_clones,1,Episode II: Attack of the Clones,attack_of_the_clones,2
3291139156.0,seen_episode_ii_attack_of_the_clones,0,Episode II: Attack of the Clones,attack_of_the_clones,2
3291121359.0,seen_episode_ii_attack_of_the_clones,0,Episode II: Attack of the Clones,attack_of_the_clones,2
3291119656.0,seen_episode_ii_attack_of_the_clones,1,Episode II: Attack of the Clones,attack_of_the_clones,2
3291101925.0,seen_episode_ii_attack_of_the_clones,1,Episode II: Attack of the Clones,attack_of_the_clones,2
3291094347.0,seen_episode_ii_attack_of_the_clones,1,Episode II: Attack of the Clones,attack_of_the_clones,2
3291092094.0,seen_episode_ii_attack_of_the_clones,0,Episode II: Attack of the Clones,attack_of_the_clones,2
3291077381.0,seen_episode_ii_attack_of_the_clones,1,Episode II: Attack of the Clones,attack_of_the_clones,2
3291075212.0,seen_episode_ii_attack_of_the_clones,1,Episode II: Attack of the Clones,attack_of_the_clones,2
3291064417.0,seen_episode_ii_attack_of_the_clones,0,Episode II: Attack of the Clones,attack_of_the_clones,2
3291063226.0,seen_episode_ii_attack_of_the_clones,1,Episode II: Attack of the Clones,attack_of_the_clones,2
3291060156.0,seen_episode_ii_attack_of_the_clones,0,Episode II: Attack of the Clones,attack_of_the_clones,2
3291056296.0,seen_episode_ii_attack_of_the_clones,1,Episode II: Attack of the Clones,attack_of_the_clones,2
3291052728.0,seen_episode_ii_attack_of_the_clones,1,Episode II: Attack of the Clones,attack_of_the_clones,2
3291051343.0,seen_episode_ii_attack_of_the_clones,1,Episode II: Attack of the Clones,attack_of_the_clones,2
3291045360.0,seen_episode_ii_attack_of_the_clones,1,Episode II: Attack of the Clones,attack_of_the_clones,2
3291043176.0,seen_episode_ii_attack_of_the_clones,1,Episode II: Attack of the Clones,attack_of_the_clones,2
3291042516.0,seen_episode_ii_attack_of_the_clones,1,Episode II: Attack of the Clones,attack_of_the_clones,2
3291037640.0,seen_episode_ii_attack_of_the_clones,0,Episode II: Attack of the Clones,attack_of_the_clones,2
3291034202.0,seen_episode_ii_attack_of_the_clones,1,Episode II: Attack of the Clones,attack_of_the_clones,2
3291033668.0,seen_episode_ii_attack_of_the_clones,0,Episode II: Attack of the Clones,attack_of_the_clones,2
3291032418.0,seen_episode_ii_attack_of_the_clones,0,Episode II: Attack of the Clones,attack_of_the_clones,2
3291029281.0,seen_episode_ii_attack_of_the_clones,0,Episode II: Attack of the Clones,attack_of_the_clones,2
3291028446.0,seen_episode_ii_attack_of_the_clones,1,Episode II: Attack of the Clones,attack_of_the_clones,2
3291024297.0,seen_episode_ii_attack_of_the_clones,1,Episode II: Attack of the Clones,attack_of_the_clones,2
3291023456.0,seen_episode_ii_attack_of_the_clones,1,Episode II: Attack of the Clones,attack_of_the_clones,2
3291022655.0,seen_episode_ii_attack_of_the_clones,1,Episode II: Attack of the Clones,attack_of_the_clones,2
3291022275.0,seen_episode_ii_attack_of_the_clones,0,Episode II: Attack of the Clones,attack_of_the_clones,2
3291022013.0,seen_episode_ii_attack_of_the_clones,0,Episode II: Attack of the Clones,attack_of_the_clones,2
3291019033.0,seen_episode_ii_attack_of_the_clones,1,Episode II: Attack of the Clones,attack_of_the_clones,2
3291018581.0,seen_episode_ii_attack_of_the_clones,0,Episode II: Attack of the Clones,attack_of_the_clones,2
3291015347.0,seen_episode_ii_attack_of_the_clones,0,Episode II: Attack of the Clones,attack_of_the_clones,2
3291014757.0,seen_episode_ii_attack_of_the_clones,1,Episode II: Attack of the Clones,attack_of_the_clones,2
3291009055.0,seen_episode_ii_attack_of_the_clones,0,Episode II: Attack of the Clones,attack_of_the_clones,2
3291007877.0,seen_episode_ii_attack_of_the_clones,1,Episode II: Attack of the Clones,attack_of_the_clones,2
3291006540.0,seen_episode_ii_attack_of_the_clones,0,Episode II: Attack of the Clones,attack_of_the_clones,2
3291002672.0,seen_episode_ii_attack_of_the_clones,0,Episode II: Attack of the Clones,attack_of_the_clones,2
3291001879.0,seen_episode_ii_attack_of_the_clones,0,Episode II: Attack of the Clones,attack_of_the_clones,2
3290999912.0,seen_episode_ii_attack_of_the_clones,0,Episode II: Attack of the Clones,attack_of_the_clones,2
3290998457.0,seen_episode_ii_attack_of_the_clones,0,Episode II: Attack of the Clones,attack_of_the_clones,2
3290996933.0,seen_episode_ii_attack_of_the_clones,1,Episode II: Attack of the Clones,attack_of_the_clones,2
3290994001.0,seen_episode_ii_attack_of_the_clones,1,Episode II: Attack of the Clones,attack_of_the_clones,2
3290992477.0,seen_episode_ii_attack_of_the_clones,1,Episode II: Attack of the Clones,attack_of_the_clones,2
3290992371.0,seen_episode_ii_attack_of_the_clones,0,Episode II: Attack of the Clones,attack_of_the_clones,2
3290987996.0,seen_episode_ii_attack_of_the_clones,1,Episode II: Attack of the Clones,attack_of_the_clones,2
3290984063.0,seen_episode_ii_attack_of_the_clones,0,Episode II: Attack of the Clones,attack_of_the_clones,2
3290980789.0,seen_episode_ii_attack_of_the_clones,0,Episode II: Attack of the Clones,attack_of_the_clones,2
3290977827.0,seen_episode_ii_attack_of_the_clones,1,Episode II: Attack of the Clones,attack_of_the_clones,2
3290976539.0,seen_episode_ii_attack_of_the_clones,0,Episode II: Attack of the Clones,attack_of_the_clones,2
3290975724.0,seen_episode_ii_attack_of_the_clones,1,Episode II: Attack of the Clones,attack_of_the_clones,2
3290973695.0,seen_episode_ii_attack_of_the_clones,1,Episode II: Attack of the Clones,attack_of_the_clones,2
3290973177.0,seen_episode_ii_attack_of_the_clones,0,Episode II: Attack of the Clones,attack_of_the_clones,2
3290973120.0,seen_episode_ii_attack_of_the_clones,0,Episode II: Attack of the Clones,attack_of_the_clones,2
3290972257.0,seen_episode_ii_attack_of_the_clones,1,Episode II: Attack of the Clones,attack_of_the_clones,2
3290971794.0,seen_episode_ii_attack_of_the_clones,1,Episode II: Attack of the Clones,attack_of_the_clones,2
3290971358.0,seen_episode_ii_attack_of_the_clones,1,Episode II: Attack of the Clones,attack_of_the_clones,2
3290965482.0,seen_episode_ii_attack_of_the_clones,0,Episode II: Attack of the Clones,attack_of_the_clones,2
3290961855.0,seen_episode_ii_attack_of_the_clones,0,Episode II: Attack of the Clones,attack_of_the_clones,2
3290961497.0,seen_episode_ii_attack_of_the_clones,1,Episode II: Attack of the Clones,attack_of_the_clones,2
3290953060.0,seen_episode_ii_attack_of_the_clones,0,Episode II: Attack of the Clones,attack_of_the_clones,2
3290949606.0,seen_episode_ii_attack_of_the_clones,0,Episode II: Attack of the Clones,attack_of_the_clones,2
3290948002.0,seen_episode_ii_attack_of_the_clones,0,Episode II: Attack of the Clones,attack_of_the_clones,2
3290947136.0,seen_episode_ii_attack_of_the_clones,1,Episode II: Attack of the Clones,attack_of_the_clones,2
3290947011.0,seen_episode_ii_attack_of_the_clones,1,Episode II: Attack of the Clones,attack_of_the_clones,2
3290946211.0,seen_episode_ii_attack_of_the_clones,0,Episode II: Attack of the Clones,attack_of_the_clones,2
3290944858.0,seen_episode_ii_attack_of_the_clones,1,Episode II: Attack of the Clones,attack_of_the_clones,2
3290944288.0,seen_episode_ii_attack_of_the_clones,1,Episode II: Attack of the Clones,attack_of_the_clones,2
3290941824.0,seen_episode_ii_attack_of_the_clones,1,Episode II: Attack of the Clones,attack_of_the_clones,2
3290939696.0,seen_episode_ii_attack_of_the_clones,0,Episode II: Attack of the Clones,attack_of_the_clones,2
3290934328.0,seen_episode_ii_attack_of_the_clones,0,Episode II: Attack of the Clones,attack_of_the_clones,2
3290929229.0,seen_episode_ii_attack_of_the_clones,1,Episode II: Attack of the Clones,attack_of_the_clones,2
3290927126.0,seen_episode_ii_attack_of_the_clones,0,Episode II: Attack of the Clones,attack_of_the_clones,2
3290926407.0,seen_episode_ii_attack_of_the_clones,0,Episode II: Attack of the Clones,attack_of_the_clones,2
3290922858.0,seen_episode_ii_attack_of_the_clones,1,Episode II: Attack of the Clones,attack_of_the_clones,2
3290920752.0,seen_episode_ii_attack_of_the_clones,0,Episode II: Attack of the Clones,attack_of_the_clones,2
3290919823.0,seen_episode_ii_attack_of_the_clones,1,Episode II: Attack of the Clones,attack_of_the_clones,2
3290919419.0,seen_episode_ii_attack_of_the_clones,1,Episode II: Attack of the Clones,attack_of_the_clones,2
3290917153.0,seen_episode_ii_attack_of_the_clones,1,Episode II: Attack of the Clones,attack_of_the_clones,2
3290917131.0,seen_episode_ii_attack_of_the_clones,1,Episode II: Attack of the Clones,attack_of_the_clones,2
3290916554.0,seen_episode_ii_attack_of_the_clones,1,Episode II: Attack of the Clones,attack_of_the_clones,2
3290915885.0,seen_episode_ii_attack_of_the_clones,1,Episode II: Attack of the Clones,attack_of_the_clones,2
3290912485.0,seen_episode_ii_attack_of_the_clones,0,Episode II: Attack of the Clones,attack_of_the_clones,2
3290912014.0,seen_episode_ii_attack_of_the_clones,0,Episode II: Attack of the Clones,attack_of_the_clones,2
3290910069.0,seen_episode_ii_attack_of_the_clones,1,Episode II: Attack of the Clones,attack_of_the_clones,2
3290906086.0,seen_episode_ii_attack_of_the_clones,1,Episode II: Attack of the Clones,attack_of_the_clones,2
3290906022.0,seen_episode_ii_attack_of_the_clones,0,Episode II: Attack of the Clones,attack_of_the_clones,2
3290903423.0,seen_episode_ii_attack_of_the_clones,0,Episode II: Attack of the Clones,attack_of_the_clones,2
3290902880.0,seen_episode_ii_attack_of_the_clones,1,Episode II: Attack of the Clones,attack_of_the_clones,2
3290901027.0,seen_episode_ii_attack_of_the_clones,1,Episode II: Attack of the Clones,attack_of_the_clones,2
3290896982.0,seen_episode_ii_attack_of_the_clones,0,Episode II: Attack of the Clones,attack_of_the_clones,2
3290893301.0,seen_episode_ii_attack_of_the_clones,0,Episode II: Attack of the Clones,attack_of_the_clones,2
3290889443.0,seen_episode_ii_attack_of_the_clones,1,Episode II: Attack of the Clones,attack_of_the_clones,2
3290888715.0,seen_episode_ii_attack_of_the_clones,0,Episode II: Attack of the Clones,attack_of_the_clones,2
3290888303.0,seen_episode_ii_attack_of_the_clones,0,Episode II: Attack of the Clones,attack_of_the_clones,2
3290888102.0,seen_episode_ii_attack_of_the_clones,1,Episode II: Attack of the Clones,attack_of_the_clones,2
3290888079.0,seen_episode_ii_attack_of_the_clones,1,Episode II: Attack of the Clones,attack_of_the_clones,2
3290884427.0,seen_episode_ii_attack_of_the_clones,1,Episode II: Attack of the Clones,attack_of_the_clones,2
3290881566.0,seen_episode_ii_attack_of_the_clones,1,Episode II: Attack of the Clones,attack_of_the_clones,2
3290879019.0,seen_episode_ii_attack_of_the_clones,1,Episode II: Attack of the Clones,attack_of_the_clones,2
3290878766.0,seen_episode_ii_attack_of_the_clones,1,Episode II: Attack of the Clones,attack_of_the_clones,2
3290874545.0,seen_episode_ii_attack_of_the_clones,0,Episode II: Attack of the Clones,attack_of_the_clones,2
3290873342.0,seen_episode_ii_attack_of_the_clones,1,Episode II: Attack of the Clones,attack_of_the_clones,2
3290871307.0,seen_episode_ii_attack_of_the_clones,1,Episode II: Attack of the Clones,attack_of_the_clones,2
3290869696.0,seen_episode_ii_attack_of_the_clones,0,Episode II: Attack of the Clones,attack_of_the_clones,2
3290863729.0,seen_episode_ii_attack_of_the_clones,1,Episode II: Attack of the Clones,attack_of_the_clones,2
3290863193.0,seen_episode_ii_attack_of_the_clones,1,Episode II: Attack of the Clones,attack_of_the_clones,2
3290862050.0,seen_episode_ii_attack_of_the_clones,0,Episode II: Attack of the Clones,attack_of_the_clones,2
3290860908.0,seen_episode_ii_attack_of_the_clones,1,Episode II: Attack of the Clones,attack_of_the_clones,2
3290860842.0,seen_episode_ii_attack_of_the_clones,1,Episode II: Attack of the Clones,attack_of_the_clones,2
3290860558.0,seen_episode_ii_attack_of_the_clones,1,Episode II: Attack of the Clones,attack_of_the_clones,2
3290858689.0,seen_episode_ii_attack_of_the_clones,0,Episode II: Attack of the Clones,attack_of_the_clones,2
3290858543.0,seen_episode_ii_attack_of_the_clones,1,Episode II: Attack of the Clones,attack_of_the_clones,2
3290855818.0,seen_episode_ii_attack_of_the_clones,1,Episode II: Attack of the Clones,attack_of_the_clones,2
3290854802.0,seen_episode_ii_attack_of_the_clones,1,Episode II: Attack of the Clones,attack_of_the_clones,2
3290853559.0,seen_episode_ii_attack_of_the_clones,1,Episode II: Attack of the Clones,attack_of_the_clones,2
3290853267.0,seen_episode_ii_attack_of_the_clones,0,Episode II: Attack of the Clones,attack_of_the_clones,2
3290852271.0,seen_episode_ii_attack_of_the_clones,0,Episode II: Attack of the Clones,attack_of_the_clones,2
3290848617.0,seen_episode_ii_attack_of_the_clones,1,Episode II: Attack of the Clones,attack_of_the_clones,2
3290846848.0,seen_episode_ii_attack_of_the_clones,1,Episode II: Attack of the Clones,attack_of_the_clones,2
3290846769.0,seen_episode_ii_attack_of_the_clones,0,Episode II: Attack of the Clones,attack_of_the_clones,2
3290846466.0,seen_episode_ii_attack_of_the_clones,1,Episode II: Attack of the Clones,attack_of_the_clones,2
3290845752.0,seen_episode_ii_attack_of_the_clones,0,Episode II: Attack of the Clones,attack_of_the_clones,2
3290845367.0,seen_episode_ii_attack_of_the_clones,1,Episode II: Attack of the Clones,attack_of_the_clones,2
3290845046.0,seen_episode_ii_attack_of_the_clones,1,Episode II: Attack of the Clones,attack_of_the_clones,2
3290844577.0,seen_episode_ii_attack_of_the_clones,0,Episode II: Attack of the Clones,attack_of_the_clones,2
3290841815.0,seen_episode_ii_attack_of_the_clones,0,Episode II: Attack of the Clones,attack_of_the_clones,2
3290840905.0,seen_episode_ii_attack_of_the_clones,0,Episode II: Attack of the Clones,attack_of_the_clones,2
3290836653.0,seen_episode_ii_attack_of_the_clones,0,Episode II: Attack of the Clones,attack_of_the_clones,2
3290834007.0,seen_episode_ii_attack_of_the_clones,0,Episode II: Attack of the Clones,attack_of_the_clones,2
3290829888.0,seen_episode_ii_attack_of_the_clones,0,Episode II: Attack of the Clones,attack_of_the_clones,2
3290828902.0,seen_episode_ii_attack_of_the_clones,0,Episode II: Attack of the Clones,attack_of_the_clones,2
3290824340.0,seen_episode_ii_attack_of_the_clones,0,Episode II: Attack of the Clones,attack_of_the_clones,2
3290821620.0,seen_episode_ii_attack_of_the_clones,0,Episode II: Attack of the Clones,attack_of_the_clones,2
3290819415.0,seen_episode_ii_attack_of_the_clones,1,Episode II: Attack of the Clones,attack_of_the_clones,2
3290815080.0,seen_episode_ii_attack_of_the_clones,0,Episode II: Attack of the Clones,attack_of_the_clones,2
3290812610.0,seen_episode_ii_attack_of_the_clones,0,Episode II: Attack of the Clones,attack_of_the_clones,2
3290810177.0,seen_episode_ii_attack_of_the_clones,0,Episode II: Attack of the Clones,attack_of_the_clones,2
3290810023.0,seen_episode_ii_attack_of_the_clones,1,Episode II: Attack of the Clones,attack_of_the_clones,2
3290807769.0,seen_episode_ii_attack_of_the_clones,0,Episode II: Attack of the Clones,attack_of_the_clones,2
3290806200.0,seen_episode_ii_attack_of_the_clones,1,Episode II: Attack of the Clones,attack_of_the_clones,2
3290805125.0,seen_episode_ii_attack_of_the_clones,1,Episode II: Attack of the Clones,attack_of_the_clones,2
3290804128.0,seen_episode_ii_attack_of_the_clones,0,Episode II: Attack of the Clones,attack_of_the_clones,2
3290804008.0,seen_episode_ii_attack_of_the_clones,1,Episode II: Attack of the Clones,attack_of_the_clones,2
3290799403.0,seen_episode_ii_attack_of_the_clones,0,Episode II: Attack of the Clones,attack_of_the_clones,2
3290798641.0,seen_episode_ii_attack_of_the_clones,0,Episode II: Attack of the Clones,attack_of_the_clones,2
3290798064.0,seen_episode_ii_attack_of_the_clones,1,Episode II: Attack of the Clones,attack_of_the_clones,2
3290796650.0,seen_episode_ii_attack_of_the_clones,1,Episode II: Attack of the Clones,attack_of_the_clones,2
3290792507.0,seen_episode_ii_attack_of_the_clones,1,Episode II: Attack of the Clones,attack_of_the_clones,2
3290787286.0,seen_episode_ii_attack_of_the_clones,1,Episode II: Attack of the Clones,attack_of_the_clones,2
3290785928.0,seen_episode_ii_attack_of_the_clones,1,Episode II: Attack of the Clones,attack_of_the_clones,2
3290782952.0,seen_episode_ii_attack_of_the_clones,0,Episode II: Attack of the Clones,attack_of_the_clones,2
3290781544.0,seen_episode_ii_attack_of_the_clones,1,Episode II: Attack of the Clones,attack_of_the_clones,2
3290781284.0,seen_episode_ii_attack_of_the_clones,0,Episode II: Attack of the Clones,attack_of_the_clones,2
3290781039.0,seen_episode_ii_attack_of_the_clones,1,Episode II: Attack of the Clones,attack_of_the_clones,2
3290779524.0,seen_episode_ii_attack_of_the_clones,0,Episode II: Attack of the Clones,attack_of_the_clones,2
3290779140.0,seen_episode_ii_attack_of_the_clones,0,Episode II: Attack of the Clones,attack_of_the_clones,2
3290778828.0,seen_episode_ii_attack_of_the_clones,0,Episode II: Attack of the Clones,attack_of_the_clones,2
3290777129.0,seen_episode_ii_attack_of_the_clones,0,Episode II: Attack of the Clones,attack_of_the_clones,2
3290773277.0,seen_episode_ii_attack_of_the_clones,1,Episode II: Attack of the Clones,attack_of_the_clones,2
3290769012.0,seen_episode_ii_attack_of_the_clones,0,Episode II: Attack of the Clones,attack_of_the_clones,2
3290767951.0,seen_episode_ii_attack_of_the_clones,0,Episode II: Attack of the Clones,attack_of_the_clones,2
3290767535.0,seen_episode_ii_attack_of_the_clones,0,Episode II: Attack of the Clones,attack_of_the_clones,2
3290765210.0,seen_episode_ii_attack_of_the_clones,0,Episode II: Attack of the Clones,attack_of_the_clones,2
3290762924.0,seen_episode_ii_attack_of_the_clones,0,Episode II: Attack of the Clones,attack_of_the_clones,2
3290761823.0,seen_episode_ii_attack_of_the_clones,0,Episode II: Attack of the Clones,attack_of_the_clones,2
3290760722.0,seen_episode_ii_attack_of_the_clones,0,Episode II: Attack of the Clones,attack_of_the_clones,2
3290759512.0,seen_episode_ii_attack_of_the_clones,0,Episode II: Attack of the Clones,attack_of_the_clones,2
3290758362.0,seen_episode_ii_attack_of_the_clones,1,Episode II: Attack of the Clones,attack_of_the_clones,2
3290757230.0,seen_episode_ii_attack_of_the_clones,0,Episode II: Attack of the Clones,attack_of_the_clones,2
3290756394.0,seen_episode_ii_attack_of_the_clones,1,Episode II: Attack of the Clones,attack_of_the_clones,2
3290755451.0,seen_episode_ii_attack_of_the_clones,1,Episode II: Attack of the Clones,attack_of_the_clones,2
3290753390.0,seen_episode_ii_attack_of_the_clones,1,Episode II: Attack of the Clones,attack_of_the_clones,2
3290749764.0,seen_episode_ii_attack_of_the_clones,1,Episode II: Attack of the Clones,attack_of_the_clones,2
3290749229.0,seen_episode_ii_attack_of_the_clones,0,Episode II: Attack of the Clones,attack_of_the_clones,2
3290746853.0,seen_episode_ii_attack_of_the_clones,0,Episode II: Attack of the Clones,attack_of_the_clones,2
3290744027.0,seen_episode_ii_attack_of_the_clones,0,Episode II: Attack of the Clones,attack_of_the_clones,2
3290741994.0,seen_episode_ii_attack_of_the_clones,1,Episode II: Attack of the Clones,attack_of_the_clones,2
3290741405.0,seen_episode_ii_attack_of_the_clones,1,Episode II: Attack of the Clones,attack_of_the_clones,2
3290740448.0,seen_episode_ii_attack_of_the_clones,1,Episode II: Attack of the Clones,attack_of_the_clones,2
3290739967.0,seen_episode_ii_attack_of_the_clones,1,Episode II: Attack of the Clones,attack_of_the_clones,2
3290739235.0,seen_episode_ii_attack_of_the_clones,0,Episode II: Attack of the Clones,attack_of_the_clones,2
3290738262.0,seen_episode_ii_attack_of_the_clones,0,Episode II: Attack of the Clones,attack_of_the_clones,2
3290737104.0,seen_episode_ii_attack_of_the_clones,0,Episode II: Attack of the Clones,attack_of_the_clones,2
3290736072.0,seen_episode_ii_attack_of_the_clones,1,Episode II: Attack of the Clones,attack_of_the_clones,2
3290734874.0,seen_episode_ii_attack_of_the_clones,1,Episode II: Attack of the Clones,attack_of_the_clones,2
3290733932.0,seen_episode_ii_attack_of_the_clones,0,Episode II: Attack of the Clones,attack_of_the_clones,2
3290733316.0,seen_episode_ii_attack_of_the_clones,1,Episode II: Attack of the Clones,attack_of_the_clones,2
3290732383.0,seen_episode_ii_attack_of_the_clones,1,Episode II: Attack of the Clones,attack_of_the_clones,2
3290727763.0,seen_episode_ii_attack_of_the_clones,1,Episode II: Attack of the Clones,attack_of_the_clones,2
3290726075.0,seen_episode_ii_attack_of_the_clones,1,Episode II: Attack of the Clones,attack_of_the_clones,2
3290719847.0,seen_episode_ii_attack_of_the_clones,0,Episode II: Attack of the Clones,attack_of_the_clones,2
3290718359.0,seen_episode_ii_attack_of_the_clones,0,Episode II: Attack of the Clones,attack_of_the_clones,2
3290717899.0,seen_episode_ii_attack_of_the_clones,1,Episode II: Attack of the Clones,attack_of_the_clones,2
3290717372.0,seen_episode_ii_attack_of_the_clones,0,Episode II: Attack of the Clones,attack_of_the_clones,2
3290714941.0,seen_episode_ii_attack_of_the_clones,1,Episode II: Attack of the Clones,attack_of_the_clones,2
3290714484.0,seen_episode_ii_attack_of_the_clones,1,Episode II: Attack of the Clones,attack_of_the_clones,2
3290714430.0,seen_episode_ii_attack_of_the_clones,0,Episode II: Attack of the Clones,attack_of_the_clones,2
3290714378.0,seen_episode_ii_attack_of_the_clones,1,Episode II: Attack of the Clones,attack_of_the_clones,2
3290712204.0,seen_episode_ii_attack_of_the_clones,0,Episode II: Attack of the Clones,attack_of_the_clones,2
3290711898.0,seen_episode_ii_attack_of_the_clones,0,Episode II: Attack of the Clones,attack_of_the_clones,2
3290711882.0,seen_episode_ii_attack_of_the_clones,1,Episode II: Attack of the Clones,attack_of_the_clones,2
3290711757.0,seen_episode_ii_attack_of_the_clones,0,Episode II: Attack of the Clones,attack_of_the_clones,2
3290711487.0,seen_episode_ii_attack_of_the_clones,0,Episode II: Attack of the Clones,attack_of_the_clones,2
3290711262.0,seen_episode_ii_attack_of_the_clones,1,Episode II: Attack of the Clones,attack_of_the_clones,2
3290708664.0,seen_episode_ii_attack_of_the_clones,0,Episode II: Attack of the Clones,attack_of_the_clones,2
3290707402.0,seen_episode_ii_attack_of_the_clones,0,Episode II: Attack of the Clones,attack_of_the_clones,2
3290706716.0,seen_episode_ii_attack_of_the_clones,0,Episode II: Attack of the Clones,attack_of_the_clones,2
3290706611.0,seen_episode_ii_attack_of_the_clones,0,Episode II: Attack of the Clones,attack_of_the_clones,2
3290703210.0,seen_episode_ii_attack_of_the_clones,1,Episode II: Attack of the Clones,attack_of_the_clones,2
3290701442.0,seen_episode_ii_attack_of_the_clones,0,Episode II: Attack of the Clones,attack_of_the_clones,2
3290700285.0,seen_episode_ii_attack_of_the_clones,1,Episode II: Attack of the Clones,attack_of_the_clones,2
3290700214.0,seen_episode_ii_attack_of_the_clones,0,Episode II: Attack of the Clones,attack_of_the_clones,2
3290700030.0,seen_episode_ii_attack_of_the_clones,0,Episode II: Attack of the Clones,attack_of_the_clones,2
3290699410.0,seen_episode_ii_attack_of_the_clones,1,Episode II: Attack of the Clones,attack_of_the_clones,2
3290695784.0,seen_episode_ii_attack_of_the_clones,1,Episode II: Attack of the Clones,attack_of_the_clones,2
3290695316.0,seen_episode_ii_attack_of_the_clones,0,Episode II: Attack of the Clones,attack_of_the_clones,2
3290694269.0,seen_episode_ii_attack_of_the_clones,0,Episode II: Attack of the Clones,attack_of_the_clones,2
3290693095.0,seen_episode_ii_attack_of_the_clones,0,Episode II: Attack of the Clones,attack_of_the_clones,2
3290692020.0,seen_episode_ii_attack_of_the_clones,0,Episode II: Attack of the Clones,attack_of_the_clones,2
3290691758.0,seen_episode_ii_attack_of_the_clones,1,Episode II: Attack of the Clones,attack_of_the_clones,2
3290689343.0,seen_episode_ii_attack_of_the_clones,0,Episode II: Attack of the Clones,attack_of_the_clones,2
3290687981.0,seen_episode_ii_attack_of_the_clones,1,Episode II: Attack of the Clones,attack_of_the_clones,2
3290687830.0,seen_episode_ii_attack_of_the_clones,1,Episode II: Attack of the Clones,attack_of_the_clones,2
3290686887.0,seen_episode_ii_attack_of_the_clones,0,Episode II: Attack of the Clones,attack_of_the_clones,2
3290686362.0,seen_episode_ii_attack_of_the_clones,0,Episode II: Attack of the Clones,attack_of_the_clones,2
3290685885.0,seen_episode_ii_attack_of_the_clones,0,Episode II: Attack of the Clones,attack_of_the_clones,2
3290684868.0,seen_episode_ii_attack_of_the_clones,1,Episode II: Attack of the Clones,attack_of_the_clones,2
3290684287.0,seen_episode_ii_attack_of_the_clones,1,Episode II: Attack of the Clones,attack_of_the_clones,2
3290681574.0,seen_episode_ii_attack_of_the_clones,0,Episode II: Attack of the Clones,attack_of_the_clones,2
3290678952.0,seen_episode_ii_attack_of_the_clones,0,Episode II: Attack of the Clones,attack_of_the_clones,2
3290678515.0,seen_episode_ii_attack_of_the_clones,1,Episode II: Attack of the Clones,attack_of_the_clones,2
3290676695.0,seen_episode_ii_attack_of_the_clones,0,Episode II: Attack of the Clones,attack_of_the_clones,2
3290674534.0,seen_episode_ii_attack_of_the_clones,0,Episode II: Attack of the Clones,attack_of_the_clones,2
3290667297.0,seen_episode_ii_attack_of_the_clones,0,Episode II: Attack of the Clones,attack_of_the_clones,2
3290664543.0,seen_episode_ii_attack_of_the_clones,0,Episode II: Attack of the Clones,attack_of_the_clones,2
3290664463.0,seen_episode_ii_attack_of_the_clones,0,Episode II: Attack of the Clones,attack_of_the_clones,2
3290664069.0,seen_episode_ii_attack_of_the_clones,0,Episode II: Attack of the Clones,attack_of_the_clones,2
3290662118.0,seen_episode_ii_attack_of_the_clones,1,Episode II: Attack of the Clones,attack_of_the_clones,2
3290661650.0,seen_episode_ii_attack_of_the_clones,1,Episode II: Attack of the Clones,attack_of_the_clones,2
3290661587.0,seen_episode_ii_attack_of_the_clones,0,Episode II: Attack of the Clones,attack_of_the_clones,2
3290661135.0,seen_episode_ii_attack_of_the_clones,1,Episode II: Attack of the Clones,attack_of_the_clones,2
3290659818.0,seen_episode_ii_attack_of_the_clones,1,Episode II: Attack of the Clones,attack_of_the_clones,2
3290659314.0,seen_episode_ii_attack_of_the_clones,0,Episode II: Attack of the Clones,attack_of_the_clones,2
3290655784.0,seen_episode_ii_attack_of_the_clones,0,Episode II: Attack of the Clones,attack_of_the_clones,2
3290654597.0,seen_episode_ii_attack_of_the_clones,1,Episode II: Attack of the Clones,attack_of_the_clones,2
3290652558.0,seen_episode_ii_attack_of_the_clones,0,Episode II: Attack of the Clones,attack_of_the_clones,2
3290651085.0,seen_episode_ii_attack_of_the_clones,0,Episode II: Attack of the Clones,attack_of_the_clones,2
3290650590.0,seen_episode_ii_attack_of_the_clones,1,Episode II: Attack of the Clones,attack_of_the_clones,2
3290644326.0,seen_episode_ii_attack_of_the_clones,0,Episode II: Attack of the Clones,attack_of_the_clones,2
3290640323.0,seen_episode_ii_attack_of_the_clones,0,Episode II: Attack of the Clones,attack_of_the_clones,2
3290638529.0,seen_episode_ii_attack_of_the_clones,1,Episode II: Attack of the Clones,attack_of_the_clones,2
3290634681.0,seen_episode_ii_attack_of_the_clones,0,Episode II: Attack of the Clones,attack_of_the_clones,2
3290631608.0,seen_episode_ii_attack_of_the_clones,1,Episode II: Attack of the Clones,attack_of_the_clones,2
3290630470.0,seen_episode_ii_attack_of_the_clones,0,Episode II: Attack of the Clones,attack_of_the_clones,2
3290630282.0,seen_episode_ii_attack_of_the_clones,1,Episode II: Attack of the Clones,attack_of_the_clones,2
3290628419.0,seen_episode_ii_attack_of_the_clones,0,Episode II: Attack of the Clones,attack_of_the_clones,2
3290627850.0,seen_episode_ii_attack_of_the_clones,1,Episode II: Attack of the Clones,attack_of_the_clones,2
3290627681.0,seen_episode_ii_attack_of_the_clones,1,Episode II: Attack of the Clones,attack_of_the_clones,2
3290626609.0,seen_episode_ii_attack_of_the_clones,0,Episode II: Attack of the Clones,attack_of_the_clones,2
3290625814.0,seen_episode_ii_attack_of_the_clones,0,Episode II: Attack of the Clones,attack_of_the_clones,2
3290624447.0,seen_episode_ii_attack_of_the_clones,1,Episode II: Attack of the Clones,attack_of_the_clones,2
3290620991.0,seen_episode_ii_attack_of_the_clones,1,Episode II: Attack of the Clones,attack_of_the_clones,2
3290617461.0,seen_episode_ii_attack_of_the_clones,1,Episode II: Attack of the Clones,attack_of_the_clones,2
3290611875.0,seen_episode_ii_attack_of_the_clones,1,Episode II: Attack of the Clones,attack_of_the_clones,2
3290611716.0,seen_episode_ii_attack_of_the_clones,0,Episode II: Attack of the Clones,attack_of_the_clones,2
3290602490.0,seen_episode_ii_attack_of_the_clones,0,Episode II: Attack of the Clones,attack_of_the_clones,2
3290601892.0,seen_episode_ii_attack_of_the_clones,1,Episode II: Attack of the Clones,attack_of_the_clones,2
3290601518.0,seen_episode_ii_attack_of_the_clones,0,Episode II: Attack of the Clones,attack_of_the_clones,2
3290600680.0,seen_episode_ii_attack_of_the_clones,0,Episode II: Attack of the Clones,attack_of_the_clones,2
3290600559.0,seen_episode_ii_attack_of_the_clones,0,Episode II: Attack of the Clones,attack_of_the_clones,2
3290600057.0,seen_episode_ii_attack_of_the_clones,0,Episode II: Attack of the Clones,attack_of_the_clones,2
3290598307.0,seen_episode_ii_attack_of_the_clones,1,Episode II: Attack of the Clones,attack_of_the_clones,2
3290597099.0,seen_episode_ii_attack_of_the_clones,1,Episode II: Attack of the Clones,attack_of_the_clones,2
3290593953.0,seen_episode_ii_attack_of_the_clones,1,Episode II: Attack of the Clones,attack_of_the_clones,2
3290582716.0,seen_episode_ii_attack_of_the_clones,0,Episode II: Attack of the Clones,attack_of_the_clones,2
3290572568.0,seen_episode_ii_attack_of_the_clones,0,Episode II: Attack of the Clones,attack_of_the_clones,2
3290572073.0,seen_episode_ii_attack_of_the_clones,1,Episode II: Attack of the Clones,attack_of_the_clones,2
3290569001.0,seen_episode_ii_attack_of_the_clones,0,Episode II: Attack of the Clones,attack_of_the_clones,2
3290568339.0,seen_episode_ii_attack_of_the_clones,1,Episode II: Attack of the Clones,attack_of_the_clones,2
3290565779.0,seen_episode_ii_attack_of_the_clones,0,Episode II: Attack of the Clones,attack_of_the_clones,2
3290565768.0,seen_episode_ii_attack_of_the_clones,1,Episode II: Attack of the Clones,attack_of_the_clones,2
3290565487.0,seen_episode_ii_attack_of_the_clones,0,Episode II: Attack of the Clones,attack_of_the_clones,2
3290561583.0,seen_episode_ii_attack_of_the_clones,1,Episode II: Attack of the Clones,attack_of_the_clones,2
3290561192.0,seen_episode_ii_attack_of_the_clones,1,Episode II: Attack of the Clones,attack_of_the_clones,2
3290555153.0,seen_episode_ii_attack_of_the_clones,0,Episode II: Attack of the Clones,attack_of_the_clones,2
3290553558.0,seen_episode_ii_attack_of_the_clones,0,Episode II: Attack of the Clones,attack_of_the_clones,2
3290552963.0,seen_episode_ii_attack_of_the_clones,1,Episode II: Attack of the Clones,attack_of_the_clones,2
3290551809.0,seen_episode_ii_attack_of_the_clones,0,Episode II: Attack of the Clones,attack_of_the_clones,2
3290547819.0,seen_episode_ii_attack_of_the_clones,0,Episode II: Attack of the Clones,attack_of_the_clones,2
3290544886.0,seen_episode_ii_attack_of_the_clones,0,Episode II: Attack of the Clones,attack_of_the_clones,2
3290544865.0,seen_episode_ii_attack_of_the_clones,1,Episode II: Attack of the Clones,attack_of_the_clones,2
3290544012.0,seen_episode_ii_attack_of_the_clones,0,Episode II: Attack of the Clones,attack_of_the_clones,2
3290539653.0,seen_episode_ii_attack_of_the_clones,1,Episode II: Attack of the Clones,attack_of_the_clones,2
3290538433.0,seen_episode_ii_attack_of_the_clones,0,Episode II: Attack of the Clones,attack_of_the_clones,2
3290536294.0,seen_episode_ii_attack_of_the_clones,0,Episode II: Attack of the Clones,attack_of_the_clones,2
3290532429.0,seen_episode_ii_attack_of_the_clones,1,Episode II: Attack of the Clones,attack_of_the_clones,2
3290531735.0,seen_episode_ii_attack_of_the_clones,0,Episode II: Attack of the Clones,attack_of_the_clones,2
3290526356.0,seen_episode_ii_attack_of_the_clones,0,Episode II: Attack of the Clones,attack_of_the_clones,2
3290525782.0,seen_episode_ii_attack_of_the_clones,0,Episode II: Attack of the Clones,attack_of_the_clones,2
3290524413.0,seen_episode_ii_attack_of_the_clones,0,Episode II: Attack of the Clones,attack_of_the_clones,2
3290519884.0,seen_episode_ii_attack_of_the_clones,0,Episode II: Attack of the Clones,attack_of_the_clones,2
3290515688.0,seen_episode_ii_attack_of_the_clones,1,Episode II: Attack of the Clones,attack_of_the_clones,2
3290511533.0,seen_episode_ii_attack_of_the_clones,1,Episode II: Attack of the Clones,attack_of_the_clones,2
3290506830.0,seen_episode_ii_attack_of_the_clones,1,Episode II: Attack of the Clones,attack_of_the_clones,2
3290506333.0,seen_episode_ii_attack_of_the_clones,0,Episode II: Attack of the Clones,attack_of_the_clones,2
3290505081.0,seen_episode_ii_attack_of_the_clones,1,Episode II: Attack of the Clones,attack_of_the_clones,2
3290500457.0,seen_episode_ii_attack_of_the_clones,1,Episode II: Attack of the Clones,attack_of_the_clones,2
3290499954.0,seen_episode_ii_attack_of_the_clones,1,Episode II: Attack of the Clones,attack_of_the_clones,2
3290499953.0,seen_episode_ii_attack_of_the_clones,0,Episode II: Attack of the Clones,attack_of_the_clones,2
3290496822.0,seen_episode_ii_attack_of_the_clones,1,Episode II: Attack of the Clones,attack_of_the_clones,2
3290491807.0,seen_episode_ii_attack_of_the_clones,1,Episode II: Attack of the Clones,attack_of_the_clones,2
3290477551.0,seen_episode_ii_attack_of_the_clones,1,Episode II: Attack of the Clones,attack_of_the_clones,2
3290475079.0,seen_episode_ii_attack_of_the_clones,0,Episode II: Attack of the Clones,attack_of_the_clones,2
3290474953.0,seen_episode_ii_attack_of_the_clones,1,Episode II: Attack of the Clones,attack_of_the_clones,2
3290471553.0,seen_episode_ii_attack_of_the_clones,1,Episode II: Attack of the Clones,attack_of_the_clones,2
3290467062.0,seen_episode_ii_attack_of_the_clones,1,Episode II: Attack of the Clones,attack_of_the_clones,2
3290467000.0,seen_episode_ii_attack_of_the_clones,0,Episode II: Attack of the Clones,attack_of_the_clones,2
3290464481.0,seen_episode_ii_attack_of_the_clones,0,Episode II: Attack of the Clones,attack_of_the_clones,2
3290463350.0,seen_episode_ii_attack_of_the_clones,0,Episode II: Attack of the Clones,attack_of_the_clones,2
3290461599.0,seen_episode_ii_attack_of_the_clones,1,Episode II: Attack of the Clones,attack_of_the_clones,2
3290461455.0,seen_episode_ii_attack_of_the_clones,0,Episode II: Attack of the Clones,attack_of_the_clones,2
3290448644.0,seen_episode_ii_attack_of_the_clones,0,Episode II: Attack of the Clones,attack_of_the_clones,2
3290444421.0,seen_episode_ii_attack_of_the_clones,1,Episode II: Attack of the Clones,attack_of_the_clones,2
3290439063.0,seen_episode_ii_attack_of_the_clones,1,Episode II: Attack of the Clones,attack_of_the_clones,2
3290437717.0,seen_episode_ii_attack_of_the_clones,0,Episode II: Attack of the Clones,attack_of_the_clones,2
3290432874.0,seen_episode_ii_attack_of_the_clones,0,Episode II: Attack of the Clones,attack_of_the_clones,2
3290432121.0,seen_episode_ii_attack_of_the_clones,0,Episode II: Attack of the Clones,attack_of_the_clones,2
3290428766.0,seen_episode_ii_attack_of_the_clones,1,Episode II: Attack of the Clones,attack_of_the_clones,2
3290427764.0,seen_episode_ii_attack_of_the_clones,1,Episode II: Attack of the Clones,attack_of_the_clones,2
3290426384.0,seen_episode_ii_attack_of_the_clones,1,Episode II: Attack of the Clones,attack_of_the_clones,2
3290426289.0,seen_episode_ii_attack_of_the_clones,0,Episode II: Attack of the Clones,attack_of_the_clones,2
3290423155.0,seen_episode_ii_attack_of_the_clones,1,Episode II: Attack of the Clones,attack_of_the_clones,2
3290421738.0,seen_episode_ii_attack_of_the_clones,1,Episode II: Attack of the Clones,attack_of_the_clones,2
3290417966.0,seen_episode_ii_attack_of_the_clones,0,Episode II: Attack of the Clones,attack_of_the_clones,2
3290412412.0,seen_episode_ii_attack_of_the_clones,0,Episode II: Attack of the Clones,attack_of_the_clones,2
3290411058.0,seen_episode_ii_attack_of_the_clones,0,Episode II: Attack of the Clones,attack_of_the_clones,2
3290409431.0,seen_episode_ii_attack_of_the_clones,0,Episode II: Attack of the Clones,attack_of_the_clones,2
3290409075.0,seen_episode_ii_attack_of_the_clones,0,Episode II: Attack of the Clones,attack_of_the_clones,2
3290407409.0,seen_episode_ii_attack_of_the_clones,0,Episode II: Attack of the Clones,attack_of_the_clones,2
3290401956.0,seen_episode_ii_attack_of_the_clones,1,Episode II: Attack of the Clones,attack_of_the_clones,2
3290398978.0,seen_episode_ii_attack_of_the_clones,0,Episode II: Attack of the Clones,attack_of_the_clones,2
3290394872.0,seen_episode_ii_attack_of_the_clones,1,Episode II: Attack of the Clones,attack_of_the_clones,2
3290392454.0,seen_episode_ii_attack_of_the_clones,1,Episode II: Attack of the Clones,attack_of_the_clones,2
3290392264.0,seen_episode_ii_attack_of_the_clones,1,Episode II: Attack of the Clones,attack_of_the_clones,2
3290391985.0,seen_episode_ii_attack_of_the_clones,0,Episode II: Attack of the Clones,attack_of_the_clones,2
3290386524.0,seen_episode_ii_attack_of_the_clones,1,Episode II: Attack of the Clones,attack_of_the_clones,2
3290380140.0,seen_episode_ii_attack_of_the_clones,0,Episode II: Attack of the Clones,attack_of_the_clones,2
3290374523.0,seen_episode_ii_attack_of_the_clones,1,Episode II: Attack of the Clones,attack_of_the_clones,2
3290371734.0,seen_episode_ii_attack_of_the_clones,0,Episode II: Attack of the Clones,attack_of_the_clones,2
3290371532.0,seen_episode_ii_attack_of_the_clones,0,Episode II: Attack of the Clones,attack_of_the_clones,2
3290371101.0,seen_episode_ii_attack_of_the_clones,0,Episode II: Attack of the Clones,attack_of_the_clones,2
3290365225.0,seen_episode_ii_attack_of_the_clones,1,Episode II: Attack of the Clones,attack_of_the_clones,2
3290364952.0,seen_episode_ii_attack_of_the_clones,1,Episode II: Attack of the Clones,attack_of_the_clones,2
3290359700.0,seen_episode_ii_attack_of_the_clones,0,Episode II: Attack of the Clones,attack_of_the_clones,2
3290358751.0,seen_episode_ii_attack_of_the_clones,0,Episode II: Attack of the Clones,attack_of_the_clones,2
3290350512.0,seen_episode_ii_attack_of_the_clones,1,Episode II: Attack of the Clones,attack_of_the_clones,2
3290347473.0,seen_episode_ii_attack_of_the_clones,1,Episode II: Attack of the Clones,attack_of_the_clones,2
3290344571.0,seen_episode_ii_attack_of_the_clones,1,Episode II: Attack of the Clones,attack_of_the_clones,2
3290343366.0,seen_episode_ii_attack_of_the_clones,1,Episode II: Attack of the Clones,attack_of_the_clones,2
3290342169.0,seen_episode_ii_attack_of_the_clones,0,Episode II: Attack of the Clones,attack_of_the_clones,2
3290342102.0,seen_episode_ii_attack_of_the_clones,0,Episode II: Attack of the Clones,attack_of_the_clones,2
3290340804.0,seen_episode_ii_attack_of_the_clones,0,Episode II: Attack of the Clones,attack_of_the_clones,2
3290337251.0,seen_episode_ii_attack_of_the_clones,1,Episode II: Attack of the Clones,attack_of_the_clones,2
3290335343.0,seen_episode_ii_attack_of_the_clones,0,Episode II: Attack of the Clones,attack_of_the_clones,2
3290329580.0,seen_episode_ii_attack_of_the_clones,0,Episode II: Attack of the Clones,attack_of_the_clones,2
3290328309.0,seen_episode_ii_attack_of_the_clones,0,Episode II: Attack of the Clones,attack_of_the_clones,2
3290325811.0,seen_episode_ii_attack_of_the_clones,1,Episode II: Attack of the Clones,attack_of_the_clones,2
3290324518.0,seen_episode_ii_attack_of_the_clones,0,Episode II: Attack of the Clones,attack_of_the_clones,2
3290320007.0,seen_episode_ii_attack_of_the_clones,1,Episode II: Attack of the Clones,attack_of_the_clones,2
3290318577.0,seen_episode_ii_attack_of_the_clones,1,Episode II: Attack of the Clones,attack_of_the_clones,2
3290317691.0,seen_episode_ii_attack_of_the_clones,1,Episode II: Attack of the Clones,attack_of_the_clones,2
3290316632.0,seen_episode_ii_attack_of_the_clones,1,Episode II: Attack of the Clones,attack_of_the_clones,2
3290316375.0,seen_episode_ii_attack_of_the_clones,1,Episode II: Attack of the Clones,attack_of_the_clones,2
3290315336.0,seen_episode_ii_attack_of_the_clones,1,Episode II: Attack of the Clones,attack_of_the_clones,2
3290310304.0,seen_episode_ii_attack_of_the_clones,0,Episode II: Attack of the Clones,attack_of_the_clones,2
3290309722.0,seen_episode_ii_attack_of_the_clones,0,Episode II: Attack of the Clones,attack_of_the_clones,2
3290309711.0,seen_episode_ii_attack_of_the_clones,1,Episode II: Attack of the Clones,attack_of_the_clones,2
3290304610.0,seen_episode_ii_attack_of_the_clones,0,Episode II: Attack of the Clones,attack_of_the_clones,2
3290297761.0,seen_episode_ii_attack_of_the_clones,0,Episode II: Attack of the Clones,attack_of_the_clones,2
3290296317.0,seen_episode_ii_attack_of_the_clones,0,Episode II: Attack of the Clones,attack_of_the_clones,2
3290295809.0,seen_episode_ii_attack_of_the_clones,0,Episode II: Attack of the Clones,attack_of_the_clones,2
3290294922.0,seen_episode_ii_attack_of_the_clones,0,Episode II: Attack of the Clones,attack_of_the_clones,2
3290294142.0,seen_episode_ii_attack_of_the_clones,0,Episode II: Attack of the Clones,attack_of_the_clones,2
3290292697.0,seen_episode_ii_attack_of_the_clones,1,Episode II: Attack of the Clones,attack_of_the_clones,2
3290289176.0,seen_episode_ii_attack_of_the_clones,0,Episode II: Attack of the Clones,attack_of_the_clones,2
3290287101.0,seen_episode_ii_attack_of_the_clones,0,Episode II: Attack of the Clones,attack_of_the_clones,2
3290283817.0,seen_episode_ii_attack_of_the_clones,1,Episode II: Attack of the Clones,attack_of_the_clones,2
3290283139.0,seen_episode_ii_attack_of_the_clones,1,Episode II: Attack of the Clones,attack_of_the_clones,2
3290280642.0,seen_episode_ii_attack_of_the_clones,0,Episode II: Attack of the Clones,attack_of_the_clones,2
3290279732.0,seen_episode_ii_attack_of_the_clones,1,Episode II: Attack of the Clones,attack_of_the_clones,2
3290269777.0,seen_episode_ii_attack_of_the_clones,1,Episode II: Attack of the Clones,attack_of_the_clones,2
3290268027.0,seen_episode_ii_attack_of_the_clones,0,Episode II: Attack of the Clones,attack_of_the_clones,2
3290266084.0,seen_episode_ii_attack_of_the_clones,1,Episode II: Attack of the Clones,attack_of_the_clones,2
3290262568.0,seen_episode_ii_attack_of_the_clones,1,Episode II: Attack of the Clones,attack_of_the_clones,2
3290257673.0,seen_episode_ii_attack_of_the_clones,1,Episode II: Attack of the Clones,attack_of_the_clones,2
3290249464.0,seen_episode_ii_attack_of_the_clones,0,Episode II: Attack of the Clones,attack_of_the_clones,2
3290248279.0,seen_episode_ii_attack_of_the_clones,0,Episode II: Attack of the Clones,attack_of_the_clones,2
3290248167.0,seen_episode_ii_attack_of_the_clones,0,Episode II: Attack of the Clones,attack_of_the_clones,2
3290229579.0,seen_episode_ii_attack_of_the_clones,0,Episode II: Attack of the Clones,attack_of_the_clones,2
3290227264.0,seen_episode_ii_attack_of_the_clones,1,Episode II: Attack of the Clones,attack_of_the_clones,2
3290225128.0,seen_episode_ii_attack_of_the_clones,0,Episode II: Attack of the Clones,attack_of_the_clones,2
3290223393.0,seen_episode_ii_attack_of_the_clones,1,Episode II: Attack of the Clones,attack_of_the_clones,2
3290216970.0,seen_episode_ii_attack_of_the_clones,1,Episode II: Attack of the Clones,attack_of_the_clones,2
3290213089.0,seen_episode_ii_attack_of_the_clones,1,Episode II: Attack of the Clones,attack_of_the_clones,2
3290210801.0,seen_episode_ii_attack_of_the_clones,1,Episode II: Attack of the Clones,attack_of_the_clones,2
3290209773.0,seen_episode_ii_attack_of_the_clones,0,Episode II: Attack of the Clones,attack_of_the_clones,2
3290209744.0,seen_episode_ii_attack_of_the_clones,1,Episode II: Attack of the Clones,attack_of_the_clones,2
3290206907.0,seen_episode_ii_attack_of_the_clones,0,Episode II: Attack of the Clones,attack_of_the_clones,2
3290203063.0,seen_episode_ii_attack_of_the_clones,1,Episode II: Attack of the Clones,attack_of_the_clones,2
3290201752.0,seen_episode_ii_attack_of_the_clones,0,Episode II: Attack of the Clones,attack_of_the_clones,2
3290196296.0,seen_episode_ii_attack_of_the_clones,1,Episode II: Attack of the Clones,attack_of_the_clones,2
3290193368.0,seen_episode_ii_attack_of_the_clones,0,Episode II: Attack of the Clones,attack_of_the_clones,2
3290191566.0,seen_episode_ii_attack_of_the_clones,1,Episode II: Attack of the Clones,attack_of_the_clones,2
3290188213.0,seen_episode_ii_attack_of_the_clones,1,Episode II: Attack of the Clones,attack_of_the_clones,2
3290185244.0,seen_episode_ii_attack_of_the_clones,0,Episode II: Attack of the Clones,attack_of_the_clones,2
3290184813.0,seen_episode_ii_attack_of_the_clones,0,Episode II: Attack of the Clones,attack_of_the_clones,2
3290182531.0,seen_episode_ii_attack_of_the_clones,0,Episode II: Attack of the Clones,attack_of_the_clones,2
3290180442.0,seen_episode_ii_attack_of_the_clones,0,Episode II: Attack of the Clones,attack_of_the_clones,2
3290176915.0,seen_episode_ii_attack_of_the_clones,0,Episode II: Attack of the Clones,attack_of_the_clones,2
3290176563.0,seen_episode_ii_attack_of_the_clones,1,Episode II: Attack of the Clones,attack_of_the_clones,2
3290174629.0,seen_episode_ii_attack_of_the_clones,0,Episode II: Attack of the Clones,attack_of_the_clones,2
3290174048.0,seen_episode_ii_attack_of_the_clones,0,Episode II: Attack of the Clones,attack_of_the_clones,2
3290173775.0,seen_episode_ii_attack_of_the_clones,1,Episode II: Attack of the Clones,attack_of_the_clones,2
3290173176.0,seen_episode_ii_attack_of_the_clones,1,Episode II: Attack of the Clones,attack_of_the_clones,2
3290167473.0,seen_episode_ii_attack_of_the_clones,0,Episode II: Attack of the Clones,attack_of_the_clones,2
3290164098.0,seen_episode_ii_attack_of_the_clones,0,Episode II: Attack of the Clones,attack_of_the_clones,2
3290159455.0,seen_episode_ii_attack_of_the_clones,0,Episode II: Attack of the Clones,attack_of_the_clones,2
3290159056.0,seen_episode_ii_attack_of_the_clones,0,Episode II: Attack of the Clones,attack_of_the_clones,2
3290157529.0,seen_episode_ii_attack_of_the_clones,1,Episode II: Attack of the Clones,attack_of_the_clones,2
3290149698.0,seen_episode_ii_attack_of_the_clones,1,Episode II: Attack of the Clones,attack_of_the_clones,2
3290148834.0,seen_episode_ii_attack_of_the_clones,0,Episode II: Attack of the Clones,attack_of_the_clones,2
3290145517.0,seen_episode_ii_attack_of_the_clones,1,Episode II: Attack of the Clones,attack_of_the_clones,2
3290142232.0,seen_episode_ii_attack_of_the_clones,1,Episode II: Attack of the Clones,attack_of_the_clones,2
3290139192.0,seen_episode_ii_attack_of_the_clones,1,Episode II: Attack of the Clones,attack_of_the_clones,2
3290137793.0,seen_episode_ii_attack_of_the_clones,1,Episode II: Attack of the Clones,attack_of_the_clones,2
3290128978.0,seen_episode_ii_attack_of_the_clones,0,Episode II: Attack of the Clones,attack_of_the_clones,2
3290128468.0,seen_episode_ii_attack_of_the_clones,1,Episode II: Attack of the Clones,attack_of_the_clones,2
3290127670.0,seen_episode_ii_attack_of_the_clones,0,Episode II: Attack of the Clones,attack_of_the_clones,2
3290125801.0,seen_episode_ii_attack_of_the_clones,1,Episode II: Attack of the Clones,attack_of_the_clones,2
3290125784.0,seen_episode_ii_attack_of_the_clones,1,Episode II: Attack of the Clones,attack_of_the_clones,2
3290125550.0,seen_episode_ii_attack_of_the_clones,1,Episode II: Attack of the Clones,attack_of_the_clones,2
3290125357.0,seen_episode_ii_attack_of_the_clones,1,Episode II: Attack of the Clones,attack_of_the_clones,2
3290124259.0,seen_episode_ii_attack_of_the_clones,0,Episode II: Attack of the Clones,attack_of_the_clones,2
3290116629.0,seen_episode_ii_attack_of_the_clones,0,Episode II: Attack of the Clones,attack_of_the_clones,2
3290116182.0,seen_episode_ii_attack_of_the_clones,0,Episode II: Attack of the Clones,attack_of_the_clones,2
3290109779.0,seen_episode_ii_attack_of_the_clones,0,Episode II: Attack of the Clones,attack_of_the_clones,2
3290103593.0,seen_episode_ii_attack_of_the_clones,0,Episode II: Attack of the Clones,attack_of_the_clones,2
3290099797.0,seen_episode_ii_attack_of_the_clones,1,Episode II: Attack of the Clones,attack_of_the_clones,2
3290097546.0,seen_episode_ii_attack_of_the_clones,0,Episode II: Attack of the Clones,attack_of_the_clones,2
3290097268.0,seen_episode_ii_attack_of_the_clones,0,Episode II: Attack of the Clones,attack_of_the_clones,2
3290095220.0,seen_episode_ii_attack_of_the_clones,0,Episode II: Attack of the Clones,attack_of_the_clones,2
3290094384.0,seen_episode_ii_attack_of_the_clones,0,Episode II: Attack of the Clones,attack_of_the_clones,2
3290083352.0,seen_episode_ii_attack_of_the_clones,0,Episode II: Attack of the Clones,attack_of_the_clones,2
3290082468.0,seen_episode_ii_attack_of_the_clones,0,Episode II: Attack of the Clones,attack_of_the_clones,2
3290081504.0,seen_episode_ii_attack_of_the_clones,0,Episode II: Attack of the Clones,attack_of_the_clones,2
3290081040.0,seen_episode_ii_attack_of_the_clones,0,Episode II: Attack of the Clones,attack_of_the_clones,2
3290076587.0,seen_episode_ii_attack_of_the_clones,0,Episode II: Attack of the Clones,attack_of_the_clones,2
3290071379.0,seen_episode_ii_attack_of_the_clones,0,Episode II: Attack of the Clones,attack_of_the_clones,2
3290070395.0,seen_episode_ii_attack_of_the_clones,1,Episode II: Attack of the Clones,attack_of_the_clones,2
3290068892.0,seen_episode_ii_attack_of_the_clones,1,Episode II: Attack of the Clones,attack_of_the_clones,2
3290068765.0,seen_episode_ii_attack_of_the_clones,1,Episode II: Attack of the Clones,attack_of_the_clones,2
3290063543.0,seen_episode_ii_attack_of_the_clones,0,Episode II: Attack of the Clones,attack_of_the_clones,2
3290062936.0,seen_episode_ii_attack_of_the_clones,0,Episode II: Attack of the Clones,attack_of_the_clones,2
3290061815.0,seen_episode_ii_attack_of_the_clones,1,Episode II: Attack of the Clones,attack_of_the_clones,2
3290058506.0,seen_episode_ii_attack_of_the_clones,1,Episode II: Attack of the Clones,attack_of_the_clones,2
3290058216.0,seen_episode_ii_attack_of_the_clones,1,Episode II: Attack of the Clones,attack_of_the_clones,2
3290050695.0,seen_episode_ii_attack_of_the_clones,0,Episode II: Attack of the Clones,attack_of_the_clones,2
3290049932.0,seen_episode_ii_attack_of_the_clones,0,Episode II: Attack of the Clones,attack_of_the_clones,2
3290049231.0,seen_episode_ii_attack_of_the_clones,0,Episode II: Attack of the Clones,attack_of_the_clones,2
3290048884.0,seen_episode_ii_attack_of_the_clones,1,Episode II: Attack of the Clones,attack_of_the_clones,2
3290047842.0,seen_episode_ii_attack_of_the_clones,1,Episode II: Attack of the Clones,attack_of_the_clones,2
3290047689.0,seen_episode_ii_attack_of_the_clones,0,Episode II: Attack of the Clones,attack_of_the_clones,2
3290047483.0,seen_episode_ii_attack_of_the_clones,1,Episode II: Attack of the Clones,attack_of_the_clones,2
3290046627.0,seen_episode_ii_attack_of_the_clones,1,Episode II: Attack of the Clones,attack_of_the_clones,2
3290042369.0,seen_episode_ii_attack_of_the_clones,0,Episode II: Attack of the Clones,attack_of_the_clones,2
3290038794.0,seen_episode_ii_attack_of_the_clones,1,Episode II: Attack of the Clones,attack_of_the_clones,2
3290034196.0,seen_episode_ii_attack_of_the_clones,1,Episode II: Attack of the Clones,attack_of_the_clones,2
3290032864.0,seen_episode_ii_attack_of_the_clones,0,Episode II: Attack of the Clones,attack_of_the_clones,2
3290029531.0,seen_episode_ii_attack_of_the_clones,0,Episode II: Attack of the Clones,attack_of_the_clones,2
3290024333.0,seen_episode_ii_attack_of_the_clones,1,Episode II: Attack of the Clones,attack_of_the_clones,2
3290022302.0,seen_episode_ii_attack_of_the_clones,0,Episode II: Attack of the Clones,attack_of_the_clones,2
3290019869.0,seen_episode_ii_attack_of_the_clones,0,Episode II: Attack of the Clones,attack_of_the_clones,2
3290019779.0,seen_episode_ii_attack_of_the_clones,0,Episode II: Attack of the Clones,attack_of_the_clones,2
3290018381.0,seen_episode_ii_attack_of_the_clones,1,Episode II: Attack of the Clones,attack_of_the_clones,2
3290017901.0,seen_episode_ii_attack_of_the_clones,0,Episode II: Attack of the Clones,attack_of_the_clones,2
3290014606.0,seen_episode_ii_attack_of_the_clones,0,Episode II: Attack of the Clones,attack_of_the_clones,2
3290013239.0,seen_episode_ii_attack_of_the_clones,0,Episode II: Attack of the Clones,attack_of_the_clones,2
3290011286.0,seen_episode_ii_attack_of_the_clones,0,Episode II: Attack of the Clones,attack_of_the_clones,2
3290010419.0,seen_episode_ii_attack_of_the_clones,0,Episode II: Attack of the Clones,attack_of_the_clones,2
3290008538.0,seen_episode_ii_attack_of_the_clones,0,Episode II: Attack of the Clones,attack_of_the_clones,2
3290005674.0,seen_episode_ii_attack_of_the_clones,1,Episode II: Attack of the Clones,attack_of_the_clones,2
3290002601.0,seen_episode_ii_attack_of_the_clones,1,Episode II: Attack of the Clones,attack_of_the_clones,2
3289997713.0,seen_episode_ii_attack_of_the_clones,1,Episode II: Attack of the Clones,attack_of_the_clones,2
3289997196.0,seen_episode_ii_attack_of_the_clones,1,Episode II: Attack of the Clones,attack_of_the_clones,2
3289996800.0,seen_episode_ii_attack_of_the_clones,1,Episode II: Attack of the Clones,attack_of_the_clones,2
3289996025.0,seen_episode_ii_attack_of_the_clones,1,Episode II: Attack of the Clones,attack_of_the_clones,2
3289995352.0,seen_episode_ii_attack_of_the_clones,1,Episode II: Attack of the Clones,attack_of_the_clones,2
3289993284.0,seen_episode_ii_attack_of_the_clones,0,Episode II: Attack of the Clones,attack_of_the_clones,2
3289991708.0,seen_episode_ii_attack_of_the_clones,0,Episode II: Attack of the Clones,attack_of_the_clones,2
3289989311.0,seen_episode_ii_attack_of_the_clones,0,Episode II: Attack of the Clones,attack_of_the_clones,2
3289988393.0,seen_episode_ii_attack_of_the_clones,1,Episode II: Attack of the Clones,attack_of_the_clones,2
3289987865.0,seen_episode_ii_attack_of_the_clones,0,Episode II: Attack of the Clones,attack_of_the_clones,2
3289986698.0,seen_episode_ii_attack_of_the_clones,0,Episode II: Attack of the Clones,attack_of_the_clones,2
3289985995.0,seen_episode_ii_attack_of_the_clones,0,Episode II: Attack of the Clones,attack_of_the_clones,2
3289980534.0,seen_episode_ii_attack_of_the_clones,1,Episode II: Attack of the Clones,attack_of_the_clones,2
3289973506.0,seen_episode_ii_attack_of_the_clones,1,Episode II: Attack of the Clones,attack_of_the_clones,2
3289972382.0,seen_episode_ii_attack_of_the_clones,0,Episode II: Attack of the Clones,attack_of_the_clones,2
3289971452.0,seen_episode_ii_attack_of_the_clones,0,Episode II: Attack of the Clones,attack_of_the_clones,2
3289971256.0,seen_episode_ii_attack_of_the_clones,1,Episode II: Attack of the Clones,attack_of_the_clones,2
3289963393.0,seen_episode_ii_attack_of_the_clones,0,Episode II: Attack of the Clones,attack_of_the_clones,2
3289962839.0,seen_episode_ii_attack_of_the_clones,0,Episode II: Attack of the Clones,attack_of_the_clones,2
3289962614.0,seen_episode_ii_attack_of_the_clones,1,Episode II: Attack of the Clones,attack_of_the_clones,2
3289956408.0,seen_episode_ii_attack_of_the_clones,0,Episode II: Attack of the Clones,attack_of_the_clones,2
3289955364.0,seen_episode_ii_attack_of_the_clones,1,Episode II: Attack of the Clones,attack_of_the_clones,2
3289952496.0,seen_episode_ii_attack_of_the_clones,1,Episode II: Attack of the Clones,attack_of_the_clones,2
3289951011.0,seen_episode_ii_attack_of_the_clones,1,Episode II: Attack of the Clones,attack_of_the_clones,2
3289949516.0,seen_episode_ii_attack_of_the_clones,0,Episode II: Attack of the Clones,attack_of_the_clones,2
3289949409.0,seen_episode_ii_attack_of_the_clones,0,Episode II: Attack of the Clones,attack_of_the_clones,2
3289943405.0,seen_episode_ii_attack_of_the_clones,0,Episode II: Attack of the Clones,attack_of_the_clones,2
3289943097.0,seen_episode_ii_attack_of_the_clones,0,Episode II: Attack of the Clones,attack_of_the_clones,2
3289942520.0,seen_episode_ii_attack_of_the_clones,0,Episode II: Attack of the Clones,attack_of_the_clones,2
3289933137.0,seen_episode_ii_attack_of_the_clones,0,Episode II: Attack of the Clones,attack_of_the_clones,2
3289927404.0,seen_episode_ii_attack_of_the_clones,0,Episode II: Attack of the Clones,attack_of_the_clones,2
3289924943.0,seen_episode_ii_attack_of_the_clones,0,Episode II: Attack of the Clones,attack_of_the_clones,2
3289923980.0,seen_episode_ii_attack_of_the_clones,1,Episode II: Attack of the Clones,attack_of_the_clones,2
3289920249.0,seen_episode_ii_attack_of_the_clones,1,Episode II: Attack of the Clones,attack_of_the_clones,2
3289919285.0,seen_episode_ii_attack_of_the_clones,0,Episode II: Attack of the Clones,attack_of_the_clones,2
3289918842.0,seen_episode_ii_attack_of_the_clones,0,Episode II: Attack of the Clones,attack_of_the_clones,2
3289914533.0,seen_episode_ii_attack_of_the_clones,1,Episode II: Attack of the Clones,attack_of_the_clones,2
3289914097.0,seen_episode_ii_attack_of_the_clones,1,Episode II: Attack of the Clones,attack_of_the_clones,2
3289913649.0,seen_episode_ii_attack_of_the_clones,0,Episode II: Attack of the Clones,attack_of_the_clones,2
3289911175.0,seen_episode_ii_attack_of_the_clones,0,Episode II: Attack of the Clones,attack_of_the_clones,2
3289909917.0,seen_episode_ii_attack_of_the_clones,1,Episode II: Attack of the Clones,attack_of_the_clones,2
3289907541.0,seen_episode_ii_attack_of_the_clones,0,Episode II: Attack of the Clones,attack_of_the_clones,2
3289905986.0,seen_episode_ii_attack_of_the_clones,1,Episode II: Attack of the Clones,attack_of_the_clones,2
3289905819.0,seen_episode_ii_attack_of_the_clones,0,Episode II: Attack of the Clones,attack_of_the_clones,2
3289905044.0,seen_episode_ii_attack_of_the_clones,1,Episode II: Attack of the Clones,attack_of_the_clones,2
3289903380.0,seen_episode_ii_attack_of_the_clones,0,Episode II: Attack of the Clones,attack_of_the_clones,2
3289902920.0,seen_episode_ii_attack_of_the_clones,1,Episode II: Attack of the Clones,attack_of_the_clones,2
3289902115.0,seen_episode_ii_attack_of_the_clones,0,Episode II: Attack of the Clones,attack_of_the_clones,2
3289901820.0,seen_episode_ii_attack_of_the_clones,1,Episode II: Attack of the Clones,attack_of_the_clones,2
3289901633.0,seen_episode_ii_attack_of_the_clones,1,Episode II: Attack of the Clones,attack_of_the_clones,2
3289897826.0,seen_episode_ii_attack_of_the_clones,1,Episode II: Attack of the Clones,attack_of_the_clones,2
3289896565.0,seen_episode_ii_attack_of_the_clones,1,Episode II: Attack of the Clones,attack_of_the_clones,2
3289895732.0,seen_episode_ii_attack_of_the_clones,1,Episode II: Attack of the Clones,attack_of_the_clones,2
3289894873.0,seen_episode_ii_attack_of_the_clones,0,Episode II: Attack of the Clones,attack_of_the_clones,2
3289891069.0,seen_episode_ii_attack_of_the_clones,0,Episode II: Attack of the Clones,attack_of_the_clones,2
3289890495.0,seen_episode_ii_attack_of_the_clones,0,Episode II: Attack of the Clones,attack_of_the_clones,2
3289888113.0,seen_episode_ii_attack_of_the_clones,0,Episode II: Attack of the Clones,attack_of_the_clones,2
3289888015.0,seen_episode_ii_attack_of_the_clones,1,Episode II: Attack of the Clones,attack_of_the_clones,2
3289885747.0,seen_episode_ii_attack_of_the_clones,1,Episode II: Attack of the Clones,attack_of_the_clones,2
3289878528.0,seen_episode_ii_attack_of_the_clones,1,Episode II: Attack of the Clones,attack_of_the_clones,2
3289877093.0,seen_episode_ii_attack_of_the_clones,1,Episode II: Attack of the Clones,attack_of_the_clones,2
3289874408.0,seen_episode_ii_attack_of_the_clones,1,Episode II: Attack of the Clones,attack_of_the_clones,2
3289873978.0,seen_episode_ii_attack_of_the_clones,0,Episode II: Attack of the Clones,attack_of_the_clones,2
3289870772.0,seen_episode_ii_attack_of_the_clones,0,Episode II: Attack of the Clones,attack_of_the_clones,2
3289868197.0,seen_episode_ii_attack_of_the_clones,1,Episode II: Attack of the Clones,attack_of_the_clones,2
3289866531.0,seen_episode_ii_attack_of_the_clones,0,Episode II: Attack of the Clones,attack_of_the_clones,2
3289866259.0,seen_episode_ii_attack_of_the_clones,0,Episode II: Attack of the Clones,attack_of_the_clones,2
3289865550.0,seen_episode_ii_attack_of_the_clones,0,Episode II: Attack of the Clones,attack_of_the_clones,2
3289864687.0,seen_episode_ii_attack_of_the_clones,0,Episode II: Attack of the Clones,attack_of_the_clones,2
3289862004.0,seen_episode_ii_attack_of_the_clones,0,Episode II: Attack of the Clones,attack_of_the_clones,2
3289861464.0,seen_episode_ii_attack_of_the_clones,0,Episode II: Attack of the Clones,attack_of_the_clones,2
3289857817.0,seen_episode_ii_attack_of_the_clones,0,Episode II: Attack of the Clones,attack_of_the_clones,2
3289856887.0,seen_episode_ii_attack_of_the_clones,1,Episode II: Attack of the Clones,attack_of_the_clones,2
3289856557.0,seen_episode_ii_attack_of_the_clones,0,Episode II: Attack of the Clones,attack_of_the_clones,2
3289855873.0,seen_episode_ii_attack_of_the_clones,1,Episode II: Attack of the Clones,attack_of_the_clones,2
3289854601.0,seen_episode_ii_attack_of_the_clones,1,Episode II: Attack of the Clones,attack_of_the_clones,2
3289848909.0,seen_episode_ii_attack_of_the_clones,0,Episode II: Attack of the Clones,attack_of_the_clones,2
3289847932.0,seen_episode_ii_attack_of_the_clones,1,Episode II: Attack of the Clones,attack_of_the_clones,2
3289844139.0,seen_episode_ii_attack_of_the_clones,0,Episode II: Attack of the Clones,attack_of_the_clones,2
3289843973.0,seen_episode_ii_attack_of_the_clones,1,Episode II: Attack of the Clones,attack_of_the_clones,2
3289837359.0,seen_episode_ii_attack_of_the_clones,0,Episode II: Attack of the Clones,attack_of_the_clones,2
3289835282.0,seen_episode_ii_attack_of_the_clones,1,Episode II: Attack of the Clones,attack_of_the_clones,2
3289834572.0,seen_episode_ii_attack_of_the_clones,0,Episode II: Attack of the Clones,attack_of_the_clones,2
3289831274.0,seen_episode_ii_attack_of_the_clones,0,Episode II: Attack of the Clones,attack_of_the_clones,2
3289830199.0,seen_episode_ii_attack_of_the_clones,0,Episode II: Attack of the Clones,attack_of_the_clones,2
3289829982.0,seen_episode_ii_attack_of_the_clones,1,Episode II: Attack of the Clones,attack_of_the_clones,2
3289822005.0,seen_episode_ii_attack_of_the_clones,1,Episode II: Attack of the Clones,attack_of_the_clones,2
3289821310.0,seen_episode_ii_attack_of_the_clones,1,Episode II: Attack of the Clones,attack_of_the_clones,2
3289815685.0,seen_episode_ii_attack_of_the_clones,1,Episode II: Attack of the Clones,attack_of_the_clones,2
3289813977.0,seen_episode_ii_attack_of_the_clones,0,Episode II: Attack of the Clones,attack_of_the_clones,2
3289812188.0,seen_episode_ii_attack_of_the_clones,0,Episode II: Attack of the Clones,attack_of_the_clones,2
3289809469.0,seen_episode_ii_attack_of_the_clones,1,Episode II: Attack of the Clones,attack_of_the_clones,2
3289809255.0,seen_episode_ii_attack_of_the_clones,0,Episode II: Attack of the Clones,attack_of_the_clones,2
3289808310.0,seen_episode_ii_attack_of_the_clones,0,Episode II: Attack of the Clones,attack_of_the_clones,2
3289805753.0,seen_episode_ii_attack_of_the_clones,0,Episode II: Attack of the Clones,attack_of_the_clones,2
3289805745.0,seen_episode_ii_attack_of_the_clones,0,Episode II: Attack of the Clones,attack_of_the_clones,2
3289804908.0,seen_episode_ii_attack_of_the_clones,1,Episode II: Attack of the Clones,attack_of_the_clones,2
3289804326.0,seen_episode_ii_attack_of_the_clones,1,Episode II: Attack of the Clones,attack_of_the_clones,2
3289804031.0,seen_episode_ii_attack_of_the_clones,1,Episode II: Attack of the Clones,attack_of_the_clones,2
3289802847.0,seen_episode_ii_attack_of_the_clones,0,Episode II: Attack of the Clones,attack_of_the_clones,2
3289799650.0,seen_episode_ii_attack_of_the_clones,0,Episode II: Attack of the Clones,attack_of_the_clones,2
3289799581.0,seen_episode_ii_attack_of_the_clones,0,Episode II: Attack of the Clones,attack_of_the_clones,2
3289798968.0,seen_episode_ii_attack_of_the_clones,0,Episode II: Attack of the Clones,attack_of_the_clones,2
3289798759.0,seen_episode_ii_attack_of_the_clones,1,Episode II: Attack of the Clones,attack_of_the_clones,2
3289797876.0,seen_episode_ii_attack_of_the_clones,0,Episode II: Attack of the Clones,attack_of_the_clones,2
3289795859.0,seen_episode_ii_attack_of_the_clones,0,Episode II: Attack of the Clones,attack_of_the_clones,2
3289790475.0,seen_episode_ii_attack_of_the_clones,0,Episode II: Attack of the Clones,attack_of_the_clones,2
3289790146.0,seen_episode_ii_attack_of_the_clones,1,Episode II: Attack of the Clones,attack_of_the_clones,2
3289786719.0,seen_episode_ii_attack_of_the_clones,1,Episode II: Attack of the Clones,attack_of_the_clones,2
3289781705.0,seen_episode_ii_attack_of_the_clones,0,Episode II: Attack of the Clones,attack_of_the_clones,2
3289779434.0,seen_episode_ii_attack_of_the_clones,0,Episode II: Attack of the Clones,attack_of_the_clones,2
3289764515.0,seen_episode_ii_attack_of_the_clones,0,Episode II: Attack of the Clones,attack_of_the_clones,2
3289758800.0,seen_episode_ii_attack_of_the_clones,1,Episode II: Attack of the Clones,attack_of_the_clones,2
3289757385.0,seen_episode_ii_attack_of_the_clones,1,Episode II: Attack of the Clones,attack_of_the_clones,2
3289757163.0,seen_episode_ii_attack_of_the_clones,1,Episode II: Attack of the Clones,attack_of_the_clones,2
3289753279.0,seen_episode_ii_attack_of_the_clones,0,Episode II: Attack of the Clones,attack_of_the_clones,2
3289752347.0,seen_episode_ii_attack_of_the_clones,1,Episode II: Attack of the Clones,attack_of_the_clones,2
3289751464.0,seen_episode_ii_attack_of_the_clones,0,Episode II: Attack of the Clones,attack_of_the_clones,2
3289745316.0,seen_episode_ii_attack_of_the_clones,0,Episode II: Attack of the Clones,attack_of_the_clones,2
3289745063.0,seen_episode_ii_attack_of_the_clones,1,Episode II: Attack of the Clones,attack_of_the_clones,2
3289737236.0,seen_episode_ii_attack_of_the_clones,1,Episode II: Attack of the Clones,attack_of_the_clones,2
3289735954.0,seen_episode_ii_attack_of_the_clones,0,Episode II: Attack of the Clones,attack_of_the_clones,2
3289733444.0,seen_episode_ii_attack_of_the_clones,1,Episode II: Attack of the Clones,attack_of_the_clones,2
3289730973.0,seen_episode_ii_attack_of_the_clones,0,Episode II: Attack of the Clones,attack_of_the_clones,2
3289727014.0,seen_episode_ii_attack_of_the_clones,0,Episode II: Attack of the Clones,attack_of_the_clones,2
3289725827.0,seen_episode_ii_attack_of_the_clones,1,Episode II: Attack of the Clones,attack_of_the_clones,2
3289725605.0,seen_episode_ii_attack_of_the_clones,1,Episode II: Attack of the Clones,attack_of_the_clones,2
3289722110.0,seen_episode_ii_attack_of_the_clones,1,Episode II: Attack of the Clones,attack_of_the_clones,2
3289713384.0,seen_episode_ii_attack_of_the_clones,0,Episode II: Attack of the Clones,attack_of_the_clones,2
3289711817.0,seen_episode_ii_attack_of_the_clones,1,Episode II: Attack of the Clones,attack_of_the_clones,2
3289710382.0,seen_episode_ii_attack_of_the_clones,0,Episode II: Attack of the Clones,attack_of_the_clones,2
3289706727.0,seen_episode_ii_attack_of_the_clones,1,Episode II: Attack of the Clones,attack_of_the_clones,2
3289706550.0,seen_episode_ii_attack_of_the_clones,0,Episode II: Attack of the Clones,attack_of_the_clones,2
3289705195.0,seen_episode_ii_attack_of_the_clones,1,Episode II: Attack of the Clones,attack_of_the_clones,2
3289700288.0,seen_episode_ii_attack_of_the_clones,1,Episode II: Attack of the Clones,attack_of_the_clones,2
3289695941.0,seen_episode_ii_attack_of_the_clones,1,Episode II: Attack of the Clones,attack_of_the_clones,2
3289693023.0,seen_episode_ii_attack_of_the_clones,1,Episode II: Attack of the Clones,attack_of_the_clones,2
3289692258.0,seen_episode_ii_attack_of_the_clones,0,Episode II: Attack of the Clones,attack_of_the_clones,2
3289689591.0,seen_episode_ii_attack_of_the_clones,0,Episode II: Attack of the Clones,attack_of_the_clones,2
3289689331.0,seen_episode_ii_attack_of_the_clones,1,Episode II: Attack of the Clones,attack_of_the_clones,2
3289688885.0,seen_episode_ii_attack_of_the_clones,1,Episode II: Attack of the Clones,attack_of_the_clones,2
3289686202.0,seen_episode_ii_attack_of_the_clones,0,Episode II: Attack of the Clones,attack_of_the_clones,2
3289685200.0,seen_episode_ii_attack_of_the_clones,0,Episode II: Attack of the Clones,attack_of_the_clones,2
3289684323.0,seen_episode_ii_attack_of_the_clones,1,Episode II: Attack of the Clones,attack_of_the_clones,2
3289681765.0,seen_episode_ii_attack_of_the_clones,1,Episode II: Attack of the Clones,attack_of_the_clones,2
3289680108.0,seen_episode_ii_attack_of_the_clones,0,Episode II: Attack of the Clones,attack_of_the_clones,2
3289673695.0,seen_episode_ii_attack_of_the_clones,1,Episode II: Attack of the Clones,attack_of_the_clones,2
3289666523.0,seen_episode_ii_attack_of_the_clones,0,Episode II: Attack of the Clones,attack_of_the_clones,2
3289664241.0,seen_episode_ii_attack_of_the_clones,1,Episode II: Attack of the Clones,attack_of_the_clones,2
3289653763.0,seen_episode_ii_attack_of_the_clones,1,Episode II: Attack of the Clones,attack_of_the_clones,2
3289653664.0,seen_episode_ii_attack_of_the_clones,0,Episode II: Attack of the Clones,attack_of_the_clones,2
3289652167.0,seen_episode_ii_attack_of_the_clones,1,Episode II: Attack of the Clones,attack_of_the_clones,2
3289649402.0,seen_episode_ii_attack_of_the_clones,0,Episode II: Attack of the Clones,attack_of_the_clones,2
3289648154.0,seen_episode_ii_attack_of_the_clones,0,Episode II: Attack of the Clones,attack_of_the_clones,2
3289646833.0,seen_episode_ii_attack_of_the_clones,0,Episode II: Attack of the Clones,attack_of_the_clones,2
3289645505.0,seen_episode_ii_attack_of_the_clones,0,Episode II: Attack of the Clones,attack_of_the_clones,2
3289644365.0,seen_episode_ii_attack_of_the_clones,1,Episode II: Attack of the Clones,attack_of_the_clones,2
3289641241.0,seen_episode_ii_attack_of_the_clones,1,Episode II: Attack of the Clones,attack_of_the_clones,2
3289640516.0,seen_episode_ii_attack_of_the_clones,0,Episode II: Attack of the Clones,attack_of_the_clones,2
3289638367.0,seen_episode_ii_attack_of_the_clones,1,Episode II: Attack of the Clones,attack_of_the_clones,2
3289633176.0,seen_episode_ii_attack_of_the_clones,1,Episode II: Attack of the Clones,attack_of_the_clones,2
3289628791.0,seen_episode_ii_attack_of_the_clones,0,Episode II: Attack of the Clones,attack_of_the_clones,2
3289627503.0,seen_episode_ii_attack_of_the_clones,0,Episode II: Attack of the Clones,attack_of_the_clones,2
3289625918.0,seen_episode_ii_attack_of_the_clones,0,Episode II: Attack of the Clones,attack_of_the_clones,2
3289625905.0,seen_episode_ii_attack_of_the_clones,0,Episode II: Attack of the Clones,attack_of_the_clones,2
3289625071.0,seen_episode_ii_attack_of_the_clones,1,Episode II: Attack of the Clones,attack_of_the_clones,2
3289621004.0,seen_episode_ii_attack_of_the_clones,1,Episode II: Attack of the Clones,attack_of_the_clones,2
3289619487.0,seen_episode_ii_attack_of_the_clones,0,Episode II: Attack of the Clones,attack_of_the_clones,2
3289618781.0,seen_episode_ii_attack_of_the_clones,0,Episode II: Attack of the Clones,attack_of_the_clones,2
3289618768.0,seen_episode_ii_attack_of_the_clones,0,Episode II: Attack of the Clones,attack_of_the_clones,2
3289618355.0,seen_episode_ii_attack_of_the_clones,0,Episode II: Attack of the Clones,attack_of_the_clones,2
3289616064.0,seen_episode_ii_attack_of_the_clones,0,Episode II: Attack of the Clones,attack_of_the_clones,2
3289610618.0,seen_episode_ii_attack_of_the_clones,0,Episode II: Attack of the Clones,attack_of_the_clones,2
3289610391.0,seen_episode_ii_attack_of_the_clones,0,Episode II: Attack of the Clones,attack_of_the_clones,2
3289600885.0,seen_episode_ii_attack_of_the_clones,1,Episode II: Attack of the Clones,attack_of_the_clones,2
3289598419.0,seen_episode_ii_attack_of_the_clones,0,Episode II: Attack of the Clones,attack_of_the_clones,2
3289597768.0,seen_episode_ii_attack_of_the_clones,0,Episode II: Attack of the Clones,attack_of_the_clones,2
3289597035.0,seen_episode_ii_attack_of_the_clones,1,Episode II: Attack of the Clones,attack_of_the_clones,2
3289588064.0,seen_episode_ii_attack_of_the_clones,0,Episode II: Attack of the Clones,attack_of_the_clones,2
3289582868.0,seen_episode_ii_attack_of_the_clones,1,Episode II: Attack of the Clones,attack_of_the_clones,2
3289582774.0,seen_episode_ii_attack_of_the_clones,0,Episode II: Attack of the Clones,attack_of_the_clones,2
3289582090.0,seen_episode_ii_attack_of_the_clones,1,Episode II: Attack of the Clones,attack_of_the_clones,2
3289573606.0,seen_episode_ii_attack_of_the_clones,1,Episode II: Attack of the Clones,attack_of_the_clones,2
3289572808.0,seen_episode_ii_attack_of_the_clones,1,Episode II: Attack of the Clones,attack_of_the_clones,2
3289569955.0,seen_episode_ii_attack_of_the_clones,0,Episode II: Attack of the Clones,attack_of_the_clones,2
3289567355.0,seen_episode_ii_attack_of_the_clones,0,Episode II: Attack of the Clones,attack_of_the_clones,2
3289564387.0,seen_episode_ii_attack_of_the_clones,1,Episode II: Attack of the Clones,attack_of_the_clones,2
3289563102.0,seen_episode_ii_attack_of_the_clones,0,Episode II: Attack of the Clones,attack_of_the_clones,2
3289561190.0,seen_episode_ii_attack_of_the_clones,0,Episode II: Attack of the Clones,attack_of_the_clones,2
3289560376.0,seen_episode_ii_attack_of_the_clones,1,Episode II: Attack of the Clones,attack_of_the_clones,2
3289555540.0,seen_episode_ii_attack_of_the_clones,0,Episode II: Attack of the Clones,attack_of_the_clones,2
3289553574.0,seen_episode_ii_attack_of_the_clones,0,Episode II: Attack of the Clones,attack_of_the_clones,2
3289553473.0,seen_episode_ii_attack_of_the_clones,0,Episode II: Attack of the Clones,attack_of_the_clones,2
3289552996.0,seen_episode_ii_attack_of_the_clones,1,Episode II: Attack of the Clones,attack_of_the_clones,2
3289552625.0,seen_episode_ii_attack_of_the_clones,1,Episode II: Attack of the Clones,attack_of_the_clones,2
3289543778.0,seen_episode_ii_attack_of_the_clones,0,Episode II: Attack of the Clones,attack_of_the_clones,2
3289540349.0,seen_episode_ii_attack_of_the_clones,1,Episode II: Attack of the Clones,attack_of_the_clones,2
3289539921.0,seen_episode_ii_attack_of_the_clones,1,Episode II: Attack of the Clones,attack_of_the_clones,2
3289537363.0,seen_episode_ii_attack_of_the_clones,0,Episode II: Attack of the Clones,attack_of_the_clones,2
3289537293.0,seen_episode_ii_attack_of_the_clones,1,Episode II: Attack of the Clones,attack_of_the_clones,2
3289536171.0,seen_episode_ii_attack_of_the_clones,0,Episode II: Attack of the Clones,attack_of_the_clones,2
3289533753.0,seen_episode_ii_attack_of_the_clones,1,Episode II: Attack of the Clones,attack_of_the_clones,2
3289531711.0,seen_episode_ii_attack_of_the_clones,1,Episode II: Attack of the Clones,attack_of_the_clones,2
3289530269.0,seen_episode_ii_attack_of_the_clones,0,Episode II: Attack of the Clones,attack_of_the_clones,2
3289530042.0,seen_episode_ii_attack_of_the_clones,1,Episode II: Attack of the Clones,attack_of_the_clones,2
3289529064.0,seen_episode_ii_attack_of_the_clones,0,Episode II: Attack of the Clones,attack_of_the_clones,2
3289528214.0,seen_episode_ii_attack_of_the_clones,0,Episode II: Attack of the Clones,attack_of_the_clones,2
3289526845.0,seen_episode_ii_attack_of_the_clones,0,Episode II: Attack of the Clones,attack_of_the_clones,2
3289526048.0,seen_episode_ii_attack_of_the_clones,0,Episode II: Attack of the Clones,attack_of_the_clones,2
3289522048.0,seen_episode_ii_attack_of_the_clones,0,Episode II: Attack of the Clones,attack_of_the_clones,2
3289512650.0,seen_episode_ii_attack_of_the_clones,0,Episode II: Attack of the Clones,attack_of_the_clones,2
3289510637.0,seen_episode_ii_attack_of_the_clones,0,Episode II: Attack of the Clones,attack_of_the_clones,2
3289510083.0,seen_episode_ii_attack_of_the_clones,0,Episode II: Attack of the Clones,attack_of_the_clones,2
3289508774.0,seen_episode_ii_attack_of_the_clones,0,Episode II: Attack of the Clones,attack_of_the_clones,2
3289505557.0,seen_episode_ii_attack_of_the_clones,0,Episode II: Attack of the Clones,attack_of_the_clones,2
3289498676.0,seen_episode_ii_attack_of_the_clones,1,Episode II: Attack of the Clones,attack_of_the_clones,2
3289498263.0,seen_episode_ii_attack_of_the_clones,1,Episode II: Attack of the Clones,attack_of_the_clones,2
3289498064.0,seen_episode_ii_attack_of_the_clones,1,Episode II: Attack of the Clones,attack_of_the_clones,2
3289494245.0,seen_episode_ii_attack_of_the_clones,0,Episode II: Attack of the Clones,attack_of_the_clones,2
3289492759.0,seen_episode_ii_attack_of_the_clones,0,Episode II: Attack of the Clones,attack_of_the_clones,2
3289492075.0,seen_episode_ii_attack_of_the_clones,0,Episode II: Attack of the Clones,attack_of_the_clones,2
3289489736.0,seen_episode_ii_attack_of_the_clones,1,Episode II: Attack of the Clones,attack_of_the_clones,2
3289485680.0,seen_episode_ii_attack_of_the_clones,0,Episode II: Attack of the Clones,attack_of_the_clones,2
3289484757.0,seen_episode_ii_attack_of_the_clones,1,Episode II: Attack of the Clones,attack_of_the_clones,2
3289481873.0,seen_episode_ii_attack_of_the_clones,0,Episode II: Attack of the Clones,attack_of_the_clones,2
3289481310.0,seen_episode_ii_attack_of_the_clones,1,Episode II: Attack of the Clones,attack_of_the_clones,2
3289472648.0,seen_episode_ii_attack_of_the_clones,1,Episode II: Attack of the Clones,attack_of_the_clones,2
3289469330.0,seen_episode_ii_attack_of_the_clones,0,Episode II: Attack of the Clones,attack_of_the_clones,2
3289467778.0,seen_episode_ii_attack_of_the_clones,1,Episode II: Attack of the Clones,attack_of_the_clones,2
3289467324.0,seen_episode_ii_attack_of_the_clones,0,Episode II: Attack of the Clones,attack_of_the_clones,2
3289463626.0,seen_episode_ii_attack_of_the_clones,0,Episode II: Attack of the Clones,attack_of_the_clones,2
3289463066.0,seen_episode_ii_attack_of_the_clones,1,Episode II: Attack of the Clones,attack_of_the_clones,2
3289459695.0,seen_episode_ii_attack_of_the_clones,0,Episode II: Attack of the Clones,attack_of_the_clones,2
3289458608.0,seen_episode_ii_attack_of_the_clones,1,Episode II: Attack of the Clones,attack_of_the_clones,2
3289453110.0,seen_episode_ii_attack_of_the_clones,1,Episode II: Attack of the Clones,attack_of_the_clones,2
3289450247.0,seen_episode_ii_attack_of_the_clones,0,Episode II: Attack of the Clones,attack_of_the_clones,2
3289450050.0,seen_episode_ii_attack_of_the_clones,1,Episode II: Attack of the Clones,attack_of_the_clones,2
3289449176.0,seen_episode_ii_attack_of_the_clones,0,Episode II: Attack of the Clones,attack_of_the_clones,2
3289448435.0,seen_episode_ii_attack_of_the_clones,1,Episode II: Attack of the Clones,attack_of_the_clones,2
3289445841.0,seen_episode_ii_attack_of_the_clones,1,Episode II: Attack of the Clones,attack_of_the_clones,2
3289437997.0,seen_episode_ii_attack_of_the_clones,0,Episode II: Attack of the Clones,attack_of_the_clones,2
3289436437.0,seen_episode_ii_attack_of_the_clones,1,Episode II: Attack of the Clones,attack_of_the_clones,2
3289434297.0,seen_episode_ii_attack_of_the_clones,1,Episode II: Attack of the Clones,attack_of_the_clones,2
3289425578.0,seen_episode_ii_attack_of_the_clones,1,Episode II: Attack of the Clones,attack_of_the_clones,2
3289423303.0,seen_episode_ii_attack_of_the_clones,1,Episode II: Attack of the Clones,attack_of_the_clones,2
3289419064.0,seen_episode_ii_attack_of_the_clones,0,Episode II: Attack of the Clones,attack_of_the_clones,2
3289418012.0,seen_episode_ii_attack_of_the_clones,0,Episode II: Attack of the Clones,attack_of_the_clones,2
3289416615.0,seen_episode_ii_attack_of_the_clones,0,Episode II: Attack of the Clones,attack_of_the_clones,2
3289415200.0,seen_episode_ii_attack_of_the_clones,0,Episode II: Attack of the Clones,attack_of_the_clones,2
3289414959.0,seen_episode_ii_attack_of_the_clones,1,Episode II: Attack of the Clones,attack_of_the_clones,2
3289414036.0,seen_episode_ii_attack_of_the_clones,0,Episode II: Attack of the Clones,attack_of_the_clones,2
3289410507.0,seen_episode_ii_attack_of_the_clones,1,Episode II: Attack of the Clones,attack_of_the_clones,2
3289410455.0,seen_episode_ii_attack_of_the_clones,1,Episode II: Attack of the Clones,attack_of_the_clones,2
3289398157.0,seen_episode_ii_attack_of_the_clones,0,Episode II: Attack of the Clones,attack_of_the_clones,2
3289394268.0,seen_episode_ii_attack_of_the_clones,1,Episode II: Attack of the Clones,attack_of_the_clones,2
3289393495.0,seen_episode_ii_attack_of_the_clones,0,Episode II: Attack of the Clones,attack_of_the_clones,2
3289392497.0,seen_episode_ii_attack_of_the_clones,1,Episode II: Attack of the Clones,attack_of_the_clones,2
3289383220.0,seen_episode_ii_attack_of_the_clones,0,Episode II: Attack of the Clones,attack_of_the_clones,2
3289381739.0,seen_episode_ii_attack_of_the_clones,1,Episode II: Attack of the Clones,attack_of_the_clones,2
3289374653.0,seen_episode_ii_attack_of_the_clones,0,Episode II: Attack of the Clones,attack_of_the_clones,2
3289370623.0,seen_episode_ii_attack_of_the_clones,1,Episode II: Attack of the Clones,attack_of_the_clones,2
3289369318.0,seen_episode_ii_attack_of_the_clones,0,Episode II: Attack of the Clones,attack_of_the_clones,2
3289363684.0,seen_episode_ii_attack_of_the_clones,1,Episode II: Attack of the Clones,attack_of_the_clones,2
3289358306.0,seen_episode_ii_attack_of_the_clones,0,Episode II: Attack of the Clones,attack_of_the_clones,2
3289354975.0,seen_episode_ii_attack_of_the_clones,1,Episode II: Attack of the Clones,attack_of_the_clones,2
3289351950.0,seen_episode_ii_attack_of_the_clones,1,Episode II: Attack of the Clones,attack_of_the_clones,2
3289351379.0,seen_episode_ii_attack_of_the_clones,1,Episode II: Attack of the Clones,attack_of_the_clones,2
3289341349.0,seen_episode_ii_attack_of_the_clones,0,Episode II: Attack of the Clones,attack_of_the_clones,2
3289334585.0,seen_episode_ii_attack_of_the_clones,0,Episode II: Attack of the Clones,attack_of_the_clones,2
3289334511.0,seen_episode_ii_attack_of_the_clones,0,Episode II: Attack of the Clones,attack_of_the_clones,2
3289322178.0,seen_episode_ii_attack_of_the_clones,0,Episode II: Attack of the Clones,attack_of_the_clones,2
3289321600.0,seen_episode_ii_attack_of_the_clones,0,Episode II: Attack of the Clones,attack_of_the_clones,2
3289317542.0,seen_episode_ii_attack_of_the_clones,1,Episode II: Attack of the Clones,attack_of_the_clones,2
3289316592.0,seen_episode_ii_attack_of_the_clones,0,Episode II: Attack of the Clones,attack_of_the_clones,2
3289311086.0,seen_episode_ii_attack_of_the_clones,1,Episode II: Attack of the Clones,attack_of_the_clones,2
3289305272.0,seen_episode_ii_attack_of_the_clones,0,Episode II: Attack of the Clones,attack_of_the_clones,2
3289302743.0,seen_episode_ii_attack_of_the_clones,0,Episode II: Attack of the Clones,attack_of_the_clones,2
3289301976.0,seen_episode_ii_attack_of_the_clones,0,Episode II: Attack of the Clones,attack_of_the_clones,2
3289282741.0,seen_episode_ii_attack_of_the_clones,0,Episode II: Attack of the Clones,attack_of_the_clones,2
3289281855.0,seen_episode_ii_attack_of_the_clones,0,Episode II: Attack of the Clones,attack_of_the_clones,2
3289279767.0,seen_episode_ii_attack_of_the_clones,0,Episode II: Attack of the Clones,attack_of_the_clones,2
3289274314.0,seen_episode_ii_attack_of_the_clones,1,Episode II: Attack of the Clones,attack_of_the_clones,2
3289274207.0,seen_episode_ii_attack_of_the_clones,0,Episode II: Attack of the Clones,attack_of_the_clones,2
3289262699.0,seen_episode_ii_attack_of_the_clones,1,Episode II: Attack of the Clones,attack_of_the_clones,2
3289262511.0,seen_episode_ii_attack_of_the_clones,1,Episode II: Attack of the Clones,attack_of_the_clones,2
3289242777.0,seen_episode_ii_attack_of_the_clones,0,Episode II: Attack of the Clones,attack_of_the_clones,2
3289236782.0,seen_episode_ii_attack_of_the_clones,1,Episode II: Attack of the Clones,attack_of_the_clones,2
3289198607.0,seen_episode_ii_attack_of_the_clones,1,Episode II: Attack of the Clones,attack_of_the_clones,2
3289179421.0,seen_episode_ii_attack_of_the_clones,0,Episode II: Attack of the Clones,attack_of_the_clones,2
3289178815.0,seen_episode_ii_attack_of_the_clones,0,Episode II: Attack of the Clones,attack_of_the_clones,2
3289177383.0,seen_episode_ii_attack_of_the_clones,1,Episode II: Attack of the Clones,attack_of_the_clones,2
3289172932.0,seen_episode_ii_attack_of_the_clones,0,Episode II: Attack of the Clones,attack_of_the_clones,2
3289156917.0,seen_episode_ii_attack_of_the_clones,1,Episode II: Attack of the Clones,attack_of_the_clones,2
3289153001.0,seen_episode_ii_attack_of_the_clones,0,Episode II: Attack of the Clones,attack_of_the_clones,2
3289148779.0,seen_episode_ii_attack_of_the_clones,0,Episode II: Attack of the Clones,attack_of_the_clones,2
3289112999.0,seen_episode_ii_attack_of_the_clones,1,Episode II: Attack of the Clones,attack_of_the_clones,2
3289095873.0,seen_episode_ii_attack_of_the_clones,0,Episode II: Attack of the Clones,attack_of_the_clones,2
3289069642.0,seen_episode_ii_attack_of_the_clones,1,Episode II: Attack of the Clones,attack_of_the_clones,2
3289064086.0,seen_episode_ii_attack_of_the_clones,0,Episode II: Attack of the Clones,attack_of_the_clones,2
3289054324.0,seen_episode_ii_attack_of_the_clones,1,Episode II: Attack of the Clones,attack_of_the_clones,2
3289049751.0,seen_episode_ii_attack_of_the_clones,0,Episode II: Attack of the Clones,attack_of_the_clones,2
3289032654.0,seen_episode_ii_attack_of_the_clones,0,Episode II: Attack of the Clones,attack_of_the_clones,2
3288941294.0,seen_episode_ii_attack_of_the_clones,1,Episode II: Attack of the Clones,attack_of_the_clones,2
3288846487.0,seen_episode_ii_attack_of_the_clones,0,Episode II: Attack of the Clones,attack_of_the_clones,2
3288826742.0,seen_episode_ii_attack_of_the_clones,0,Episode II: Attack of the Clones,attack_of_the_clones,2
3288823234.0,seen_episode_ii_attack_of_the_clones,0,Episode II: Attack of the Clones,attack_of_the_clones,2
3288802482.0,seen_episode_ii_attack_of_the_clones,0,Episode II: Attack of the Clones,attack_of_the_clones,2
3288793006.0,seen_episode_ii_attack_of_the_clones,0,Episode II: Attack of the Clones,attack_of_the_clones,2
3288777560.0,seen_episode_ii_attack_of_the_clones,1,Episode II: Attack of the Clones,attack_of_the_clones,2
3288772244.0,seen_episode_ii_attack_of_the_clones,0,Episode II: Attack of the Clones,attack_of_the_clones,2
3288771826.0,seen_episode_ii_attack_of_the_clones,0,Episode II: Attack of the Clones,attack_of_the_clones,2
3288750443.0,seen_episode_ii_attack_of_the_clones,1,Episode II: Attack of the Clones,attack_of_the_clones,2
3288741236.0,seen_episode_ii_attack_of_the_clones,1,Episode II: Attack of the Clones,attack_of_the_clones,2
3288740386.0,seen_episode_ii_attack_of_the_clones,1,Episode II: Attack of the Clones,attack_of_the_clones,2
3288728912.0,seen_episode_ii_attack_of_the_clones,0,Episode II: Attack of the Clones,attack_of_the_clones,2
3288723253.0,seen_episode_ii_attack_of_the_clones,0,Episode II: Attack of the Clones,attack_of_the_clones,2
3288722710.0,seen_episode_ii_attack_of_the_clones,0,Episode II: Attack of the Clones,attack_of_the_clones,2
3288719090.0,seen_episode_ii_attack_of_the_clones,1,Episode II: Attack of the Clones,attack_of_the_clones,2
3288718743.0,seen_episode_ii_attack_of_the_clones,1,Episode II: Attack of the Clones,attack_of_the_clones,2
3288714827.0,seen_episode_ii_attack_of_the_clones,1,Episode II: Attack of the Clones,attack_of_the_clones,2
3288714697.0,seen_episode_ii_attack_of_the_clones,0,Episode II: Attack of the Clones,attack_of_the_clones,2
3288713721.0,seen_episode_ii_attack_of_the_clones,0,Episode II: Attack of the Clones,attack_of_the_clones,2
3288713570.0,seen_episode_ii_attack_of_the_clones,1,Episode II: Attack of the Clones,attack_of_the_clones,2
3288712832.0,seen_episode_ii_attack_of_the_clones,1,Episode II: Attack of the Clones,attack_of_the_clones,2
3288704807.0,seen_episode_ii_attack_of_the_clones,1,Episode II: Attack of the Clones,attack_of_the_clones,2
3288702291.0,seen_episode_ii_attack_of_the_clones,1,Episode II: Attack of the Clones,attack_of_the_clones,2
3288700554.0,seen_episode_ii_attack_of_the_clones,0,Episode II: Attack of the Clones,attack_of_the_clones,2
3288699973.0,seen_episode_ii_attack_of_the_clones,0,Episode II: Attack of the Clones,attack_of_the_clones,2
3288698545.0,seen_episode_ii_attack_of_the_clones,0,Episode II: Attack of the Clones,attack_of_the_clones,2
3288698085.0,seen_episode_ii_attack_of_the_clones,0,Episode II: Attack of the Clones,attack_of_the_clones,2
3288697760.0,seen_episode_ii_attack_of_the_clones,1,Episode II: Attack of the Clones,attack_of_the_clones,2
3288696158.0,seen_episode_ii_attack_of_the_clones,0,Episode II: Attack of the Clones,attack_of_the_clones,2
3288694272.0,seen_episode_ii_attack_of_the_clones,0,Episode II: Attack of the Clones,attack_of_the_clones,2
3288690295.0,seen_episode_ii_attack_of_the_clones,1,Episode II: Attack of the Clones,attack_of_the_clones,2
3288689621.0,seen_episode_ii_attack_of_the_clones,0,Episode II: Attack of the Clones,attack_of_the_clones,2
3288687502.0,seen_episode_ii_attack_of_the_clones,1,Episode II: Attack of the Clones,attack_of_the_clones,2
3288685641.0,seen_episode_ii_attack_of_the_clones,1,Episode II: Attack of the Clones,attack_of_the_clones,2
3288683262.0,seen_episode_ii_attack_of_the_clones,0,Episode II: Attack of the Clones,attack_of_the_clones,2
3288683105.0,seen_episode_ii_attack_of_the_clones,1,Episode II: Attack of the Clones,attack_of_the_clones,2
3288682774.0,seen_episode_ii_attack_of_the_clones,0,Episode II: Attack of the Clones,attack_of_the_clones,2
3288682656.0,seen_episode_ii_attack_of_the_clones,1,Episode II: Attack of the Clones,attack_of_the_clones,2
3288678886.0,seen_episode_ii_attack_of_the_clones,0,Episode II: Attack of the Clones,attack_of_the_clones,2
3288675923.0,seen_episode_ii_attack_of_the_clones,1,Episode II: Attack of the Clones,attack_of_the_clones,2
3288672490.0,seen_episode_ii_attack_of_the_clones,0,Episode II: Attack of the Clones,attack_of_the_clones,2
3288672409.0,seen_episode_ii_attack_of_the_clones,1,Episode II: Attack of the Clones,attack_of_the_clones,2
3288672197.0,seen_episode_ii_attack_of_the_clones,0,Episode II: Attack of the Clones,attack_of_the_clones,2
3288671359.0,seen_episode_ii_attack_of_the_clones,1,Episode II: Attack of the Clones,attack_of_the_clones,2
3288671328.0,seen_episode_ii_attack_of_the_clones,1,Episode II: Attack of the Clones,attack_of_the_clones,2
3288670345.0,seen_episode_ii_attack_of_the_clones,1,Episode II: Attack of the Clones,attack_of_the_clones,2
3288668791.0,seen_episode_ii_attack_of_the_clones,1,Episode II: Attack of the Clones,attack_of_the_clones,2
3288668404.0,seen_episode_ii_attack_of_the_clones,0,Episode II: Attack of the Clones,attack_of_the_clones,2
3288668176.0,seen_episode_ii_attack_of_the_clones,1,Episode II: Attack of the Clones,attack_of_the_clones,2
3288666429.0,seen_episode_ii_attack_of_the_clones,0,Episode II: Attack of the Clones,attack_of_the_clones,2
3288665797.0,seen_episode_ii_attack_of_the_clones,0,Episode II: Attack of the Clones,attack_of_the_clones,2
3288665355.0,seen_episode_ii_attack_of_the_clones,0,Episode II: Attack of the Clones,attack_of_the_clones,2
3288662617.0,seen_episode_ii_attack_of_the_clones,0,Episode II: Attack of the Clones,attack_of_the_clones,2
3288660175.0,seen_episode_ii_attack_of_the_clones,1,Episode II: Attack of the Clones,attack_of_the_clones,2
3288657866.0,seen_episode_ii_attack_of_the_clones,0,Episode II: Attack of the Clones,attack_of_the_clones,2
3288657113.0,seen_episode_ii_attack_of_the_clones,1,Episode II: Attack of the Clones,attack_of_the_clones,2
3288653945.0,seen_episode_ii_attack_of_the_clones,0,Episode II: Attack of the Clones,attack_of_the_clones,2
3288653548.0,seen_episode_ii_attack_of_the_clones,1,Episode II: Attack of the Clones,attack_of_the_clones,2
3288653332.0,seen_episode_ii_attack_of_the_clones,0,Episode II: Attack of the Clones,attack_of_the_clones,2
3288653149.0,seen_episode_ii_attack_of_the_clones,1,Episode II: Attack of the Clones,attack_of_the_clones,2
3288650455.0,seen_episode_ii_attack_of_the_clones,1,Episode II: Attack of the Clones,attack_of_the_clones,2
3288649171.0,seen_episode_ii_attack_of_the_clones,0,Episode II: Attack of the Clones,attack_of_the_clones,2
3288647913.0,seen_episode_ii_attack_of_the_clones,1,Episode II: Attack of the Clones,attack_of_the_clones,2
3288647623.0,seen_episode_ii_attack_of_the_clones,1,Episode II: Attack of the Clones,attack_of_the_clones,2
3288644592.0,seen_episode_ii_attack_of_the_clones,1,Episode II: Attack of the Clones,attack_of_the_clones,2
3288644163.0,seen_episode_ii_attack_of_the_clones,1,Episode II: Attack of the Clones,attack_of_the_clones,2
3288641278.0,seen_episode_ii_attack_of_the_clones,0,Episode II: Attack of the Clones,attack_of_the_clones,2
3288639879.0,seen_episode_ii_attack_of_the_clones,0,Episode II: Attack of the Clones,attack_of_the_clones,2
3288639732.0,seen_episode_ii_attack_of_the_clones,0,Episode II: Attack of the Clones,attack_of_the_clones,2
3288639377.0,seen_episode_ii_attack_of_the_clones,1,Episode II: Attack of the Clones,attack_of_the_clones,2
3288638640.0,seen_episode_ii_attack_of_the_clones,0,Episode II: Attack of the Clones,attack_of_the_clones,2
3288635451.0,seen_episode_ii_attack_of_the_clones,1,Episode II: Attack of the Clones,attack_of_the_clones,2
3288633861.0,seen_episode_ii_attack_of_the_clones,0,Episode II: Attack of the Clones,attack_of_the_clones,2
3288629979.0,seen_episode_ii_attack_of_the_clones,1,Episode II: Attack of the Clones,attack_of_the_clones,2
3288627180.0,seen_episode_ii_attack_of_the_clones,0,Episode II: Attack of the Clones,attack_of_the_clones,2
3288625580.0,seen_episode_ii_attack_of_the_clones,0,Episode II: Attack of the Clones,attack_of_the_clones,2
3288623870.0,seen_episode_ii_attack_of_the_clones,1,Episode II: Attack of the Clones,attack_of_the_clones,2
3288623420.0,seen_episode_ii_attack_of_the_clones,0,Episode II: Attack of the Clones,attack_of_the_clones,2
3288623033.0,seen_episode_ii_attack_of_the_clones,1,Episode II: Attack of the Clones,attack_of_the_clones,2
3288620198.0,seen_episode_ii_attack_of_the_clones,1,Episode II: Attack of the Clones,attack_of_the_clones,2
3288618459.0,seen_episode_ii_attack_of_the_clones,0,Episode II: Attack of the Clones,attack_of_the_clones,2
3288617343.0,seen_episode_ii_attack_of_the_clones,0,Episode II: Attack of the Clones,attack_of_the_clones,2
3288617091.0,seen_episode_ii_attack_of_the_clones,1,Episode II: Attack of the Clones,attack_of_the_clones,2
3288614671.0,seen_episode_ii_attack_of_the_clones,1,Episode II: Attack of the Clones,attack_of_the_clones,2
3288614539.0,seen_episode_ii_attack_of_the_clones,1,Episode II: Attack of the Clones,attack_of_the_clones,2
3288614195.0,seen_episode_ii_attack_of_the_clones,1,Episode II: Attack of the Clones,attack_of_the_clones,2
3288613051.0,seen_episode_ii_attack_of_the_clones,0,Episode II: Attack of the Clones,attack_of_the_clones,2
3288609566.0,seen_episode_ii_attack_of_the_clones,1,Episode II: Attack of the Clones,attack_of_the_clones,2
3288608965.0,seen_episode_ii_attack_of_the_clones,0,Episode II: Attack of the Clones,attack_of_the_clones,2
3288604946.0,seen_episode_ii_attack_of_the_clones,1,Episode II: Attack of the Clones,attack_of_the_clones,2
3288602883.0,seen_episode_ii_attack_of_the_clones,1,Episode II: Attack of the Clones,attack_of_the_clones,2
3288601847.0,seen_episode_ii_attack_of_the_clones,1,Episode II: Attack of the Clones,attack_of_the_clones,2
3288601827.0,seen_episode_ii_attack_of_the_clones,0,Episode II: Attack of the Clones,attack_of_the_clones,2
3288599799.0,seen_episode_ii_attack_of_the_clones,1,Episode II: Attack of the Clones,attack_of_the_clones,2
3288599067.0,seen_episode_ii_attack_of_the_clones,1,Episode II: Attack of the Clones,attack_of_the_clones,2
3288593331.0,seen_episode_ii_attack_of_the_clones,0,Episode II: Attack of the Clones,attack_of_the_clones,2
3288590836.0,seen_episode_ii_attack_of_the_clones,0,Episode II: Attack of the Clones,attack_of_the_clones,2
3288588424.0,seen_episode_ii_attack_of_the_clones,0,Episode II: Attack of the Clones,attack_of_the_clones,2
3288587373.0,seen_episode_ii_attack_of_the_clones,1,Episode II: Attack of the Clones,attack_of_the_clones,2
3288586178.0,seen_episode_ii_attack_of_the_clones,0,Episode II: Attack of the Clones,attack_of_the_clones,2
3288585053.0,seen_episode_ii_attack_of_the_clones,1,Episode II: Attack of the Clones,attack_of_the_clones,2
3288584578.0,seen_episode_ii_attack_of_the_clones,1,Episode II: Attack of the Clones,attack_of_the_clones,2
3288583884.0,seen_episode_ii_attack_of_the_clones,0,Episode II: Attack of the Clones,attack_of_the_clones,2
3288583591.0,seen_episode_ii_attack_of_the_clones,0,Episode II: Attack of the Clones,attack_of_the_clones,2
3288581774.0,seen_episode_ii_attack_of_the_clones,0,Episode II: Attack of the Clones,attack_of_the_clones,2
3288580684.0,seen_episode_ii_attack_of_the_clones,0,Episode II: Attack of the Clones,attack_of_the_clones,2
3288580145.0,seen_episode_ii_attack_of_the_clones,0,Episode II: Attack of the Clones,attack_of_the_clones,2
3288579719.0,seen_episode_ii_attack_of_the_clones,0,Episode II: Attack of the Clones,attack_of_the_clones,2
3288579445.0,seen_episode_ii_attack_of_the_clones,0,Episode II: Attack of the Clones,attack_of_the_clones,2
3288578983.0,seen_episode_ii_attack_of_the_clones,0,Episode II: Attack of the Clones,attack_of_the_clones,2
3288578072.0,seen_episode_ii_attack_of_the_clones,1,Episode II: Attack of the Clones,attack_of_the_clones,2
3288576462.0,seen_episode_ii_attack_of_the_clones,1,Episode II: Attack of the Clones,attack_of_the_clones,2
3288574703.0,seen_episode_ii_attack_of_the_clones,1,Episode II: Attack of the Clones,attack_of_the_clones,2
3288571196.0,seen_episode_ii_attack_of_the_clones,0,Episode II: Attack of the Clones,attack_of_the_clones,2
3288568534.0,seen_episode_ii_attack_of_the_clones,1,Episode II: Attack of the Clones,attack_of_the_clones,2
3288567242.0,seen_episode_ii_attack_of_the_clones,0,Episode II: Attack of the Clones,attack_of_the_clones,2
3288567154.0,seen_episode_ii_attack_of_the_clones,1,Episode II: Attack of the Clones,attack_of_the_clones,2
3288563970.0,seen_episode_ii_attack_of_the_clones,0,Episode II: Attack of the Clones,attack_of_the_clones,2
3288563342.0,seen_episode_ii_attack_of_the_clones,0,Episode II: Attack of the Clones,attack_of_the_clones,2
3288563065.0,seen_episode_ii_attack_of_the_clones,0,Episode II: Attack of the Clones,attack_of_the_clones,2
3288559700.0,seen_episode_ii_attack_of_the_clones,0,Episode II: Attack of the Clones,attack_of_the_clones,2
3288559015.0,seen_episode_ii_attack_of_the_clones,0,Episode II: Attack of the Clones,attack_of_the_clones,2
3288558131.0,seen_episode_ii_attack_of_the_clones,0,Episode II: Attack of the Clones,attack_of_the_clones,2
3288557322.0,seen_episode_ii_attack_of_the_clones,0,Episode II: Attack of the Clones,attack_of_the_clones,2
3288553903.0,seen_episode_ii_attack_of_the_clones,1,Episode II: Attack of the Clones,attack_of_the_clones,2
3288553457.0,seen_episode_ii_attack_of_the_clones,0,Episode II: Attack of the Clones,attack_of_the_clones,2
3288552984.0,seen_episode_ii_attack_of_the_clones,1,Episode II: Attack of the Clones,attack_of_the_clones,2
3288551156.0,seen_episode_ii_attack_of_the_clones,0,Episode II: Attack of the Clones,attack_of_the_clones,2
3288549677.0,seen_episode_ii_attack_of_the_clones,0,Episode II: Attack of the Clones,attack_of_the_clones,2
3288547379.0,seen_episode_ii_attack_of_the_clones,0,Episode II: Attack of the Clones,attack_of_the_clones,2
3288545527.0,seen_episode_ii_attack_of_the_clones,0,Episode II: Attack of the Clones,attack_of_the_clones,2
3288544295.0,seen_episode_ii_attack_of_the_clones,0,Episode II: Attack of the Clones,attack_of_the_clones,2
3288539645.0,seen_episode_ii_attack_of_the_clones,0,Episode II: Attack of the Clones,attack_of_the_clones,2
3288538248.0,seen_episode_ii_attack_of_the_clones,1,Episode II: Attack of the Clones,attack_of_the_clones,2
3288536532.0,seen_episode_ii_attack_of_the_clones,0,Episode II: Attack of the Clones,attack_of_the_clones,2
3288534023.0,seen_episode_ii_attack_of_the_clones,0,Episode II: Attack of the Clones,attack_of_the_clones,2
3288532773.0,seen_episode_ii_attack_of_the_clones,0,Episode II: Attack of the Clones,attack_of_the_clones,2
3288532255.0,seen_episode_ii_attack_of_the_clones,0,Episode II: Attack of the Clones,attack_of_the_clones,2
3288526244.0,seen_episode_ii_attack_of_the_clones,0,Episode II: Attack of the Clones,attack_of_the_clones,2
3288524042.0,seen_episode_ii_attack_of_the_clones,1,Episode II: Attack of the Clones,attack_of_the_clones,2
3288523874.0,seen_episode_ii_attack_of_the_clones,1,Episode II: Attack of the Clones,attack_of_the_clones,2
3288522525.0,seen_episode_ii_attack_of_the_clones,0,Episode II: Attack of the Clones,attack_of_the_clones,2
3288522488.0,seen_episode_ii_attack_of_the_clones,1,Episode II: Attack of the Clones,attack_of_the_clones,2
3288521325.0,seen_episode_ii_attack_of_the_clones,0,Episode II: Attack of the Clones,attack_of_the_clones,2
3288519037.0,seen_episode_ii_attack_of_the_clones,0,Episode II: Attack of the Clones,attack_of_the_clones,2
3288516295.0,seen_episode_ii_attack_of_the_clones,0,Episode II: Attack of the Clones,attack_of_the_clones,2
3288515773.0,seen_episode_ii_attack_of_the_clones,0,Episode II: Attack of the Clones,attack_of_the_clones,2
3288514217.0,seen_episode_ii_attack_of_the_clones,0,Episode II: Attack of the Clones,attack_of_the_clones,2
3288513045.0,seen_episode_ii_attack_of_the_clones,0,Episode II: Attack of the Clones,attack_of_the_clones,2
3288512822.0,seen_episode_ii_attack_of_the_clones,0,Episode II: Attack of the Clones,attack_of_the_clones,2
3288512665.0,seen_episode_ii_attack_of_the_clones,1,Episode II: Attack of the Clones,attack_of_the_clones,2
3288512020.0,seen_episode_ii_attack_of_the_clones,0,Episode II: Attack of the Clones,attack_of_the_clones,2
3288511686.0,seen_episode_ii_attack_of_the_clones,0,Episode II: Attack of the Clones,attack_of_the_clones,2
3288511180.0,seen_episode_ii_attack_of_the_clones,0,Episode II: Attack of the Clones,attack_of_the_clones,2
3288509415.0,seen_episode_ii_attack_of_the_clones,1,Episode II: Attack of the Clones,attack_of_the_clones,2
3288506275.0,seen_episode_ii_attack_of_the_clones,1,Episode II: Attack of the Clones,attack_of_the_clones,2
3288505925.0,seen_episode_ii_attack_of_the_clones,1,Episode II: Attack of the Clones,attack_of_the_clones,2
3288505737.0,seen_episode_ii_attack_of_the_clones,1,Episode II: Attack of the Clones,attack_of_the_clones,2
3288505216.0,seen_episode_ii_attack_of_the_clones,0,Episode II: Attack of the Clones,attack_of_the_clones,2
3288505151.0,seen_episode_ii_attack_of_the_clones,0,Episode II: Attack of the Clones,attack_of_the_clones,2
3288504398.0,seen_episode_ii_attack_of_the_clones,0,Episode II: Attack of the Clones,attack_of_the_clones,2
3288502884.0,seen_episode_ii_attack_of_the_clones,0,Episode II: Attack of the Clones,attack_of_the_clones,2
3288501301.0,seen_episode_ii_attack_of_the_clones,1,Episode II: Attack of the Clones,attack_of_the_clones,2
3288499757.0,seen_episode_ii_attack_of_the_clones,0,Episode II: Attack of the Clones,attack_of_the_clones,2
3288498715.0,seen_episode_ii_attack_of_the_clones,1,Episode II: Attack of the Clones,attack_of_the_clones,2
3288497532.0,seen_episode_ii_attack_of_the_clones,0,Episode II: Attack of the Clones,attack_of_the_clones,2
3288497228.0,seen_episode_ii_attack_of_the_clones,1,Episode II: Attack of the Clones,attack_of_the_clones,2
3288497010.0,seen_episode_ii_attack_of_the_clones,0,Episode II: Attack of the Clones,attack_of_the_clones,2
3288493077.0,seen_episode_ii_attack_of_the_clones,1,Episode II: Attack of the Clones,attack_of_the_clones,2
3288492006.0,seen_episode_ii_attack_of_the_clones,0,Episode II: Attack of the Clones,attack_of_the_clones,2
3288484535.0,seen_episode_ii_attack_of_the_clones,1,Episode II: Attack of the Clones,attack_of_the_clones,2
3288482717.0,seen_episode_ii_attack_of_the_clones,1,Episode II: Attack of the Clones,attack_of_the_clones,2
3288482581.0,seen_episode_ii_attack_of_the_clones,1,Episode II: Attack of the Clones,attack_of_the_clones,2
3288482369.0,seen_episode_ii_attack_of_the_clones,0,Episode II: Attack of the Clones,attack_of_the_clones,2
3288479368.0,seen_episode_ii_attack_of_the_clones,1,Episode II: Attack of the Clones,attack_of_the_clones,2
3288479074.0,seen_episode_ii_attack_of_the_clones,0,Episode II: Attack of the Clones,attack_of_the_clones,2
3288477753.0,seen_episode_ii_attack_of_the_clones,0,Episode II: Attack of the Clones,attack_of_the_clones,2
3288476971.0,seen_episode_ii_attack_of_the_clones,1,Episode II: Attack of the Clones,attack_of_the_clones,2
3288472373.0,seen_episode_ii_attack_of_the_clones,0,Episode II: Attack of the Clones,attack_of_the_clones,2
3288471192.0,seen_episode_ii_attack_of_the_clones,0,Episode II: Attack of the Clones,attack_of_the_clones,2
3288469670.0,seen_episode_ii_attack_of_the_clones,0,Episode II: Attack of the Clones,attack_of_the_clones,2
3288469047.0,seen_episode_ii_attack_of_the_clones,0,Episode II: Attack of the Clones,attack_of_the_clones,2
3288460192.0,seen_episode_ii_attack_of_the_clones,0,Episode II: Attack of the Clones,attack_of_the_clones,2
3288459190.0,seen_episode_ii_attack_of_the_clones,0,Episode II: Attack of the Clones,attack_of_the_clones,2
3288458873.0,seen_episode_ii_attack_of_the_clones,0,Episode II: Attack of the Clones,attack_of_the_clones,2
3288456946.0,seen_episode_ii_attack_of_the_clones,1,Episode II: Attack of the Clones,attack_of_the_clones,2
3288455900.0,seen_episode_ii_attack_of_the_clones,0,Episode II: Attack of the Clones,attack_of_the_clones,2
3288453555.0,seen_episode_ii_attack_of_the_clones,0,Episode II: Attack of the Clones,attack_of_the_clones,2
3288446700.0,seen_episode_ii_attack_of_the_clones,0,Episode II: Attack of the Clones,attack_of_the_clones,2
3288446529.0,seen_episode_ii_attack_of_the_clones,1,Episode II: Attack of the Clones,attack_of_the_clones,2
3288445926.0,seen_episode_ii_attack_of_the_clones,1,Episode II: Attack of the Clones,attack_of_the_clones,2
3288444784.0,seen_episode_ii_attack_of_the_clones,1,Episode II: Attack of the Clones,attack_of_the_clones,2
3288442728.0,seen_episode_ii_attack_of_the_clones,1,Episode II: Attack of the Clones,attack_of_the_clones,2
3288436226.0,seen_episode_ii_attack_of_the_clones,0,Episode II: Attack of the Clones,attack_of_the_clones,2
3288432395.0,seen_episode_ii_attack_of_the_clones,0,Episode II: Attack of the Clones,attack_of_the_clones,2
3288429451.0,seen_episode_ii_attack_of_the_clones,1,Episode II: Attack of the Clones,attack_of_the_clones,2
3288429390.0,seen_episode_ii_attack_of_the_clones,0,Episode II: Attack of the Clones,attack_of_the_clones,2
3288429092.0,seen_episode_ii_attack_of_the_clones,1,Episode II: Attack of the Clones,attack_of_the_clones,2
3288428243.0,seen_episode_ii_attack_of_the_clones,0,Episode II: Attack of the Clones,attack_of_the_clones,2
3288425859.0,seen_episode_ii_attack_of_the_clones,1,Episode II: Attack of the Clones,attack_of_the_clones,2
3288423088.0,seen_episode_ii_attack_of_the_clones,0,Episode II: Attack of the Clones,attack_of_the_clones,2
3288423045.0,seen_episode_ii_attack_of_the_clones,0,Episode II: Attack of the Clones,attack_of_the_clones,2
3288421819.0,seen_episode_ii_attack_of_the_clones,0,Episode II: Attack of the Clones,attack_of_the_clones,2
3288420798.0,seen_episode_ii_attack_of_the_clones,0,Episode II: Attack of the Clones,attack_of_the_clones,2
3288417782.0,seen_episode_ii_attack_of_the_clones,1,Episode II: Attack of the Clones,attack_of_the_clones,2
3288417641.0,seen_episode_ii_attack_of_the_clones,0,Episode II: Attack of the Clones,attack_of_the_clones,2
3288416959.0,seen_episode_ii_attack_of_the_clones,0,Episode II: Attack of the Clones,attack_of_the_clones,2
3288415166.0,seen_episode_ii_attack_of_the_clones,1,Episode II: Attack of the Clones,attack_of_the_clones,2
3288414025.0,seen_episode_ii_attack_of_the_clones,1,Episode II: Attack of the Clones,attack_of_the_clones,2
3288413441.0,seen_episode_ii_attack_of_the_clones,1,Episode II: Attack of the Clones,attack_of_the_clones,2
3288410348.0,seen_episode_ii_attack_of_the_clones,0,Episode II: Attack of the Clones,attack_of_the_clones,2
3288410073.0,seen_episode_ii_attack_of_the_clones,0,Episode II: Attack of the Clones,attack_of_the_clones,2
3288408698.0,seen_episode_ii_attack_of_the_clones,0,Episode II: Attack of the Clones,attack_of_the_clones,2
3288402717.0,seen_episode_ii_attack_of_the_clones,0,Episode II: Attack of the Clones,attack_of_the_clones,2
3288402643.0,seen_episode_ii_attack_of_the_clones,1,Episode II: Attack of the Clones,attack_of_the_clones,2
3288402592.0,seen_episode_ii_attack_of_the_clones,0,Episode II: Attack of the Clones,attack_of_the_clones,2
3288402511.0,seen_episode_ii_attack_of_the_clones,1,Episode II: Attack of the Clones,attack_of_the_clones,2
3288401681.0,seen_episode_ii_attack_of_the_clones,1,Episode II: Attack of the Clones,attack_of_the_clones,2
3288401136.0,seen_episode_ii_attack_of_the_clones,1,Episode II: Attack of the Clones,attack_of_the_clones,2
3288398062.0,seen_episode_ii_attack_of_the_clones,1,Episode II: Attack of the Clones,attack_of_the_clones,2
3288396374.0,seen_episode_ii_attack_of_the_clones,1,Episode II: Attack of the Clones,attack_of_the_clones,2
3288395255.0,seen_episode_ii_attack_of_the_clones,0,Episode II: Attack of the Clones,attack_of_the_clones,2
3288391812.0,seen_episode_ii_attack_of_the_clones,0,Episode II: Attack of the Clones,attack_of_the_clones,2
3288389603.0,seen_episode_ii_attack_of_the_clones,1,Episode II: Attack of the Clones,attack_of_the_clones,2
3288388730.0,seen_episode_ii_attack_of_the_clones,1,Episode II: Attack of the Clones,attack_of_the_clones,2
3288378779.0,seen_episode_ii_attack_of_the_clones,1,Episode II: Attack of the Clones,attack_of_the_clones,2
3288375286.0,seen_episode_ii_attack_of_the_clones,0,Episode II: Attack of the Clones,attack_of_the_clones,2
3288373068.0,seen_episode_ii_attack_of_the_clones,1,Episode II: Attack of the Clones,attack_of_the_clones,2
3288372923.0,seen_episode_ii_attack_of_the_clones,1,Episode II: Attack of the Clones,attack_of_the_clones,2
3292879998.0,seen_episode_iii_revenge_of_the_sith,1,Episode III: Revenge of the Sith,revenge_of_the_sith,3
3292879538.0,seen_episode_iii_revenge_of_the_sith,0,Episode III: Revenge of the Sith,revenge_of_the_sith,3
3292765271.0,seen_episode_iii_revenge_of_the_sith,1,Episode III: Revenge of the Sith,revenge_of_the_sith,3
3292763116.0,seen_episode_iii_revenge_of_the_sith,1,Episode III: Revenge of the Sith,revenge_of_the_sith,3
3292731220.0,seen_episode_iii_revenge_of_the_sith,1,Episode III: Revenge of the Sith,revenge_of_the_sith,3
3292719380.0,seen_episode_iii_revenge_of_the_sith,1,Episode III: Revenge of the Sith,revenge_of_the_sith,3
3292684787.0,seen_episode_iii_revenge_of_the_sith,1,Episode III: Revenge of the Sith,revenge_of_the_sith,3
3292663732.0,seen_episode_iii_revenge_of_the_sith,1,Episode III: Revenge of the Sith,revenge_of_the_sith,3
3292654043.0,seen_episode_iii_revenge_of_the_sith,1,Episode III: Revenge of the Sith,revenge_of_the_sith,3
3292640424.0,seen_episode_iii_revenge_of_the_sith,0,Episode III: Revenge of the Sith,revenge_of_the_sith,3
3292637870.0,seen_episode_iii_revenge_of_the_sith,0,Episode III: Revenge of the Sith,revenge_of_the_sith,3
3292635062.0,seen_episode_iii_revenge_of_the_sith,0,Episode III: Revenge of the Sith,revenge_of_the_sith,3
3292609214.0,seen_episode_iii_revenge_of_the_sith,1,Episode III: Revenge of the Sith,revenge_of_the_sith,3
3292596911.0,seen_episode_iii_revenge_of_the_sith,1,Episode III: Revenge of the Sith,revenge_of_the_sith,3
3292587240.0,seen_episode_iii_revenge_of_the_sith,1,Episode III: Revenge of the Sith,revenge_of_the_sith,3
3292583038.0,seen_episode_iii_revenge_of_the_sith,1,Episode III: Revenge of the Sith,revenge_of_the_sith,3
3292580516.0,seen_episode_iii_revenge_of_the_sith,0,Episode III: Revenge of the Sith,revenge_of_the_sith,3
3292572872.0,seen_episode_iii_revenge_of_the_sith,1,Episode III: Revenge of the Sith,revenge_of_the_sith,3
3292565282.0,seen_episode_iii_revenge_of_the_sith,1,Episode III: Revenge of the Sith,revenge_of_the_sith,3
3292562297.0,seen_episode_iii_revenge_of_the_sith,1,Episode III: Revenge of the Sith,revenge_of_the_sith,3
3292522349.0,seen_episode_iii_revenge_of_the_sith,1,Episode III: Revenge of the Sith,revenge_of_the_sith,3
3292521066.0,seen_episode_iii_revenge_of_the_sith,1,Episode III: Revenge of the Sith,revenge_of_the_sith,3
3292511801.0,seen_episode_iii_revenge_of_the_sith,1,Episode III: Revenge of the Sith,revenge_of_the_sith,3
3292483200.0,seen_episode_iii_revenge_of_the_sith,1,Episode III: Revenge of the Sith,revenge_of_the_sith,3
3292465491.0,seen_episode_iii_revenge_of_the_sith,1,Episode III: Revenge of the Sith,revenge_of_the_sith,3
3292447974.0,seen_episode_iii_revenge_of_the_sith,0,Episode III: Revenge of the Sith,revenge_of_the_sith,3
3292420123.0,seen_episode_iii_revenge_of_the_sith,1,Episode III: Revenge of the Sith,revenge_of_the_sith,3
3292384040.0,seen_episode_iii_revenge_of_the_sith,1,Episode III: Revenge of the Sith,revenge_of_the_sith,3
3292380493.0,seen_episode_iii_revenge_of_the_sith,1,Episode III: Revenge of the Sith,revenge_of_the_sith,3
3292376985.0,seen_episode_iii_revenge_of_the_sith,1,Episode III: Revenge of the Sith,revenge_of_the_sith,3
3292366792.0,seen_episode_iii_revenge_of_the_sith,1,Episode III: Revenge of the Sith,revenge_of_the_sith,3
3292339379.0,seen_episode_iii_revenge_of_the_sith,1,Episode III: Revenge of the Sith,revenge_of_the_sith,3
3292330840.0,seen_episode_iii_revenge_of_the_sith,1,Episode III: Revenge of the Sith,revenge_of_the_sith,3
3292318652.0,seen_episode_iii_revenge_of_the_sith,1,Episode III: Revenge of the Sith,revenge_of_the_sith,3
3292297848.0,seen_episode_iii_revenge_of_the_sith,0,Episode III: Revenge of the Sith,revenge_of_the_sith,3
3292290677.0,seen_episode_iii_revenge_of_the_sith,1,Episode III: Revenge of the Sith,revenge_of_the_sith,3
3292281095.0,seen_episode_iii_revenge_of_the_sith,1,Episode III: Revenge of the Sith,revenge_of_the_sith,3
3292279889.0,seen_episode_iii_revenge_of_the_sith,1,Episode III: Revenge of the Sith,revenge_of_the_sith,3
3292264069.0,seen_episode_iii_revenge_of_the_sith,1,Episode III: Revenge of the Sith,revenge_of_the_sith,3
3292257520.0,seen_episode_iii_revenge_of_the_sith,1,Episode III: Revenge of the Sith,revenge_of_the_sith,3
3292249492.0,seen_episode_iii_revenge_of_the_sith,1,Episode III: Revenge of the Sith,revenge_of_the_sith,3
3292222729.0,seen_episode_iii_revenge_of_the_sith,1,Episode III: Revenge of the Sith,revenge_of_the_sith,3
3292221635.0,seen_episode_iii_revenge_of_the_sith,1,Episode III: Revenge of the Sith,revenge_of_the_sith,3
3292218251.0,seen_episode_iii_revenge_of_the_sith,1,Episode III: Revenge of the Sith,revenge_of_the_sith,3
3292214307.0,seen_episode_iii_revenge_of_the_sith,1,Episode III: Revenge of the Sith,revenge_of_the_sith,3
3292210606.0,seen_episode_iii_revenge_of_the_sith,1,Episode III: Revenge of the Sith,revenge_of_the_sith,3
3292202220.0,seen_episode_iii_revenge_of_the_sith,0,Episode III: Revenge of the Sith,revenge_of_the_sith,3
3292189580.0,seen_episode_iii_revenge_of_the_sith,1,Episode III: Revenge of the Sith,revenge_of_the_sith,3
3292187343.0,seen_episode_iii_revenge_of_the_sith,1,Episode III: Revenge of the Sith,revenge_of_the_sith,3
3292186608.0,seen_episode_iii_revenge_of_the_sith,0,Episode III: Revenge of the Sith,revenge_of_the_sith,3
3292178389.0,seen_episode_iii_revenge_of_the_sith,0,Episode III: Revenge of the Sith,revenge_of_the_sith,3
3292176862.0,seen_episode_iii_revenge_of_the_sith,1,Episode III: Revenge of the Sith,revenge_of_the_sith,3
3292173922.0,seen_episode_iii_revenge_of_the_sith,1,Episode III: Revenge of the Sith,revenge_of_the_sith,3
3292167131.0,seen_episode_iii_revenge_of_the_sith,1,Episode III: Revenge of the Sith,revenge_of_the_sith,3
3292162057.0,seen_episode_iii_revenge_of_the_sith,1,Episode III: Revenge of the Sith,revenge_of_the_sith,3
3292161407.0,seen_episode_iii_revenge_of_the_sith,0,Episode III: Revenge of the Sith,revenge_of_the_sith,3
3292156614.0,seen_episode_iii_revenge_of_the_sith,1,Episode III: Revenge of the Sith,revenge_of_the_sith,3
3292148570.0,seen_episode_iii_revenge_of_the_sith,1,Episode III: Revenge of the Sith,revenge_of_the_sith,3
3292144665.0,seen_episode_iii_revenge_of_the_sith,1,Episode III: Revenge of the Sith,revenge_of_the_sith,3
3292143503.0,seen_episode_iii_revenge_of_the_sith,0,Episode III: Revenge of the Sith,revenge_of_the_sith,3
3292131636.0,seen_episode_iii_revenge_of_the_sith,1,Episode III: Revenge of the Sith,revenge_of_the_sith,3
3292125068.0,seen_episode_iii_revenge_of_the_sith,0,Episode III: Revenge of the Sith,revenge_of_the_sith,3
3292120160.0,seen_episode_iii_revenge_of_the_sith,1,Episode III: Revenge of the Sith,revenge_of_the_sith,3
3292103680.0,seen_episode_iii_revenge_of_the_sith,1,Episode III: Revenge of the Sith,revenge_of_the_sith,3
3292050153.0,seen_episode_iii_revenge_of_the_sith,1,Episode III: Revenge of the Sith,revenge_of_the_sith,3
3292041365.0,seen_episode_iii_revenge_of_the_sith,1,Episode III: Revenge of the Sith,revenge_of_the_sith,3
3292033243.0,seen_episode_iii_revenge_of_the_sith,1,Episode III: Revenge of the Sith,revenge_of_the_sith,3
3292031637.0,seen_episode_iii_revenge_of_the_sith,1,Episode III: Revenge of the Sith,revenge_of_the_sith,3
3292008762.0,seen_episode_iii_revenge_of_the_sith,1,Episode III: Revenge of the Sith,revenge_of_the_sith,3
3291992352.0,seen_episode_iii_revenge_of_the_sith,1,Episode III: Revenge of the Sith,revenge_of_the_sith,3
3291945498.0,seen_episode_iii_revenge_of_the_sith,1,Episode III: Revenge of the Sith,revenge_of_the_sith,3
3291940517.0,seen_episode_iii_revenge_of_the_sith,1,Episode III: Revenge of the Sith,revenge_of_the_sith,3
3291871486.0,seen_episode_iii_revenge_of_the_sith,1,Episode III: Revenge of the Sith,revenge_of_the_sith,3
3291778150.0,seen_episode_iii_revenge_of_the_sith,1,Episode III: Revenge of the Sith,revenge_of_the_sith,3
3291766314.0,seen_episode_iii_revenge_of_the_sith,1,Episode III: Revenge of the Sith,revenge_of_the_sith,3
3291762799.0,seen_episode_iii_revenge_of_the_sith,1,Episode III: Revenge of the Sith,revenge_of_the_sith,3
3291707153.0,seen_episode_iii_revenge_of_the_sith,0,Episode III: Revenge of the Sith,revenge_of_the_sith,3
3291701619.0,seen_episode_iii_revenge_of_the_sith,1,Episode III: Revenge of the Sith,revenge_of_the_sith,3
3291696391.0,seen_episode_iii_revenge_of_the_sith,0,Episode III: Revenge of the Sith,revenge_of_the_sith,3
3291684768.0,seen_episode_iii_revenge_of_the_sith,1,Episode III: Revenge of the Sith,revenge_of_the_sith,3
3291669388.0,seen_episode_iii_revenge_of_the_sith,0,Episode III: Revenge of the Sith,revenge_of_the_sith,3
3291661584.0,seen_episode_iii_revenge_of_the_sith,0,Episode III: Revenge of the Sith,revenge_of_the_sith,3
3291658046.0,seen_episode_iii_revenge_of_the_sith,1,Episode III: Revenge of the Sith,revenge_of_the_sith,3
3291654919.0,seen_episode_iii_revenge_of_the_sith,1,Episode III: Revenge of the Sith,revenge_of_the_sith,3
3291653882.0,seen_episode_iii_revenge_of_the_sith,0,Episode III: Revenge of the Sith,revenge_of_the_sith,3
3291650311.0,seen_episode_iii_revenge_of_the_sith,1,Episode III: Revenge of the Sith,revenge_of_the_sith,3
3291649780.0,seen_episode_iii_revenge_of_the_sith,0,Episode III: Revenge of the Sith,revenge_of_the_sith,3
3291648660.0,seen_episode_iii_revenge_of_the_sith,0,Episode III: Revenge of the Sith,revenge_of_the_sith,3
3291641416.0,seen_episode_iii_revenge_of_the_sith,1,Episode III: Revenge of the Sith,revenge_of_the_sith,3
3291635934.0,seen_episode_iii_revenge_of_the_sith,0,Episode III: Revenge of the Sith,revenge_of_the_sith,3
3291634205.0,seen_episode_iii_revenge_of_the_sith,0,Episode III: Revenge of the Sith,revenge_of_the_sith,3
3291618031.0,seen_episode_iii_revenge_of_the_sith,0,Episode III: Revenge of the Sith,revenge_of_the_sith,3
3291603688.0,seen_episode_iii_revenge_of_the_sith,0,Episode III: Revenge of the Sith,revenge_of_the_sith,3
3291602842.0,seen_episode_iii_revenge_of_the_sith,1,Episode III: Revenge of the Sith,revenge_of_the_sith,3
3291598188.0,seen_episode_iii_revenge_of_the_sith,1,Episode III: Revenge of the Sith,revenge_of_the_sith,3
3291588139.0,seen_episode_iii_revenge_of_the_sith,1,Episode III: Revenge of the Sith,revenge_of_the_sith,3
3291570206.0,seen_episode_iii_revenge_of_the_sith,0,Episode III: Revenge of the Sith,revenge_of_the_sith,3
3291548852.0,seen_episode_iii_revenge_of_the_sith,1,Episode III: Revenge of the Sith,revenge_of_the_sith,3
3291529925.0,seen_episode_iii_revenge_of_the_sith,1,Episode III: Revenge of the Sith,revenge_of_the_sith,3
3291524547.0,seen_episode_iii_revenge_of_the_sith,1,Episode III: Revenge of the Sith,revenge_of_the_sith,3
3291502449.0,seen_episode_iii_revenge_of_the_sith,0,Episode III: Revenge of the Sith,revenge_of_the_sith,3
3291497337.0,seen_episode_iii_revenge_of_the_sith,1,Episode III: Revenge of the Sith,revenge_of_the_sith,3
3291482197.0,seen_episode_iii_revenge_of_the_sith,1,Episode III: Revenge of the Sith,revenge_of_the_sith,3
3291476650.0,seen_episode_iii_revenge_of_the_sith,0,Episode III: Revenge of the Sith,revenge_of_the_sith,3
3291470613.0,seen_episode_iii_revenge_of_the_sith,0,Episode III: Revenge of the Sith,revenge_of_the_sith,3
3291469991.0,seen_episode_iii_revenge_of_the_sith,0,Episode III: Revenge of the Sith,revenge_of_the_sith,3
3291468155.0,seen_episode_iii_revenge_of_the_sith,0,Episode III: Revenge of the Sith,revenge_of_the_sith,3
3291461574.0,seen_episode_iii_revenge_of_the_sith,0,Episode III: Revenge of the Sith,revenge_of_the_sith,3
3291455642.0,seen_episode_iii_revenge_of_the_sith,0,Episode III: Revenge of the Sith,revenge_of_the_sith,3
3291446474.0,seen_episode_iii_revenge_of_the_sith,0,Episode III: Revenge of the Sith,revenge_of_the_sith,3
3291446275.0,seen_episode_iii_revenge_of_the_sith,1,Episode III: Revenge of the Sith,revenge_of_the_sith,3
3291439708.0,seen_episode_iii_revenge_of_the_sith,0,Episode III: Revenge of the Sith,revenge_of_the_sith,3
3291439404.0,seen_episode_iii_revenge_of_the_sith,0,Episode III: Revenge of the Sith,revenge_of_the_sith,3
3291437345.0,seen_episode_iii_revenge_of_the_sith,1,Episode III: Revenge of the Sith,revenge_of_the_sith,3
3291435787.0,seen_episode_iii_revenge_of_the_sith,0,Episode III: Revenge of the Sith,revenge_of_the_sith,3
3291435056.0,seen_episode_iii_revenge_of_the_sith,0,Episode III: Revenge of the Sith,revenge_of_the_sith,3
3291433636.0,seen_episode_iii_revenge_of_the_sith,1,Episode III: Revenge of the Sith,revenge_of_the_sith,3
3291431939.0,seen_episode_iii_revenge_of_the_sith,1,Episode III: Revenge of the Sith,revenge_of_the_sith,3
3291430239.0,seen_episode_iii_revenge_of_the_sith,0,Episode III: Revenge of the Sith,revenge_of_the_sith,3
3291430193.0,seen_episode_iii_revenge_of_the_sith,0,Episode III: Revenge of the Sith,revenge_of_the_sith,3
3291428174.0,seen_episode_iii_revenge_of_the_sith,1,Episode III: Revenge of the Sith,revenge_of_the_sith,3
3291427761.0,seen_episode_iii_revenge_of_the_sith,0,Episode III: Revenge of the Sith,revenge_of_the_sith,3
3291425110.0,seen_episode_iii_revenge_of_the_sith,1,Episode III: Revenge of the Sith,revenge_of_the_sith,3
3291424127.0,seen_episode_iii_revenge_of_the_sith,1,Episode III: Revenge of the Sith,revenge_of_the_sith,3
3291424006.0,seen_episode_iii_revenge_of_the_sith,0,Episode III: Revenge of the Sith,revenge_of_the_sith,3
3291422637.0,seen_episode_iii_revenge_of_the_sith,0,Episode III: Revenge of the Sith,revenge_of_the_sith,3
3291421381.0,seen_episode_iii_revenge_of_the_sith,0,Episode III: Revenge of the Sith,revenge_of_the_sith,3
3291420030.0,seen_episode_iii_revenge_of_the_sith,0,Episode III: Revenge of the Sith,revenge_of_the_sith,3
3291410155.0,seen_episode_iii_revenge_of_the_sith,0,Episode III: Revenge of the Sith,revenge_of_the_sith,3
3291405943.0,seen_episode_iii_revenge_of_the_sith,0,Episode III: Revenge of the Sith,revenge_of_the_sith,3
3291402264.0,seen_episode_iii_revenge_of_the_sith,0,Episode III: Revenge of the Sith,revenge_of_the_sith,3
3291401326.0,seen_episode_iii_revenge_of_the_sith,1,Episode III: Revenge of the Sith,revenge_of_the_sith,3
3291395512.0,seen_episode_iii_revenge_of_the_sith,1,Episode III: Revenge of the Sith,revenge_of_the_sith,3
3291394022.0,seen_episode_iii_revenge_of_the_sith,0,Episode III: Revenge of the Sith,revenge_of_the_sith,3
3291391717.0,seen_episode_iii_revenge_of_the_sith,0,Episode III: Revenge of the Sith,revenge_of_the_sith,3
3291391446.0,seen_episode_iii_revenge_of_the_sith,0,Episode III: Revenge of the Sith,revenge_of_the_sith,3
3291391033.0,seen_episode_iii_revenge_of_the_sith,0,Episode III: Revenge of the Sith,revenge_of_the_sith,3
3291390734.0,seen_episode_iii_revenge_of_the_sith,0,Episode III: Revenge of the Sith,revenge_of_the_sith,3
3291388906.0,seen_episode_iii_revenge_of_the_sith,0,Episode III: Revenge of the Sith,revenge_of_the_sith,3
3291388180.0,seen_episode_iii_revenge_of_the_sith,1,Episode III: Revenge of the Sith,revenge_of_the_sith,3
3291380973.0,seen_episode_iii_revenge_of_the_sith,0,Episode III: Revenge of the Sith,revenge_of_the_sith,3
3291378572.0,seen_episode_iii_revenge_of_the_sith,0,Episode III: Revenge of the Sith,revenge_of_the_sith,3
3291375306.0,seen_episode_iii_revenge_of_the_sith,0,Episode III: Revenge of the Sith,revenge_of_the_sith,3
3291364062.0,seen_episode_iii_revenge_of_the_sith,1,Episode III: Revenge of the Sith,revenge_of_the_sith,3
3291345427.0,seen_episode_iii_revenge_of_the_sith,1,Episode III: Revenge of the Sith,revenge_of_the_sith,3
3291341186.0,seen_episode_iii_revenge_of_the_sith,0,Episode III: Revenge of the Sith,revenge_of_the_sith,3
3291330710.0,seen_episode_iii_revenge_of_the_sith,1,Episode III: Revenge of the Sith,revenge_of_the_sith,3
3291327304.0,seen_episode_iii_revenge_of_the_sith,0,Episode III: Revenge of the Sith,revenge_of_the_sith,3
3291320154.0,seen_episode_iii_revenge_of_the_sith,1,Episode III: Revenge of the Sith,revenge_of_the_sith,3
3291312980.0,seen_episode_iii_revenge_of_the_sith,0,Episode III: Revenge of the Sith,revenge_of_the_sith,3
3291290675.0,seen_episode_iii_revenge_of_the_sith,0,Episode III: Revenge of the Sith,revenge_of_the_sith,3
3291288174.0,seen_episode_iii_revenge_of_the_sith,0,Episode III: Revenge of the Sith,revenge_of_the_sith,3
3291271932.0,seen_episode_iii_revenge_of_the_sith,0,Episode III: Revenge of the Sith,revenge_of_the_sith,3
3291267852.0,seen_episode_iii_revenge_of_the_sith,0,Episode III: Revenge of the Sith,revenge_of_the_sith,3
3291262515.0,seen_episode_iii_revenge_of_the_sith,1,Episode III: Revenge of the Sith,revenge_of_the_sith,3
3291233218.0,seen_episode_iii_revenge_of_the_sith,1,Episode III: Revenge of the Sith,revenge_of_the_sith,3
3291206864.0,seen_episode_iii_revenge_of_the_sith,1,Episode III: Revenge of the Sith,revenge_of_the_sith,3
3291203531.0,seen_episode_iii_revenge_of_the_sith,0,Episode III: Revenge of the Sith,revenge_of_the_sith,3
3291184745.0,seen_episode_iii_revenge_of_the_sith,1,Episode III: Revenge of the Sith,revenge_of_the_sith,3
3291181010.0,seen_episode_iii_revenge_of_the_sith,1,Episode III: Revenge of the Sith,revenge_of_the_sith,3
3291159863.0,seen_episode_iii_revenge_of_the_sith,0,Episode III: Revenge of the Sith,revenge_of_the_sith,3
3291145258.0,seen_episode_iii_revenge_of_the_sith,0,Episode III: Revenge of the Sith,revenge_of_the_sith,3
3291141478.0,seen_episode_iii_revenge_of_the_sith,1,Episode III: Revenge of the Sith,revenge_of_the_sith,3
3291139156.0,seen_episode_iii_revenge_of_the_sith,0,Episode III: Revenge of the Sith,revenge_of_the_sith,3
3291121359.0,seen_episode_iii_revenge_of_the_sith,0,Episode III: Revenge of the Sith,revenge_of_the_sith,3
3291119656.0,seen_episode_iii_revenge_of_the_sith,1,Episode III: Revenge of the Sith,revenge_of_the_sith,3
3291101925.0,seen_episode_iii_revenge_of_the_sith,1,Episode III: Revenge of the Sith,revenge_of_the_sith,3
3291094347.0,seen_episode_iii_revenge_of_the_sith,0,Episode III: Revenge of the Sith,revenge_of_the_sith,3
3291092094.0,seen_episode_iii_revenge_of_the_sith,0,Episode III: Revenge of the Sith,revenge_of_the_sith,3
3291077381.0,seen_episode_iii_revenge_of_the_sith,1,Episode III: Revenge of the Sith,revenge_of_the_sith,3
3291075212.0,seen_episode_iii_revenge_of_the_sith,1,Episode III: Revenge of the Sith,revenge_of_the_sith,3
3291064417.0,seen_episode_iii_revenge_of_the_sith,0,Episode III: Revenge of the Sith,revenge_of_the_sith,3
3291063226.0,seen_episode_iii_revenge_of_the_sith,1,Episode III: Revenge of the Sith,revenge_of_the_sith,3
3291060156.0,seen_episode_iii_revenge_of_the_sith,0,Episode III: Revenge of the Sith,revenge_of_the_sith,3
3291056296.0,seen_episode_iii_revenge_of_the_sith,1,Episode III: Revenge of the Sith,revenge_of_the_sith,3
3291052728.0,seen_episode_iii_revenge_of_the_sith,1,Episode III: Revenge of the Sith,revenge_of_the_sith,3
3291051343.0,seen_episode_iii_revenge_of_the_sith,1,Episode III: Revenge of the Sith,revenge_of_the_sith,3
3291045360.0,seen_episode_iii_revenge_of_the_sith,1,Episode III: Revenge of the Sith,revenge_of_the_sith,3
3291043176.0,seen_episode_iii_revenge_of_the_sith,1,Episode III: Revenge of the Sith,revenge_of_the_sith,3
3291042516.0,seen_episode_iii_revenge_of_the_sith,1,Episode III: Revenge of the Sith,revenge_of_the_sith,3
3291037640.0,seen_episode_iii_revenge_of_the_sith,0,Episode III: Revenge of the Sith,revenge_of_the_sith,3
3291034202.0,seen_episode_iii_revenge_of_the_sith,1,Episode III: Revenge of the Sith,revenge_of_the_sith,3
3291033668.0,seen_episode_iii_revenge_of_the_sith,0,Episode III: Revenge of the Sith,revenge_of_the_sith,3
3291032418.0,seen_episode_iii_revenge_of_the_sith,0,Episode III: Revenge of the Sith,revenge_of_the_sith,3
3291029281.0,seen_episode_iii_revenge_of_the_sith,0,Episode III: Revenge of the Sith,revenge_of_the_sith,3
3291028446.0,seen_episode_iii_revenge_of_the_sith,1,Episode III: Revenge of the Sith,revenge_of_the_sith,3
3291024297.0,seen_episode_iii_revenge_of_the_sith,1,Episode III: Revenge of the Sith,revenge_of_the_sith,3
3291023456.0,seen_episode_iii_revenge_of_the_sith,1,Episode III: Revenge of the Sith,revenge_of_the_sith,3
3291022655.0,seen_episode_iii_revenge_of_the_sith,0,Episode III: Revenge of the Sith,revenge_of_the_sith,3
3291022275.0,seen_episode_iii_revenge_of_the_sith,0,Episode III: Revenge of the Sith,revenge_of_the_sith,3
3291022013.0,seen_episode_iii_revenge_of_the_sith,0,Episode III: Revenge of the Sith,revenge_of_the_sith,3
3291019033.0,seen_episode_iii_revenge_of_the_sith,1,Episode III: Revenge of the Sith,revenge_of_the_sith,3
3291018581.0,seen_episode_iii_revenge_of_the_sith,0,Episode III: Revenge of the Sith,revenge_of_the_sith,3
3291015347.0,seen_episode_iii_revenge_of_the_sith,0,Episode III: Revenge of the Sith,revenge_of_the_sith,3
3291014757.0,seen_episode_iii_revenge_of_the_sith,1,Episode III: Revenge of the Sith,revenge_of_the_sith,3
3291009055.0,seen_episode_iii_revenge_of_the_sith,0,Episode III: Revenge of the Sith,revenge_of_the_sith,3
3291007877.0,seen_episode_iii_revenge_of_the_sith,1,Episode III: Revenge of the Sith,revenge_of_the_sith,3
3291006540.0,seen_episode_iii_revenge_of_the_sith,0,Episode III: Revenge of the Sith,revenge_of_the_sith,3
3291002672.0,seen_episode_iii_revenge_of_the_sith,0,Episode III: Revenge of the Sith,revenge_of_the_sith,3
3291001879.0,seen_episode_iii_revenge_of_the_sith,0,Episode III: Revenge of the Sith,revenge_of_the_sith,3
3290999912.0,seen_episode_iii_revenge_of_the_sith,0,Episode III: Revenge of the Sith,revenge_of_the_sith,3
3290998457.0,seen_episode_iii_revenge_of_the_sith,0,Episode III: Revenge of the Sith,revenge_of_the_sith,3
3290996933.0,seen_episode_iii_revenge_of_the_sith,1,Episode III: Revenge of the Sith,revenge_of_the_sith,3
3290994001.0,seen_episode_iii_revenge_of_the_sith,1,Episode III: Revenge of the Sith,revenge_of_the_sith,3
3290992477.0,seen_episode_iii_revenge_of_the_sith,0,Episode III: Revenge of the Sith,revenge_of_the_sith,3
3290992371.0,seen_episode_iii_revenge_of_the_sith,0,Episode III: Revenge of the Sith,revenge_of_the_sith,3
3290987996.0,seen_episode_iii_revenge_of_the_sith,1,Episode III: Revenge of the Sith,revenge_of_the_sith,3
3290984063.0,seen_episode_iii_revenge_of_the_sith,0,Episode III: Revenge of the Sith,revenge_of_the_sith,3
3290980789.0,seen_episode_iii_revenge_of_the_sith,0,Episode III: Revenge of the Sith,revenge_of_the_sith,3
3290977827.0,seen_episode_iii_revenge_of_the_sith,1,Episode III: Revenge of the Sith,revenge_of_the_sith,3
3290976539.0,seen_episode_iii_revenge_of_the_sith,0,Episode III: Revenge of the Sith,revenge_of_the_sith,3
3290975724.0,seen_episode_iii_revenge_of_the_sith,1,Episode III: Revenge of the Sith,revenge_of_the_sith,3
3290973695.0,seen_episode_iii_revenge_of_the_sith,1,Episode III: Revenge of the Sith,revenge_of_the_sith,3
3290973177.0,seen_episode_iii_revenge_of_the_sith,0,Episode III: Revenge of the Sith,revenge_of_the_sith,3
3290973120.0,seen_episode_iii_revenge_of_the_sith,0,Episode III: Revenge of the Sith,revenge_of_the_sith,3
3290972257.0,seen_episode_iii_revenge_of_the_sith,1,Episode III: Revenge of the Sith,revenge_of_the_sith,3
3290971794.0,seen_episode_iii_revenge_of_the_sith,1,Episode III: Revenge of the Sith,revenge_of_the_sith,3
3290971358.0,seen_episode_iii_revenge_of_the_sith,0,Episode III: Revenge of the Sith,revenge_of_the_sith,3
3290965482.0,seen_episode_iii_revenge_of_the_sith,0,Episode III: Revenge of the Sith,revenge_of_the_sith,3
3290961855.0,seen_episode_iii_revenge_of_the_sith,0,Episode III: Revenge of the Sith,revenge_of_the_sith,3
3290961497.0,seen_episode_iii_revenge_of_the_sith,1,Episode III: Revenge of the Sith,revenge_of_the_sith,3
3290953060.0,seen_episode_iii_revenge_of_the_sith,0,Episode III: Revenge of the Sith,revenge_of_the_sith,3
3290949606.0,seen_episode_iii_revenge_of_the_sith,0,Episode III: Revenge of the Sith,revenge_of_the_sith,3
3290948002.0,seen_episode_iii_revenge_of_the_sith,0,Episode III: Revenge of the Sith,revenge_of_the_sith,3
3290947136.0,seen_episode_iii_revenge_of_the_sith,1,Episode III: Revenge of the Sith,revenge_of_the_sith,3
3290947011.0,seen_episode_iii_revenge_of_the_sith,1,Episode III: Revenge of the Sith,revenge_of_the_sith,3
3290946211.0,seen_episode_iii_revenge_of_the_sith,0,Episode III: Revenge of the Sith,revenge_of_the_sith,3
3290944858.0,seen_episode_iii_revenge_of_the_sith,1,Episode III: Revenge of the Sith,revenge_of_the_sith,3
3290944288.0,seen_episode_iii_revenge_of_the_sith,1,Episode III: Revenge of the Sith,revenge_of_the_sith,3
3290941824.0,seen_episode_iii_revenge_of_the_sith,1,Episode III: Revenge of the Sith,revenge_of_the_sith,3
3290939696.0,seen_episode_iii_revenge_of_the_sith,0,Episode III: Revenge of the Sith,revenge_of_the_sith,3
3290934328.0,seen_episode_iii_revenge_of_the_sith,0,Episode III: Revenge of the Sith,revenge_of_the_sith,3
3290929229.0,seen_episode_iii_revenge_of_the_sith,1,Episode III: Revenge of the Sith,revenge_of_the_sith,3
3290927126.0,seen_episode_iii_revenge_of_the_sith,0,Episode III: Revenge of the Sith,revenge_of_the_sith,3
3290926407.0,seen_episode_iii_revenge_of_the_sith,0,Episode III: Revenge of the Sith,revenge_of_the_sith,3
3290922858.0,seen_episode_iii_revenge_of_the_sith,1,Episode III: Revenge of the Sith,revenge_of_the_sith,3
3290920752.0,seen_episode_iii_revenge_of_the_sith,0,Episode III: Revenge of the Sith,revenge_of_the_sith,3
3290919823.0,seen_episode_iii_revenge_of_the_sith,1,Episode III: Revenge of the Sith,revenge_of_the_sith,3
3290919419.0,seen_episode_iii_revenge_of_the_sith,1,Episode III: Revenge of the Sith,revenge_of_the_sith,3
3290917153.0,seen_episode_iii_revenge_of_the_sith,1,Episode III: Revenge of the Sith,revenge_of_the_sith,3
3290917131.0,seen_episode_iii_revenge_of_the_sith,1,Episode III: Revenge of the Sith,revenge_of_the_sith,3
3290916554.0,seen_episode_iii_revenge_of_the_sith,1,Episode III: Revenge of the Sith,revenge_of_the_sith,3
3290915885.0,seen_episode_iii_revenge_of_the_sith,1,Episode III: Revenge of the Sith,revenge_of_the_sith,3
3290912485.0,seen_episode_iii_revenge_of_the_sith,0,Episode III: Revenge of the Sith,revenge_of_the_sith,3
3290912014.0,seen_episode_iii_revenge_of_the_sith,0,Episode III: Revenge of the Sith,revenge_of_the_sith,3
3290910069.0,seen_episode_iii_revenge_of_the_sith,1,Episode III: Revenge of the Sith,revenge_of_the_sith,3
3290906086.0,seen_episode_iii_revenge_of_the_sith,0,Episode III: Revenge of the Sith,revenge_of_the_sith,3
3290906022.0,seen_episode_iii_revenge_of_the_sith,0,Episode III: Revenge of the Sith,revenge_of_the_sith,3
3290903423.0,seen_episode_iii_revenge_of_the_sith,0,Episode III: Revenge of the Sith,revenge_of_the_sith,3
3290902880.0,seen_episode_iii_revenge_of_the_sith,1,Episode III: Revenge of the Sith,revenge_of_the_sith,3
3290901027.0,seen_episode_iii_revenge_of_the_sith,1,Episode III: Revenge of the Sith,revenge_of_the_sith,3
3290896982.0,seen_episode_iii_revenge_of_the_sith,0,Episode III: Revenge of the Sith,revenge_of_the_sith,3
3290893301.0,seen_episode_iii_revenge_of_the_sith,0,Episode III: Revenge of the Sith,revenge_of_the_sith,3
3290889443.0,seen_episode_iii_revenge_of_the_sith,1,Episode III: Revenge of the Sith,revenge_of_the_sith,3
3290888715.0,seen_episode_iii_revenge_of_the_sith,0,Episode III: Revenge of the Sith,revenge_of_the_sith,3
3290888303.0,seen_episode_iii_revenge_of_the_sith,1,Episode III: Revenge of the Sith,revenge_of_the_sith,3
3290888102.0,seen_episode_iii_revenge_of_the_sith,1,Episode III: Revenge of the Sith,revenge_of_the_sith,3
3290888079.0,seen_episode_iii_revenge_of_the_sith,1,Episode III: Revenge of the Sith,revenge_of_the_sith,3
3290884427.0,seen_episode_iii_revenge_of_the_sith,1,Episode III: Revenge of the Sith,revenge_of_the_sith,3
3290881566.0,seen_episode_iii_revenge_of_the_sith,0,Episode III: Revenge of the Sith,revenge_of_the_sith,3
3290879019.0,seen_episode_iii_revenge_of_the_sith,1,Episode III: Revenge of the Sith,revenge_of_the_sith,3
3290878766.0,seen_episode_iii_revenge_of_the_sith,1,Episode III: Revenge of the Sith,revenge_of_the_sith,3
3290874545.0,seen_episode_iii_revenge_of_the_sith,0,Episode III: Revenge of the Sith,revenge_of_the_sith,3
3290873342.0,seen_episode_iii_revenge_of_the_sith,1,Episode III: Revenge of the Sith,revenge_of_the_sith,3
3290871307.0,seen_episode_iii_revenge_of_the_sith,1,Episode III: Revenge of the Sith,revenge_of_the_sith,3
3290869696.0,seen_episode_iii_revenge_of_the_sith,0,Episode III: Revenge of the Sith,revenge_of_the_sith,3
3290863729.0,seen_episode_iii_revenge_of_the_sith,1,Episode III: Revenge of the Sith,revenge_of_the_sith,3
3290863193.0,seen_episode_iii_revenge_of_the_sith,1,Episode III: Revenge of the Sith,revenge_of_the_sith,3
3290862050.0,seen_episode_iii_revenge_of_the_sith,0,Episode III: Revenge of the Sith,revenge_of_the_sith,3
3290860908.0,seen_episode_iii_revenge_of_the_sith,1,Episode III: Revenge of the Sith,revenge_of_the_sith,3
3290860842.0,seen_episode_iii_revenge_of_the_sith,1,Episode III: Revenge of the Sith,revenge_of_the_sith,3
3290860558.0,seen_episode_iii_revenge_of_the_sith,1,Episode III: Revenge of the Sith,revenge_of_the_sith,3
3290858689.0,seen_episode_iii_revenge_of_the_sith,0,Episode III: Revenge of the Sith,revenge_of_the_sith,3
3290858543.0,seen_episode_iii_revenge_of_the_sith,1,Episode III: Revenge of the Sith,revenge_of_the_sith,3
3290855818.0,seen_episode_iii_revenge_of_the_sith,1,Episode III: Revenge of the Sith,revenge_of_the_sith,3
3290854802.0,seen_episode_iii_revenge_of_the_sith,1,Episode III: Revenge of the Sith,revenge_of_the_sith,3
3290853559.0,seen_episode_iii_revenge_of_the_sith,0,Episode III: Revenge of the Sith,revenge_of_the_sith,3
3290853267.0,seen_episode_iii_revenge_of_the_sith,0,Episode III: Revenge of the Sith,revenge_of_the_sith,3
3290852271.0,seen_episode_iii_revenge_of_the_sith,0,Episode III: Revenge of the Sith,revenge_of_the_sith,3
3290848617.0,seen_episode_iii_revenge_of_the_sith,1,Episode III: Revenge of the Sith,revenge_of_the_sith,3
3290846848.0,seen_episode_iii_revenge_of_the_sith,1,Episode III: Revenge of the Sith,revenge_of_the_sith,3
3290846769.0,seen_episode_iii_revenge_of_the_sith,1,Episode III: Revenge of the Sith,revenge_of_the_sith,3
3290846466.0,seen_episode_iii_revenge_of_the_sith,1,Episode III: Revenge of the Sith,revenge_of_the_sith,3
3290845752.0,seen_episode_iii_revenge_of_the_sith,0,Episode III: Revenge of the Sith,revenge_of_the_sith,3
3290845367.0,seen_episode_iii_revenge_of_the_sith,1,Episode III: Revenge of the Sith,revenge_of_the_sith,3
3290845046.0,seen_episode_iii_revenge_of_the_sith,1,Episode III: Revenge of the Sith,revenge_of_the_sith,3
3290844577.0,seen_episode_iii_revenge_of_the_sith,0,Episode III: Revenge of the Sith,revenge_of_the_sith,3
3290841815.0,seen_episode_iii_revenge_of_the_sith,0,Episode III: Revenge of the Sith,revenge_of_the_sith,3
3290840905.0,seen_episode_iii_revenge_of_the_sith,0,Episode III: Revenge of the Sith,revenge_of_the_sith,3
3290836653.0,seen_episode_iii_revenge_of_the_sith,0,Episode III: Revenge of the Sith,revenge_of_the_sith,3
3290834007.0,seen_episode_iii_revenge_of_the_sith,0,Episode III: Revenge of the Sith,revenge_of_the_sith,3
3290829888.0,seen_episode_iii_revenge_of_the_sith,0,Episode III: Revenge of the Sith,revenge_of_the_sith,3
3290828902.0,seen_episode_iii_revenge_of_the_sith,0,Episode III: Revenge of the Sith,revenge_of_the_sith,3
3290824340.0,seen_episode_iii_revenge_of_the_sith,0,Episode III: Revenge of the Sith,revenge_of_the_sith,3
3290821620.0,seen_episode_iii_revenge_of_the_sith,0,Episode III: Revenge of the Sith,revenge_of_the_sith,3
3290819415.0,seen_episode_iii_revenge_of_the_sith,1,Episode III: Revenge of the Sith,revenge_of_the_sith,3
3290815080.0,seen_episode_iii_revenge_of_the_sith,0,Episode III: Revenge of the Sith,revenge_of_the_sith,3
3290812610.0,seen_episode_iii_revenge_of_the_sith,0,Episode III: Revenge of the Sith,revenge_of_the_sith,3
3290810177.0,seen_episode_iii_revenge_of_the_sith,1,Episode III: Revenge of the Sith,revenge_of_the_sith,3
3290810023.0,seen_episode_iii_revenge_of_the_sith,1,Episode III: Revenge of the Sith,revenge_of_the_sith,3
3290807769.0,seen_episode_iii_revenge_of_the_sith,0,Episode III: Revenge of the Sith,revenge_of_the_sith,3
3290806200.0,seen_episode_iii_revenge_of_the_sith,1,Episode III: Revenge of the Sith,revenge_of_the_sith,3
3290805125.0,seen_episode_iii_revenge_of_the_sith,1,Episode III: Revenge of the Sith,revenge_of_the_sith,3
3290804128.0,seen_episode_iii_revenge_of_the_sith,0,Episode III: Revenge of the Sith,revenge_of_the_sith,3
3290804008.0,seen_episode_iii_revenge_of_the_sith,1,Episode III: Revenge of the Sith,revenge_of_the_sith,3
3290799403.0,seen_episode_iii_revenge_of_the_sith,0,Episode III: Revenge of the Sith,revenge_of_the_sith,3
3290798641.0,seen_episode_iii_revenge_of_the_sith,0,Episode III: Revenge of the Sith,revenge_of_the_sith,3
3290798064.0,seen_episode_iii_revenge_of_the_sith,1,Episode III: Revenge of the Sith,revenge_of_the_sith,3
3290796650.0,seen_episode_iii_revenge_of_the_sith,0,Episode III: Revenge of the Sith,revenge_of_the_sith,3
3290792507.0,seen_episode_iii_revenge_of_the_sith,1,Episode III: Revenge of the Sith,revenge_of_the_sith,3
3290787286.0,seen_episode_iii_revenge_of_the_sith,1,Episode III: Revenge of the Sith,revenge_of_the_sith,3
3290785928.0,seen_episode_iii_revenge_of_the_sith,1,Episode III: Revenge of the Sith,revenge_of_the_sith,3
3290782952.0,seen_episode_iii_revenge_of_the_sith,0,Episode III: Revenge of the Sith,revenge_of_the_sith,3
3290781544.0,seen_episode_iii_revenge_of_the_sith,1,Episode III: Revenge of the Sith,revenge_of_the_sith,3
3290781284.0,seen_episode_iii_revenge_of_the_sith,0,Episode III: Revenge of the Sith,revenge_of_the_sith,3
3290781039.0,seen_episode_iii_revenge_of_the_sith,1,Episode III: Revenge of the Sith,revenge_of_the_sith,3
3290779524.0,seen_episode_iii_revenge_of_the_sith,0,Episode III: Revenge of the Sith,revenge_of_the_sith,3
3290779140.0,seen_episode_iii_revenge_of_the_sith,1,Episode III: Revenge of the Sith,revenge_of_the_sith,3
3290778828.0,seen_episode_iii_revenge_of_the_sith,0,Episode III: Revenge of the Sith,revenge_of_the_sith,3
3290777129.0,seen_episode_iii_revenge_of_the_sith,0,Episode III: Revenge of the Sith,revenge_of_the_sith,3
3290773277.0,seen_episode_iii_revenge_of_the_sith,1,Episode III: Revenge of the Sith,revenge_of_the_sith,3
3290769012.0,seen_episode_iii_revenge_of_the_sith,0,Episode III: Revenge of the Sith,revenge_of_the_sith,3
3290767951.0,seen_episode_iii_revenge_of_the_sith,0,Episode III: Revenge of the Sith,revenge_of_the_sith,3
3290767535.0,seen_episode_iii_revenge_of_the_sith,0,Episode III: Revenge of the Sith,revenge_of_the_sith,3
3290765210.0,seen_episode_iii_revenge_of_the_sith,0,Episode III: Revenge of the Sith,revenge_of_the_sith,3
3290762924.0,seen_episode_iii_revenge_of_the_sith,0,Episode III: Revenge of the Sith,revenge_of_the_sith,3
3290761823.0,seen_episode_iii_revenge_of_the_sith,0,Episode III: Revenge of the Sith,revenge_of_the_sith,3
3290760722.0,seen_episode_iii_revenge_of_the_sith,0,Episode III: Revenge of the Sith,revenge_of_the_sith,3
3290759512.0,seen_episode_iii_revenge_of_the_sith,1,Episode III: Revenge of the Sith,revenge_of_the_sith,3
3290758362.0,seen_episode_iii_revenge_of_the_sith,1,Episode III: Revenge of the Sith,revenge_of_the_sith,3
3290757230.0,seen_episode_iii_revenge_of_the_sith,0,Episode III: Revenge of the Sith,revenge_of_the_sith,3
3290756394.0,seen_episode_iii_revenge_of_the_sith,1,Episode III: Revenge of the Sith,revenge_of_the_sith,3
3290755451.0,seen_episode_iii_revenge_of_the_sith,1,Episode III: Revenge of the Sith,revenge_of_the_sith,3
3290753390.0,seen_episode_iii_revenge_of_the_sith,1,Episode III: Revenge of the Sith,revenge_of_the_sith,3
3290749764.0,seen_episode_iii_revenge_of_the_sith,1,Episode III: Revenge of the Sith,revenge_of_the_sith,3
3290749229.0,seen_episode_iii_revenge_of_the_sith,0,Episode III: Revenge of the Sith,revenge_of_the_sith,3
3290746853.0,seen_episode_iii_revenge_of_the_sith,0,Episode III: Revenge of the Sith,revenge_of_the_sith,3
3290744027.0,seen_episode_iii_revenge_of_the_sith,0,Episode III: Revenge of the Sith,revenge_of_the_sith,3
3290741994.0,seen_episode_iii_revenge_of_the_sith,1,Episode III: Revenge of the Sith,revenge_of_the_sith,3
3290741405.0,seen_episode_iii_revenge_of_the_sith,1,Episode III: Revenge of the Sith,revenge_of_the_sith,3
3290740448.0,seen_episode_iii_revenge_of_the_sith,1,Episode III: Revenge of the Sith,revenge_of_the_sith,3
3290739967.0,seen_episode_iii_revenge_of_the_sith,1,Episode III: Revenge of the Sith,revenge_of_the_sith,3
3290739235.0,seen_episode_iii_revenge_of_the_sith,0,Episode III: Revenge of the Sith,revenge_of_the_sith,3
3290738262.0,seen_episode_iii_revenge_of_the_sith,0,Episode III: Revenge of the Sith,revenge_of_the_sith,3
3290737104.0,seen_episode_iii_revenge_of_the_sith,0,Episode III: Revenge of the Sith,revenge_of_the_sith,3
3290736072.0,seen_episode_iii_revenge_of_the_sith,1,Episode III: Revenge of the Sith,revenge_of_the_sith,3
3290734874.0,seen_episode_iii_revenge_of_the_sith,1,Episode III: Revenge of the Sith,revenge_of_the_sith,3
3290733932.0,seen_episode_iii_revenge_of_the_sith,0,Episode III: Revenge of the Sith,revenge_of_the_sith,3
3290733316.0,seen_episode_iii_revenge_of_the_sith,1,Episode III: Revenge of the Sith,revenge_of_the_sith,3
3290732383.0,seen_episode_iii_revenge_of_the_sith,1,Episode III: Revenge of the Sith,revenge_of_the_sith,3
3290727763.0,seen_episode_iii_revenge_of_the_sith,1,Episode III: Revenge of the Sith,revenge_of_the_sith,3
3290726075.0,seen_episode_iii_revenge_of_the_sith,1,Episode III: Revenge of the Sith,revenge_of_the_sith,3
3290719847.0,seen_episode_iii_revenge_of_the_sith,0,Episode III: Revenge of the Sith,revenge_of_the_sith,3
3290718359.0,seen_episode_iii_revenge_of_the_sith,0,Episode III: Revenge of the Sith,revenge_of_the_sith,3
3290717899.0,seen_episode_iii_revenge_of_the_sith,1,Episode III: Revenge of the Sith,revenge_of_the_sith,3
3290717372.0,seen_episode_iii_revenge_of_the_sith,0,Episode III: Revenge of the Sith,revenge_of_the_sith,3
3290714941.0,seen_episode_iii_revenge_of_the_sith,1,Episode III: Revenge of the Sith,revenge_of_the_sith,3
3290714484.0,seen_episode_iii_revenge_of_the_sith,1,Episode III: Revenge of the Sith,revenge_of_the_sith,3
3290714430.0,seen_episode_iii_revenge_of_the_sith,0,Episode III: Revenge of the Sith,revenge_of_the_sith,3
3290714378.0,seen_episode_iii_revenge_of_the_sith,1,Episode III: Revenge of the Sith,revenge_of_the_sith,3
3290712204.0,seen_episode_iii_revenge_of_the_sith,0,Episode III: Revenge of the Sith,revenge_of_the_sith,3
3290711898.0,seen_episode_iii_revenge_of_the_sith,0,Episode III: Revenge of the Sith,revenge_of_the_sith,3
3290711882.0,seen_episode_iii_revenge_of_the_sith,1,Episode III: Revenge of the Sith,revenge_of_the_sith,3
3290711757.0,seen_episode_iii_revenge_of_the_sith,0,Episode III: Revenge of the Sith,revenge_of_the_sith,3
3290711487.0,seen_episode_iii_revenge_of_the_sith,0,Episode III: Revenge of the Sith,revenge_of_the_sith,3
3290711262.0,seen_episode_iii_revenge_of_the_sith,1,Episode III: Revenge of the Sith,revenge_of_the_sith,3
3290708664.0,seen_episode_iii_revenge_of_the_sith,0,Episode III: Revenge of the Sith,revenge_of_the_sith,3
3290707402.0,seen_episode_iii_revenge_of_the_sith,0,Episode III: Revenge of the Sith,revenge_of_the_sith,3
3290706716.0,seen_episode_iii_revenge_of_the_sith,1,Episode III: Revenge of the Sith,revenge_of_the_sith,3
3290706611.0,seen_episode_iii_revenge_of_the_sith,0,Episode III: Revenge of the Sith,revenge_of_the_sith,3
3290703210.0,seen_episode_iii_revenge_of_the_sith,0,Episode III: Revenge of the Sith,revenge_of_the_sith,3
3290701442.0,seen_episode_iii_revenge_of_the_sith,0,Episode III: Revenge of the Sith,revenge_of_the_sith,3
3290700285.0,seen_episode_iii_revenge_of_the_sith,1,Episode III: Revenge of the Sith,revenge_of_the_sith,3
3290700214.0,seen_episode_iii_revenge_of_the_sith,0,Episode III: Revenge of the Sith,revenge_of_the_sith,3
3290700030.0,seen_episode_iii_revenge_of_the_sith,0,Episode III: Revenge of the Sith,revenge_of_the_sith,3
3290699410.0,seen_episode_iii_revenge_of_the_sith,1,Episode III: Revenge of the Sith,revenge_of_the_sith,3
3290695784.0,seen_episode_iii_revenge_of_the_sith,1,Episode III: Revenge of the Sith,revenge_of_the_sith,3
3290695316.0,seen_episode_iii_revenge_of_the_sith,0,Episode III: Revenge of the Sith,revenge_of_the_sith,3
3290694269.0,seen_episode_iii_revenge_of_the_sith,0,Episode III: Revenge of the Sith,revenge_of_the_sith,3
3290693095.0,seen_episode_iii_revenge_of_the_sith,0,Episode III: Revenge of the Sith,revenge_of_the_sith,3
3290692020.0,seen_episode_iii_revenge_of_the_sith,0,Episode III: Revenge of the Sith,revenge_of_the_sith,3
3290691758.0,seen_episode_iii_revenge_of_the_sith,1,Episode III: Revenge of the Sith,revenge_of_the_sith,3
3290689343.0,seen_episode_iii_revenge_of_the_sith,0,Episode III: Revenge of the Sith,revenge_of_the_sith,3
3290687981.0,seen_episode_iii_revenge_of_the_sith,1,Episode III: Revenge of the Sith,revenge_of_the_sith,3
3290687830.0,seen_episode_iii_revenge_of_the_sith,1,Episode III: Revenge of the Sith,revenge_of_the_sith,3
3290686887.0,seen_episode_iii_revenge_of_the_sith,0,Episode III: Revenge of the Sith,revenge_of_the_sith,3
3290686362.0,seen_episode_iii_revenge_of_the_sith,0,Episode III: Revenge of the Sith,revenge_of_the_sith,3
3290685885.0,seen_episode_iii_revenge_of_the_sith,0,Episode III: Revenge of the Sith,revenge_of_the_sith,3
3290684868.0,seen_episode_iii_revenge_of_the_sith,1,Episode III: Revenge of the Sith,revenge_of_the_sith,3
3290684287.0,seen_episode_iii_revenge_of_the_sith,1,Episode III: Revenge of the Sith,revenge_of_the_sith,3
3290681574.0,seen_episode_iii_revenge_of_the_sith,0,Episode III: Revenge of the Sith,revenge_of_the_sith,3
3290678952.0,seen_episode_iii_revenge_of_the_sith,0,Episode III: Revenge of the Sith,revenge_of_the_sith,3
3290678515.0,seen_episode_iii_revenge_of_the_sith,0,Episode III: Revenge of the Sith,revenge_of_the_sith,3
3290676695.0,seen_episode_iii_revenge_of_the_sith,0,Episode III: Revenge of the Sith,revenge_of_the_sith,3
3290674534.0,seen_episode_iii_revenge_of_the_sith,0,Episode III: Revenge of the Sith,revenge_of_the_sith,3
3290667297.0,seen_episode_iii_revenge_of_the_sith,0,Episode III: Revenge of the Sith,revenge_of_the_sith,3
3290664543.0,seen_episode_iii_revenge_of_the_sith,0,Episode III: Revenge of the Sith,revenge_of_the_sith,3
3290664463.0,seen_episode_iii_revenge_of_the_sith,0,Episode III: Revenge of the Sith,revenge_of_the_sith,3
3290664069.0,seen_episode_iii_revenge_of_the_sith,0,Episode III: Revenge of the Sith,revenge_of_the_sith,3
3290662118.0,seen_episode_iii_revenge_of_the_sith,1,Episode III: Revenge of the Sith,revenge_of_the_sith,3
3290661650.0,seen_episode_iii_revenge_of_the_sith,1,Episode III: Revenge of the Sith,revenge_of_the_sith,3
3290661587.0,seen_episode_iii_revenge_of_the_sith,0,Episode III: Revenge of the Sith,revenge_of_the_sith,3
3290661135.0,seen_episode_iii_revenge_of_the_sith,1,Episode III: Revenge of the Sith,revenge_of_the_sith,3
3290659818.0,seen_episode_iii_revenge_of_the_sith,1,Episode III: Revenge of the Sith,revenge_of_the_sith,3
3290659314.0,seen_episode_iii_revenge_of_the_sith,0,Episode III: Revenge of the Sith,revenge_of_the_sith,3
3290655784.0,seen_episode_iii_revenge_of_the_sith,0,Episode III: Revenge of the Sith,revenge_of_the_sith,3
3290654597.0,seen_episode_iii_revenge_of_the_sith,1,Episode III: Revenge of the Sith,revenge_of_the_sith,3
3290652558.0,seen_episode_iii_revenge_of_the_sith,0,Episode III: Revenge of the Sith,revenge_of_the_sith,3
3290651085.0,seen_episode_iii_revenge_of_the_sith,0,Episode III: Revenge of the Sith,revenge_of_the_sith,3
3290650590.0,seen_episode_iii_revenge_of_the_sith,1,Episode III: Revenge of the Sith,revenge_of_the_sith,3
3290644326.0,seen_episode_iii_revenge_of_the_sith,0,Episode III: Revenge of the Sith,revenge_of_the_sith,3
3290640323.0,seen_episode_iii_revenge_of_the_sith,0,Episode III: Revenge of the Sith,revenge_of_the_sith,3
3290638529.0,seen_episode_iii_revenge_of_the_sith,1,Episode III: Revenge of the Sith,revenge_of_the_sith,3
3290634681.0,seen_episode_iii_revenge_of_the_sith,0,Episode III: Revenge of the Sith,revenge_of_the_sith,3
3290631608.0,seen_episode_iii_revenge_of_the_sith,0,Episode III: Revenge of the Sith,revenge_of_the_sith,3
3290630470.0,seen_episode_iii_revenge_of_the_sith,0,Episode III: Revenge of the Sith,revenge_of_the_sith,3
3290630282.0,seen_episode_iii_revenge_of_the_sith,1,Episode III: Revenge of the Sith,revenge_of_the_sith,3
3290628419.0,seen_episode_iii_revenge_of_the_sith,0,Episode III: Revenge of the Sith,revenge_of_the_sith,3
3290627850.0,seen_episode_iii_revenge_of_the_sith,1,Episode III: Revenge of the Sith,revenge_of_the_sith,3
3290627681.0,seen_episode_iii_revenge_of_the_sith,1,Episode III: Revenge of the Sith,revenge_of_the_sith,3
3290626609.0,seen_episode_iii_revenge_of_the_sith,0,Episode III: Revenge of the Sith,revenge_of_the_sith,3
3290625814.0,seen_episode_iii_revenge_of_the_sith,0,Episode III: Revenge of the Sith,revenge_of_the_sith,3
3290624447.0,seen_episode_iii_revenge_of_the_sith,1,Episode III: Revenge of the Sith,revenge_of_the_sith,3
3290620991.0,seen_episode_iii_revenge_of_the_sith,1,Episode III: Revenge of the Sith,revenge_of_the_sith,3
3290617461.0,seen_episode_iii_revenge_of_the_sith,1,Episode III: Revenge of the Sith,revenge_of_the_sith,3
3290611875.0,seen_episode_iii_revenge_of_the_sith,1,Episode III: Revenge of the Sith,revenge_of_the_sith,3
3290611716.0,seen_episode_iii_revenge_of_the_sith,0,Episode III: Revenge of the Sith,revenge_of_the_sith,3
3290602490.0,seen_episode_iii_revenge_of_the_sith,0,Episode III: Revenge of the Sith,revenge_of_the_sith,3
3290601892.0,seen_episode_iii_revenge_of_the_sith,1,Episode III: Revenge of the Sith,revenge_of_the_sith,3
3290601518.0,seen_episode_iii_revenge_of_the_sith,0,Episode III: Revenge of the Sith,revenge_of_the_sith,3
3290600680.0,seen_episode_iii_revenge_of_the_sith,0,Episode III: Revenge of the Sith,revenge_of_the_sith,3
3290600559.0,seen_episode_iii_revenge_of_the_sith,0,Episode III: Revenge of the Sith,revenge_of_the_sith,3
3290600057.0,seen_episode_iii_revenge_of_the_sith,0,Episode III: Revenge of the Sith,revenge_of_the_sith,3
3290598307.0,seen_episode_iii_revenge_of_the_sith,0,Episode III: Revenge of the Sith,revenge_of_the_sith,3
3290597099.0,seen_episode_iii_revenge_of_the_sith,1,Episode III: Revenge of the Sith,revenge_of_the_sith,3
3290593953.0,seen_episode_iii_revenge_of_the_sith,1,Episode III: Revenge of the Sith,revenge_of_the_sith,3
3290582716.0,seen_episode_iii_revenge_of_the_sith,0,Episode III: Revenge of the Sith,revenge_of_the_sith,3
3290572568.0,seen_episode_iii_revenge_of_the_sith,0,Episode III: Revenge of the Sith,revenge_of_the_sith,3
3290572073.0,seen_episode_iii_revenge_of_the_sith,1,Episode III: Revenge of the Sith,revenge_of_the_sith,3
3290569001.0,seen_episode_iii_revenge_of_the_sith,1,Episode III: Revenge of the Sith,revenge_of_the_sith,3
3290568339.0,seen_episode_iii_revenge_of_the_sith,1,Episode III: Revenge of the Sith,revenge_of_the_sith,3
3290565779.0,seen_episode_iii_revenge_of_the_sith,0,Episode III: Revenge of the Sith,revenge_of_the_sith,3
3290565768.0,seen_episode_iii_revenge_of_the_sith,1,Episode III: Revenge of the Sith,revenge_of_the_sith,3
3290565487.0,seen_episode_iii_revenge_of_the_sith,0,Episode III: Revenge of the Sith,revenge_of_the_sith,3
3290561583.0,seen_episode_iii_revenge_of_the_sith,0,Episode III: Revenge of the Sith,revenge_of_the_sith,3
3290561192.0,seen_episode_iii_revenge_of_the_sith,0,Episode III: Revenge of the Sith,revenge_of_the_sith,3
3290555153.0,seen_episode_iii_revenge_of_the_sith,0,Episode III: Revenge of the Sith,revenge_of_the_sith,3
3290553558.0,seen_episode_iii_revenge_of_the_sith,0,Episode III: Revenge of the Sith,revenge_of_the_sith,3
3290552963.0,seen_episode_iii_revenge_of_the_sith,1,Episode III: Revenge of the Sith,revenge_of_the_sith,3
3290551809.0,seen_episode_iii_revenge_of_the_sith,0,Episode III: Revenge of the Sith,revenge_of_the_sith,3
3290547819.0,seen_episode_iii_revenge_of_the_sith,0,Episode III: Revenge of the Sith,revenge_of_the_sith,3
3290544886.0,seen_episode_iii_revenge_of_the_sith,0,Episode III: Revenge of the Sith,revenge_of_the_sith,3
3290544865.0,seen_episode_iii_revenge_of_the_sith,1,Episode III: Revenge of the Sith,revenge_of_the_sith,3
3290544012.0,seen_episode_iii_revenge_of_the_sith,0,Episode III: Revenge of the Sith,revenge_of_the_sith,3
3290539653.0,seen_episode_iii_revenge_of_the_sith,1,Episode III: Revenge of the Sith,revenge_of_the_sith,3
3290538433.0,seen_episode_iii_revenge_of_the_sith,0,Episode III: Revenge of the Sith,revenge_of_the_sith,3
3290536294.0,seen_episode_iii_revenge_of_the_sith,0,Episode III: Revenge of the Sith,revenge_of_the_sith,3
3290532429.0,seen_episode_iii_revenge_of_the_sith,1,Episode III: Revenge of the Sith,revenge_of_the_sith,3
3290531735.0,seen_episode_iii_revenge_of_the_sith,0,Episode III: Revenge of the Sith,revenge_of_the_sith,3
3290526356.0,seen_episode_iii_revenge_of_the_sith,0,Episode III: Revenge of the Sith,revenge_of_the_sith,3
3290525782.0,seen_episode_iii_revenge_of_the_sith,0,Episode III: Revenge of the Sith,revenge_of_the_sith,3
3290524413.0,seen_episode_iii_revenge_of_the_sith,0,Episode III: Revenge of the Sith,revenge_of_the_sith,3
3290519884.0,seen_episode_iii_revenge_of_the_sith,0,Episode III: Revenge of the Sith,revenge_of_the_sith,3
3290515688.0,seen_episode_iii_revenge_of_the_sith,1,Episode III: Revenge of the Sith,revenge_of_the_sith,3
3290511533.0,seen_episode_iii_revenge_of_the_sith,1,Episode III: Revenge of the Sith,revenge_of_the_sith,3
3290506830.0,seen_episode_iii_revenge_of_the_sith,1,Episode III: Revenge of the Sith,revenge_of_the_sith,3
3290506333.0,seen_episode_iii_revenge_of_the_sith,0,Episode III: Revenge of the Sith,revenge_of_the_sith,3
3290505081.0,seen_episode_iii_revenge_of_the_sith,1,Episode III: Revenge of the Sith,revenge_of_the_sith,3
3290500457.0,seen_episode_iii_revenge_of_the_sith,1,Episode III: Revenge of the Sith,revenge_of_the_sith,3
3290499954.0,seen_episode_iii_revenge_of_the_sith,1,Episode III: Revenge of the Sith,revenge_of_the_sith,3
3290499953.0,seen_episode_iii_revenge_of_the_sith,0,Episode III: Revenge of the Sith,revenge_of_the_sith,3
3290496822.0,seen_episode_iii_revenge_of_the_sith,1,Episode III: Revenge of the Sith,revenge_of_the_sith,3
3290491807.0,seen_episode_iii_revenge_of_the_sith,1,Episode III: Revenge of the Sith,revenge_of_the_sith,3
3290477551.0,seen_episode_iii_revenge_of_the_sith,1,Episode III: Revenge of the Sith,revenge_of_the_sith,3
3290475079.0,seen_episode_iii_revenge_of_the_sith,0,Episode III: Revenge of the Sith,revenge_of_the_sith,3
3290474953.0,seen_episode_iii_revenge_of_the_sith,1,Episode III: Revenge of the Sith,revenge_of_the_sith,3
3290471553.0,seen_episode_iii_revenge_of_the_sith,1,Episode III: Revenge of the Sith,revenge_of_the_sith,3
3290467062.0,seen_episode_iii_revenge_of_the_sith,0,Episode III: Revenge of the Sith,revenge_of_the_sith,3
3290467000.0,seen_episode_iii_revenge_of_the_sith,0,Episode III: Revenge of the Sith,revenge_of_the_sith,3
3290464481.0,seen_episode_iii_revenge_of_the_sith,0,Episode III: Revenge of the Sith,revenge_of_the_sith,3
3290463350.0,seen_episode_iii_revenge_of_the_sith,0,Episode III: Revenge of the Sith,revenge_of_the_sith,3
3290461599.0,seen_episode_iii_revenge_of_the_sith,1,Episode III: Revenge of the Sith,revenge_of_the_sith,3
3290461455.0,seen_episode_iii_revenge_of_the_sith,0,Episode III: Revenge of the Sith,revenge_of_the_sith,3
3290448644.0,seen_episode_iii_revenge_of_the_sith,0,Episode III: Revenge of the Sith,revenge_of_the_sith,3
3290444421.0,seen_episode_iii_revenge_of_the_sith,1,Episode III: Revenge of the Sith,revenge_of_the_sith,3
3290439063.0,seen_episode_iii_revenge_of_the_sith,1,Episode III: Revenge of the Sith,revenge_of_the_sith,3
3290437717.0,seen_episode_iii_revenge_of_the_sith,0,Episode III: Revenge of the Sith,revenge_of_the_sith,3
3290432874.0,seen_episode_iii_revenge_of_the_sith,0,Episode III: Revenge of the Sith,revenge_of_the_sith,3
3290432121.0,seen_episode_iii_revenge_of_the_sith,0,Episode III: Revenge of the Sith,revenge_of_the_sith,3
3290428766.0,seen_episode_iii_revenge_of_the_sith,0,Episode III: Revenge of the Sith,revenge_of_the_sith,3
3290427764.0,seen_episode_iii_revenge_of_the_sith,1,Episode III: Revenge of the Sith,revenge_of_the_sith,3
3290426384.0,seen_episode_iii_revenge_of_the_sith,1,Episode III: Revenge of the Sith,revenge_of_the_sith,3
3290426289.0,seen_episode_iii_revenge_of_the_sith,0,Episode III: Revenge of the Sith,revenge_of_the_sith,3
3290423155.0,seen_episode_iii_revenge_of_the_sith,1,Episode III: Revenge of the Sith,revenge_of_the_sith,3
3290421738.0,seen_episode_iii_revenge_of_the_sith,1,Episode III: Revenge of the Sith,revenge_of_the_sith,3
3290417966.0,seen_episode_iii_revenge_of_the_sith,0,Episode III: Revenge of the Sith,revenge_of_the_sith,3
3290412412.0,seen_episode_iii_revenge_of_the_sith,0,Episode III: Revenge of the Sith,revenge_of_the_sith,3
3290411058.0,seen_episode_iii_revenge_of_the_sith,0,Episode III: Revenge of the Sith,revenge_of_the_sith,3
3290409431.0,seen_episode_iii_revenge_of_the_sith,0,Episode III: Revenge of the Sith,revenge_of_the_sith,3
3290409075.0,seen_episode_iii_revenge_of_the_sith,1,Episode III: Revenge of the Sith,revenge_of_the_sith,3
3290407409.0,seen_episode_iii_revenge_of_the_sith,0,Episode III: Revenge of the Sith,revenge_of_the_sith,3
3290401956.0,seen_episode_iii_revenge_of_the_sith,1,Episode III: Revenge of the Sith,revenge_of_the_sith,3
3290398978.0,seen_episode_iii_revenge_of_the_sith,0,Episode III: Revenge of the Sith,revenge_of_the_sith,3
3290394872.0,seen_episode_iii_revenge_of_the_sith,1,Episode III: Revenge of the Sith,revenge_of_the_sith,3
3290392454.0,seen_episode_iii_revenge_of_the_sith,1,Episode III: Revenge of the Sith,revenge_of_the_sith,3
3290392264.0,seen_episode_iii_revenge_of_the_sith,1,Episode III: Revenge of the Sith,revenge_of_the_sith,3
3290391985.0,seen_episode_iii_revenge_of_the_sith,0,Episode III: Revenge of the Sith,revenge_of_the_sith,3
3290386524.0,seen_episode_iii_revenge_of_the_sith,0,Episode III: Revenge of the Sith,revenge_of_the_sith,3
3290380140.0,seen_episode_iii_revenge_of_the_sith,0,Episode III: Revenge of the Sith,revenge_of_the_sith,3
3290374523.0,seen_episode_iii_revenge_of_the_sith,1,Episode III: Revenge of the Sith,revenge_of_the_sith,3
3290371734.0,seen_episode_iii_revenge_of_the_sith,0,Episode III: Revenge of the Sith,revenge_of_the_sith,3
3290371532.0,seen_episode_iii_revenge_of_the_sith,0,Episode III: Revenge of the Sith,revenge_of_the_sith,3
3290371101.0,seen_episode_iii_revenge_of_the_sith,0,Episode III: Revenge of the Sith,revenge_of_the_sith,3
3290365225.0,seen_episode_iii_revenge_of_the_sith,0,Episode III: Revenge of the Sith,revenge_of_the_sith,3
3290364952.0,seen_episode_iii_revenge_of_the_sith,1,Episode III: Revenge of the Sith,revenge_of_the_sith,3
3290359700.0,seen_episode_iii_revenge_of_the_sith,0,Episode III: Revenge of the Sith,revenge_of_the_sith,3
3290358751.0,seen_episode_iii_revenge_of_the_sith,0,Episode III: Revenge of the Sith,revenge_of_the_sith,3
3290350512.0,seen_episode_iii_revenge_of_the_sith,1,Episode III: Revenge of the Sith,revenge_of_the_sith,3
3290347473.0,seen_episode_iii_revenge_of_the_sith,1,Episode III: Revenge of the Sith,revenge_of_the_sith,3
3290344571.0,seen_episode_iii_revenge_of_the_sith,1,Episode III: Revenge of the Sith,revenge_of_the_sith,3
3290343366.0,seen_episode_iii_revenge_of_the_sith,1,Episode III: Revenge of the Sith,revenge_of_the_sith,3
3290342169.0,seen_episode_iii_revenge_of_the_sith,0,Episode III: Revenge of the Sith,revenge_of_the_sith,3
3290342102.0,seen_episode_iii_revenge_of_the_sith,0,Episode III: Revenge of the Sith,revenge_of_the_sith,3
3290340804.0,seen_episode_iii_revenge_of_the_sith,0,Episode III: Revenge of the Sith,revenge_of_the_sith,3
3290337251.0,seen_episode_iii_revenge_of_the_sith,1,Episode III: Revenge of the Sith,revenge_of_the_sith,3
3290335343.0,seen_episode_iii_revenge_of_the_sith,0,Episode III: Revenge of the Sith,revenge_of_the_sith,3
3290329580.0,seen_episode_iii_revenge_of_the_sith,0,Episode III: Revenge of the Sith,revenge_of_the_sith,3
3290328309.0,seen_episode_iii_revenge_of_the_sith,0,Episode III: Revenge of the Sith,revenge_of_the_sith,3
3290325811.0,seen_episode_iii_revenge_of_the_sith,1,Episode III: Revenge of the Sith,revenge_of_the_sith,3
3290324518.0,seen_episode_iii_revenge_of_the_sith,0,Episode III: Revenge of the Sith,revenge_of_the_sith,3
3290320007.0,seen_episode_iii_revenge_of_the_sith,1,Episode III: Revenge of the Sith,revenge_of_the_sith,3
3290318577.0,seen_episode_iii_revenge_of_the_sith,1,Episode III: Revenge of the Sith,revenge_of_the_sith,3
3290317691.0,seen_episode_iii_revenge_of_the_sith,0,Episode III: Revenge of the Sith,revenge_of_the_sith,3
3290316632.0,seen_episode_iii_revenge_of_the_sith,1,Episode III: Revenge of the Sith,revenge_of_the_sith,3
3290316375.0,seen_episode_iii_revenge_of_the_sith,1,Episode III: Revenge of the Sith,revenge_of_the_sith,3
3290315336.0,seen_episode_iii_revenge_of_the_sith,1,Episode III: Revenge of the Sith,revenge_of_the_sith,3
3290310304.0,seen_episode_iii_revenge_of_the_sith,0,Episode III: Revenge of the Sith,revenge_of_the_sith,3
3290309722.0,seen_episode_iii_revenge_of_the_sith,1,Episode III: Revenge of the Sith,revenge_of_the_sith,3
3290309711.0,seen_episode_iii_revenge_of_the_sith,1,Episode III: Revenge of the Sith,revenge_of_the_sith,3
3290304610.0,seen_episode_iii_revenge_of_the_sith,0,Episode III: Revenge of the Sith,revenge_of_the_sith,3
3290297761.0,seen_episode_iii_revenge_of_the_sith,0,Episode III: Revenge of the Sith,revenge_of_the_sith,3
3290296317.0,seen_episode_iii_revenge_of_the_sith,0,Episode III: Revenge of the Sith,revenge_of_the_sith,3
3290295809.0,seen_episode_iii_revenge_of_the_sith,0,Episode III: Revenge of the Sith,revenge_of_the_sith,3
3290294922.0,seen_episode_iii_revenge_of_the_sith,0,Episode III: Revenge of the Sith,revenge_of_the_sith,3
3290294142.0,seen_episode_iii_revenge_of_the_sith,0,Episode III: Revenge of the Sith,revenge_of_the_sith,3
3290292697.0,seen_episode_iii_revenge_of_the_sith,1,Episode III: Revenge of the Sith,revenge_of_the_sith,3
3290289176.0,seen_episode_iii_revenge_of_the_sith,0,Episode III: Revenge of the Sith,revenge_of_the_sith,3
3290287101.0,seen_episode_iii_revenge_of_the_sith,0,Episode III: Revenge of the Sith,revenge_of_the_sith,3
3290283817.0,seen_episode_iii_revenge_of_the_sith,1,Episode III: Revenge of the Sith,revenge_of_the_sith,3
3290283139.0,seen_episode_iii_revenge_of_the_sith,1,Episode III: Revenge of the Sith,revenge_of_the_sith,3
3290280642.0,seen_episode_iii_revenge_of_the_sith,0,Episode III: Revenge of the Sith,revenge_of_the_sith,3
3290279732.0,seen_episode_iii_revenge_of_the_sith,1,Episode III: Revenge of the Sith,revenge_of_the_sith,3
3290269777.0,seen_episode_iii_revenge_of_the_sith,1,Episode III: Revenge of the Sith,revenge_of_the_sith,3
3290268027.0,seen_episode_iii_revenge_of_the_sith,0,Episode III: Revenge of the Sith,revenge_of_the_sith,3
3290266084.0,seen_episode_iii_revenge_of_the_sith,1,Episode III: Revenge of the Sith,revenge_of_the_sith,3
3290262568.0,seen_episode_iii_revenge_of_the_sith,1,Episode III: Revenge of the Sith,revenge_of_the_sith,3
3290257673.0,seen_episode_iii_revenge_of_the_sith,1,Episode III: Revenge of the Sith,revenge_of_the_sith,3
3290249464.0,seen_episode_iii_revenge_of_the_sith,0,Episode III: Revenge of the Sith,revenge_of_the_sith,3
3290248279.0,seen_episode_iii_revenge_of_the_sith,0,Episode III: Revenge of the Sith,revenge_of_the_sith,3
3290248167.0,seen_episode_iii_revenge_of_the_sith,0,Episode III: Revenge of the Sith,revenge_of_the_sith,3
3290229579.0,seen_episode_iii_revenge_of_the_sith,0,Episode III: Revenge of the Sith,revenge_of_the_sith,3
3290227264.0,seen_episode_iii_revenge_of_the_sith,1,Episode III: Revenge of the Sith,revenge_of_the_sith,3
3290225128.0,seen_episode_iii_revenge_of_the_sith,0,Episode III: Revenge of the Sith,revenge_of_the_sith,3
3290223393.0,seen_episode_iii_revenge_of_the_sith,1,Episode III: Revenge of the Sith,revenge_of_the_sith,3
3290216970.0,seen_episode_iii_revenge_of_the_sith,1,Episode III: Revenge of the Sith,revenge_of_the_sith,3
3290213089.0,seen_episode_iii_revenge_of_the_sith,1,Episode III: Revenge of the Sith,revenge_of_the_sith,3
3290210801.0,seen_episode_iii_revenge_of_the_sith,1,Episode III: Revenge of the Sith,revenge_of_the_sith,3
3290209773.0,seen_episode_iii_revenge_of_the_sith,0,Episode III: Revenge of the Sith,revenge_of_the_sith,3
3290209744.0,seen_episode_iii_revenge_of_the_sith,1,Episode III: Revenge of the Sith,revenge_of_the_sith,3
3290206907.0,seen_episode_iii_revenge_of_the_sith,0,Episode III: Revenge of the Sith,revenge_of_the_sith,3
3290203063.0,seen_episode_iii_revenge_of_the_sith,1,Episode III: Revenge of the Sith,revenge_of_the_sith,3
3290201752.0,seen_episode_iii_revenge_of_the_sith,0,Episode III: Revenge of the Sith,revenge_of_the_sith,3
3290196296.0,seen_episode_iii_revenge_of_the_sith,0,Episode III: Revenge of the Sith,revenge_of_the_sith,3
3290193368.0,seen_episode_iii_revenge_of_the_sith,0,Episode III: Revenge of the Sith,revenge_of_the_sith,3
3290191566.0,seen_episode_iii_revenge_of_the_sith,1,Episode III: Revenge of the Sith,revenge_of_the_sith,3
3290188213.0,seen_episode_iii_revenge_of_the_sith,1,Episode III: Revenge of the Sith,revenge_of_the_sith,3
3290185244.0,seen_episode_iii_revenge_of_the_sith,0,Episode III: Revenge of the Sith,revenge_of_the_sith,3
3290184813.0,seen_episode_iii_revenge_of_the_sith,0,Episode III: Revenge of the Sith,revenge_of_the_sith,3
3290182531.0,seen_episode_iii_revenge_of_the_sith,0,Episode III: Revenge of the Sith,revenge_of_the_sith,3
3290180442.0,seen_episode_iii_revenge_of_the_sith,0,Episode III: Revenge of the Sith,revenge_of_the_sith,3
3290176915.0,seen_episode_iii_revenge_of_the_sith,0,Episode III: Revenge of the Sith,revenge_of_the_sith,3
3290176563.0,seen_episode_iii_revenge_of_the_sith,1,Episode III: Revenge of the Sith,revenge_of_the_sith,3
3290174629.0,seen_episode_iii_revenge_of_the_sith,0,Episode III: Revenge of the Sith,revenge_of_the_sith,3
3290174048.0,seen_episode_iii_revenge_of_the_sith,0,Episode III: Revenge of the Sith,revenge_of_the_sith,3
3290173775.0,seen_episode_iii_revenge_of_the_sith,1,Episode III: Revenge of the Sith,revenge_of_the_sith,3
3290173176.0,seen_episode_iii_revenge_of_the_sith,1,Episode III: Revenge of the Sith,revenge_of_the_sith,3
3290167473.0,seen_episode_iii_revenge_of_the_sith,0,Episode III: Revenge of the Sith,revenge_of_the_sith,3
3290164098.0,seen_episode_iii_revenge_of_the_sith,0,Episode III: Revenge of the Sith,revenge_of_the_sith,3
3290159455.0,seen_episode_iii_revenge_of_the_sith,0,Episode III: Revenge of the Sith,revenge_of_the_sith,3
3290159056.0,seen_episode_iii_revenge_of_the_sith,0,Episode III: Revenge of the Sith,revenge_of_the_sith,3
3290157529.0,seen_episode_iii_revenge_of_the_sith,1,Episode III: Revenge of the Sith,revenge_of_the_sith,3
3290149698.0,seen_episode_iii_revenge_of_the_sith,1,Episode III: Revenge of the Sith,revenge_of_the_sith,3
3290148834.0,seen_episode_iii_revenge_of_the_sith,1,Episode III: Revenge of the Sith,revenge_of_the_sith,3
3290145517.0,seen_episode_iii_revenge_of_the_sith,1,Episode III: Revenge of the Sith,revenge_of_the_sith,3
3290142232.0,seen_episode_iii_revenge_of_the_sith,1,Episode III: Revenge of the Sith,revenge_of_the_sith,3
3290139192.0,seen_episode_iii_revenge_of_the_sith,1,Episode III: Revenge of the Sith,revenge_of_the_sith,3
3290137793.0,seen_episode_iii_revenge_of_the_sith,1,Episode III: Revenge of the Sith,revenge_of_the_sith,3
3290128978.0,seen_episode_iii_revenge_of_the_sith,0,Episode III: Revenge of the Sith,revenge_of_the_sith,3
3290128468.0,seen_episode_iii_revenge_of_the_sith,0,Episode III: Revenge of the Sith,revenge_of_the_sith,3
3290127670.0,seen_episode_iii_revenge_of_the_sith,0,Episode III: Revenge of the Sith,revenge_of_the_sith,3
3290125801.0,seen_episode_iii_revenge_of_the_sith,1,Episode III: Revenge of the Sith,revenge_of_the_sith,3
3290125784.0,seen_episode_iii_revenge_of_the_sith,1,Episode III: Revenge of the Sith,revenge_of_the_sith,3
3290125550.0,seen_episode_iii_revenge_of_the_sith,1,Episode III: Revenge of the Sith,revenge_of_the_sith,3
3290125357.0,seen_episode_iii_revenge_of_the_sith,1,Episode III: Revenge of the Sith,revenge_of_the_sith,3
3290124259.0,seen_episode_iii_revenge_of_the_sith,1,Episode III: Revenge of the Sith,revenge_of_the_sith,3
3290116629.0,seen_episode_iii_revenge_of_the_sith,0,Episode III: Revenge of the Sith,revenge_of_the_sith,3
3290116182.0,seen_episode_iii_revenge_of_the_sith,0,Episode III: Revenge of the Sith,revenge_of_the_sith,3
3290109779.0,seen_episode_iii_revenge_of_the_sith,0,Episode III: Revenge of the Sith,revenge_of_the_sith,3
3290103593.0,seen_episode_iii_revenge_of_the_sith,0,Episode III: Revenge of the Sith,revenge_of_the_sith,3
3290099797.0,seen_episode_iii_revenge_of_the_sith,1,Episode III: Revenge of the Sith,revenge_of_the_sith,3
3290097546.0,seen_episode_iii_revenge_of_the_sith,0,Episode III: Revenge of the Sith,revenge_of_the_sith,3
3290097268.0,seen_episode_iii_revenge_of_the_sith,0,Episode III: Revenge of the Sith,revenge_of_the_sith,3
3290095220.0,seen_episode_iii_revenge_of_the_sith,0,Episode III: Revenge of the Sith,revenge_of_the_sith,3
3290094384.0,seen_episode_iii_revenge_of_the_sith,0,Episode III: Revenge of the Sith,revenge_of_the_sith,3
3290083352.0,seen_episode_iii_revenge_of_the_sith,0,Episode III: Revenge of the Sith,revenge_of_the_sith,3
3290082468.0,seen_episode_iii_revenge_of_the_sith,0,Episode III: Revenge of the Sith,revenge_of_the_sith,3
3290081504.0,seen_episode_iii_revenge_of_the_sith,0,Episode III: Revenge of the Sith,revenge_of_the_sith,3
3290081040.0,seen_episode_iii_revenge_of_the_sith,0,Episode III: Revenge of the Sith,revenge_of_the_sith,3
3290076587.0,seen_episode_iii_revenge_of_the_sith,0,Episode III: Revenge of the Sith,revenge_of_the_sith,3
3290071379.0,seen_episode_iii_revenge_of_the_sith,0,Episode III: Revenge of the Sith,revenge_of_the_sith,3
3290070395.0,seen_episode_iii_revenge_of_the_sith,1,Episode III: Revenge of the Sith,revenge_of_the_sith,3
3290068892.0,seen_episode_iii_revenge_of_the_sith,0,Episode III: Revenge of the Sith,revenge_of_the_sith,3
3290068765.0,seen_episode_iii_revenge_of_the_sith,1,Episode III: Revenge of the Sith,revenge_of_the_sith,3
3290063543.0,seen_episode_iii_revenge_of_the_sith,0,Episode III: Revenge of the Sith,revenge_of_the_sith,3
3290062936.0,seen_episode_iii_revenge_of_the_sith,0,Episode III: Revenge of the Sith,revenge_of_the_sith,3
3290061815.0,seen_episode_iii_revenge_of_the_sith,1,Episode III: Revenge of the Sith,revenge_of_the_sith,3
3290058506.0,seen_episode_iii_revenge_of_the_sith,1,Episode III: Revenge of the Sith,revenge_of_the_sith,3
3290058216.0,seen_episode_iii_revenge_of_the_sith,1,Episode III: Revenge of the Sith,revenge_of_the_sith,3
3290050695.0,seen_episode_iii_revenge_of_the_sith,0,Episode III: Revenge of the Sith,revenge_of_the_sith,3
3290049932.0,seen_episode_iii_revenge_of_the_sith,0,Episode III: Revenge of the Sith,revenge_of_the_sith,3
3290049231.0,seen_episode_iii_revenge_of_the_sith,0,Episode III: Revenge of the Sith,revenge_of_the_sith,3
3290048884.0,seen_episode_iii_revenge_of_the_sith,1,Episode III: Revenge of the Sith,revenge_of_the_sith,3
3290047842.0,seen_episode_iii_revenge_of_the_sith,1,Episode III: Revenge of the Sith,revenge_of_the_sith,3
3290047689.0,seen_episode_iii_revenge_of_the_sith,0,Episode III: Revenge of the Sith,revenge_of_the_sith,3
3290047483.0,seen_episode_iii_revenge_of_the_sith,0,Episode III: Revenge of the Sith,revenge_of_the_sith,3
3290046627.0,seen_episode_iii_revenge_of_the_sith,1,Episode III: Revenge of the Sith,revenge_of_the_sith,3
3290042369.0,seen_episode_iii_revenge_of_the_sith,0,Episode III: Revenge of the Sith,revenge_of_the_sith,3
3290038794.0,seen_episode_iii_revenge_of_the_sith,1,Episode III: Revenge of the Sith,revenge_of_the_sith,3
3290034196.0,seen_episode_iii_revenge_of_the_sith,0,Episode III: Revenge of the Sith,revenge_of_the_sith,3
3290032864.0,seen_episode_iii_revenge_of_the_sith,0,Episode III: Revenge of the Sith,revenge_of_the_sith,3
3290029531.0,seen_episode_iii_revenge_of_the_sith,0,Episode III: Revenge of the Sith,revenge_of_the_sith,3
3290024333.0,seen_episode_iii_revenge_of_the_sith,1,Episode III: Revenge of the Sith,revenge_of_the_sith,3
3290022302.0,seen_episode_iii_revenge_of_the_sith,0,Episode III: Revenge of the Sith,revenge_of_the_sith,3
3290019869.0,seen_episode_iii_revenge_of_the_sith,0,Episode III: Revenge of the Sith,revenge_of_the_sith,3
3290019779.0,seen_episode_iii_revenge_of_the_sith,0,Episode III: Revenge of the Sith,revenge_of_the_sith,3
3290018381.0,seen_episode_iii_revenge_of_the_sith,1,Episode III: Revenge of the Sith,revenge_of_the_sith,3
3290017901.0,seen_episode_iii_revenge_of_the_sith,0,Episode III: Revenge of the Sith,revenge_of_the_sith,3
3290014606.0,seen_episode_iii_revenge_of_the_sith,0,Episode III: Revenge of the Sith,revenge_of_the_sith,3
3290013239.0,seen_episode_iii_revenge_of_the_sith,0,Episode III: Revenge of the Sith,revenge_of_the_sith,3
3290011286.0,seen_episode_iii_revenge_of_the_sith,0,Episode III: Revenge of the Sith,revenge_of_the_sith,3
3290010419.0,seen_episode_iii_revenge_of_the_sith,0,Episode III: Revenge of the Sith,revenge_of_the_sith,3
3290008538.0,seen_episode_iii_revenge_of_the_sith,0,Episode III: Revenge of the Sith,revenge_of_the_sith,3
3290005674.0,seen_episode_iii_revenge_of_the_sith,1,Episode III: Revenge of the Sith,revenge_of_the_sith,3
3290002601.0,seen_episode_iii_revenge_of_the_sith,1,Episode III: Revenge of the Sith,revenge_of_the_sith,3
3289997713.0,seen_episode_iii_revenge_of_the_sith,1,Episode III: Revenge of the Sith,revenge_of_the_sith,3
3289997196.0,seen_episode_iii_revenge_of_the_sith,1,Episode III: Revenge of the Sith,revenge_of_the_sith,3
3289996800.0,seen_episode_iii_revenge_of_the_sith,1,Episode III: Revenge of the Sith,revenge_of_the_sith,3
3289996025.0,seen_episode_iii_revenge_of_the_sith,1,Episode III: Revenge of the Sith,revenge_of_the_sith,3
3289995352.0,seen_episode_iii_revenge_of_the_sith,1,Episode III: Revenge of the Sith,revenge_of_the_sith,3
3289993284.0,seen_episode_iii_revenge_of_the_sith,0,Episode III: Revenge of the Sith,revenge_of_the_sith,3
3289991708.0,seen_episode_iii_revenge_of_the_sith,0,Episode III: Revenge of the Sith,revenge_of_the_sith,3
3289989311.0,seen_episode_iii_revenge_of_the_sith,0,Episode III: Revenge of the Sith,revenge_of_the_sith,3
3289988393.0,seen_episode_iii_revenge_of_the_sith,1,Episode III: Revenge of the Sith,revenge_of_the_sith,3
3289987865.0,seen_episode_iii_revenge_of_the_sith,0,Episode III: Revenge of the Sith,revenge_of_the_sith,3
3289986698.0,seen_episode_iii_revenge_of_the_sith,0,Episode III: Revenge of the Sith,revenge_of_the_sith,3
3289985995.0,seen_episode_iii_revenge_of_the_sith,0,Episode III: Revenge of the Sith,revenge_of_the_sith,3
3289980534.0,seen_episode_iii_revenge_of_the_sith,1,Episode III: Revenge of the Sith,revenge_of_the_sith,3
3289973506.0,seen_episode_iii_revenge_of_the_sith,1,Episode III: Revenge of the Sith,revenge_of_the_sith,3
3289972382.0,seen_episode_iii_revenge_of_the_sith,0,Episode III: Revenge of the Sith,revenge_of_the_sith,3
3289971452.0,seen_episode_iii_revenge_of_the_sith,0,Episode III: Revenge of the Sith,revenge_of_the_sith,3
3289971256.0,seen_episode_iii_revenge_of_the_sith,1,Episode III: Revenge of the Sith,revenge_of_the_sith,3
3289963393.0,seen_episode_iii_revenge_of_the_sith,0,Episode III: Revenge of the Sith,revenge_of_the_sith,3
3289962839.0,seen_episode_iii_revenge_of_the_sith,0,Episode III: Revenge of the Sith,revenge_of_the_sith,3
3289962614.0,seen_episode_iii_revenge_of_the_sith,1,Episode III: Revenge of the Sith,revenge_of_the_sith,3
3289956408.0,seen_episode_iii_revenge_of_the_sith,0,Episode III: Revenge of the Sith,revenge_of_the_sith,3
3289955364.0,seen_episode_iii_revenge_of_the_sith,1,Episode III: Revenge of the Sith,revenge_of_the_sith,3
3289952496.0,seen_episode_iii_revenge_of_the_sith,1,Episode III: Revenge of the Sith,revenge_of_the_sith,3
3289951011.0,seen_episode_iii_revenge_of_the_sith,1,Episode III: Revenge of the Sith,revenge_of_the_sith,3
3289949516.0,seen_episode_iii_revenge_of_the_sith,0,Episode III: Revenge of the Sith,revenge_of_the_sith,3
3289949409.0,seen_episode_iii_revenge_of_the_sith,0,Episode III: Revenge of the Sith,revenge_of_the_sith,3
3289943405.0,seen_episode_iii_revenge_of_the_sith,0,Episode III: Revenge of the Sith,revenge_of_the_sith,3
3289943097.0,seen_episode_iii_revenge_of_the_sith,0,Episode III: Revenge of the Sith,revenge_of_the_sith,3
3289942520.0,seen_episode_iii_revenge_of_the_sith,0,Episode III: Revenge of the Sith,revenge_of_the_sith,3
3289933137.0,seen_episode_iii_revenge_of_the_sith,0,Episode III: Revenge of the Sith,revenge_of_the_sith,3
3289927404.0,seen_episode_iii_revenge_of_the_sith,0,Episode III: Revenge of the Sith,revenge_of_the_sith,3
3289924943.0,seen_episode_iii_revenge_of_the_sith,0,Episode III: Revenge of the Sith,revenge_of_the_sith,3
3289923980.0,seen_episode_iii_revenge_of_the_sith,1,Episode III: Revenge of the Sith,revenge_of_the_sith,3
3289920249.0,seen_episode_iii_revenge_of_the_sith,1,Episode III: Revenge of the Sith,revenge_of_the_sith,3
3289919285.0,seen_episode_iii_revenge_of_the_sith,0,Episode III: Revenge of the Sith,revenge_of_the_sith,3
3289918842.0,seen_episode_iii_revenge_of_the_sith,0,Episode III: Revenge of the Sith,revenge_of_the_sith,3
3289914533.0,seen_episode_iii_revenge_of_the_sith,1,Episode III: Revenge of the Sith,revenge_of_the_sith,3
3289914097.0,seen_episode_iii_revenge_of_the_sith,1,Episode III: Revenge of the Sith,revenge_of_the_sith,3
3289913649.0,seen_episode_iii_revenge_of_the_sith,0,Episode III: Revenge of the Sith,revenge_of_the_sith,3
3289911175.0,seen_episode_iii_revenge_of_the_sith,0,Episode III: Revenge of the Sith,revenge_of_the_sith,3
3289909917.0,seen_episode_iii_revenge_of_the_sith,1,Episode III: Revenge of the Sith,revenge_of_the_sith,3
3289907541.0,seen_episode_iii_revenge_of_the_sith,0,Episode III: Revenge of the Sith,revenge_of_the_sith,3
3289905986.0,seen_episode_iii_revenge_of_the_sith,1,Episode III: Revenge of the Sith,revenge_of_the_sith,3
3289905819.0,seen_episode_iii_revenge_of_the_sith,0,Episode III: Revenge of the Sith,revenge_of_the_sith,3
3289905044.0,seen_episode_iii_revenge_of_the_sith,1,Episode III: Revenge of the Sith,revenge_of_the_sith,3
3289903380.0,seen_episode_iii_revenge_of_the_sith,0,Episode III: Revenge of the Sith,revenge_of_the_sith,3
3289902920.0,seen_episode_iii_revenge_of_the_sith,1,Episode III: Revenge of the Sith,revenge_of_the_sith,3
3289902115.0,seen_episode_iii_revenge_of_the_sith,0,Episode III: Revenge of the Sith,revenge_of_the_sith,3
3289901820.0,seen_episode_iii_revenge_of_the_sith,1,Episode III: Revenge of the Sith,revenge_of_the_sith,3
3289901633.0,seen_episode_iii_revenge_of_the_sith,1,Episode III: Revenge of the Sith,revenge_of_the_sith,3
3289897826.0,seen_episode_iii_revenge_of_the_sith,1,Episode III: Revenge of the Sith,revenge_of_the_sith,3
3289896565.0,seen_episode_iii_revenge_of_the_sith,1,Episode III: Revenge of the Sith,revenge_of_the_sith,3
3289895732.0,seen_episode_iii_revenge_of_the_sith,1,Episode III: Revenge of the Sith,revenge_of_the_sith,3
3289894873.0,seen_episode_iii_revenge_of_the_sith,0,Episode III: Revenge of the Sith,revenge_of_the_sith,3
3289891069.0,seen_episode_iii_revenge_of_the_sith,0,Episode III: Revenge of the Sith,revenge_of_the_sith,3
3289890495.0,seen_episode_iii_revenge_of_the_sith,0,Episode III: Revenge of the Sith,revenge_of_the_sith,3
3289888113.0,seen_episode_iii_revenge_of_the_sith,0,Episode III: Revenge of the Sith,revenge_of_the_sith,3
3289888015.0,seen_episode_iii_revenge_of_the_sith,1,Episode III: Revenge of the Sith,revenge_of_the_sith,3
3289885747.0,seen_episode_iii_revenge_of_the_sith,0,Episode III: Revenge of the Sith,revenge_of_the_sith,3
3289878528.0,seen_episode_iii_revenge_of_the_sith,1,Episode III: Revenge of the Sith,revenge_of_the_sith,3
3289877093.0,seen_episode_iii_revenge_of_the_sith,1,Episode III: Revenge of the Sith,revenge_of_the_sith,3
3289874408.0,seen_episode_iii_revenge_of_the_sith,1,Episode III: Revenge of the Sith,revenge_of_the_sith,3
3289873978.0,seen_episode_iii_revenge_of_the_sith,0,Episode III: Revenge of the Sith,revenge_of_the_sith,3
3289870772.0,seen_episode_iii_revenge_of_the_sith,0,Episode III: Revenge of the Sith,revenge_of_the_sith,3
3289868197.0,seen_episode_iii_revenge_of_the_sith,1,Episode III: Revenge of the Sith,revenge_of_the_sith,3
3289866531.0,seen_episode_iii_revenge_of_the_sith,0,Episode III: Revenge of the Sith,revenge_of_the_sith,3
3289866259.0,seen_episode_iii_revenge_of_the_sith,0,Episode III: Revenge of the Sith,revenge_of_the_sith,3
3289865550.0,seen_episode_iii_revenge_of_the_sith,1,Episode III: Revenge of the Sith,revenge_of_the_sith,3
3289864687.0,seen_episode_iii_revenge_of_the_sith,0,Episode III: Revenge of the Sith,revenge_of_the_sith,3
3289862004.0,seen_episode_iii_revenge_of_the_sith,0,Episode III: Revenge of the Sith,revenge_of_the_sith,3
3289861464.0,seen_episode_iii_revenge_of_the_sith,0,Episode III: Revenge of the Sith,revenge_of_the_sith,3
3289857817.0,seen_episode_iii_revenge_of_the_sith,1,Episode III: Revenge of the Sith,revenge_of_the_sith,3
3289856887.0,seen_episode_iii_revenge_of_the_sith,1,Episode III: Revenge of the Sith,revenge_of_the_sith,3
3289856557.0,seen_episode_iii_revenge_of_the_sith,0,Episode III: Revenge of the Sith,revenge_of_the_sith,3
3289855873.0,seen_episode_iii_revenge_of_the_sith,1,Episode III: Revenge of the Sith,revenge_of_the_sith,3
3289854601.0,seen_episode_iii_revenge_of_the_sith,1,Episode III: Revenge of the Sith,revenge_of_the_sith,3
3289848909.0,seen_episode_iii_revenge_of_the_sith,0,Episode III: Revenge of the Sith,revenge_of_the_sith,3
3289847932.0,seen_episode_iii_revenge_of_the_sith,1,Episode III: Revenge of the Sith,revenge_of_the_sith,3
3289844139.0,seen_episode_iii_revenge_of_the_sith,0,Episode III: Revenge of the Sith,revenge_of_the_sith,3
3289843973.0,seen_episode_iii_revenge_of_the_sith,1,Episode III: Revenge of the Sith,revenge_of_the_sith,3
3289837359.0,seen_episode_iii_revenge_of_the_sith,0,Episode III: Revenge of the Sith,revenge_of_the_sith,3
3289835282.0,seen_episode_iii_revenge_of_the_sith,1,Episode III: Revenge of the Sith,revenge_of_the_sith,3
3289834572.0,seen_episode_iii_revenge_of_the_sith,0,Episode III: Revenge of the Sith,revenge_of_the_sith,3
3289831274.0,seen_episode_iii_revenge_of_the_sith,0,Episode III: Revenge of the Sith,revenge_of_the_sith,3
3289830199.0,seen_episode_iii_revenge_of_the_sith,0,Episode III: Revenge of the Sith,revenge_of_the_sith,3
3289829982.0,seen_episode_iii_revenge_of_the_sith,1,Episode III: Revenge of the Sith,revenge_of_the_sith,3
3289822005.0,seen_episode_iii_revenge_of_the_sith,1,Episode III: Revenge of the Sith,revenge_of_the_sith,3
3289821310.0,seen_episode_iii_revenge_of_the_sith,1,Episode III: Revenge of the Sith,revenge_of_the_sith,3
3289815685.0,seen_episode_iii_revenge_of_the_sith,1,Episode III: Revenge of the Sith,revenge_of_the_sith,3
3289813977.0,seen_episode_iii_revenge_of_the_sith,0,Episode III: Revenge of the Sith,revenge_of_the_sith,3
3289812188.0,seen_episode_iii_revenge_of_the_sith,0,Episode III: Revenge of the Sith,revenge_of_the_sith,3
3289809469.0,seen_episode_iii_revenge_of_the_sith,1,Episode III: Revenge of the Sith,revenge_of_the_sith,3
3289809255.0,seen_episode_iii_revenge_of_the_sith,0,Episode III: Revenge of the Sith,revenge_of_the_sith,3
3289808310.0,seen_episode_iii_revenge_of_the_sith,0,Episode III: Revenge of the Sith,revenge_of_the_sith,3
3289805753.0,seen_episode_iii_revenge_of_the_sith,0,Episode III: Revenge of the Sith,revenge_of_the_sith,3
3289805745.0,seen_episode_iii_revenge_of_the_sith,0,Episode III: Revenge of the Sith,revenge_of_the_sith,3
3289804908.0,seen_episode_iii_revenge_of_the_sith,0,Episode III: Revenge of the Sith,revenge_of_the_sith,3
3289804326.0,seen_episode_iii_revenge_of_the_sith,1,Episode III: Revenge of the Sith,revenge_of_the_sith,3
3289804031.0,seen_episode_iii_revenge_of_the_sith,1,Episode III: Revenge of the Sith,revenge_of_the_sith,3
3289802847.0,seen_episode_iii_revenge_of_the_sith,0,Episode III: Revenge of the Sith,revenge_of_the_sith,3
3289799650.0,seen_episode_iii_revenge_of_the_sith,0,Episode III: Revenge of the Sith,revenge_of_the_sith,3
3289799581.0,seen_episode_iii_revenge_of_the_sith,0,Episode III: Revenge of the Sith,revenge_of_the_sith,3
3289798968.0,seen_episode_iii_revenge_of_the_sith,1,Episode III: Revenge of the Sith,revenge_of_the_sith,3
3289798759.0,seen_episode_iii_revenge_of_the_sith,1,Episode III: Revenge of the Sith,revenge_of_the_sith,3
3289797876.0,seen_episode_iii_revenge_of_the_sith,0,Episode III: Revenge of the Sith,revenge_of_the_sith,3
3289795859.0,seen_episode_iii_revenge_of_the_sith,0,Episode III: Revenge of the Sith,revenge_of_the_sith,3
3289790475.0,seen_episode_iii_revenge_of_the_sith,0,Episode III: Revenge of the Sith,revenge_of_the_sith,3
3289790146.0,seen_episode_iii_revenge_of_the_sith,1,Episode III: Revenge of the Sith,revenge_of_the_sith,3
3289786719.0,seen_episode_iii_revenge_of_the_sith,1,Episode III: Revenge of the Sith,revenge_of_the_sith,3
3289781705.0,seen_episode_iii_revenge_of_the_sith,0,Episode III: Revenge of the Sith,revenge_of_the_sith,3
3289779434.0,seen_episode_iii_revenge_of_the_sith,0,Episode III: Revenge of the Sith,revenge_of_the_sith,3
3289764515.0,seen_episode_iii_revenge_of_the_sith,0,Episode III: Revenge of the Sith,revenge_of_the_sith,3
3289758800.0,seen_episode_iii_revenge_of_the_sith,1,Episode III: Revenge of the Sith,revenge_of_the_sith,3
3289757385.0,seen_episode_iii_revenge_of_the_sith,1,Episode III: Revenge of the Sith,revenge_of_the_sith,3
3289757163.0,seen_episode_iii_revenge_of_the_sith,1,Episode III: Revenge of the Sith,revenge_of_the_sith,3
3289753279.0,seen_episode_iii_revenge_of_the_sith,0,Episode III: Revenge of the Sith,revenge_of_the_sith,3
3289752347.0,seen_episode_iii_revenge_of_the_sith,1,Episode III: Revenge of the Sith,revenge_of_the_sith,3
3289751464.0,seen_episode_iii_revenge_of_the_sith,0,Episode III: Revenge of the Sith,revenge_of_the_sith,3
3289745316.0,seen_episode_iii_revenge_of_the_sith,0,Episode III: Revenge of the Sith,revenge_of_the_sith,3
3289745063.0,seen_episode_iii_revenge_of_the_sith,1,Episode III: Revenge of the Sith,revenge_of_the_sith,3
3289737236.0,seen_episode_iii_revenge_of_the_sith,1,Episode III: Revenge of the Sith,revenge_of_the_sith,3
3289735954.0,seen_episode_iii_revenge_of_the_sith,0,Episode III: Revenge of the Sith,revenge_of_the_sith,3
3289733444.0,seen_episode_iii_revenge_of_the_sith,1,Episode III: Revenge of the Sith,revenge_of_the_sith,3
3289730973.0,seen_episode_iii_revenge_of_the_sith,0,Episode III: Revenge of the Sith,revenge_of_the_sith,3
3289727014.0,seen_episode_iii_revenge_of_the_sith,0,Episode III: Revenge of the Sith,revenge_of_the_sith,3
3289725827.0,seen_episode_iii_revenge_of_the_sith,1,Episode III: Revenge of the Sith,revenge_of_the_sith,3
3289725605.0,seen_episode_iii_revenge_of_the_sith,0,Episode III: Revenge of the Sith,revenge_of_the_sith,3
3289722110.0,seen_episode_iii_revenge_of_the_sith,1,Episode III: Revenge of the Sith,revenge_of_the_sith,3
3289713384.0,seen_episode_iii_revenge_of_the_sith,0,Episode III: Revenge of the Sith,revenge_of_the_sith,3
3289711817.0,seen_episode_iii_revenge_of_the_sith,1,Episode III: Revenge of the Sith,revenge_of_the_sith,3
3289710382.0,seen_episode_iii_revenge_of_the_sith,0,Episode III: Revenge of the Sith,revenge_of_the_sith,3
3289706727.0,seen_episode_iii_revenge_of_the_sith,1,Episode III: Revenge of the Sith,revenge_of_the_sith,3
3289706550.0,seen_episode_iii_revenge_of_the_sith,0,Episode III: Revenge of the Sith,revenge_of_the_sith,3
3289705195.0,seen_episode_iii_revenge_of_the_sith,1,Episode III: Revenge of the Sith,revenge_of_the_sith,3
3289700288.0,seen_episode_iii_revenge_of_the_sith,1,Episode III: Revenge of the Sith,revenge_of_the_sith,3
3289695941.0,seen_episode_iii_revenge_of_the_sith,1,Episode III: Revenge of the Sith,revenge_of_the_sith,3
3289693023.0,seen_episode_iii_revenge_of_the_sith,1,Episode III: Revenge of the Sith,revenge_of_the_sith,3
3289692258.0,seen_episode_iii_revenge_of_the_sith,1,Episode III: Revenge of the Sith,revenge_of_the_sith,3
3289689591.0,seen_episode_iii_revenge_of_the_sith,0,Episode III: Revenge of the Sith,revenge_of_the_sith,3
3289689331.0,seen_episode_iii_revenge_of_the_sith,1,Episode III: Revenge of the Sith,revenge_of_the_sith,3
3289688885.0,seen_episode_iii_revenge_of_the_sith,1,Episode III: Revenge of the Sith,revenge_of_the_sith,3
3289686202.0,seen_episode_iii_revenge_of_the_sith,0,Episode III: Revenge of the Sith,revenge_of_the_sith,3
3289685200.0,seen_episode_iii_revenge_of_the_sith,0,Episode III: Revenge of the Sith,revenge_of_the_sith,3
3289684323.0,seen_episode_iii_revenge_of_the_sith,1,Episode III: Revenge of the Sith,revenge_of_the_sith,3
3289681765.0,seen_episode_iii_revenge_of_the_sith,1,Episode III: Revenge of the Sith,revenge_of_the_sith,3
3289680108.0,seen_episode_iii_revenge_of_the_sith,0,Episode III: Revenge of the Sith,revenge_of_the_sith,3
3289673695.0,seen_episode_iii_revenge_of_the_sith,1,Episode III: Revenge of the Sith,revenge_of_the_sith,3
3289666523.0,seen_episode_iii_revenge_of_the_sith,0,Episode III: Revenge of the Sith,revenge_of_the_sith,3
3289664241.0,seen_episode_iii_revenge_of_the_sith,1,Episode III: Revenge of the Sith,revenge_of_the_sith,3
3289653763.0,seen_episode_iii_revenge_of_the_sith,0,Episode III: Revenge of the Sith,revenge_of_the_sith,3
3289653664.0,seen_episode_iii_revenge_of_the_sith,0,Episode III: Revenge of the Sith,revenge_of_the_sith,3
3289652167.0,seen_episode_iii_revenge_of_the_sith,1,Episode III: Revenge of the Sith,revenge_of_the_sith,3
3289649402.0,seen_episode_iii_revenge_of_the_sith,0,Episode III: Revenge of the Sith,revenge_of_the_sith,3
3289648154.0,seen_episode_iii_revenge_of_the_sith,0,Episode III: Revenge of the Sith,revenge_of_the_sith,3
3289646833.0,seen_episode_iii_revenge_of_the_sith,0,Episode III: Revenge of the Sith,revenge_of_the_sith,3
3289645505.0,seen_episode_iii_revenge_of_the_sith,0,Episode III: Revenge of the Sith,revenge_of_the_sith,3
3289644365.0,seen_episode_iii_revenge_of_the_sith,1,Episode III: Revenge of the Sith,revenge_of_the_sith,3
3289641241.0,seen_episode_iii_revenge_of_the_sith,1,Episode III: Revenge of the Sith,revenge_of_the_sith,3
3289640516.0,seen_episode_iii_revenge_of_the_sith,0,Episode III: Revenge of the Sith,revenge_of_the_sith,3
3289638367.0,seen_episode_iii_revenge_of_the_sith,1,Episode III: Revenge of the Sith,revenge_of_the_sith,3
3289633176.0,seen_episode_iii_revenge_of_the_sith,1,Episode III: Revenge of the Sith,revenge_of_the_sith,3
3289628791.0,seen_episode_iii_revenge_of_the_sith,0,Episode III: Revenge of the Sith,revenge_of_the_sith,3
3289627503.0,seen_episode_iii_revenge_of_the_sith,0,Episode III: Revenge of the Sith,revenge_of_the_sith,3
3289625918.0,seen_episode_iii_revenge_of_the_sith,0,Episode III: Revenge of the Sith,revenge_of_the_sith,3
3289625905.0,seen_episode_iii_revenge_of_the_sith,0,Episode III: Revenge of the Sith,revenge_of_the_sith,3
3289625071.0,seen_episode_iii_revenge_of_the_sith,1,Episode III: Revenge of the Sith,revenge_of_the_sith,3
3289621004.0,seen_episode_iii_revenge_of_the_sith,1,Episode III: Revenge of the Sith,revenge_of_the_sith,3
3289619487.0,seen_episode_iii_revenge_of_the_sith,0,Episode III: Revenge of the Sith,revenge_of_the_sith,3
3289618781.0,seen_episode_iii_revenge_of_the_sith,0,Episode III: Revenge of the Sith,revenge_of_the_sith,3
3289618768.0,seen_episode_iii_revenge_of_the_sith,0,Episode III: Revenge of the Sith,revenge_of_the_sith,3
3289618355.0,seen_episode_iii_revenge_of_the_sith,0,Episode III: Revenge of the Sith,revenge_of_the_sith,3
3289616064.0,seen_episode_iii_revenge_of_the_sith,0,Episode III: Revenge of the Sith,revenge_of_the_sith,3
3289610618.0,seen_episode_iii_revenge_of_the_sith,0,Episode III: Revenge of the Sith,revenge_of_the_sith,3
3289610391.0,seen_episode_iii_revenge_of_the_sith,0,Episode III: Revenge of the Sith,revenge_of_the_sith,3
3289600885.0,seen_episode_iii_revenge_of_the_sith,1,Episode III: Revenge of the Sith,revenge_of_the_sith,3
3289598419.0,seen_episode_iii_revenge_of_the_sith,0,Episode III: Revenge of the Sith,revenge_of_the_sith,3
3289597768.0,seen_episode_iii_revenge_of_the_sith,0,Episode III: Revenge of the Sith,revenge_of_the_sith,3
3289597035.0,seen_episode_iii_revenge_of_the_sith,1,Episode III: Revenge of the Sith,revenge_of_the_sith,3
3289588064.0,seen_episode_iii_revenge_of_the_sith,0,Episode III: Revenge of the Sith,revenge_of_the_sith,3
3289582868.0,seen_episode_iii_revenge_of_the_sith,1,Episode III: Revenge of the Sith,revenge_of_the_sith,3
3289582774.0,seen_episode_iii_revenge_of_the_sith,0,Episode III: Revenge of the Sith,revenge_of_the_sith,3
3289582090.0,seen_episode_iii_revenge_of_the_sith,1,Episode III: Revenge of the Sith,revenge_of_the_sith,3
3289573606.0,seen_episode_iii_revenge_of_the_sith,1,Episode III: Revenge of the Sith,revenge_of_the_sith,3
3289572808.0,seen_episode_iii_revenge_of_the_sith,1,Episode III: Revenge of the Sith,revenge_of_the_sith,3
3289569955.0,seen_episode_iii_revenge_of_the_sith,0,Episode III: Revenge of the Sith,revenge_of_the_sith,3
3289567355.0,seen_episode_iii_revenge_of_the_sith,1,Episode III: Revenge of the Sith,revenge_of_the_sith,3
3289564387.0,seen_episode_iii_revenge_of_the_sith,1,Episode III: Revenge of the Sith,revenge_of_the_sith,3
3289563102.0,seen_episode_iii_revenge_of_the_sith,0,Episode III: Revenge of the Sith,revenge_of_the_sith,3
3289561190.0,seen_episode_iii_revenge_of_the_sith,0,Episode III: Revenge of the Sith,revenge_of_the_sith,3
3289560376.0,seen_episode_iii_revenge_of_the_sith,1,Episode III: Revenge of the Sith,revenge_of_the_sith,3
3289555540.0,seen_episode_iii_revenge_of_the_sith,0,Episode III: Revenge of the Sith,revenge_of_the_sith,3
3289553574.0,seen_episode_iii_revenge_of_the_sith,0,Episode III: Revenge of the Sith,revenge_of_the_sith,3
3289553473.0,seen_episode_iii_revenge_of_the_sith,1,Episode III: Revenge of the Sith,revenge_of_the_sith,3
3289552996.0,seen_episode_iii_revenge_of_the_sith,1,Episode III: Revenge of the Sith,revenge_of_the_sith,3
3289552625.0,seen_episode_iii_revenge_of_the_sith,1,Episode III: Revenge of the Sith,revenge_of_the_sith,3
3289543778.0,seen_episode_iii_revenge_of_the_sith,0,Episode III: Revenge of the Sith,revenge_of_the_sith,3
3289540349.0,seen_episode_iii_revenge_of_the_sith,1,Episode III: Revenge of the Sith,revenge_of_the_sith,3
3289539921.0,seen_episode_iii_revenge_of_the_sith,1,Episode III: Revenge of the Sith,revenge_of_the_sith,3
3289537363.0,seen_episode_iii_revenge_of_the_sith,0,Episode III: Revenge of the Sith,revenge_of_the_sith,3
3289537293.0,seen_episode_iii_revenge_of_the_sith,1,Episode III: Revenge of the Sith,revenge_of_the_sith,3
3289536171.0,seen_episode_iii_revenge_of_the_sith,0,Episode III: Revenge of the Sith,revenge_of_the_sith,3
3289533753.0,seen_episode_iii_revenge_of_the_sith,1,Episode III: Revenge of the Sith,revenge_of_the_sith,3
3289531711.0,seen_episode_iii_revenge_of_the_sith,1,Episode III: Revenge of the Sith,revenge_of_the_sith,3
3289530269.0,seen_episode_iii_revenge_of_the_sith,0,Episode III: Revenge of the Sith,revenge_of_the_sith,3
3289530042.0,seen_episode_iii_revenge_of_the_sith,1,Episode III: Revenge of the Sith,revenge_of_the_sith,3
3289529064.0,seen_episode_iii_revenge_of_the_sith,0,Episode III: Revenge of the Sith,revenge_of_the_sith,3
3289528214.0,seen_episode_iii_revenge_of_the_sith,0,Episode III: Revenge of the Sith,revenge_of_the_sith,3
3289526845.0,seen_episode_iii_revenge_of_the_sith,0,Episode III: Revenge of the Sith,revenge_of_the_sith,3
3289526048.0,seen_episode_iii_revenge_of_the_sith,0,Episode III: Revenge of the Sith,revenge_of_the_sith,3
3289522048.0,seen_episode_iii_revenge_of_the_sith,0,Episode III: Revenge of the Sith,revenge_of_the_sith,3
3289512650.0,seen_episode_iii_revenge_of_the_sith,0,Episode III: Revenge of the Sith,revenge_of_the_sith,3
3289510637.0,seen_episode_iii_revenge_of_the_sith,0,Episode III: Revenge of the Sith,revenge_of_the_sith,3
3289510083.0,seen_episode_iii_revenge_of_the_sith,0,Episode III: Revenge of the Sith,revenge_of_the_sith,3
3289508774.0,seen_episode_iii_revenge_of_the_sith,0,Episode III: Revenge of the Sith,revenge_of_the_sith,3
3289505557.0,seen_episode_iii_revenge_of_the_sith,0,Episode III: Revenge of the Sith,revenge_of_the_sith,3
3289498676.0,seen_episode_iii_revenge_of_the_sith,1,Episode III: Revenge of the Sith,revenge_of_the_sith,3
3289498263.0,seen_episode_iii_revenge_of_the_sith,1,Episode III: Revenge of the Sith,revenge_of_the_sith,3
3289498064.0,seen_episode_iii_revenge_of_the_sith,1,Episode III: Revenge of the Sith,revenge_of_the_sith,3
3289494245.0,seen_episode_iii_revenge_of_the_sith,0,Episode III: Revenge of the Sith,revenge_of_the_sith,3
3289492759.0,seen_episode_iii_revenge_of_the_sith,0,Episode III: Revenge of the Sith,revenge_of_the_sith,3
3289492075.0,seen_episode_iii_revenge_of_the_sith,0,Episode III: Revenge of the Sith,revenge_of_the_sith,3
3289489736.0,seen_episode_iii_revenge_of_the_sith,1,Episode III: Revenge of the Sith,revenge_of_the_sith,3
3289485680.0,seen_episode_iii_revenge_of_the_sith,0,Episode III: Revenge of the Sith,revenge_of_the_sith,3
3289484757.0,seen_episode_iii_revenge_of_the_sith,1,Episode III: Revenge of the Sith,revenge_of_the_sith,3
3289481873.0,seen_episode_iii_revenge_of_the_sith,0,Episode III: Revenge of the Sith,revenge_of_the_sith,3
3289481310.0,seen_episode_iii_revenge_of_the_sith,0,Episode III: Revenge of the Sith,revenge_of_the_sith,3
3289472648.0,seen_episode_iii_revenge_of_the_sith,1,Episode III: Revenge of the Sith,revenge_of_the_sith,3
3289469330.0,seen_episode_iii_revenge_of_the_sith,0,Episode III: Revenge of the Sith,revenge_of_the_sith,3
3289467778.0,seen_episode_iii_revenge_of_the_sith,1,Episode III: Revenge of the Sith,revenge_of_the_sith,3
3289467324.0,seen_episode_iii_revenge_of_the_sith,1,Episode III: Revenge of the Sith,revenge_of_the_sith,3
3289463626.0,seen_episode_iii_revenge_of_the_sith,0,Episode III: Revenge of the Sith,revenge_of_the_sith,3
3289463066.0,seen_episode_iii_revenge_of_the_sith,1,Episode III: Revenge of the Sith,revenge_of_the_sith,3
3289459695.0,seen_episode_iii_revenge_of_the_sith,0,Episode III: Revenge of the Sith,revenge_of_the_sith,3
3289458608.0,seen_episode_iii_revenge_of_the_sith,1,Episode III: Revenge of the Sith,revenge_of_the_sith,3
3289453110.0,seen_episode_iii_revenge_of_the_sith,1,Episode III: Revenge of the Sith,revenge_of_the_sith,3
3289450247.0,seen_episode_iii_revenge_of_the_sith,0,Episode III: Revenge of the Sith,revenge_of_the_sith,3
3289450050.0,seen_episode_iii_revenge_of_the_sith,1,Episode III: Revenge of the Sith,revenge_of_the_sith,3
3289449176.0,seen_episode_iii_revenge_of_the_sith,0,Episode III: Revenge of the Sith,revenge_of_the_sith,3
3289448435.0,seen_episode_iii_revenge_of_the_sith,1,Episode III: Revenge of the Sith,revenge_of_the_sith,3
3289445841.0,seen_episode_iii_revenge_of_the_sith,1,Episode III: Revenge of the Sith,revenge_of_the_sith,3
3289437997.0,seen_episode_iii_revenge_of_the_sith,0,Episode III: Revenge of the Sith,revenge_of_the_sith,3
3289436437.0,seen_episode_iii_revenge_of_the_sith,1,Episode III: Revenge of the Sith,revenge_of_the_sith,3
3289434297.0,seen_episode_iii_revenge_of_the_sith,1,Episode III: Revenge of the Sith,revenge_of_the_sith,3
3289425578.0,seen_episode_iii_revenge_of_the_sith,1,Episode III: Revenge of the Sith,revenge_of_the_sith,3
3289423303.0,seen_episode_iii_revenge_of_the_sith,1,Episode III: Revenge of the Sith,revenge_of_the_sith,3
3289419064.0,seen_episode_iii_revenge_of_the_sith,0,Episode III: Revenge of the Sith,revenge_of_the_sith,3
3289418012.0,seen_episode_iii_revenge_of_the_sith,0,Episode III: Revenge of the Sith,revenge_of_the_sith,3
3289416615.0,seen_episode_iii_revenge_of_the_sith,0,Episode III: Revenge of the Sith,revenge_of_the_sith,3
3289415200.0,seen_episode_iii_revenge_of_the_sith,0,Episode III: Revenge of the Sith,revenge_of_the_sith,3
3289414959.0,seen_episode_iii_revenge_of_the_sith,1,Episode III: Revenge of the Sith,revenge_of_the_sith,3
3289414036.0,seen_episode_iii_revenge_of_the_sith,0,Episode III: Revenge of the Sith,revenge_of_the_sith,3
3289410507.0,seen_episode_iii_revenge_of_the_sith,1,Episode III: Revenge of the Sith,revenge_of_the_sith,3
3289410455.0,seen_episode_iii_revenge_of_the_sith,1,Episode III: Revenge of the Sith,revenge_of_the_sith,3
3289398157.0,seen_episode_iii_revenge_of_the_sith,0,Episode III: Revenge of the Sith,revenge_of_the_sith,3
3289394268.0,seen_episode_iii_revenge_of_the_sith,0,Episode III: Revenge of the Sith,revenge_of_the_sith,3
3289393495.0,seen_episode_iii_revenge_of_the_sith,0,Episode III: Revenge of the Sith,revenge_of_the_sith,3
3289392497.0,seen_episode_iii_revenge_of_the_sith,1,Episode III: Revenge of the Sith,revenge_of_the_sith,3
3289383220.0,seen_episode_iii_revenge_of_the_sith,0,Episode III: Revenge of the Sith,revenge_of_the_sith,3
3289381739.0,seen_episode_iii_revenge_of_the_sith,1,Episode III: Revenge of the Sith,revenge_of_the_sith,3
3289374653.0,seen_episode_iii_revenge_of_the_sith,0,Episode III: Revenge of the Sith,revenge_of_the_sith,3
3289370623.0,seen_episode_iii_revenge_of_the_sith,1,Episode III: Revenge of the Sith,revenge_of_the_sith,3
3289369318.0,seen_episode_iii_revenge_of_the_sith,0,Episode III: Revenge of the Sith,revenge_of_the_sith,3
3289363684.0,seen_episode_iii_revenge_of_the_sith,1,Episode III: Revenge of the Sith,revenge_of_the_sith,3
3289358306.0,seen_episode_iii_revenge_of_the_sith,0,Episode III: Revenge of the Sith,revenge_of_the_sith,3
3289354975.0,seen_episode_iii_revenge_of_the_sith,1,Episode III: Revenge of the Sith,revenge_of_the_sith,3
3289351950.0,seen_episode_iii_revenge_of_the_sith,1,Episode III: Revenge of the Sith,revenge_of_the_sith,3
3289351379.0,seen_episode_iii_revenge_of_the_sith,1,Episode III: Revenge of the Sith,revenge_of_the_sith,3
3289341349.0,seen_episode_iii_revenge_of_the_sith,0,Episode III: Revenge of the Sith,revenge_of_the_sith,3
3289334585.0,seen_episode_iii_revenge_of_the_sith,0,Episode III: Revenge of the Sith,revenge_of_the_sith,3
3289334511.0,seen_episode_iii_revenge_of_the_sith,0,Episode III: Revenge of the Sith,revenge_of_the_sith,3
3289322178.0,seen_episode_iii_revenge_of_the_sith,0,Episode III: Revenge of the Sith,revenge_of_the_sith,3
3289321600.0,seen_episode_iii_revenge_of_the_sith,0,Episode III: Revenge of the Sith,revenge_of_the_sith,3
3289317542.0,seen_episode_iii_revenge_of_the_sith,1,Episode III: Revenge of the Sith,revenge_of_the_sith,3
3289316592.0,seen_episode_iii_revenge_of_the_sith,0,Episode III: Revenge of the Sith,revenge_of_the_sith,3
3289311086.0,seen_episode_iii_revenge_of_the_sith,1,Episode III: Revenge of the Sith,revenge_of_the_sith,3
3289305272.0,seen_episode_iii_revenge_of_the_sith,0,Episode III: Revenge of the Sith,revenge_of_the_sith,3
3289302743.0,seen_episode_iii_revenge_of_the_sith,0,Episode III: Revenge of the Sith,revenge_of_the_sith,3
3289301976.0,seen_episode_iii_revenge_of_the_sith,0,Episode III: Revenge of the Sith,revenge_of_the_sith,3
3289282741.0,seen_episode_iii_revenge_of_the_sith,0,Episode III: Revenge of the Sith,revenge_of_the_sith,3
3289281855.0,seen_episode_iii_revenge_of_the_sith,0,Episode III: Revenge of the Sith,revenge_of_the_sith,3
3289279767.0,seen_episode_iii_revenge_of_the_sith,0,Episode III: Revenge of the Sith,revenge_of_the_sith,3
3289274314.0,seen_episode_iii_revenge_of_the_sith,1,Episode III: Revenge of the Sith,revenge_of_the_sith,3
3289274207.0,seen_episode_iii_revenge_of_the_sith,0,Episode III: Revenge of the Sith,revenge_of_the_sith,3
3289262699.0,seen_episode_iii_revenge_of_the_sith,1,Episode III: Revenge of the Sith,revenge_of_the_sith,3
3289262511.0,seen_episode_iii_revenge_of_the_sith,1,Episode III: Revenge of the Sith,revenge_of_the_sith,3
3289242777.0,seen_episode_iii_revenge_of_the_sith,0,Episode III: Revenge of the Sith,revenge_of_the_sith,3
3289236782.0,seen_episode_iii_revenge_of_the_sith,1,Episode III: Revenge of the Sith,revenge_of_the_sith,3
3289198607.0,seen_episode_iii_revenge_of_the_sith,1,Episode III: Revenge of the Sith,revenge_of_the_sith,3
3289179421.0,seen_episode_iii_revenge_of_the_sith,0,Episode III: Revenge of the Sith,revenge_of_the_sith,3
3289178815.0,seen_episode_iii_revenge_of_the_sith,0,Episode III: Revenge of the Sith,revenge_of_the_sith,3
3289177383.0,seen_episode_iii_revenge_of_the_sith,1,Episode III: Revenge of the Sith,revenge_of_the_sith,3
3289172932.0,seen_episode_iii_revenge_of_the_sith,0,Episode III: Revenge of the Sith,revenge_of_the_sith,3
3289156917.0,seen_episode_iii_revenge_of_the_sith,1,Episode III: Revenge of the Sith,revenge_of_the_sith,3
3289153001.0,seen_episode_iii_revenge_of_the_sith,0,Episode III: Revenge of the Sith,revenge_of_the_sith,3
3289148779.0,seen_episode_iii_revenge_of_the_sith,0,Episode III: Revenge of the Sith,revenge_of_the_sith,3
3289112999.0,seen_episode_iii_revenge_of_the_sith,1,Episode III: Revenge of the Sith,revenge_of_the_sith,3
3289095873.0,seen_episode_iii_revenge_of_the_sith,0,Episode III: Revenge of the Sith,revenge_of_the_sith,3
3289069642.0,seen_episode_iii_revenge_of_the_sith,1,Episode III: Revenge of the Sith,revenge_of_the_sith,3
3289064086.0,seen_episode_iii_revenge_of_the_sith,0,Episode III: Revenge of the Sith,revenge_of_the_sith,3
3289054324.0,seen_episode_iii_revenge_of_the_sith,1,Episode III: Revenge of the Sith,revenge_of_the_sith,3
3289049751.0,seen_episode_iii_revenge_of_the_sith,0,Episode III: Revenge of the Sith,revenge_of_the_sith,3
3289032654.0,seen_episode_iii_revenge_of_the_sith,0,Episode III: Revenge of the Sith,revenge_of_the_sith,3
3288941294.0,seen_episode_iii_revenge_of_the_sith,1,Episode III: Revenge of the Sith,revenge_of_the_sith,3
3288846487.0,seen_episode_iii_revenge_of_the_sith,0,Episode III: Revenge of the Sith,revenge_of_the_sith,3
3288826742.0,seen_episode_iii_revenge_of_the_sith,0,Episode III: Revenge of the Sith,revenge_of_the_sith,3
3288823234.0,seen_episode_iii_revenge_of_the_sith,0,Episode III: Revenge of the Sith,revenge_of_the_sith,3
3288802482.0,seen_episode_iii_revenge_of_the_sith,0,Episode III: Revenge of the Sith,revenge_of_the_sith,3
3288793006.0,seen_episode_iii_revenge_of_the_sith,0,Episode III: Revenge of the Sith,revenge_of_the_sith,3
3288777560.0,seen_episode_iii_revenge_of_the_sith,1,Episode III: Revenge of the Sith,revenge_of_the_sith,3
3288772244.0,seen_episode_iii_revenge_of_the_sith,0,Episode III: Revenge of the Sith,revenge_of_the_sith,3
3288771826.0,seen_episode_iii_revenge_of_the_sith,0,Episode III: Revenge of the Sith,revenge_of_the_sith,3
3288750443.0,seen_episode_iii_revenge_of_the_sith,1,Episode III: Revenge of the Sith,revenge_of_the_sith,3
3288741236.0,seen_episode_iii_revenge_of_the_sith,1,Episode III: Revenge of the Sith,revenge_of_the_sith,3
3288740386.0,seen_episode_iii_revenge_of_the_sith,0,Episode III: Revenge of the Sith,revenge_of_the_sith,3
3288728912.0,seen_episode_iii_revenge_of_the_sith,0,Episode III: Revenge of the Sith,revenge_of_the_sith,3
3288723253.0,seen_episode_iii_revenge_of_the_sith,0,Episode III: Revenge of the Sith,revenge_of_the_sith,3
3288722710.0,seen_episode_iii_revenge_of_the_sith,0,Episode III: Revenge of the Sith,revenge_of_the_sith,3
3288719090.0,seen_episode_iii_revenge_of_the_sith,0,Episode III: Revenge of the Sith,revenge_of_the_sith,3
3288718743.0,seen_episode_iii_revenge_of_the_sith,1,Episode III: Revenge of the Sith,revenge_of_the_sith,3
3288714827.0,seen_episode_iii_revenge_of_the_sith,1,Episode III: Revenge of the Sith,revenge_of_the_sith,3
3288714697.0,seen_episode_iii_revenge_of_the_sith,0,Episode III: Revenge of the Sith,revenge_of_the_sith,3
3288713721.0,seen_episode_iii_revenge_of_the_sith,0,Episode III: Revenge of the Sith,revenge_of_the_sith,3
3288713570.0,seen_episode_iii_revenge_of_the_sith,1,Episode III: Revenge of the Sith,revenge_of_the_sith,3
3288712832.0,seen_episode_iii_revenge_of_the_sith,1,Episode III: Revenge of the Sith,revenge_of_the_sith,3
3288704807.0,seen_episode_iii_revenge_of_the_sith,1,Episode III: Revenge of the Sith,revenge_of_the_sith,3
3288702291.0,seen_episode_iii_revenge_of_the_sith,1,Episode III: Revenge of the Sith,revenge_of_the_sith,3
3288700554.0,seen_episode_iii_revenge_of_the_sith,0,Episode III: Revenge of the Sith,revenge_of_the_sith,3
3288699973.0,seen_episode_iii_revenge_of_the_sith,0,Episode III: Revenge of the Sith,revenge_of_the_sith,3
3288698545.0,seen_episode_iii_revenge_of_the_sith,0,Episode III: Revenge of the Sith,revenge_of_the_sith,3
3288698085.0,seen_episode_iii_revenge_of_the_sith,0,Episode III: Revenge of the Sith,revenge_of_the_sith,3
3288697760.0,seen_episode_iii_revenge_of_the_sith,1,Episode III: Revenge of the Sith,revenge_of_the_sith,3
3288696158.0,seen_episode_iii_revenge_of_the_sith,0,Episode III: Revenge of the Sith,revenge_of_the_sith,3
3288694272.0,seen_episode_iii_revenge_of_the_sith,0,Episode III: Revenge of the Sith,revenge_of_the_sith,3
3288690295.0,seen_episode_iii_revenge_of_the_sith,1,Episode III: Revenge of the Sith,revenge_of_the_sith,3
3288689621.0,seen_episode_iii_revenge_of_the_sith,0,Episode III: Revenge of the Sith,revenge_of_the_sith,3
3288687502.0,seen_episode_iii_revenge_of_the_sith,1,Episode III: Revenge of the Sith,revenge_of_the_sith,3
3288685641.0,seen_episode_iii_revenge_of_the_sith,0,Episode III: Revenge of the Sith,revenge_of_the_sith,3
3288683262.0,seen_episode_iii_revenge_of_the_sith,0,Episode III: Revenge of the Sith,revenge_of_the_sith,3
3288683105.0,seen_episode_iii_revenge_of_the_sith,1,Episode III: Revenge of the Sith,revenge_of_the_sith,3
3288682774.0,seen_episode_iii_revenge_of_the_sith,0,Episode III: Revenge of the Sith,revenge_of_the_sith,3
3288682656.0,seen_episode_iii_revenge_of_the_sith,1,Episode III: Revenge of the Sith,revenge_of_the_sith,3
3288678886.0,seen_episode_iii_revenge_of_the_sith,0,Episode III: Revenge of the Sith,revenge_of_the_sith,3
3288675923.0,seen_episode_iii_revenge_of_the_sith,1,Episode III: Revenge of the Sith,revenge_of_the_sith,3
3288672490.0,seen_episode_iii_revenge_of_the_sith,0,Episode III: Revenge of the Sith,revenge_of_the_sith,3
3288672409.0,seen_episode_iii_revenge_of_the_sith,1,Episode III: Revenge of the Sith,revenge_of_the_sith,3
3288672197.0,seen_episode_iii_revenge_of_the_sith,0,Episode III: Revenge of the Sith,revenge_of_the_sith,3
3288671359.0,seen_episode_iii_revenge_of_the_sith,1,Episode III: Revenge of the Sith,revenge_of_the_sith,3
3288671328.0,seen_episode_iii_revenge_of_the_sith,1,Episode III: Revenge of the Sith,revenge_of_the_sith,3
3288670345.0,seen_episode_iii_revenge_of_the_sith,1,Episode III: Revenge of the Sith,revenge_of_the_sith,3
3288668791.0,seen_episode_iii_revenge_of_the_sith,1,Episode III: Revenge of the Sith,revenge_of_the_sith,3
3288668404.0,seen_episode_iii_revenge_of_the_sith,0,Episode III: Revenge of the Sith,revenge_of_the_sith,3
3288668176.0,seen_episode_iii_revenge_of_the_sith,1,Episode III: Revenge of the Sith,revenge_of_the_sith,3
3288666429.0,seen_episode_iii_revenge_of_the_sith,0,Episode III: Revenge of the Sith,revenge_of_the_sith,3
3288665797.0,seen_episode_iii_revenge_of_the_sith,0,Episode III: Revenge of the Sith,revenge_of_the_sith,3
3288665355.0,seen_episode_iii_revenge_of_the_sith,0,Episode III: Revenge of the Sith,revenge_of_the_sith,3
3288662617.0,seen_episode_iii_revenge_of_the_sith,0,Episode III: Revenge of the Sith,revenge_of_the_sith,3
3288660175.0,seen_episode_iii_revenge_of_the_sith,1,Episode III: Revenge of the Sith,revenge_of_the_sith,3
3288657866.0,seen_episode_iii_revenge_of_the_sith,0,Episode III: Revenge of the Sith,revenge_of_the_sith,3
3288657113.0,seen_episode_iii_revenge_of_the_sith,1,Episode III: Revenge of the Sith,revenge_of_the_sith,3
3288653945.0,seen_episode_iii_revenge_of_the_sith,0,Episode III: Revenge of the Sith,revenge_of_the_sith,3
3288653548.0,seen_episode_iii_revenge_of_the_sith,0,Episode III: Revenge of the Sith,revenge_of_the_sith,3
3288653332.0,seen_episode_iii_revenge_of_the_sith,0,Episode III: Revenge of the Sith,revenge_of_the_sith,3
3288653149.0,seen_episode_iii_revenge_of_the_sith,1,Episode III: Revenge of the Sith,revenge_of_the_sith,3
3288650455.0,seen_episode_iii_revenge_of_the_sith,1,Episode III: Revenge of the Sith,revenge_of_the_sith,3
3288649171.0,seen_episode_iii_revenge_of_the_sith,0,Episode III: Revenge of the Sith,revenge_of_the_sith,3
3288647913.0,seen_episode_iii_revenge_of_the_sith,1,Episode III: Revenge of the Sith,revenge_of_the_sith,3
3288647623.0,seen_episode_iii_revenge_of_the_sith,1,Episode III: Revenge of the Sith,revenge_of_the_sith,3
3288644592.0,seen_episode_iii_revenge_of_the_sith,1,Episode III: Revenge of the Sith,revenge_of_the_sith,3
3288644163.0,seen_episode_iii_revenge_of_the_sith,1,Episode III: Revenge of the Sith,revenge_of_the_sith,3
3288641278.0,seen_episode_iii_revenge_of_the_sith,0,Episode III: Revenge of the Sith,revenge_of_the_sith,3
3288639879.0,seen_episode_iii_revenge_of_the_sith,0,Episode III: Revenge of the Sith,revenge_of_the_sith,3
3288639732.0,seen_episode_iii_revenge_of_the_sith,0,Episode III: Revenge of the Sith,revenge_of_the_sith,3
3288639377.0,seen_episode_iii_revenge_of_the_sith,1,Episode III: Revenge of the Sith,revenge_of_the_sith,3
3288638640.0,seen_episode_iii_revenge_of_the_sith,0,Episode III: Revenge of the Sith,revenge_of_the_sith,3
3288635451.0,seen_episode_iii_revenge_of_the_sith,1,Episode III: Revenge of the Sith,revenge_of_the_sith,3
3288633861.0,seen_episode_iii_revenge_of_the_sith,0,Episode III: Revenge of the Sith,revenge_of_the_sith,3
3288629979.0,seen_episode_iii_revenge_of_the_sith,1,Episode III: Revenge of the Sith,revenge_of_the_sith,3
3288627180.0,seen_episode_iii_revenge_of_the_sith,0,Episode III: Revenge of the Sith,revenge_of_the_sith,3
3288625580.0,seen_episode_iii_revenge_of_the_sith,0,Episode III: Revenge of the Sith,revenge_of_the_sith,3
3288623870.0,seen_episode_iii_revenge_of_the_sith,1,Episode III: Revenge of the Sith,revenge_of_the_sith,3
3288623420.0,seen_episode_iii_revenge_of_the_sith,0,Episode III: Revenge of the Sith,revenge_of_the_sith,3
3288623033.0,seen_episode_iii_revenge_of_the_sith,1,Episode III: Revenge of the Sith,revenge_of_the_sith,3
3288620198.0,seen_episode_iii_revenge_of_the_sith,1,Episode III: Revenge of the Sith,revenge_of_the_sith,3
3288618459.0,seen_episode_iii_revenge_of_the_sith,0,Episode III: Revenge of the Sith,revenge_of_the_sith,3
3288617343.0,seen_episode_iii_revenge_of_the_sith,0,Episode III: Revenge of the Sith,revenge_of_the_sith,3
3288617091.0,seen_episode_iii_revenge_of_the_sith,0,Episode III: Revenge of the Sith,revenge_of_the_sith,3
3288614671.0,seen_episode_iii_revenge_of_the_sith,0,Episode III: Revenge of the Sith,revenge_of_the_sith,3
3288614539.0,seen_episode_iii_revenge_of_the_sith,1,Episode III: Revenge of the Sith,revenge_of_the_sith,3
3288614195.0,seen_episode_iii_revenge_of_the_sith,1,Episode III: Revenge of the Sith,revenge_of_the_sith,3
3288613051.0,seen_episode_iii_revenge_of_the_sith,0,Episode III: Revenge of the Sith,revenge_of_the_sith,3
3288609566.0,seen_episode_iii_revenge_of_the_sith,1,Episode III: Revenge of the Sith,revenge_of_the_sith,3
3288608965.0,seen_episode_iii_revenge_of_the_sith,0,Episode III: Revenge of the Sith,revenge_of_the_sith,3
3288604946.0,seen_episode_iii_revenge_of_the_sith,1,Episode III: Revenge of the Sith,revenge_of_the_sith,3
3288602883.0,seen_episode_iii_revenge_of_the_sith,1,Episode III: Revenge of the Sith,revenge_of_the_sith,3
3288601847.0,seen_episode_iii_revenge_of_the_sith,1,Episode III: Revenge of the Sith,revenge_of_the_sith,3
3288601827.0,seen_episode_iii_revenge_of_the_sith,0,Episode III: Revenge of the Sith,revenge_of_the_sith,3
3288599799.0,seen_episode_iii_revenge_of_the_sith,1,Episode III: Revenge of the Sith,revenge_of_the_sith,3
3288599067.0,seen_episode_iii_revenge_of_the_sith,1,Episode III: Revenge of the Sith,revenge_of_the_sith,3
3288593331.0,seen_episode_iii_revenge_of_the_sith,0,Episode III: Revenge of the Sith,revenge_of_the_sith,3
3288590836.0,seen_episode_iii_revenge_of_the_sith,0,Episode III: Revenge of the Sith,revenge_of_the_sith,3
3288588424.0,seen_episode_iii_revenge_of_the_sith,0,Episode III: Revenge of the Sith,revenge_of_the_sith,3
3288587373.0,seen_episode_iii_revenge_of_the_sith,1,Episode III: Revenge of the Sith,revenge_of_the_sith,3
3288586178.0,seen_episode_iii_revenge_of_the_sith,0,Episode III: Revenge of the Sith,revenge_of_the_sith,3
3288585053.0,seen_episode_iii_revenge_of_the_sith,1,Episode III: Revenge of the Sith,revenge_of_the_sith,3
3288584578.0,seen_episode_iii_revenge_of_the_sith,1,Episode III: Revenge of the Sith,revenge_of_the_sith,3
3288583884.0,seen_episode_iii_revenge_of_the_sith,0,Episode III: Revenge of the Sith,revenge_of_the_sith,3
3288583591.0,seen_episode_iii_revenge_of_the_sith,0,Episode III: Revenge of the Sith,revenge_of_the_sith,3
3288581774.0,seen_episode_iii_revenge_of_the_sith,0,Episode III: Revenge of the Sith,revenge_of_the_sith,3
3288580684.0,seen_episode_iii_revenge_of_the_sith,0,Episode III: Revenge of the Sith,revenge_of_the_sith,3
3288580145.0,seen_episode_iii_revenge_of_the_sith,0,Episode III: Revenge of the Sith,revenge_of_the_sith,3
3288579719.0,seen_episode_iii_revenge_of_the_sith,0,Episode III: Revenge of the Sith,revenge_of_the_sith,3
3288579445.0,seen_episode_iii_revenge_of_the_sith,0,Episode III: Revenge of the Sith,revenge_of_the_sith,3
3288578983.0,seen_episode_iii_revenge_of_the_sith,0,Episode III: Revenge of the Sith,revenge_of_the_sith,3
3288578072.0,seen_episode_iii_revenge_of_the_sith,1,Episode III: Revenge of the Sith,revenge_of_the_sith,3
3288576462.0,seen_episode_iii_revenge_of_the_sith,1,Episode III: Revenge of the Sith,revenge_of_the_sith,3
3288574703.0,seen_episode_iii_revenge_of_the_sith,1,Episode III: Revenge of the Sith,revenge_of_the_sith,3
3288571196.0,seen_episode_iii_revenge_of_the_sith,0,Episode III: Revenge of the Sith,revenge_of_the_sith,3
3288568534.0,seen_episode_iii_revenge_of_the_sith,1,Episode III: Revenge of the Sith,revenge_of_the_sith,3
3288567242.0,seen_episode_iii_revenge_of_the_sith,0,Episode III: Revenge of the Sith,revenge_of_the_sith,3
3288567154.0,seen_episode_iii_revenge_of_the_sith,1,Episode III: Revenge of the Sith,revenge_of_the_sith,3
3288563970.0,seen_episode_iii_revenge_of_the_sith,0,Episode III: Revenge of the Sith,revenge_of_the_sith,3
3288563342.0,seen_episode_iii_revenge_of_the_sith,0,Episode III: Revenge of the Sith,revenge_of_the_sith,3
3288563065.0,seen_episode_iii_revenge_of_the_sith,0,Episode III: Revenge of the Sith,revenge_of_the_sith,3
3288559700.0,seen_episode_iii_revenge_of_the_sith,0,Episode III: Revenge of the Sith,revenge_of_the_sith,3
3288559015.0,seen_episode_iii_revenge_of_the_sith,0,Episode III: Revenge of the Sith,revenge_of_the_sith,3
3288558131.0,seen_episode_iii_revenge_of_the_sith,0,Episode III: Revenge of the Sith,revenge_of_the_sith,3
3288557322.0,seen_episode_iii_revenge_of_the_sith,0,Episode III: Revenge of the Sith,revenge_of_the_sith,3
3288553903.0,seen_episode_iii_revenge_of_the_sith,1,Episode III: Revenge of the Sith,revenge_of_the_sith,3
3288553457.0,seen_episode_iii_revenge_of_the_sith,0,Episode III: Revenge of the Sith,revenge_of_the_sith,3
3288552984.0,seen_episode_iii_revenge_of_the_sith,1,Episode III: Revenge of the Sith,revenge_of_the_sith,3
3288551156.0,seen_episode_iii_revenge_of_the_sith,0,Episode III: Revenge of the Sith,revenge_of_the_sith,3
3288549677.0,seen_episode_iii_revenge_of_the_sith,0,Episode III: Revenge of the Sith,revenge_of_the_sith,3
3288547379.0,seen_episode_iii_revenge_of_the_sith,0,Episode III: Revenge of the Sith,revenge_of_the_sith,3
3288545527.0,seen_episode_iii_revenge_of_the_sith,0,Episode III: Revenge of the Sith,revenge_of_the_sith,3
3288544295.0,seen_episode_iii_revenge_of_the_sith,0,Episode III: Revenge of the Sith,revenge_of_the_sith,3
3288539645.0,seen_episode_iii_revenge_of_the_sith,0,Episode III: Revenge of the Sith,revenge_of_the_sith,3
3288538248.0,seen_episode_iii_revenge_of_the_sith,1,Episode III: Revenge of the Sith,revenge_of_the_sith,3
3288536532.0,seen_episode_iii_revenge_of_the_sith,0,Episode III: Revenge of the Sith,revenge_of_the_sith,3
3288534023.0,seen_episode_iii_revenge_of_the_sith,0,Episode III: Revenge of the Sith,revenge_of_the_sith,3
3288532773.0,seen_episode_iii_revenge_of_the_sith,0,Episode III: Revenge of the Sith,revenge_of_the_sith,3
3288532255.0,seen_episode_iii_revenge_of_the_sith,0,Episode III: Revenge of the Sith,revenge_of_the_sith,3
3288526244.0,seen_episode_iii_revenge_of_the_sith,0,Episode III: Revenge of the Sith,revenge_of_the_sith,3
3288524042.0,seen_episode_iii_revenge_of_the_sith,1,Episode III: Revenge of the Sith,revenge_of_the_sith,3
3288523874.0,seen_episode_iii_revenge_of_the_sith,1,Episode III: Revenge of the Sith,revenge_of_the_sith,3
3288522525.0,seen_episode_iii_revenge_of_the_sith,0,Episode III: Revenge of the Sith,revenge_of_the_sith,3
3288522488.0,seen_episode_iii_revenge_of_the_sith,1,Episode III: Revenge of the Sith,revenge_of_the_sith,3
3288521325.0,seen_episode_iii_revenge_of_the_sith,0,Episode III: Revenge of the Sith,revenge_of_the_sith,3
3288519037.0,seen_episode_iii_revenge_of_the_sith,0,Episode III: Revenge of the Sith,revenge_of_the_sith,3
3288516295.0,seen_episode_iii_revenge_of_the_sith,0,Episode III: Revenge of the Sith,revenge_of_the_sith,3
3288515773.0,seen_episode_iii_revenge_of_the_sith,0,Episode III: Revenge of the Sith,revenge_of_the_sith,3
3288514217.0,seen_episode_iii_revenge_of_the_sith,0,Episode III: Revenge of the Sith,revenge_of_the_sith,3
3288513045.0,seen_episode_iii_revenge_of_the_sith,0,Episode III: Revenge of the Sith,revenge_of_the_sith,3
3288512822.0,seen_episode_iii_revenge_of_the_sith,0,Episode III: Revenge of the Sith,revenge_of_the_sith,3
3288512665.0,seen_episode_iii_revenge_of_the_sith,1,Episode III: Revenge of the Sith,revenge_of_the_sith,3
3288512020.0,seen_episode_iii_revenge_of_the_sith,0,Episode III: Revenge of the Sith,revenge_of_the_sith,3
3288511686.0,seen_episode_iii_revenge_of_the_sith,0,Episode III: Revenge of the Sith,revenge_of_the_sith,3
3288511180.0,seen_episode_iii_revenge_of_the_sith,0,Episode III: Revenge of the Sith,revenge_of_the_sith,3
3288509415.0,seen_episode_iii_revenge_of_the_sith,1,Episode III: Revenge of the Sith,revenge_of_the_sith,3
3288506275.0,seen_episode_iii_revenge_of_the_sith,1,Episode III: Revenge of the Sith,revenge_of_the_sith,3
3288505925.0,seen_episode_iii_revenge_of_the_sith,1,Episode III: Revenge of the Sith,revenge_of_the_sith,3
3288505737.0,seen_episode_iii_revenge_of_the_sith,1,Episode III: Revenge of the Sith,revenge_of_the_sith,3
3288505216.0,seen_episode_iii_revenge_of_the_sith,0,Episode III: Revenge of the Sith,revenge_of_the_sith,3
3288505151.0,seen_episode_iii_revenge_of_the_sith,0,Episode III: Revenge of the Sith,revenge_of_the_sith,3
3288504398.0,seen_episode_iii_revenge_of_the_sith,0,Episode III: Revenge of the Sith,revenge_of_the_sith,3
3288502884.0,seen_episode_iii_revenge_of_the_sith,0,Episode III: Revenge of the Sith,revenge_of_the_sith,3
3288501301.0,seen_episode_iii_revenge_of_the_sith,1,Episode III: Revenge of the Sith,revenge_of_the_sith,3
3288499757.0,seen_episode_iii_revenge_of_the_sith,0,Episode III: Revenge of the Sith,revenge_of_the_sith,3
3288498715.0,seen_episode_iii_revenge_of_the_sith,1,Episode III: Revenge of the Sith,revenge_of_the_sith,3
3288497532.0,seen_episode_iii_revenge_of_the_sith,0,Episode III: Revenge of the Sith,revenge_of_the_sith,3
3288497228.0,seen_episode_iii_revenge_of_the_sith,1,Episode III: Revenge of the Sith,revenge_of_the_sith,3
3288497010.0,seen_episode_iii_revenge_of_the_sith,0,Episode III: Revenge of the Sith,revenge_of_the_sith,3
3288493077.0,seen_episode_iii_revenge_of_the_sith,1,Episode III: Revenge of the Sith,revenge_of_the_sith,3
3288492006.0,seen_episode_iii_revenge_of_the_sith,0,Episode III: Revenge of the Sith,revenge_of_the_sith,3
3288484535.0,seen_episode_iii_revenge_of_the_sith,1,Episode III: Revenge of the Sith,revenge_of_the_sith,3
3288482717.0,seen_episode_iii_revenge_of_the_sith,1,Episode III: Revenge of the Sith,revenge_of_the_sith,3
3288482581.0,seen_episode_iii_revenge_of_the_sith,1,Episode III: Revenge of the Sith,revenge_of_the_sith,3
3288482369.0,seen_episode_iii_revenge_of_the_sith,0,Episode III: Revenge of the Sith,revenge_of_the_sith,3
3288479368.0,seen_episode_iii_revenge_of_the_sith,1,Episode III: Revenge of the Sith,revenge_of_the_sith,3
3288479074.0,seen_episode_iii_revenge_of_the_sith,0,Episode III: Revenge of the Sith,revenge_of_the_sith,3
3288477753.0,seen_episode_iii_revenge_of_the_sith,1,Episode III: Revenge of the Sith,revenge_of_the_sith,3
3288476971.0,seen_episode_iii_revenge_of_the_sith,1,Episode III: Revenge of the Sith,revenge_of_the_sith,3
3288472373.0,seen_episode_iii_revenge_of_the_sith,0,Episode III: Revenge of the Sith,revenge_of_the_sith,3
3288471192.0,seen_episode_iii_revenge_of_the_sith,0,Episode III: Revenge of the Sith,revenge_of_the_sith,3
3288469670.0,seen_episode_iii_revenge_of_the_sith,0,Episode III: Revenge of the Sith,revenge_of_the_sith,3
3288469047.0,seen_episode_iii_revenge_of_the_sith,1,Episode III: Revenge of the Sith,revenge_of_the_sith,3
3288460192.0,seen_episode_iii_revenge_of_the_sith,0,Episode III: Revenge of the Sith,revenge_of_the_sith,3
3288459190.0,seen_episode_iii_revenge_of_the_sith,0,Episode III: Revenge of the Sith,revenge_of_the_sith,3
3288458873.0,seen_episode_iii_revenge_of_the_sith,0,Episode III: Revenge of the Sith,revenge_of_the_sith,3
3288456946.0,seen_episode_iii_revenge_of_the_sith,1,Episode III: Revenge of the Sith,revenge_of_the_sith,3
3288455900.0,seen_episode_iii_revenge_of_the_sith,0,Episode III: Revenge of the Sith,revenge_of_the_sith,3
3288453555.0,seen_episode_iii_revenge_of_the_sith,0,Episode III: Revenge of the Sith,revenge_of_the_sith,3
3288446700.0,seen_episode_iii_revenge_of_the_sith,0,Episode III: Revenge of the Sith,revenge_of_the_sith,3
3288446529.0,seen_episode_iii_revenge_of_the_sith,1,Episode III: Revenge of the Sith,revenge_of_the_sith,3
3288445926.0,seen_episode_iii_revenge_of_the_sith,1,Episode III: Revenge of the Sith,revenge_of_the_sith,3
3288444784.0,seen_episode_iii_revenge_of_the_sith,1,Episode III: Revenge of the Sith,revenge_of_the_sith,3
3288442728.0,seen_episode_iii_revenge_of_the_sith,1,Episode III: Revenge of the Sith,revenge_of_the_sith,3
3288436226.0,seen_episode_iii_revenge_of_the_sith,0,Episode III: Revenge of the Sith,revenge_of_the_sith,3
3288432395.0,seen_episode_iii_revenge_of_the_sith,0,Episode III: Revenge of the Sith,revenge_of_the_sith,3
3288429451.0,seen_episode_iii_revenge_of_the_sith,1,Episode III: Revenge of the Sith,revenge_of_the_sith,3
3288429390.0,seen_episode_iii_revenge_of_the_sith,0,Episode III: Revenge of the Sith,revenge_of_the_sith,3
3288429092.0,seen_episode_iii_revenge_of_the_sith,1,Episode III: Revenge of the Sith,revenge_of_the_sith,3
3288428243.0,seen_episode_iii_revenge_of_the_sith,0,Episode III: Revenge of the Sith,revenge_of_the_sith,3
3288425859.0,seen_episode_iii_revenge_of_the_sith,1,Episode III: Revenge of the Sith,revenge_of_the_sith,3
3288423088.0,seen_episode_iii_revenge_of_the_sith,0,Episode III: Revenge of the Sith,revenge_of_the_sith,3
3288423045.0,seen_episode_iii_revenge_of_the_sith,0,Episode III: Revenge of the Sith,revenge_of_the_sith,3
3288421819.0,seen_episode_iii_revenge_of_the_sith,0,Episode III: Revenge of the Sith,revenge_of_the_sith,3
3288420798.0,seen_episode_iii_revenge_of_the_sith,1,Episode III: Revenge of the Sith,revenge_of_the_sith,3
3288417782.0,seen_episode_iii_revenge_of_the_sith,1,Episode III: Revenge of the Sith,revenge_of_the_sith,3
3288417641.0,seen_episode_iii_revenge_of_the_sith,0,Episode III: Revenge of the Sith,revenge_of_the_sith,3
3288416959.0,seen_episode_iii_revenge_of_the_sith,0,Episode III: Revenge of the Sith,revenge_of_the_sith,3
3288415166.0,seen_episode_iii_revenge_of_the_sith,1,Episode III: Revenge of the Sith,revenge_of_the_sith,3
3288414025.0,seen_episode_iii_revenge_of_the_sith,1,Episode III: Revenge of the Sith,revenge_of_the_sith,3
3288413441.0,seen_episode_iii_revenge_of_the_sith,1,Episode III: Revenge of the Sith,revenge_of_the_sith,3
3288410348.0,seen_episode_iii_revenge_of_the_sith,0,Episode III: Revenge of the Sith,revenge_of_the_sith,3
3288410073.0,seen_episode_iii_revenge_of_the_sith,0,Episode III: Revenge of the Sith,revenge_of_the_sith,3
3288408698.0,seen_episode_iii_revenge_of_the_sith,0,Episode III: Revenge of the Sith,revenge_of_the_sith,3
3288402717.0,seen_episode_iii_revenge_of_the_sith,0,Episode III: Revenge of the Sith,revenge_of_the_sith,3
3288402643.0,seen_episode_iii_revenge_of_the_sith,1,Episode III: Revenge of the Sith,revenge_of_the_sith,3
3288402592.0,seen_episode_iii_revenge_of_the_sith,0,Episode III: Revenge of the Sith,revenge_of_the_sith,3
3288402511.0,seen_episode_iii_revenge_of_the_sith,1,Episode III: Revenge of the Sith,revenge_of_the_sith,3
3288401681.0,seen_episode_iii_revenge_of_the_sith,1,Episode III: Revenge of the Sith,revenge_of_the_sith,3
3288401136.0,seen_episode_iii_revenge_of_the_sith,1,Episode III: Revenge of the Sith,revenge_of_the_sith,3
3288398062.0,seen_episode_iii_revenge_of_the_sith,0,Episode III: Revenge of the Sith,revenge_of_the_sith,3
3288396374.0,seen_episode_iii_revenge_of_the_sith,1,Episode III: Revenge of the Sith,revenge_of_the_sith,3
3288395255.0,seen_episode_iii_revenge_of_the_sith,0,Episode III: Revenge of the Sith,revenge_of_the_sith,3
3288391812.0,seen_episode_iii_revenge_of_the_sith,0,Episode III: Revenge of the Sith,revenge_of_the_sith,3
3288389603.0,seen_episode_iii_revenge_of_the_sith,1,Episode III: Revenge of the Sith,revenge_of_the_sith,3
3288388730.0,seen_episode_iii_revenge_of_the_sith,1,Episode III: Revenge of the Sith,revenge_of_the_sith,3
3288378779.0,seen_episode_iii_revenge_of_the_sith,1,Episode III: Revenge of the Sith,revenge_of_the_sith,3
3288375286.0,seen_episode_iii_revenge_of_the_sith,0,Episode III: Revenge of the Sith,revenge_of_the_sith,3
3288373068.0,seen_episode_iii_revenge_of_the_sith,1,Episode III: Revenge of the Sith,revenge_of_the_sith,3
3288372923.0,seen_episode_iii_revenge_of_the_sith,0,Episode III: Revenge of the Sith,revenge_of_the_sith,3
3292879998.0,seen_episode_iv_a_new_hope,1,Episode IV: A New Hope,a_new_hope,4
3292879538.0,seen_episode_iv_a_new_hope,0,Episode IV: A New Hope,a_new_hope,4
3292765271.0,seen_episode_iv_a_new_hope,0,Episode IV: A New Hope,a_new_hope,4
3292763116.0,seen_episode_iv_a_new_hope,1,Episode IV: A New Hope,a_new_hope,4
3292731220.0,seen_episode_iv_a_new_hope,1,Episode IV: A New Hope,a_new_hope,4
3292719380.0,seen_episode_iv_a_new_hope,1,Episode IV: A New Hope,a_new_hope,4
3292684787.0,seen_episode_iv_a_new_hope,1,Episode IV: A New Hope,a_new_hope,4
3292663732.0,seen_episode_iv_a_new_hope,1,Episode IV: A New Hope,a_new_hope,4
3292654043.0,seen_episode_iv_a_new_hope,1,Episode IV: A New Hope,a_new_hope,4
3292640424.0,seen_episode_iv_a_new_hope,0,Episode IV: A New Hope,a_new_hope,4
3292637870.0,seen_episode_iv_a_new_hope,0,Episode IV: A New Hope,a_new_hope,4
3292635062.0,seen_episode_iv_a_new_hope,0,Episode IV: A New Hope,a_new_hope,4
3292609214.0,seen_episode_iv_a_new_hope,1,Episode IV: A New Hope,a_new_hope,4
3292596911.0,seen_episode_iv_a_new_hope,1,Episode IV: A New Hope,a_new_hope,4
3292587240.0,seen_episode_iv_a_new_hope,1,Episode IV: A New Hope,a_new_hope,4
3292583038.0,seen_episode_iv_a_new_hope,1,Episode IV: A New Hope,a_new_hope,4
3292580516.0,seen_episode_iv_a_new_hope,1,Episode IV: A New Hope,a_new_hope,4
3292572872.0,seen_episode_iv_a_new_hope,0,Episode IV: A New Hope,a_new_hope,4
3292565282.0,seen_episode_iv_a_new_hope,1,Episode IV: A New Hope,a_new_hope,4
3292562297.0,seen_episode_iv_a_new_hope,1,Episode IV: A New Hope,a_new_hope,4
3292522349.0,seen_episode_iv_a_new_hope,1,Episode IV: A New Hope,a_new_hope,4
3292521066.0,seen_episode_iv_a_new_hope,1,Episode IV: A New Hope,a_new_hope,4
3292511801.0,seen_episode_iv_a_new_hope,1,Episode IV: A New Hope,a_new_hope,4
3292483200.0,seen_episode_iv_a_new_hope,1,Episode IV: A New Hope,a_new_hope,4
3292465491.0,seen_episode_iv_a_new_hope,1,Episode IV: A New Hope,a_new_hope,4
3292447974.0,seen_episode_iv_a_new_hope,0,Episode IV: A New Hope,a_new_hope,4
3292420123.0,seen_episode_iv_a_new_hope,1,Episode IV: A New Hope,a_new_hope,4
3292384040.0,seen_episode_iv_a_new_hope,1,Episode IV: A New Hope,a_new_hope,4
3292380493.0,seen_episode_iv_a_new_hope,1,Episode IV: A New Hope,a_new_hope,4
3292376985.0,seen_episode_iv_a_new_hope,1,Episode IV: A New Hope,a_new_hope,4
3292366792.0,seen_episode_iv_a_new_hope,1,Episode IV: A New Hope,a_new_hope,4
3292339379.0,seen_episode_iv_a_new_hope,1,Episode IV: A New Hope,a_new_hope,4
3292330840.0,seen_episode_iv_a_new_hope,1,Episode IV: A New Hope,a_new_hope,4
3292318652.0,seen_episode_iv_a_new_hope,0,Episode IV: A New Hope,a_new_hope,4
3292297848.0,seen_episode_iv_a_new_hope,0,Episode IV: A New Hope,a_new_hope,4
3292290677.0,seen_episode_iv_a_new_hope,1,Episode IV: A New Hope,a_new_hope,4
3292281095.0,seen_episode_iv_a_new_hope,1,Episode IV: A New Hope,a_new_hope,4
3292279889.0,seen_episode_iv_a_new_hope,1,Episode IV: A New Hope,a_new_hope,4
3292264069.0,seen_episode_iv_a_new_hope,1,Episode IV: A New Hope,a_new_hope,4
3292257520.0,seen_episode_iv_a_new_hope,1,Episode IV: A New Hope,a_new_hope,4
3292249492.0,seen_episode_iv_a_new_hope,1,Episode IV: A New Hope,a_new_hope,4
3292222729.0,seen_episode_iv_a_new_hope,1,Episode IV: A New Hope,a_new_hope,4
3292221635.0,seen_episode_iv_a_new_hope,1,Episode IV: A New Hope,a_new_hope,4
3292218251.0,seen_episode_iv_a_new_hope,1,Episode IV: A New Hope,a_new_hope,4
3292214307.0,seen_episode_iv_a_new_hope,1,Episode IV: A New Hope,a_new_hope,4
3292210606.0,seen_episode_iv_a_new_hope,1,Episode IV: A New Hope,a_new_hope,4
3292202220.0,seen_episode_iv_a_new_hope,0,Episode IV: A New Hope,a_new_hope,4
3292189580.0,seen_episode_iv_a_new_hope,1,Episode IV: A New Hope,a_new_hope,4
3292187343.0,seen_episode_iv_a_new_hope,1,Episode IV: A New Hope,a_new_hope,4
3292186608.0,seen_episode_iv_a_new_hope,0,Episode IV: A New Hope,a_new_hope,4
3292178389.0,seen_episode_iv_a_new_hope,1,Episode IV: A New Hope,a_new_hope,4
3292176862.0,seen_episode_iv_a_new_hope,1,Episode IV: A New Hope,a_new_hope,4
3292173922.0,seen_episode_iv_a_new_hope,1,Episode IV: A New Hope,a_new_hope,4
3292167131.0,seen_episode_iv_a_new_hope,1,Episode IV: A New Hope,a_new_hope,4
3292162057.0,seen_episode_iv_a_new_hope,1,Episode IV: A New Hope,a_new_hope,4
3292161407.0,seen_episode_iv_a_new_hope,0,Episode IV: A New Hope,a_new_hope,4
3292156614.0,seen_episode_iv_a_new_hope,1,Episode IV: A New Hope,a_new_hope,4
3292148570.0,seen_episode_iv_a_new_hope,1,Episode IV: A New Hope,a_new_hope,4
3292144665.0,seen_episode_iv_a_new_hope,1,Episode IV: A New Hope,a_new_hope,4
3292143503.0,seen_episode_iv_a_new_hope,1,Episode IV: A New Hope,a_new_hope,4
3292131636.0,seen_episode_iv_a_new_hope,1,Episode IV: A New Hope,a_new_hope,4
3292125068.0,seen_episode_iv_a_new_hope,1,Episode IV: A New Hope,a_new_hope,4
3292120160.0,seen_episode_iv_a_new_hope,1,Episode IV: A New Hope,a_new_hope,4
3292103680.0,seen_episode_iv_a_new_hope,1,Episode IV: A New Hope,a_new_hope,4
3292050153.0,seen_episode_iv_a_new_hope,1,Episode IV: A New Hope,a_new_hope,4
3292041365.0,seen_episode_iv_a_new_hope,1,Episode IV: A New Hope,a_new_hope,4
3292033243.0,seen_episode_iv_a_new_hope,1,Episode IV: A New Hope,a_new_hope,4
3292031637.0,seen_episode_iv_a_new_hope,1,Episode IV: A New Hope,a_new_hope,4
3292008762.0,seen_episode_iv_a_new_hope,1,Episode IV: A New Hope,a_new_hope,4
3291992352.0,seen_episode_iv_a_new_hope,1,Episode IV: A New Hope,a_new_hope,4
3291945498.0,seen_episode_iv_a_new_hope,1,Episode IV: A New Hope,a_new_hope,4
3291940517.0,seen_episode_iv_a_new_hope,1,Episode IV: A New Hope,a_new_hope,4
3291871486.0,seen_episode_iv_a_new_hope,1,Episode IV: A New Hope,a_new_hope,4
3291778150.0,seen_episode_iv_a_new_hope,1,Episode IV: A New Hope,a_new_hope,4
3291766314.0,seen_episode_iv_a_new_hope,1,Episode IV: A New Hope,a_new_hope,4
3291762799.0,seen_episode_iv_a_new_hope,1,Episode IV: A New Hope,a_new_hope,4
3291707153.0,seen_episode_iv_a_new_hope,0,Episode IV: A New Hope,a_new_hope,4
3291701619.0,seen_episode_iv_a_new_hope,1,Episode IV: A New Hope,a_new_hope,4
3291696391.0,seen_episode_iv_a_new_hope,1,Episode IV: A New Hope,a_new_hope,4
3291684768.0,seen_episode_iv_a_new_hope,1,Episode IV: A New Hope,a_new_hope,4
3291669388.0,seen_episode_iv_a_new_hope,0,Episode IV: A New Hope,a_new_hope,4
3291661584.0,seen_episode_iv_a_new_hope,0,Episode IV: A New Hope,a_new_hope,4
3291658046.0,seen_episode_iv_a_new_hope,1,Episode IV: A New Hope,a_new_hope,4
3291654919.0,seen_episode_iv_a_new_hope,1,Episode IV: A New Hope,a_new_hope,4
3291653882.0,seen_episode_iv_a_new_hope,0,Episode IV: A New Hope,a_new_hope,4
3291650311.0,seen_episode_iv_a_new_hope,1,Episode IV: A New Hope,a_new_hope,4
3291649780.0,seen_episode_iv_a_new_hope,0,Episode IV: A New Hope,a_new_hope,4
3291648660.0,seen_episode_iv_a_new_hope,0,Episode IV: A New Hope,a_new_hope,4
3291641416.0,seen_episode_iv_a_new_hope,0,Episode IV: A New Hope,a_new_hope,4
3291635934.0,seen_episode_iv_a_new_hope,0,Episode IV: A New Hope,a_new_hope,4
3291634205.0,seen_episode_iv_a_new_hope,1,Episode IV: A New Hope,a_new_hope,4
3291618031.0,seen_episode_iv_a_new_hope,1,Episode IV: A New Hope,a_new_hope,4
3291603688.0,seen_episode_iv_a_new_hope,0,Episode IV: A New Hope,a_new_hope,4
3291602842.0,seen_episode_iv_a_new_hope,1,Episode IV: A New Hope,a_new_hope,4
3291598188.0,seen_episode_iv_a_new_hope,1,Episode IV: A New Hope,a_new_hope,4
3291588139.0,seen_episode_iv_a_new_hope,1,Episode IV: A New Hope,a_new_hope,4
3291570206.0,seen_episode_iv_a_new_hope,0,Episode IV: A New Hope,a_new_hope,4
3291548852.0,seen_episode_iv_a_new_hope,1,Episode IV: A New Hope,a_new_hope,4
3291529925.0,seen_episode_iv_a_new_hope,1,Episode IV: A New Hope,a_new_hope,4
3291524547.0,seen_episode_iv_a_new_hope,0,Episode IV: A New Hope,a_new_hope,4
3291502449.0,seen_episode_iv_a_new_hope,0,Episode IV: A New Hope,a_new_hope,4
3291497337.0,seen_episode_iv_a_new_hope,1,Episode IV: A New Hope,a_new_hope,4
3291482197.0,seen_episode_iv_a_new_hope,1,Episode IV: A New Hope,a_new_hope,4
3291476650.0,seen_episode_iv_a_new_hope,0,Episode IV: A New Hope,a_new_hope,4
3291470613.0,seen_episode_iv_a_new_hope,0,Episode IV: A New Hope,a_new_hope,4
3291469991.0,seen_episode_iv_a_new_hope,0,Episode IV: A New Hope,a_new_hope,4
3291468155.0,seen_episode_iv_a_new_hope,1,Episode IV: A New Hope,a_new_hope,4
3291461574.0,seen_episode_iv_a_new_hope,1,Episode IV: A New Hope,a_new_hope,4
3291455642.0,seen_episode_iv_a_new_hope,0,Episode IV: A New Hope,a_new_hope,4
3291446474.0,seen_episode_iv_a_new_hope,0,Episode IV: A New Hope,a_new_hope,4
3291446275.0,seen_episode_iv_a_new_hope,1,Episode IV: A New Hope,a_new_hope,4
3291439708.0,seen_episode_iv_a_new_hope,0,Episode IV: A New Hope,a_new_hope,4
3291439404.0,seen_episode_iv_a_new_hope,0,Episode IV: A New Hope,a_new_hope,4
3291437345.0,seen_episode_iv_a_new_hope,1,Episode IV: A New Hope,a_new_hope,4
3291435787.0,seen_episode_iv_a_new_hope,0,Episode IV: A New Hope,a_new_hope,4
3291435056.0,seen_episode_iv_a_new_hope,0,Episode IV: A New Hope,a_new_hope,4
3291433636.0,seen_episode_iv_a_new_hope,0,Episode IV: A New Hope,a_new_hope,4
3291431939.0,seen_episode_iv_a_new_hope,1,Episode IV: A New Hope,a_new_hope,4
3291430239.0,seen_episode_iv_a_new_hope,0,Episode IV: A New Hope,a_new_hope,4
3291430193.0,seen_episode_iv_a_new_hope,0,Episode IV: A New Hope,a_new_hope,4
3291428174.0,seen_episode_iv_a_new_hope,0,Episode IV: A New Hope,a_new_hope,4
3291427761.0,seen_episode_iv_a_new_hope,0,Episode IV: A New Hope,a_new_hope,4
3291425110.0,seen_episode_iv_a_new_hope,1,Episode IV: A New Hope,a_new_hope,4
3291424127.0,seen_episode_iv_a_new_hope,1,Episode IV: A New Hope,a_new_hope,4
3291424006.0,seen_episode_iv_a_new_hope,0,Episode IV: A New Hope,a_new_hope,4
3291422637.0,seen_episode_iv_a_new_hope,1,Episode IV: A New Hope,a_new_hope,4
3291421381.0,seen_episode_iv_a_new_hope,0,Episode IV: A New Hope,a_new_hope,4
3291420030.0,seen_episode_iv_a_new_hope,0,Episode IV: A New Hope,a_new_hope,4
3291410155.0,seen_episode_iv_a_new_hope,0,Episode IV: A New Hope,a_new_hope,4
3291405943.0,seen_episode_iv_a_new_hope,0,Episode IV: A New Hope,a_new_hope,4
3291402264.0,seen_episode_iv_a_new_hope,0,Episode IV: A New Hope,a_new_hope,4
3291401326.0,seen_episode_iv_a_new_hope,1,Episode IV: A New Hope,a_new_hope,4
3291395512.0,seen_episode_iv_a_new_hope,1,Episode IV: A New Hope,a_new_hope,4
3291394022.0,seen_episode_iv_a_new_hope,0,Episode IV: A New Hope,a_new_hope,4
3291391717.0,seen_episode_iv_a_new_hope,0,Episode IV: A New Hope,a_new_hope,4
3291391446.0,seen_episode_iv_a_new_hope,0,Episode IV: A New Hope,a_new_hope,4
3291391033.0,seen_episode_iv_a_new_hope,0,Episode IV: A New Hope,a_new_hope,4
3291390734.0,seen_episode_iv_a_new_hope,0,Episode IV: A New Hope,a_new_hope,4
3291388906.0,seen_episode_iv_a_new_hope,0,Episode IV: A New Hope,a_new_hope,4
3291388180.0,seen_episode_iv_a_new_hope,0,Episode IV: A New Hope,a_new_hope,4
3291380973.0,seen_episode_iv_a_new_hope,0,Episode IV: A New Hope,a_new_hope,4
3291378572.0,seen_episode_iv_a_new_hope,0,Episode IV: A New Hope,a_new_hope,4
3291375306.0,seen_episode_iv_a_new_hope,0,Episode IV: A New Hope,a_new_hope,4
3291364062.0,seen_episode_iv_a_new_hope,1,Episode IV: A New Hope,a_new_hope,4
3291345427.0,seen_episode_iv_a_new_hope,1,Episode IV: A New Hope,a_new_hope,4
3291341186.0,seen_episode_iv_a_new_hope,0,Episode IV: A New Hope,a_new_hope,4
3291330710.0,seen_episode_iv_a_new_hope,1,Episode IV: A New Hope,a_new_hope,4
3291327304.0,seen_episode_iv_a_new_hope,0,Episode IV: A New Hope,a_new_hope,4
3291320154.0,seen_episode_iv_a_new_hope,1,Episode IV: A New Hope,a_new_hope,4
3291312980.0,seen_episode_iv_a_new_hope,0,Episode IV: A New Hope,a_new_hope,4
3291290675.0,seen_episode_iv_a_new_hope,0,Episode IV: A New Hope,a_new_hope,4
3291288174.0,seen_episode_iv_a_new_hope,0,Episode IV: A New Hope,a_new_hope,4
3291271932.0,seen_episode_iv_a_new_hope,1,Episode IV: A New Hope,a_new_hope,4
3291267852.0,seen_episode_iv_a_new_hope,1,Episode IV: A New Hope,a_new_hope,4
3291262515.0,seen_episode_iv_a_new_hope,1,Episode IV: A New Hope,a_new_hope,4
3291233218.0,seen_episode_iv_a_new_hope,1,Episode IV: A New Hope,a_new_hope,4
3291206864.0,seen_episode_iv_a_new_hope,1,Episode IV: A New Hope,a_new_hope,4
3291203531.0,seen_episode_iv_a_new_hope,0,Episode IV: A New Hope,a_new_hope,4
3291184745.0,seen_episode_iv_a_new_hope,1,Episode IV: A New Hope,a_new_hope,4
3291181010.0,seen_episode_iv_a_new_hope,1,Episode IV: A New Hope,a_new_hope,4
3291159863.0,seen_episode_iv_a_new_hope,1,Episode IV: A New Hope,a_new_hope,4
3291145258.0,seen_episode_iv_a_new_hope,0,Episode IV: A New Hope,a_new_hope,4
3291141478.0,seen_episode_iv_a_new_hope,1,Episode IV: A New Hope,a_new_hope,4
3291139156.0,seen_episode_iv_a_new_hope,1,Episode IV: A New Hope,a_new_hope,4
3291121359.0,seen_episode_iv_a_new_hope,0,Episode IV: A New Hope,a_new_hope,4
3291119656.0,seen_episode_iv_a_new_hope,1,Episode IV: A New Hope,a_new_hope,4
3291101925.0,seen_episode_iv_a_new_hope,1,Episode IV: A New Hope,a_new_hope,4
3291094347.0,seen_episode_iv_a_new_hope,0,Episode IV: A New Hope,a_new_hope,4
3291092094.0,seen_episode_iv_a_new_hope,1,Episode IV: A New Hope,a_new_hope,4
3291077381.0,seen_episode_iv_a_new_hope,1,Episode IV: A New Hope,a_new_hope,4
3291075212.0,seen_episode_iv_a_new_hope,1,Episode IV: A New Hope,a_new_hope,4
3291064417.0,seen_episode_iv_a_new_hope,0,Episode IV: A New Hope,a_new_hope,4
3291063226.0,seen_episode_iv_a_new_hope,1,Episode IV: A New Hope,a_new_hope,4
3291060156.0,seen_episode_iv_a_new_hope,1,Episode IV: A New Hope,a_new_hope,4
3291056296.0,seen_episode_iv_a_new_hope,1,Episode IV: A New Hope,a_new_hope,4
3291052728.0,seen_episode_iv_a_new_hope,1,Episode IV: A New Hope,a_new_hope,4
3291051343.0,seen_episode_iv_a_new_hope,1,Episode IV: A New Hope,a_new_hope,4
3291045360.0,seen_episode_iv_a_new_hope,1,Episode IV: A New Hope,a_new_hope,4
3291043176.0,seen_episode_iv_a_new_hope,1,Episode IV: A New Hope,a_new_hope,4
3291042516.0,seen_episode_iv_a_new_hope,1,Episode IV: A New Hope,a_new_hope,4
3291037640.0,seen_episode_iv_a_new_hope,0,Episode IV: A New Hope,a_new_hope,4
3291034202.0,seen_episode_iv_a_new_hope,1,Episode IV: A New Hope,a_new_hope,4
3291033668.0,seen_episode_iv_a_new_hope,0,Episode IV: A New Hope,a_new_hope,4
3291032418.0,seen_episode_iv_a_new_hope,1,Episode IV: A New Hope,a_new_hope,4
3291029281.0,seen_episode_iv_a_new_hope,0,Episode IV: A New Hope,a_new_hope,4
3291028446.0,seen_episode_iv_a_new_hope,1,Episode IV: A New Hope,a_new_hope,4
3291024297.0,seen_episode_iv_a_new_hope,1,Episode IV: A New Hope,a_new_hope,4
3291023456.0,seen_episode_iv_a_new_hope,1,Episode IV: A New Hope,a_new_hope,4
3291022655.0,seen_episode_iv_a_new_hope,0,Episode IV: A New Hope,a_new_hope,4
3291022275.0,seen_episode_iv_a_new_hope,0,Episode IV: A New Hope,a_new_hope,4
3291022013.0,seen_episode_iv_a_new_hope,0,Episode IV: A New Hope,a_new_hope,4
3291019033.0,seen_episode_iv_a_new_hope,1,Episode IV: A New Hope,a_new_hope,4
3291018581.0,seen_episode_iv_a_new_hope,0,Episode IV: A New Hope,a_new_hope,4
3291015347.0,seen_episode_iv_a_new_hope,0,Episode IV: A New Hope,a_new_hope,4
3291014757.0,seen_episode_iv_a_new_hope,1,Episode IV: A New Hope,a_new_hope,4
3291009055.0,seen_episode_iv_a_new_hope,0,Episode IV: A New Hope,a_new_hope,4
3291007877.0,seen_episode_iv_a_new_hope,1,Episode IV: A New Hope,a_new_hope,4
3291006540.0,seen_episode_iv_a_new_hope,0,Episode IV: A New Hope,a_new_hope,4
3291002672.0,seen_episode_iv_a_new_hope,0,Episode IV: A New Hope,a_new_hope,4
3291001879.0,seen_episode_iv_a_new_hope,0,Episode IV: A New Hope,a_new_hope,4
3290999912.0,seen_episode_iv_a_new_hope,0,Episode IV: A New Hope,a_new_hope,4
3290998457.0,seen_episode_iv_a_new_hope,0,Episode IV: A New Hope,a_new_hope,4
3290996933.0,seen_episode_iv_a_new_hope,1,Episode IV: A New Hope,a_new_hope,4
3290994001.0,seen_episode_iv_a_new_hope,1,Episode IV: A New Hope,a_new_hope,4
3290992477.0,seen_episode_iv_a_new_hope,1,Episode IV: A New Hope,a_new_hope,4
3290992371.0,seen_episode_iv_a_new_hope,0,Episode IV: A New Hope,a_new_hope,4
3290987996.0,seen_episode_iv_a_new_hope,1,Episode IV: A New Hope,a_new_hope,4
3290984063.0,seen_episode_iv_a_new_hope,0,Episode IV: A New Hope,a_new_hope,4
3290980789.0,seen_episode_iv_a_new_hope,0,Episode IV: A New Hope,a_new_hope,4
3290977827.0,seen_episode_iv_a_new_hope,1,Episode IV: A New Hope,a_new_hope,4
3290976539.0,seen_episode_iv_a_new_hope,0,Episode IV: A New Hope,a_new_hope,4
3290975724.0,seen_episode_iv_a_new_hope,1,Episode IV: A New Hope,a_new_hope,4
3290973695.0,seen_episode_iv_a_new_hope,1,Episode IV: A New Hope,a_new_hope,4
3290973177.0,seen_episode_iv_a_new_hope,0,Episode IV: A New Hope,a_new_hope,4
3290973120.0,seen_episode_iv_a_new_hope,0,Episode IV: A New Hope,a_new_hope,4
3290972257.0,seen_episode_iv_a_new_hope,1,Episode IV: A New Hope,a_new_hope,4
3290971794.0,seen_episode_iv_a_new_hope,1,Episode IV: A New Hope,a_new_hope,4
3290971358.0,seen_episode_iv_a_new_hope,0,Episode IV: A New Hope,a_new_hope,4
3290965482.0,seen_episode_iv_a_new_hope,0,Episode IV: A New Hope,a_new_hope,4
3290961855.0,seen_episode_iv_a_new_hope,0,Episode IV: A New Hope,a_new_hope,4
3290961497.0,seen_episode_iv_a_new_hope,1,Episode IV: A New Hope,a_new_hope,4
3290953060.0,seen_episode_iv_a_new_hope,0,Episode IV: A New Hope,a_new_hope,4
3290949606.0,seen_episode_iv_a_new_hope,0,Episode IV: A New Hope,a_new_hope,4
3290948002.0,seen_episode_iv_a_new_hope,0,Episode IV: A New Hope,a_new_hope,4
3290947136.0,seen_episode_iv_a_new_hope,1,Episode IV: A New Hope,a_new_hope,4
3290947011.0,seen_episode_iv_a_new_hope,1,Episode IV: A New Hope,a_new_hope,4
3290946211.0,seen_episode_iv_a_new_hope,0,Episode IV: A New Hope,a_new_hope,4
3290944858.0,seen_episode_iv_a_new_hope,1,Episode IV: A New Hope,a_new_hope,4
3290944288.0,seen_episode_iv_a_new_hope,0,Episode IV: A New Hope,a_new_hope,4
3290941824.0,seen_episode_iv_a_new_hope,0,Episode IV: A New Hope,a_new_hope,4
3290939696.0,seen_episode_iv_a_new_hope,0,Episode IV: A New Hope,a_new_hope,4
3290934328.0,seen_episode_iv_a_new_hope,1,Episode IV: A New Hope,a_new_hope,4
3290929229.0,seen_episode_iv_a_new_hope,1,Episode IV: A New Hope,a_new_hope,4
3290927126.0,seen_episode_iv_a_new_hope,0,Episode IV: A New Hope,a_new_hope,4
3290926407.0,seen_episode_iv_a_new_hope,0,Episode IV: A New Hope,a_new_hope,4
3290922858.0,seen_episode_iv_a_new_hope,1,Episode IV: A New Hope,a_new_hope,4
3290920752.0,seen_episode_iv_a_new_hope,0,Episode IV: A New Hope,a_new_hope,4
3290919823.0,seen_episode_iv_a_new_hope,1,Episode IV: A New Hope,a_new_hope,4
3290919419.0,seen_episode_iv_a_new_hope,1,Episode IV: A New Hope,a_new_hope,4
3290917153.0,seen_episode_iv_a_new_hope,1,Episode IV: A New Hope,a_new_hope,4
3290917131.0,seen_episode_iv_a_new_hope,1,Episode IV: A New Hope,a_new_hope,4
3290916554.0,seen_episode_iv_a_new_hope,1,Episode IV: A New Hope,a_new_hope,4
3290915885.0,seen_episode_iv_a_new_hope,1,Episode IV: A New Hope,a_new_hope,4
3290912485.0,seen_episode_iv_a_new_hope,0,Episode IV: A New Hope,a_new_hope,4
3290912014.0,seen_episode_iv_a_new_hope,1,Episode IV: A New Hope,a_new_hope,4
3290910069.0,seen_episode_iv_a_new_hope,1,Episode IV: A New Hope,a_new_hope,4
3290906086.0,seen_episode_iv_a_new_hope,1,Episode IV: A New Hope,a_new_hope,4
3290906022.0,seen_episode_iv_a_new_hope,1,Episode IV: A New Hope,a_new_hope,4
3290903423.0,seen_episode_iv_a_new_hope,0,Episode IV: A New Hope,a_new_hope,4
3290902880.0,seen_episode_iv_a_new_hope,1,Episode IV: A New Hope,a_new_hope,4
3290901027.0,seen_episode_iv_a_new_hope,1,Episode IV: A New Hope,a_new_hope,4
3290896982.0,seen_episode_iv_a_new_hope,0,Episode IV: A New Hope,a_new_hope,4
3290893301.0,seen_episode_iv_a_new_hope,0,Episode IV: A New Hope,a_new_hope,4
3290889443.0,seen_episode_iv_a_new_hope,0,Episode IV: A New Hope,a_new_hope,4
3290888715.0,seen_episode_iv_a_new_hope,0,Episode IV: A New Hope,a_new_hope,4
3290888303.0,seen_episode_iv_a_new_hope,1,Episode IV: A New Hope,a_new_hope,4
3290888102.0,seen_episode_iv_a_new_hope,0,Episode IV: A New Hope,a_new_hope,4
3290888079.0,seen_episode_iv_a_new_hope,1,Episode IV: A New Hope,a_new_hope,4
3290884427.0,seen_episode_iv_a_new_hope,1,Episode IV: A New Hope,a_new_hope,4
3290881566.0,seen_episode_iv_a_new_hope,1,Episode IV: A New Hope,a_new_hope,4
3290879019.0,seen_episode_iv_a_new_hope,1,Episode IV: A New Hope,a_new_hope,4
3290878766.0,seen_episode_iv_a_new_hope,1,Episode IV: A New Hope,a_new_hope,4
3290874545.0,seen_episode_iv_a_new_hope,0,Episode IV: A New Hope,a_new_hope,4
3290873342.0,seen_episode_iv_a_new_hope,1,Episode IV: A New Hope,a_new_hope,4
3290871307.0,seen_episode_iv_a_new_hope,1,Episode IV: A New Hope,a_new_hope,4
3290869696.0,seen_episode_iv_a_new_hope,0,Episode IV: A New Hope,a_new_hope,4
3290863729.0,seen_episode_iv_a_new_hope,1,Episode IV: A New Hope,a_new_hope,4
3290863193.0,seen_episode_iv_a_new_hope,1,Episode IV: A New Hope,a_new_hope,4
3290862050.0,seen_episode_iv_a_new_hope,0,Episode IV: A New Hope,a_new_hope,4
3290860908.0,seen_episode_iv_a_new_hope,1,Episode IV: A New Hope,a_new_hope,4
3290860842.0,seen_episode_iv_a_new_hope,1,Episode IV: A New Hope,a_new_hope,4
3290860558.0,seen_episode_iv_a_new_hope,1,Episode IV: A New Hope,a_new_hope,4
3290858689.0,seen_episode_iv_a_new_hope,0,Episode IV: A New Hope,a_new_hope,4
3290858543.0,seen_episode_iv_a_new_hope,1,Episode IV: A New Hope,a_new_hope,4
3290855818.0,seen_episode_iv_a_new_hope,1,Episode IV: A New Hope,a_new_hope,4
3290854802.0,seen_episode_iv_a_new_hope,1,Episode IV: A New Hope,a_new_hope,4
3290853559.0,seen_episode_iv_a_new_hope,0,Episode IV: A New Hope,a_new_hope,4
3290853267.0,seen_episode_iv_a_new_hope,0,Episode IV: A New Hope,a_new_hope,4
3290852271.0,seen_episode_iv_a_new_hope,0,Episode IV: A New Hope,a_new_hope,4
3290848617.0,seen_episode_iv_a_new_hope,1,Episode IV: A New Hope,a_new_hope,4
3290846848.0,seen_episode_iv_a_new_hope,1,Episode IV: A New Hope,a_new_hope,4
3290846769.0,seen_episode_iv_a_new_hope,0,Episode IV: A New Hope,a_new_hope,4
3290846466.0,seen_episode_iv_a_new_hope,1,Episode IV: A New Hope,a_new_hope,4
3290845752.0,seen_episode_iv_a_new_hope,1,Episode IV: A New Hope,a_new_hope,4
3290845367.0,seen_episode_iv_a_new_hope,1,Episode IV: A New Hope,a_new_hope,4
3290845046.0,seen_episode_iv_a_new_hope,1,Episode IV: A New Hope,a_new_hope,4
3290844577.0,seen_episode_iv_a_new_hope,0,Episode IV: A New Hope,a_new_hope,4
3290841815.0,seen_episode_iv_a_new_hope,1,Episode IV: A New Hope,a_new_hope,4
3290840905.0,seen_episode_iv_a_new_hope,0,Episode IV: A New Hope,a_new_hope,4
3290836653.0,seen_episode_iv_a_new_hope,0,Episode IV: A New Hope,a_new_hope,4
3290834007.0,seen_episode_iv_a_new_hope,1,Episode IV: A New Hope,a_new_hope,4
3290829888.0,seen_episode_iv_a_new_hope,1,Episode IV: A New Hope,a_new_hope,4
3290828902.0,seen_episode_iv_a_new_hope,0,Episode IV: A New Hope,a_new_hope,4
3290824340.0,seen_episode_iv_a_new_hope,0,Episode IV: A New Hope,a_new_hope,4
3290821620.0,seen_episode_iv_a_new_hope,0,Episode IV: A New Hope,a_new_hope,4
3290819415.0,seen_episode_iv_a_new_hope,0,Episode IV: A New Hope,a_new_hope,4
3290815080.0,seen_episode_iv_a_new_hope,0,Episode IV: A New Hope,a_new_hope,4
3290812610.0,seen_episode_iv_a_new_hope,0,Episode IV: A New Hope,a_new_hope,4
3290810177.0,seen_episode_iv_a_new_hope,1,Episode IV: A New Hope,a_new_hope,4
3290810023.0,seen_episode_iv_a_new_hope,1,Episode IV: A New Hope,a_new_hope,4
3290807769.0,seen_episode_iv_a_new_hope,0,Episode IV: A New Hope,a_new_hope,4
3290806200.0,seen_episode_iv_a_new_hope,1,Episode IV: A New Hope,a_new_hope,4
3290805125.0,seen_episode_iv_a_new_hope,1,Episode IV: A New Hope,a_new_hope,4
3290804128.0,seen_episode_iv_a_new_hope,0,Episode IV: A New Hope,a_new_hope,4
3290804008.0,seen_episode_iv_a_new_hope,1,Episode IV: A New Hope,a_new_hope,4
3290799403.0,seen_episode_iv_a_new_hope,1,Episode IV: A New Hope,a_new_hope,4
3290798641.0,seen_episode_iv_a_new_hope,0,Episode IV: A New Hope,a_new_hope,4
3290798064.0,seen_episode_iv_a_new_hope,1,Episode IV: A New Hope,a_new_hope,4
3290796650.0,seen_episode_iv_a_new_hope,0,Episode IV: A New Hope,a_new_hope,4
3290792507.0,seen_episode_iv_a_new_hope,1,Episode IV: A New Hope,a_new_hope,4
3290787286.0,seen_episode_iv_a_new_hope,1,Episode IV: A New Hope,a_new_hope,4
3290785928.0,seen_episode_iv_a_new_hope,1,Episode IV: A New Hope,a_new_hope,4
3290782952.0,seen_episode_iv_a_new_hope,0,Episode IV: A New Hope,a_new_hope,4
3290781544.0,seen_episode_iv_a_new_hope,1,Episode IV: A New Hope,a_new_hope,4
3290781284.0,seen_episode_iv_a_new_hope,0,Episode IV: A New Hope,a_new_hope,4
3290781039.0,seen_episode_iv_a_new_hope,0,Episode IV: A New Hope,a_new_hope,4
3290779524.0,seen_episode_iv_a_new_hope,0,Episode IV: A New Hope,a_new_hope,4
3290779140.0,seen_episode_iv_a_new_hope,0,Episode IV: A New Hope,a_new_hope,4
3290778828.0,seen_episode_iv_a_new_hope,0,Episode IV: A New Hope,a_new_hope,4
3290777129.0,seen_episode_iv_a_new_hope,0,Episode IV: A New Hope,a_new_hope,4
3290773277.0,seen_episode_iv_a_new_hope,1,Episode IV: A New Hope,a_new_hope,4
3290769012.0,seen_episode_iv_a_new_hope,0,Episode IV: A New Hope,a_new_hope,4
3290767951.0,seen_episode_iv_a_new_hope,0,Episode IV: A New Hope,a_new_hope,4
3290767535.0,seen_episode_iv_a_new_hope,0,Episode IV: A New Hope,a_new_hope,4
3290765210.0,seen_episode_iv_a_new_hope,0,Episode IV: A New Hope,a_new_hope,4
3290762924.0,seen_episode_iv_a_new_hope,0,Episode IV: A New Hope,a_new_hope,4
3290761823.0,seen_episode_iv_a_new_hope,0,Episode IV: A New Hope,a_new_hope,4
3290760722.0,seen_episode_iv_a_new_hope,1,Episode IV: A New Hope,a_new_hope,4
3290759512.0,seen_episode_iv_a_new_hope,0,Episode IV: A New Hope,a_new_hope,4
3290758362.0,seen_episode_iv_a_new_hope,1,Episode IV: A New Hope,a_new_hope,4
3290757230.0,seen_episode_iv_a_new_hope,0,Episode IV: A New Hope,a_new_hope,4
3290756394.0,seen_episode_iv_a_new_hope,1,Episode IV: A New Hope,a_new_hope,4
3290755451.0,seen_episode_iv_a_new_hope,1,Episode IV: A New Hope,a_new_hope,4
3290753390.0,seen_episode_iv_a_new_hope,0,Episode IV: A New Hope,a_new_hope,4
3290749764.0,seen_episode_iv_a_new_hope,1,Episode IV: A New Hope,a_new_hope,4
3290749229.0,seen_episode_iv_a_new_hope,0,Episode IV: A New Hope,a_new_hope,4
3290746853.0,seen_episode_iv_a_new_hope,0,Episode IV: A New Hope,a_new_hope,4
3290744027.0,seen_episode_iv_a_new_hope,0,Episode IV: A New Hope,a_new_hope,4
3290741994.0,seen_episode_iv_a_new_hope,1,Episode IV: A New Hope,a_new_hope,4
3290741405.0,seen_episode_iv_a_new_hope,1,Episode IV: A New Hope,a_new_hope,4
3290740448.0,seen_episode_iv_a_new_hope,1,Episode IV: A New Hope,a_new_hope,4
3290739967.0,seen_episode_iv_a_new_hope,1,Episode IV: A New Hope,a_new_hope,4
3290739235.0,seen_episode_iv_a_new_hope,0,Episode IV: A New Hope,a_new_hope,4
3290738262.0,seen_episode_iv_a_new_hope,0,Episode IV: A New Hope,a_new_hope,4
3290737104.0,seen_episode_iv_a_new_hope,0,Episode IV: A New Hope,a_new_hope,4
3290736072.0,seen_episode_iv_a_new_hope,1,Episode IV: A New Hope,a_new_hope,4
3290734874.0,seen_episode_iv_a_new_hope,1,Episode IV: A New Hope,a_new_hope,4
3290733932.0,seen_episode_iv_a_new_hope,0,Episode IV: A New Hope,a_new_hope,4
3290733316.0,seen_episode_iv_a_new_hope,0,Episode IV: A New Hope,a_new_hope,4
3290732383.0,seen_episode_iv_a_new_hope,1,Episode IV: A New Hope,a_new_hope,4
3290727763.0,seen_episode_iv_a_new_hope,1,Episode IV: A New Hope,a_new_hope,4
3290726075.0,seen_episode_iv_a_new_hope,1,Episode IV: A New Hope,a_new_hope,4
3290719847.0,seen_episode_iv_a_new_hope,0,Episode IV: A New Hope,a_new_hope,4
3290718359.0,seen_episode_iv_a_new_hope,0,Episode IV: A New Hope,a_new_hope,4
3290717899.0,seen_episode_iv_a_new_hope,1,Episode IV: A New Hope,a_new_hope,4
3290717372.0,seen_episode_iv_a_new_hope,0,Episode IV: A New Hope,a_new_hope,4
3290714941.0,seen_episode_iv_a_new_hope,1,Episode IV: A New Hope,a_new_hope,4
3290714484.0,seen_episode_iv_a_new_hope,0,Episode IV: A New Hope,a_new_hope,4
3290714430.0,seen_episode_iv_a_new_hope,0,Episode IV: A New Hope,a_new_hope,4
3290714378.0,seen_episode_iv_a_new_hope,1,Episode IV: A New Hope,a_new_hope,4
3290712204.0,seen_episode_iv_a_new_hope,0,Episode IV: A New Hope,a_new_hope,4
3290711898.0,seen_episode_iv_a_new_hope,0,Episode IV: A New Hope,a_new_hope,4
3290711882.0,seen_episode_iv_a_new_hope,0,Episode IV: A New Hope,a_new_hope,4
3290711757.0,seen_episode_iv_a_new_hope,0,Episode IV: A New Hope,a_new_hope,4
3290711487.0,seen_episode_iv_a_new_hope,0,Episode IV: A New Hope,a_new_hope,4
3290711262.0,seen_episode_iv_a_new_hope,0,Episode IV: A New Hope,a_new_hope,4
3290708664.0,seen_episode_iv_a_new_hope,0,Episode IV: A New Hope,a_new_hope,4
3290707402.0,seen_episode_iv_a_new_hope,0,Episode IV: A New Hope,a_new_hope,4
3290706716.0,seen_episode_iv_a_new_hope,0,Episode IV: A New Hope,a_new_hope,4
3290706611.0,seen_episode_iv_a_new_hope,0,Episode IV: A New Hope,a_new_hope,4
3290703210.0,seen_episode_iv_a_new_hope,1,Episode IV: A New Hope,a_new_hope,4
3290701442.0,seen_episode_iv_a_new_hope,0,Episode IV: A New Hope,a_new_hope,4
3290700285.0,seen_episode_iv_a_new_hope,1,Episode IV: A New Hope,a_new_hope,4
3290700214.0,seen_episode_iv_a_new_hope,0,Episode IV: A New Hope,a_new_hope,4
3290700030.0,seen_episode_iv_a_new_hope,1,Episode IV: A New Hope,a_new_hope,4
3290699410.0,seen_episode_iv_a_new_hope,1,Episode IV: A New Hope,a_new_hope,4
3290695784.0,seen_episode_iv_a_new_hope,1,Episode IV: A New Hope,a_new_hope,4
3290695316.0,seen_episode_iv_a_new_hope,0,Episode IV: A New Hope,a_new_hope,4
3290694269.0,seen_episode_iv_a_new_hope,0,Episode IV: A New Hope,a_new_hope,4
3290693095.0,seen_episode_iv_a_new_hope,0,Episode IV: A New Hope,a_new_hope,4
3290692020.0,seen_episode_iv_a_new_hope,0,Episode IV: A New Hope,a_new_hope,4
3290691758.0,seen_episode_iv_a_new_hope,1,Episode IV: A New Hope,a_new_hope,4
3290689343.0,seen_episode_iv_a_new_hope,0,Episode IV: A New Hope,a_new_hope,4
3290687981.0,seen_episode_iv_a_new_hope,1,Episode IV: A New Hope,a_new_hope,4
3290687830.0,seen_episode_iv_a_new_hope,1,Episode IV: A New Hope,a_new_hope,4
3290686887.0,seen_episode_iv_a_new_hope,0,Episode IV: A New Hope,a_new_hope,4
3290686362.0,seen_episode_iv_a_new_hope,0,Episode IV: A New Hope,a_new_hope,4
3290685885.0,seen_episode_iv_a_new_hope,0,Episode IV: A New Hope,a_new_hope,4
3290684868.0,seen_episode_iv_a_new_hope,1,Episode IV: A New Hope,a_new_hope,4
3290684287.0,seen_episode_iv_a_new_hope,1,Episode IV: A New Hope,a_new_hope,4
3290681574.0,seen_episode_iv_a_new_hope,0,Episode IV: A New Hope,a_new_hope,4
3290678952.0,seen_episode_iv_a_new_hope,0,Episode IV: A New Hope,a_new_hope,4
3290678515.0,seen_episode_iv_a_new_hope,1,Episode IV: A New Hope,a_new_hope,4
3290676695.0,seen_episode_iv_a_new_hope,0,Episode IV: A New Hope,a_new_hope,4
3290674534.0,seen_episode_iv_a_new_hope,0,Episode IV: A New Hope,a_new_hope,4
3290667297.0,seen_episode_iv_a_new_hope,0,Episode IV: A New Hope,a_new_hope,4
3290664543.0,seen_episode_iv_a_new_hope,1,Episode IV: A New Hope,a_new_hope,4
3290664463.0,seen_episode_iv_a_new_hope,1,Episode IV: A New Hope,a_new_hope,4
3290664069.0,seen_episode_iv_a_new_hope,0,Episode IV: A New Hope,a_new_hope,4
3290662118.0,seen_episode_iv_a_new_hope,1,Episode IV: A New Hope,a_new_hope,4
3290661650.0,seen_episode_iv_a_new_hope,1,Episode IV: A New Hope,a_new_hope,4
3290661587.0,seen_episode_iv_a_new_hope,0,Episode IV: A New Hope,a_new_hope,4
3290661135.0,seen_episode_iv_a_new_hope,1,Episode IV: A New Hope,a_new_hope,4
3290659818.0,seen_episode_iv_a_new_hope,1,Episode IV: A New Hope,a_new_hope,4
3290659314.0,seen_episode_iv_a_new_hope,1,Episode IV: A New Hope,a_new_hope,4
3290655784.0,seen_episode_iv_a_new_hope,1,Episode IV: A New Hope,a_new_hope,4
3290654597.0,seen_episode_iv_a_new_hope,1,Episode IV: A New Hope,a_new_hope,4
3290652558.0,seen_episode_iv_a_new_hope,0,Episode IV: A New Hope,a_new_hope,4
3290651085.0,seen_episode_iv_a_new_hope,0,Episode IV: A New Hope,a_new_hope,4
3290650590.0,seen_episode_iv_a_new_hope,1,Episode IV: A New Hope,a_new_hope,4
3290644326.0,seen_episode_iv_a_new_hope,0,Episode IV: A New Hope,a_new_hope,4
3290640323.0,seen_episode_iv_a_new_hope,1,Episode IV: A New Hope,a_new_hope,4
3290638529.0,seen_episode_iv_a_new_hope,1,Episode IV: A New Hope,a_new_hope,4
3290634681.0,seen_episode_iv_a_new_hope,0,Episode IV: A New Hope,a_new_hope,4
3290631608.0,seen_episode_iv_a_new_hope,0,Episode IV: A New Hope,a_new_hope,4
3290630470.0,seen_episode_iv_a_new_hope,1,Episode IV: A New Hope,a_new_hope,4
3290630282.0,seen_episode_iv_a_new_hope,1,Episode IV: A New Hope,a_new_hope,4
3290628419.0,seen_episode_iv_a_new_hope,0,Episode IV: A New Hope,a_new_hope,4
3290627850.0,seen_episode_iv_a_new_hope,1,Episode IV: A New Hope,a_new_hope,4
3290627681.0,seen_episode_iv_a_new_hope,1,Episode IV: A New Hope,a_new_hope,4
3290626609.0,seen_episode_iv_a_new_hope,0,Episode IV: A New Hope,a_new_hope,4
3290625814.0,seen_episode_iv_a_new_hope,0,Episode IV: A New Hope,a_new_hope,4
3290624447.0,seen_episode_iv_a_new_hope,0,Episode IV: A New Hope,a_new_hope,4
3290620991.0,seen_episode_iv_a_new_hope,1,Episode IV: A New Hope,a_new_hope,4
3290617461.0,seen_episode_iv_a_new_hope,1,Episode IV: A New Hope,a_new_hope,4
3290611875.0,seen_episode_iv_a_new_hope,1,Episode IV: A New Hope,a_new_hope,4
3290611716.0,seen_episode_iv_a_new_hope,1,Episode IV: A New Hope,a_new_hope,4
3290602490.0,seen_episode_iv_a_new_hope,0,Episode IV: A New Hope,a_new_hope,4
3290601892.0,seen_episode_iv_a_new_hope,1,Episode IV: A New Hope,a_new_hope,4
3290601518.0,seen_episode_iv_a_new_hope,0,Episode IV: A New Hope,a_new_hope,4
3290600680.0,seen_episode_iv_a_new_hope,1,Episode IV: A New Hope,a_new_hope,4
3290600559.0,seen_episode_iv_a_new_hope,0,Episode IV: A New Hope,a_new_hope,4
3290600057.0,seen_episode_iv_a_new_hope,0,Episode IV: A New Hope,a_new_hope,4
3290598307.0,seen_episode_iv_a_new_hope,0,Episode IV: A New Hope,a_new_hope,4
3290597099.0,seen_episode_iv_a_new_hope,1,Episode IV: A New Hope,a_new_hope,4
3290593953.0,seen_episode_iv_a_new_hope,1,Episode IV: A New Hope,a_new_hope,4
3290582716.0,seen_episode_iv_a_new_hope,0,Episode IV: A New Hope,a_new_hope,4
3290572568.0,seen_episode_iv_a_new_hope,0,Episode IV: A New Hope,a_new_hope,4
3290572073.0,seen_episode_iv_a_new_hope,1,Episode IV: A New Hope,a_new_hope,4
3290569001.0,seen_episode_iv_a_new_hope,1,Episode IV: A New Hope,a_new_hope,4
3290568339.0,seen_episode_iv_a_new_hope,1,Episode IV: A New Hope,a_new_hope,4
3290565779.0,seen_episode_iv_a_new_hope,1,Episode IV: A New Hope,a_new_hope,4
3290565768.0,seen_episode_iv_a_new_hope,1,Episode IV: A New Hope,a_new_hope,4
3290565487.0,seen_episode_iv_a_new_hope,0,Episode IV: A New Hope,a_new_hope,4
3290561583.0,seen_episode_iv_a_new_hope,1,Episode IV: A New Hope,a_new_hope,4
3290561192.0,seen_episode_iv_a_new_hope,1,Episode IV: A New Hope,a_new_hope,4
3290555153.0,seen_episode_iv_a_new_hope,0,Episode IV: A New Hope,a_new_hope,4
3290553558.0,seen_episode_iv_a_new_hope,0,Episode IV: A New Hope,a_new_hope,4
3290552963.0,seen_episode_iv_a_new_hope,1,Episode IV: A New Hope,a_new_hope,4
3290551809.0,seen_episode_iv_a_new_hope,1,Episode IV: A New Hope,a_new_hope,4
3290547819.0,seen_episode_iv_a_new_hope,0,Episode IV: A New Hope,a_new_hope,4
3290544886.0,seen_episode_iv_a_new_hope,0,Episode IV: A New Hope,a_new_hope,4
3290544865.0,seen_episode_iv_a_new_hope,1,Episode IV: A New Hope,a_new_hope,4
3290544012.0,seen_episode_iv_a_new_hope,0,Episode IV: A New Hope,a_new_hope,4
3290539653.0,seen_episode_iv_a_new_hope,1,Episode IV: A New Hope,a_new_hope,4
3290538433.0,seen_episode_iv_a_new_hope,1,Episode IV: A New Hope,a_new_hope,4
3290536294.0,seen_episode_iv_a_new_hope,0,Episode IV: A New Hope,a_new_hope,4
3290532429.0,seen_episode_iv_a_new_hope,1,Episode IV: A New Hope,a_new_hope,4
3290531735.0,seen_episode_iv_a_new_hope,1,Episode IV: A New Hope,a_new_hope,4
3290526356.0,seen_episode_iv_a_new_hope,0,Episode IV: A New Hope,a_new_hope,4
3290525782.0,seen_episode_iv_a_new_hope,0,Episode IV: A New Hope,a_new_hope,4
3290524413.0,seen_episode_iv_a_new_hope,0,Episode IV: A New Hope,a_new_hope,4
3290519884.0,seen_episode_iv_a_new_hope,1,Episode IV: A New Hope,a_new_hope,4
3290515688.0,seen_episode_iv_a_new_hope,0,Episode IV: A New Hope,a_new_hope,4
3290511533.0,seen_episode_iv_a_new_hope,1,Episode IV: A New Hope,a_new_hope,4
3290506830.0,seen_episode_iv_a_new_hope,1,Episode IV: A New Hope,a_new_hope,4
3290506333.0,seen_episode_iv_a_new_hope,0,Episode IV: A New Hope,a_new_hope,4
3290505081.0,seen_episode_iv_a_new_hope,1,Episode IV: A New Hope,a_new_hope,4
3290500457.0,seen_episode_iv_a_new_hope,0,Episode IV: A New Hope,a_new_hope,4
3290499954.0,seen_episode_iv_a_new_hope,1,Episode IV: A New Hope,a_new_hope,4
3290499953.0,seen_episode_iv_a_new_hope,0,Episode IV: A New Hope,a_new_hope,4
3290496822.0,seen_episode_iv_a_new_hope,1,Episode IV: A New Hope,a_new_hope,4
3290491807.0,seen_episode_iv_a_new_hope,0,Episode IV: A New Hope,a_new_hope,4
3290477551.0,seen_episode_iv_a_new_hope,0,Episode IV: A New Hope,a_new_hope,4
3290475079.0,seen_episode_iv_a_new_hope,0,Episode IV: A New Hope,a_new_hope,4
3290474953.0,seen_episode_iv_a_new_hope,1,Episode IV: A New Hope,a_new_hope,4
3290471553.0,seen_episode_iv_a_new_hope,1,Episode IV: A New Hope,a_new_hope,4
3290467062.0,seen_episode_iv_a_new_hope,1,Episode IV: A New Hope,a_new_hope,4
3290467000.0,seen_episode_iv_a_new_hope,0,Episode IV: A New Hope,a_new_hope,4
3290464481.0,seen_episode_iv_a_new_hope,1,Episode IV: A New Hope,a_new_hope,4
3290463350.0,seen_episode_iv_a_new_hope,0,Episode IV: A New Hope,a_new_hope,4
3290461599.0,seen_episode_iv_a_new_hope,1,Episode IV: A New Hope,a_new_hope,4
3290461455.0,seen_episode_iv_a_new_hope,0,Episode IV: A New Hope,a_new_hope,4
3290448644.0,seen_episode_iv_a_new_hope,0,Episode IV: A New Hope,a_new_hope,4
3290444421.0,seen_episode_iv_a_new_hope,1,Episode IV: A New Hope,a_new_hope,4
3290439063.0,seen_episode_iv_a_new_hope,1,Episode IV: A New Hope,a_new_hope,4
3290437717.0,seen_episode_iv_a_new_hope,0,Episode IV: A New Hope,a_new_hope,4
3290432874.0,seen_episode_iv_a_new_hope,0,Episode IV: A New Hope,a_new_hope,4
3290432121.0,seen_episode_iv_a_new_hope,0,Episode IV: A New Hope,a_new_hope,4
3290428766.0,seen_episode_iv_a_new_hope,0,Episode IV: A New Hope,a_new_hope,4
3290427764.0,seen_episode_iv_a_new_hope,1,Episode IV: A New Hope,a_new_hope,4
3290426384.0,seen_episode_iv_a_new_hope,1,Episode IV: A New Hope,a_new_hope,4
3290426289.0,seen_episode_iv_a_new_hope,0,Episode IV: A New Hope,a_new_hope,4
3290423155.0,seen_episode_iv_a_new_hope,1,Episode IV: A New Hope,a_new_hope,4
3290421738.0,seen_episode_iv_a_new_hope,1,Episode IV: A New Hope,a_new_hope,4
3290417966.0,seen_episode_iv_a_new_hope,0,Episode IV: A New Hope,a_new_hope,4
3290412412.0,seen_episode_iv_a_new_hope,0,Episode IV: A New Hope,a_new_hope,4
3290411058.0,seen_episode_iv_a_new_hope,0,Episode IV: A New Hope,a_new_hope,4
3290409431.0,seen_episode_iv_a_new_hope,0,Episode IV: A New Hope,a_new_hope,4
3290409075.0,seen_episode_iv_a_new_hope,1,Episode IV: A New Hope,a_new_hope,4
3290407409.0,seen_episode_iv_a_new_hope,1,Episode IV: A New Hope,a_new_hope,4
3290401956.0,seen_episode_iv_a_new_hope,1,Episode IV: A New Hope,a_new_hope,4
3290398978.0,seen_episode_iv_a_new_hope,0,Episode IV: A New Hope,a_new_hope,4
3290394872.0,seen_episode_iv_a_new_hope,1,Episode IV: A New Hope,a_new_hope,4
3290392454.0,seen_episode_iv_a_new_hope,1,Episode IV: A New Hope,a_new_hope,4
3290392264.0,seen_episode_iv_a_new_hope,1,Episode IV: A New Hope,a_new_hope,4
3290391985.0,seen_episode_iv_a_new_hope,0,Episode IV: A New Hope,a_new_hope,4
3290386524.0,seen_episode_iv_a_new_hope,0,Episode IV: A New Hope,a_new_hope,4
3290380140.0,seen_episode_iv_a_new_hope,0,Episode IV: A New Hope,a_new_hope,4
3290374523.0,seen_episode_iv_a_new_hope,0,Episode IV: A New Hope,a_new_hope,4
3290371734.0,seen_episode_iv_a_new_hope,0,Episode IV: A New Hope,a_new_hope,4
3290371532.0,seen_episode_iv_a_new_hope,0,Episode IV: A New Hope,a_new_hope,4
3290371101.0,seen_episode_iv_a_new_hope,0,Episode IV: A New Hope,a_new_hope,4
3290365225.0,seen_episode_iv_a_new_hope,0,Episode IV: A New Hope,a_new_hope,4
3290364952.0,seen_episode_iv_a_new_hope,1,Episode IV: A New Hope,a_new_hope,4
3290359700.0,seen_episode_iv_a_new_hope,0,Episode IV: A New Hope,a_new_hope,4
3290358751.0,seen_episode_iv_a_new_hope,0,Episode IV: A New Hope,a_new_hope,4
3290350512.0,seen_episode_iv_a_new_hope,1,Episode IV: A New Hope,a_new_hope,4
3290347473.0,seen_episode_iv_a_new_hope,1,Episode IV: A New Hope,a_new_hope,4
3290344571.0,seen_episode_iv_a_new_hope,1,Episode IV: A New Hope,a_new_hope,4
3290343366.0,seen_episode_iv_a_new_hope,1,Episode IV: A New Hope,a_new_hope,4
3290342169.0,seen_episode_iv_a_new_hope,0,Episode IV: A New Hope,a_new_hope,4
3290342102.0,seen_episode_iv_a_new_hope,0,Episode IV: A New Hope,a_new_hope,4
3290340804.0,seen_episode_iv_a_new_hope,0,Episode IV: A New Hope,a_new_hope,4
3290337251.0,seen_episode_iv_a_new_hope,1,Episode IV: A New Hope,a_new_hope,4
3290335343.0,seen_episode_iv_a_new_hope,0,Episode IV: A New Hope,a_new_hope,4
3290329580.0,seen_episode_iv_a_new_hope,0,Episode IV: A New Hope,a_new_hope,4
3290328309.0,seen_episode_iv_a_new_hope,1,Episode IV: A New Hope,a_new_hope,4
3290325811.0,seen_episode_iv_a_new_hope,1,Episode IV: A New Hope,a_new_hope,4
3290324518.0,seen_episode_iv_a_new_hope,1,Episode IV: A New Hope,a_new_hope,4
3290320007.0,seen_episode_iv_a_new_hope,1,Episode IV: A New Hope,a_new_hope,4
3290318577.0,seen_episode_iv_a_new_hope,0,Episode IV: A New Hope,a_new_hope,4
3290317691.0,seen_episode_iv_a_new_hope,1,Episode IV: A New Hope,a_new_hope,4
3290316632.0,seen_episode_iv_a_new_hope,1,Episode IV: A New Hope,a_new_hope,4
3290316375.0,seen_episode_iv_a_new_hope,1,Episode IV: A New Hope,a_new_hope,4
3290315336.0,seen_episode_iv_a_new_hope,1,Episode IV: A New Hope,a_new_hope,4
3290310304.0,seen_episode_iv_a_new_hope,0,Episode IV: A New Hope,a_new_hope,4
3290309722.0,seen_episode_iv_a_new_hope,0,Episode IV: A New Hope,a_new_hope,4
3290309711.0,seen_episode_iv_a_new_hope,1,Episode IV: A New Hope,a_new_hope,4
3290304610.0,seen_episode_iv_a_new_hope,0,Episode IV: A New Hope,a_new_hope,4
3290297761.0,seen_episode_iv_a_new_hope,0,Episode IV: A New Hope,a_new_hope,4
3290296317.0,seen_episode_iv_a_new_hope,0,Episode IV: A New Hope,a_new_hope,4
3290295809.0,seen_episode_iv_a_new_hope,1,Episode IV: A New Hope,a_new_hope,4
3290294922.0,seen_episode_iv_a_new_hope,0,Episode IV: A New Hope,a_new_hope,4
3290294142.0,seen_episode_iv_a_new_hope,0,Episode IV: A New Hope,a_new_hope,4
3290292697.0,seen_episode_iv_a_new_hope,1,Episode IV: A New Hope,a_new_hope,4
3290289176.0,seen_episode_iv_a_new_hope,0,Episode IV: A New Hope,a_new_hope,4
3290287101.0,seen_episode_iv_a_new_hope,0,Episode IV: A New Hope,a_new_hope,4
3290283817.0,seen_episode_iv_a_new_hope,1,Episode IV: A New Hope,a_new_hope,4
3290283139.0,seen_episode_iv_a_new_hope,1,Episode IV: A New Hope,a_new_hope,4
3290280642.0,seen_episode_iv_a_new_hope,0,Episode IV: A New Hope,a_new_hope,4
3290279732.0,seen_episode_iv_a_new_hope,1,Episode IV: A New Hope,a_new_hope,4
3290269777.0,seen_episode_iv_a_new_hope,1,Episode IV: A New Hope,a_new_hope,4
3290268027.0,seen_episode_iv_a_new_hope,0,Episode IV: A New Hope,a_new_hope,4
3290266084.0,seen_episode_iv_a_new_hope,1,Episode IV: A New Hope,a_new_hope,4
3290262568.0,seen_episode_iv_a_new_hope,1,Episode IV: A New Hope,a_new_hope,4
3290257673.0,seen_episode_iv_a_new_hope,1,Episode IV: A New Hope,a_new_hope,4
3290249464.0,seen_episode_iv_a_new_hope,0,Episode IV: A New Hope,a_new_hope,4
3290248279.0,seen_episode_iv_a_new_hope,0,Episode IV: A New Hope,a_new_hope,4
3290248167.0,seen_episode_iv_a_new_hope,0,Episode IV: A New Hope,a_new_hope,4
3290229579.0,seen_episode_iv_a_new_hope,0,Episode IV: A New Hope,a_new_hope,4
3290227264.0,seen_episode_iv_a_new_hope,1,Episode IV: A New Hope,a_new_hope,4
3290225128.0,seen_episode_iv_a_new_hope,0,Episode IV: A New Hope,a_new_hope,4
3290223393.0,seen_episode_iv_a_new_hope,1,Episode IV: A New Hope,a_new_hope,4
3290216970.0,seen_episode_iv_a_new_hope,1,Episode IV: A New Hope,a_new_hope,4
3290213089.0,seen_episode_iv_a_new_hope,1,Episode IV: A New Hope,a_new_hope,4
3290210801.0,seen_episode_iv_a_new_hope,1,Episode IV: A New Hope,a_new_hope,4
3290209773.0,seen_episode_iv_a_new_hope,1,Episode IV: A New Hope,a_new_hope,4
3290209744.0,seen_episode_iv_a_new_hope,1,Episode IV: A New Hope,a_new_hope,4
3290206907.0,seen_episode_iv_a_new_hope,1,Episode IV: A New Hope,a_new_hope,4
3290203063.0,seen_episode_iv_a_new_hope,1,Episode IV: A New Hope,a_new_hope,4
3290201752.0,seen_episode_iv_a_new_hope,0,Episode IV: A New Hope,a_new_hope,4
3290196296.0,seen_episode_iv_a_new_hope,0,Episode IV: A New Hope,a_new_hope,4
3290193368.0,seen_episode_iv_a_new_hope,0,Episode IV: A New Hope,a_new_hope,4
3290191566.0,seen_episode_iv_a_new_hope,0,Episode IV: A New Hope,a_new_hope,4
3290188213.0,seen_episode_iv_a_new_hope,1,Episode IV: A New Hope,a_new_hope,4
3290185244.0,seen_episode_iv_a_new_hope,0,Episode IV: A New Hope,a_new_hope,4
3290184813.0,seen_episode_iv_a_new_hope,0,Episode IV: A New Hope,a_new_hope,4
3290182531.0,seen_episode_iv_a_new_hope,0,Episode IV: A New Hope,a_new_hope,4
3290180442.0,seen_episode_iv_a_new_hope,0,Episode IV: A New Hope,a_new_hope,4
3290176915.0,seen_episode_iv_a_new_hope,0,Episode IV: A New Hope,a_new_hope,4
3290176563.0,seen_episode_iv_a_new_hope,1,Episode IV: A New Hope,a_new_hope,4
3290174629.0,seen_episode_iv_a_new_hope,0,Episode IV: A New Hope,a_new_hope,4
3290174048.0,seen_episode_iv_a_new_hope,0,Episode IV: A New Hope,a_new_hope,4
3290173775.0,seen_episode_iv_a_new_hope,1,Episode IV: A New Hope,a_new_hope,4
3290173176.0,seen_episode_iv_a_new_hope,1,Episode IV: A New Hope,a_new_hope,4
3290167473.0,seen_episode_iv_a_new_hope,0,Episode IV: A New Hope,a_new_hope,4
3290164098.0,seen_episode_iv_a_new_hope,0,Episode IV: A New Hope,a_new_hope,4
3290159455.0,seen_episode_iv_a_new_hope,0,Episode IV: A New Hope,a_new_hope,4
3290159056.0,seen_episode_iv_a_new_hope,0,Episode IV: A New Hope,a_new_hope,4
3290157529.0,seen_episode_iv_a_new_hope,1,Episode IV: A New Hope,a_new_hope,4
3290149698.0,seen_episode_iv_a_new_hope,1,Episode IV: A New Hope,a_new_hope,4
3290148834.0,seen_episode_iv_a_new_hope,0,Episode IV: A New Hope,a_new_hope,4
3290145517.0,seen_episode_iv_a_new_hope,1,Episode IV: A New Hope,a_new_hope,4
3290142232.0,seen_episode_iv_a_new_hope,1,Episode IV: A New Hope,a_new_hope,4
3290139192.0,seen_episode_iv_a_new_hope,0,Episode IV: A New Hope,a_new_hope,4
3290137793.0,seen_episode_iv_a_new_hope,1,Episode IV: A New Hope,a_new_hope,4
3290128978.0,seen_episode_iv_a_new_hope,0,Episode IV: A New Hope,a_new_hope,4
3290128468.0,seen_episode_iv_a_new_hope,0,Episode IV: A New Hope,a_new_hope,4
3290127670.0,seen_episode_iv_a_new_hope,0,Episode IV: A New Hope,a_new_hope,4
3290125801.0,seen_episode_iv_a_new_hope,0,Episode IV: A New Hope,a_new_hope,4
3290125784.0,seen_episode_iv_a_new_hope,1,Episode IV: A New Hope,a_new_hope,4
3290125550.0,seen_episode_iv_a_new_hope,1,Episode IV: A New Hope,a_new_hope,4
3290125357.0,seen_episode_iv_a_new_hope,1,Episode IV: A New Hope,a_new_hope,4
3290124259.0,seen_episode_iv_a_new_hope,1,Episode IV: A New Hope,a_new_hope,4
3290116629.0,seen_episode_iv_a_new_hope,0,Episode IV: A New Hope,a_new_hope,4
3290116182.0,seen_episode_iv_a_new_hope,0,Episode IV: A New Hope,a_new_hope,4
3290109779.0,seen_episode_iv_a_new_hope,1,Episode IV: A New Hope,a_new_hope,4
3290103593.0,seen_episode_iv_a_new_hope,1,Episode IV: A New Hope,a_new_hope,4
3290099797.0,seen_episode_iv_a_new_hope,1,Episode IV: A New Hope,a_new_hope,4
3290097546.0,seen_episode_iv_a_new_hope,0,Episode IV: A New Hope,a_new_hope,4
3290097268.0,seen_episode_iv_a_new_hope,0,Episode IV: A New Hope,a_new_hope,4
3290095220.0,seen_episode_iv_a_new_hope,0,Episode IV: A New Hope,a_new_hope,4
3290094384.0,seen_episode_iv_a_new_hope,0,Episode IV: A New Hope,a_new_hope,4
3290083352.0,seen_episode_iv_a_new_hope,0,Episode IV: A New Hope,a_new_hope,4
3290082468.0,seen_episode_iv_a_new_hope,0,Episode IV: A New Hope,a_new_hope,4
3290081504.0,seen_episode_iv_a_new_hope,0,Episode IV: A New Hope,a_new_hope,4
3290081040.0,seen_episode_iv_a_new_hope,0,Episode IV: A New Hope,a_new_hope,4
3290076587.0,seen_episode_iv_a_new_hope,0,Episode IV: A New Hope,a_new_hope,4
3290071379.0,seen_episode_iv_a_new_hope,0,Episode IV: A New Hope,a_new_hope,4
3290070395.0,seen_episode_iv_a_new_hope,1,Episode IV: A New Hope,a_new_hope,4
3290068892.0,seen_episode_iv_a_new_hope,0,Episode IV: A New Hope,a_new_hope,4
3290068765.0,seen_episode_iv_a_new_hope,1,Episode IV: A New Hope,a_new_hope,4
3290063543.0,seen_episode_iv_a_new_hope,1,Episode IV: A New Hope,a_new_hope,4
3290062936.0,seen_episode_iv_a_new_hope,0,Episode IV: A New Hope,a_new_hope,4
3290061815.0,seen_episode_iv_a_new_hope,1,Episode IV: A New Hope,a_new_hope,4
3290058506.0,seen_episode_iv_a_new_hope,0,Episode IV: A New Hope,a_new_hope,4
3290058216.0,seen_episode_iv_a_new_hope,1,Episode IV: A New Hope,a_new_hope,4
3290050695.0,seen_episode_iv_a_new_hope,0,Episode IV: A New Hope,a_new_hope,4
3290049932.0,seen_episode_iv_a_new_hope,0,Episode IV: A New Hope,a_new_hope,4
3290049231.0,seen_episode_iv_a_new_hope,1,Episode IV: A New Hope,a_new_hope,4
3290048884.0,seen_episode_iv_a_new_hope,1,Episode IV: A New Hope,a_new_hope,4
3290047842.0,seen_episode_iv_a_new_hope,1,Episode IV: A New Hope,a_new_hope,4
3290047689.0,seen_episode_iv_a_new_hope,0,Episode IV: A New Hope,a_new_hope,4
3290047483.0,seen_episode_iv_a_new_hope,0,Episode IV: A New Hope,a_new_hope,4
3290046627.0,seen_episode_iv_a_new_hope,1,Episode IV: A New Hope,a_new_hope,4
3290042369.0,seen_episode_iv_a_new_hope,0,Episode IV: A New Hope,a_new_hope,4
3290038794.0,seen_episode_iv_a_new_hope,0,Episode IV: A New Hope,a_new_hope,4
3290034196.0,seen_episode_iv_a_new_hope,0,Episode IV: A New Hope,a_new_hope,4
3290032864.0,seen_episode_iv_a_new_hope,0,Episode IV: A New Hope,a_new_hope,4
3290029531.0,seen_episode_iv_a_new_hope,1,Episode IV: A New Hope,a_new_hope,4
3290024333.0,seen_episode_iv_a_new_hope,1,Episode IV: A New Hope,a_new_hope,4
3290022302.0,seen_episode_iv_a_new_hope,1,Episode IV: A New Hope,a_new_hope,4
3290019869.0,seen_episode_iv_a_new_hope,0,Episode IV: A New Hope,a_new_hope,4
3290019779.0,seen_episode_iv_a_new_hope,0,Episode IV: A New Hope,a_new_hope,4
3290018381.0,seen_episode_iv_a_new_hope,1,Episode IV: A New Hope,a_new_hope,4
3290017901.0,seen_episode_iv_a_new_hope,0,Episode IV: A New Hope,a_new_hope,4
3290014606.0,seen_episode_iv_a_new_hope,0,Episode IV: A New Hope,a_new_hope,4
3290013239.0,seen_episode_iv_a_new_hope,0,Episode IV: A New Hope,a_new_hope,4
3290011286.0,seen_episode_iv_a_new_hope,0,Episode IV: A New Hope,a_new_hope,4
3290010419.0,seen_episode_iv_a_new_hope,1,Episode IV: A New Hope,a_new_hope,4
3290008538.0,seen_episode_iv_a_new_hope,0,Episode IV: A New Hope,a_new_hope,4
3290005674.0,seen_episode_iv_a_new_hope,1,Episode IV: A New Hope,a_new_hope,4
3290002601.0,seen_episode_iv_a_new_hope,1,Episode IV: A New Hope,a_new_hope,4
3289997713.0,seen_episode_iv_a_new_hope,1,Episode IV: A New Hope,a_new_hope,4
3289997196.0,seen_episode_iv_a_new_hope,1,Episode IV: A New Hope,a_new_hope,4
3289996800.0,seen_episode_iv_a_new_hope,1,Episode IV: A New Hope,a_new_hope,4
3289996025.0,seen_episode_iv_a_new_hope,1,Episode IV: A New Hope,a_new_hope,4
3289995352.0,seen_episode_iv_a_new_hope,1,Episode IV: A New Hope,a_new_hope,4
3289993284.0,seen_episode_iv_a_new_hope,0,Episode IV: A New Hope,a_new_hope,4
3289991708.0,seen_episode_iv_a_new_hope,0,Episode IV: A New Hope,a_new_hope,4
3289989311.0,seen_episode_iv_a_new_hope,0,Episode IV: A New Hope,a_new_hope,4
3289988393.0,seen_episode_iv_a_new_hope,1,Episode IV: A New Hope,a_new_hope,4
3289987865.0,seen_episode_iv_a_new_hope,0,Episode IV: A New Hope,a_new_hope,4
3289986698.0,seen_episode_iv_a_new_hope,1,Episode IV: A New Hope,a_new_hope,4
3289985995.0,seen_episode_iv_a_new_hope,0,Episode IV: A New Hope,a_new_hope,4
3289980534.0,seen_episode_iv_a_new_hope,1,Episode IV: A New Hope,a_new_hope,4
3289973506.0,seen_episode_iv_a_new_hope,1,Episode IV: A New Hope,a_new_hope,4
3289972382.0,seen_episode_iv_a_new_hope,0,Episode IV: A New Hope,a_new_hope,4
3289971452.0,seen_episode_iv_a_new_hope,0,Episode IV: A New Hope,a_new_hope,4
3289971256.0,seen_episode_iv_a_new_hope,1,Episode IV: A New Hope,a_new_hope,4
3289963393.0,seen_episode_iv_a_new_hope,0,Episode IV: A New Hope,a_new_hope,4
3289962839.0,seen_episode_iv_a_new_hope,0,Episode IV: A New Hope,a_new_hope,4
3289962614.0,seen_episode_iv_a_new_hope,1,Episode IV: A New Hope,a_new_hope,4
3289956408.0,seen_episode_iv_a_new_hope,0,Episode IV: A New Hope,a_new_hope,4
3289955364.0,seen_episode_iv_a_new_hope,1,Episode IV: A New Hope,a_new_hope,4
3289952496.0,seen_episode_iv_a_new_hope,1,Episode IV: A New Hope,a_new_hope,4
3289951011.0,seen_episode_iv_a_new_hope,1,Episode IV: A New Hope,a_new_hope,4
3289949516.0,seen_episode_iv_a_new_hope,0,Episode IV: A New Hope,a_new_hope,4
3289949409.0,seen_episode_iv_a_new_hope,1,Episode IV: A New Hope,a_new_hope,4
3289943405.0,seen_episode_iv_a_new_hope,1,Episode IV: A New Hope,a_new_hope,4
3289943097.0,seen_episode_iv_a_new_hope,1,Episode IV: A New Hope,a_new_hope,4
3289942520.0,seen_episode_iv_a_new_hope,0,Episode IV: A New Hope,a_new_hope,4
3289933137.0,seen_episode_iv_a_new_hope,0,Episode IV: A New Hope,a_new_hope,4
3289927404.0,seen_episode_iv_a_new_hope,1,Episode IV: A New Hope,a_new_hope,4
3289924943.0,seen_episode_iv_a_new_hope,0,Episode IV: A New Hope,a_new_hope,4
3289923980.0,seen_episode_iv_a_new_hope,1,Episode IV: A New Hope,a_new_hope,4
3289920249.0,seen_episode_iv_a_new_hope,1,Episode IV: A New Hope,a_new_hope,4
3289919285.0,seen_episode_iv_a_new_hope,0,Episode IV: A New Hope,a_new_hope,4
3289918842.0,seen_episode_iv_a_new_hope,0,Episode IV: A New Hope,a_new_hope,4
3289914533.0,seen_episode_iv_a_new_hope,1,Episode IV: A New Hope,a_new_hope,4
3289914097.0,seen_episode_iv_a_new_hope,1,Episode IV: A New Hope,a_new_hope,4
3289913649.0,seen_episode_iv_a_new_hope,0,Episode IV: A New Hope,a_new_hope,4
3289911175.0,seen_episode_iv_a_new_hope,1,Episode IV: A New Hope,a_new_hope,4
3289909917.0,seen_episode_iv_a_new_hope,1,Episode IV: A New Hope,a_new_hope,4
3289907541.0,seen_episode_iv_a_new_hope,0,Episode IV: A New Hope,a_new_hope,4
3289905986.0,seen_episode_iv_a_new_hope,0,Episode IV: A New Hope,a_new_hope,4
3289905819.0,seen_episode_iv_a_new_hope,0,Episode IV: A New Hope,a_new_hope,4
3289905044.0,seen_episode_iv_a_new_hope,1,Episode IV: A New Hope,a_new_hope,4
3289903380.0,seen_episode_iv_a_new_hope,0,Episode IV: A New Hope,a_new_hope,4
3289902920.0,seen_episode_iv_a_new_hope,1,Episode IV: A New Hope,a_new_hope,4
3289902115.0,seen_episode_iv_a_new_hope,0,Episode IV: A New Hope,a_new_hope,4
3289901820.0,seen_episode_iv_a_new_hope,1,Episode IV: A New Hope,a_new_hope,4
3289901633.0,seen_episode_iv_a_new_hope,1,Episode IV: A New Hope,a_new_hope,4
3289897826.0,seen_episode_iv_a_new_hope,1,Episode IV: A New Hope,a_new_hope,4
3289896565.0,seen_episode_iv_a_new_hope,1,Episode IV: A New Hope,a_new_hope,4
3289895732.0,seen_episode_iv_a_new_hope,1,Episode IV: A New Hope,a_new_hope,4
3289894873.0,seen_episode_iv_a_new_hope,0,Episode IV: A New Hope,a_new_hope,4
3289891069.0,seen_episode_iv_a_new_hope,0,Episode IV: A New Hope,a_new_hope,4
3289890495.0,seen_episode_iv_a_new_hope,0,Episode IV: A New Hope,a_new_hope,4
3289888113.0,seen_episode_iv_a_new_hope,0,Episode IV: A New Hope,a_new_hope,4
3289888015.0,seen_episode_iv_a_new_hope,1,Episode IV: A New Hope,a_new_hope,4
3289885747.0,seen_episode_iv_a_new_hope,0,Episode IV: A New Hope,a_new_hope,4
3289878528.0,seen_episode_iv_a_new_hope,1,Episode IV: A New Hope,a_new_hope,4
3289877093.0,seen_episode_iv_a_new_hope,1,Episode IV: A New Hope,a_new_hope,4
3289874408.0,seen_episode_iv_a_new_hope,1,Episode IV: A New Hope,a_new_hope,4
3289873978.0,seen_episode_iv_a_new_hope,1,Episode IV: A New Hope,a_new_hope,4
3289870772.0,seen_episode_iv_a_new_hope,0,Episode IV: A New Hope,a_new_hope,4
3289868197.0,seen_episode_iv_a_new_hope,1,Episode IV: A New Hope,a_new_hope,4
3289866531.0,seen_episode_iv_a_new_hope,1,Episode IV: A New Hope,a_new_hope,4
3289866259.0,seen_episode_iv_a_new_hope,0,Episode IV: A New Hope,a_new_hope,4
3289865550.0,seen_episode_iv_a_new_hope,0,Episode IV: A New Hope,a_new_hope,4
3289864687.0,seen_episode_iv_a_new_hope,1,Episode IV: A New Hope,a_new_hope,4
3289862004.0,seen_episode_iv_a_new_hope,0,Episode IV: A New Hope,a_new_hope,4
3289861464.0,seen_episode_iv_a_new_hope,1,Episode IV: A New Hope,a_new_hope,4
3289857817.0,seen_episode_iv_a_new_hope,1,Episode IV: A New Hope,a_new_hope,4
3289856887.0,seen_episode_iv_a_new_hope,1,Episode IV: A New Hope,a_new_hope,4
3289856557.0,seen_episode_iv_a_new_hope,0,Episode IV: A New Hope,a_new_hope,4
3289855873.0,seen_episode_iv_a_new_hope,1,Episode IV: A New Hope,a_new_hope,4
3289854601.0,seen_episode_iv_a_new_hope,0,Episode IV: A New Hope,a_new_hope,4
3289848909.0,seen_episode_iv_a_new_hope,0,Episode IV: A New Hope,a_new_hope,4
3289847932.0,seen_episode_iv_a_new_hope,1,Episode IV: A New Hope,a_new_hope,4
3289844139.0,seen_episode_iv_a_new_hope,0,Episode IV: A New Hope,a_new_hope,4
3289843973.0,seen_episode_iv_a_new_hope,1,Episode IV: A New Hope,a_new_hope,4
3289837359.0,seen_episode_iv_a_new_hope,0,Episode IV: A New Hope,a_new_hope,4
3289835282.0,seen_episode_iv_a_new_hope,1,Episode IV: A New Hope,a_new_hope,4
3289834572.0,seen_episode_iv_a_new_hope,0,Episode IV: A New Hope,a_new_hope,4
3289831274.0,seen_episode_iv_a_new_hope,0,Episode IV: A New Hope,a_new_hope,4
3289830199.0,seen_episode_iv_a_new_hope,0,Episode IV: A New Hope,a_new_hope,4
3289829982.0,seen_episode_iv_a_new_hope,1,Episode IV: A New Hope,a_new_hope,4
3289822005.0,seen_episode_iv_a_new_hope,0,Episode IV: A New Hope,a_new_hope,4
3289821310.0,seen_episode_iv_a_new_hope,1,Episode IV: A New Hope,a_new_hope,4
3289815685.0,seen_episode_iv_a_new_hope,1,Episode IV: A New Hope,a_new_hope,4
3289813977.0,seen_episode_iv_a_new_hope,0,Episode IV: A New Hope,a_new_hope,4
3289812188.0,seen_episode_iv_a_new_hope,0,Episode IV: A New Hope,a_new_hope,4
3289809469.0,seen_episode_iv_a_new_hope,1,Episode IV: A New Hope,a_new_hope,4
3289809255.0,seen_episode_iv_a_new_hope,0,Episode IV: A New Hope,a_new_hope,4
3289808310.0,seen_episode_iv_a_new_hope,0,Episode IV: A New Hope,a_new_hope,4
3289805753.0,seen_episode_iv_a_new_hope,0,Episode IV: A New Hope,a_new_hope,4
3289805745.0,seen_episode_iv_a_new_hope,0,Episode IV: A New Hope,a_new_hope,4
3289804908.0,seen_episode_iv_a_new_hope,0,Episode IV: A New Hope,a_new_hope,4
3289804326.0,seen_episode_iv_a_new_hope,1,Episode IV: A New Hope,a_new_hope,4
3289804031.0,seen_episode_iv_a_new_hope,1,Episode IV: A New Hope,a_new_hope,4
3289802847.0,seen_episode_iv_a_new_hope,1,Episode IV: A New Hope,a_new_hope,4
3289799650.0,seen_episode_iv_a_new_hope,0,Episode IV: A New Hope,a_new_hope,4
3289799581.0,seen_episode_iv_a_new_hope,1,Episode IV: A New Hope,a_new_hope,4
3289798968.0,seen_episode_iv_a_new_hope,0,Episode IV: A New Hope,a_new_hope,4
3289798759.0,seen_episode_iv_a_new_hope,1,Episode IV: A New Hope,a_new_hope,4
3289797876.0,seen_episode_iv_a_new_hope,0,Episode IV: A New Hope,a_new_hope,4
3289795859.0,seen_episode_iv_a_new_hope,0,Episode IV: A New Hope,a_new_hope,4
3289790475.0,seen_episode_iv_a_new_hope,0,Episode IV: A New Hope,a_new_hope,4
3289790146.0,seen_episode_iv_a_new_hope,1,Episode IV: A New Hope,a_new_hope,4
3289786719.0,seen_episode_iv_a_new_hope,1,Episode IV: A New Hope,a_new_hope,4
3289781705.0,seen_episode_iv_a_new_hope,1,Episode IV: A New Hope,a_new_hope,4
3289779434.0,seen_episode_iv_a_new_hope,0,Episode IV: A New Hope,a_new_hope,4
3289764515.0,seen_episode_iv_a_new_hope,0,Episode IV: A New Hope,a_new_hope,4
3289758800.0,seen_episode_iv_a_new_hope,1,Episode IV: A New Hope,a_new_hope,4
3289757385.0,seen_episode_iv_a_new_hope,1,Episode IV: A New Hope,a_new_hope,4
3289757163.0,seen_episode_iv_a_new_hope,1,Episode IV: A New Hope,a_new_hope,4
3289753279.0,seen_episode_iv_a_new_hope,0,Episode IV: A New Hope,a_new_hope,4
3289752347.0,seen_episode_iv_a_new_hope,1,Episode IV: A New Hope,a_new_hope,4
3289751464.0,seen_episode_iv_a_new_hope,1,Episode IV: A New Hope,a_new_hope,4
3289745316.0,seen_episode_iv_a_new_hope,0,Episode IV: A New Hope,a_new_hope,4
3289745063.0,seen_episode_iv_a_new_hope,1,Episode IV: A New Hope,a_new_hope,4
3289737236.0,seen_episode_iv_a_new_hope,1,Episode IV: A New Hope,a_new_hope,4
3289735954.0,seen_episode_iv_a_new_hope,0,Episode IV: A New Hope,a_new_hope,4
3289733444.0,seen_episode_iv_a_new_hope,1,Episode IV: A New Hope,a_new_hope,4
3289730973.0,seen_episode_iv_a_new_hope,1,Episode IV: A New Hope,a_new_hope,4
3289727014.0,seen_episode_iv_a_new_hope,1,Episode IV: A New Hope,a_new_hope,4
3289725827.0,seen_episode_iv_a_new_hope,1,Episode IV: A New Hope,a_new_hope,4
3289725605.0,seen_episode_iv_a_new_hope,1,Episode IV: A New Hope,a_new_hope,4
3289722110.0,seen_episode_iv_a_new_hope,1,Episode IV: A New Hope,a_new_hope,4
3289713384.0,seen_episode_iv_a_new_hope,0,Episode IV: A New Hope,a_new_hope,4
3289711817.0,seen_episode_iv_a_new_hope,1,Episode IV: A New Hope,a_new_hope,4
3289710382.0,seen_episode_iv_a_new_hope,0,Episode IV: A New Hope,a_new_hope,4
3289706727.0,seen_episode_iv_a_new_hope,1,Episode IV: A New Hope,a_new_hope,4
3289706550.0,seen_episode_iv_a_new_hope,0,Episode IV: A New Hope,a_new_hope,4
3289705195.0,seen_episode_iv_a_new_hope,1,Episode IV: A New Hope,a_new_hope,4
3289700288.0,seen_episode_iv_a_new_hope,1,Episode IV: A New Hope,a_new_hope,4
3289695941.0,seen_episode_iv_a_new_hope,1,Episode IV: A New Hope,a_new_hope,4
3289693023.0,seen_episode_iv_a_new_hope,1,Episode IV: A New Hope,a_new_hope,4
3289692258.0,seen_episode_iv_a_new_hope,0,Episode IV: A New Hope,a_new_hope,4
3289689591.0,seen_episode_iv_a_new_hope,0,Episode IV: A New Hope,a_new_hope,4
3289689331.0,seen_episode_iv_a_new_hope,1,Episode IV: A New Hope,a_new_hope,4
3289688885.0,seen_episode_iv_a_new_hope,1,Episode IV: A New Hope,a_new_hope,4
3289686202.0,seen_episode_iv_a_new_hope,0,Episode IV: A New Hope,a_new_hope,4
3289685200.0,seen_episode_iv_a_new_hope,0,Episode IV: A New Hope,a_new_hope,4
3289684323.0,seen_episode_iv_a_new_hope,1,Episode IV: A New Hope,a_new_hope,4
3289681765.0,seen_episode_iv_a_new_hope,1,Episode IV: A New Hope,a_new_hope,4
3289680108.0,seen_episode_iv_a_new_hope,0,Episode IV: A New Hope,a_new_hope,4
3289673695.0,seen_episode_iv_a_new_hope,1,Episode IV: A New Hope,a_new_hope,4
3289666523.0,seen_episode_iv_a_new_hope,0,Episode IV: A New Hope,a_new_hope,4
3289664241.0,seen_episode_iv_a_new_hope,1,Episode IV: A New Hope,a_new_hope,4
3289653763.0,seen_episode_iv_a_new_hope,0,Episode IV: A New Hope,a_new_hope,4
3289653664.0,seen_episode_iv_a_new_hope,0,Episode IV: A New Hope,a_new_hope,4
3289652167.0,seen_episode_iv_a_new_hope,1,Episode IV: A New Hope,a_new_hope,4
3289649402.0,seen_episode_iv_a_new_hope,0,Episode IV: A New Hope,a_new_hope,4
3289648154.0,seen_episode_iv_a_new_hope,0,Episode IV: A New Hope,a_new_hope,4
3289646833.0,seen_episode_iv_a_new_hope,0,Episode IV: A New Hope,a_new_hope,4
3289645505.0,seen_episode_iv_a_new_hope,0,Episode IV: A New Hope,a_new_hope,4
3289644365.0,seen_episode_iv_a_new_hope,0,Episode IV: A New Hope,a_new_hope,4
3289641241.0,seen_episode_iv_a_new_hope,1,Episode IV: A New Hope,a_new_hope,4
3289640516.0,seen_episode_iv_a_new_hope,0,Episode IV: A New Hope,a_new_hope,4
3289638367.0,seen_episode_iv_a_new_hope,1,Episode IV: A New Hope,a_new_hope,4
3289633176.0,seen_episode_iv_a_new_hope,1,Episode IV: A New Hope,a_new_hope,4
3289628791.0,seen_episode_iv_a_new_hope,0,Episode IV: A New Hope,a_new_hope,4
3289627503.0,seen_episode_iv_a_new_hope,0,Episode IV: A New Hope,a_new_hope,4
3289625918.0,seen_episode_iv_a_new_hope,0,Episode IV: A New Hope,a_new_hope,4
3289625905.0,seen_episode_iv_a_new_hope,0,Episode IV: A New Hope,a_new_hope,4
3289625071.0,seen_episode_iv_a_new_hope,1,Episode IV: A New Hope,a_new_hope,4
3289621004.0,seen_episode_iv_a_new_hope,1,Episode IV: A New Hope,a_new_hope,4
3289619487.0,seen_episode_iv_a_new_hope,1,Episode IV: A New Hope,a_new_hope,4
3289618781.0,seen_episode_iv_a_new_hope,0,Episode IV: A New Hope,a_new_hope,4
3289618768.0,seen_episode_iv_a_new_hope,0,Episode IV: A New Hope,a_new_hope,4
3289618355.0,seen_episode_iv_a_new_hope,0,Episode IV: A New Hope,a_new_hope,4
3289616064.0,seen_episode_iv_a_new_hope,0,Episode IV: A New Hope,a_new_hope,4
3289610618.0,seen_episode_iv_a_new_hope,0,Episode IV: A New Hope,a_new_hope,4
3289610391.0,seen_episode_iv_a_new_hope,0,Episode IV: A New Hope,a_new_hope,4
3289600885.0,seen_episode_iv_a_new_hope,0,Episode IV: A New Hope,a_new_hope,4
3289598419.0,seen_episode_iv_a_new_hope,0,Episode IV: A New Hope,a_new_hope,4
3289597768.0,seen_episode_iv_a_new_hope,0,Episode IV: A New Hope,a_new_hope,4
3289597035.0,seen_episode_iv_a_new_hope,1,Episode IV: A New Hope,a_new_hope,4
3289588064.0,seen_episode_iv_a_new_hope,0,Episode IV: A New Hope,a_new_hope,4
3289582868.0,seen_episode_iv_a_new_hope,1,Episode IV: A New Hope,a_new_hope,4
3289582774.0,seen_episode_iv_a_new_hope,0,Episode IV: A New Hope,a_new_hope,4
3289582090.0,seen_episode_iv_a_new_hope,1,Episode IV: A New Hope,a_new_hope,4
3289573606.0,seen_episode_iv_a_new_hope,1,Episode IV: A New Hope,a_new_hope,4
3289572808.0,seen_episode_iv_a_new_hope,1,Episode IV: A New Hope,a_new_hope,4
3289569955.0,seen_episode_iv_a_new_hope,0,Episode IV: A New Hope,a_new_hope,4
3289567355.0,seen_episode_iv_a_new_hope,1,Episode IV: A New Hope,a_new_hope,4
3289564387.0,seen_episode_iv_a_new_hope,1,Episode IV: A New Hope,a_new_hope,4
3289563102.0,seen_episode_iv_a_new_hope,0,Episode IV: A New Hope,a_new_hope,4
3289561190.0,seen_episode_iv_a_new_hope,0,Episode IV: A New Hope,a_new_hope,4
3289560376.0,seen_episode_iv_a_new_hope,1,Episode IV: A New Hope,a_new_hope,4
3289555540.0,seen_episode_iv_a_new_hope,0,Episode IV: A New Hope,a_new_hope,4
3289553574.0,seen_episode_iv_a_new_hope,0,Episode IV: A New Hope,a_new_hope,4
3289553473.0,seen_episode_iv_a_new_hope,1,Episode IV: A New Hope,a_new_hope,4
3289552996.0,seen_episode_iv_a_new_hope,1,Episode IV: A New Hope,a_new_hope,4
3289552625.0,seen_episode_iv_a_new_hope,0,Episode IV: A New Hope,a_new_hope,4
3289543778.0,seen_episode_iv_a_new_hope,1,Episode IV: A New Hope,a_new_hope,4
3289540349.0,seen_episode_iv_a_new_hope,1,Episode IV: A New Hope,a_new_hope,4
3289539921.0,seen_episode_iv_a_new_hope,1,Episode IV: A New Hope,a_new_hope,4
3289537363.0,seen_episode_iv_a_new_hope,1,Episode IV: A New Hope,a_new_hope,4
3289537293.0,seen_episode_iv_a_new_hope,1,Episode IV: A New Hope,a_new_hope,4
3289536171.0,seen_episode_iv_a_new_hope,0,Episode IV: A New Hope,a_new_hope,4
3289533753.0,seen_episode_iv_a_new_hope,1,Episode IV: A New Hope,a_new_hope,4
3289531711.0,seen_episode_iv_a_new_hope,1,Episode IV: A New Hope,a_new_hope,4
3289530269.0,seen_episode_iv_a_new_hope,0,Episode IV: A New Hope,a_new_hope,4
3289530042.0,seen_episode_iv_a_new_hope,1,Episode IV: A New Hope,a_new_hope,4
3289529064.0,seen_episode_iv_a_new_hope,0,Episode IV: A New Hope,a_new_hope,4
3289528214.0,seen_episode_iv_a_new_hope,0,Episode IV: A New Hope,a_new_hope,4
3289526845.0,seen_episode_iv_a_new_hope,0,Episode IV: A New Hope,a_new_hope,4
3289526048.0,seen_episode_iv_a_new_hope,1,Episode IV: A New Hope,a_new_hope,4
3289522048.0,seen_episode_iv_a_new_hope,1,Episode IV: A New Hope,a_new_hope,4
3289512650.0,seen_episode_iv_a_new_hope,0,Episode IV: A New Hope,a_new_hope,4
3289510637.0,seen_episode_iv_a_new_hope,1,Episode IV: A New Hope,a_new_hope,4
3289510083.0,seen_episode_iv_a_new_hope,0,Episode IV: A New Hope,a_new_hope,4
3289508774.0,seen_episode_iv_a_new_hope,1,Episode IV: A New Hope,a_new_hope,4
3289505557.0,seen_episode_iv_a_new_hope,0,Episode IV: A New Hope,a_new_hope,4
3289498676.0,seen_episode_iv_a_new_hope,0,Episode IV: A New Hope,a_new_hope,4
3289498263.0,seen_episode_iv_a_new_hope,1,Episode IV: A New Hope,a_new_hope,4
3289498064.0,seen_episode_iv_a_new_hope,1,Episode IV: A New Hope,a_new_hope,4
3289494245.0,seen_episode_iv_a_new_hope,0,Episode IV: A New Hope,a_new_hope,4
3289492759.0,seen_episode_iv_a_new_hope,0,Episode IV: A New Hope,a_new_hope,4
3289492075.0,seen_episode_iv_a_new_hope,0,Episode IV: A New Hope,a_new_hope,4
3289489736.0,seen_episode_iv_a_new_hope,1,Episode IV: A New Hope,a_new_hope,4
3289485680.0,seen_episode_iv_a_new_hope,0,Episode IV: A New Hope,a_new_hope,4
3289484757.0,seen_episode_iv_a_new_hope,1,Episode IV: A New Hope,a_new_hope,4
3289481873.0,seen_episode_iv_a_new_hope,0,Episode IV: A New Hope,a_new_hope,4
3289481310.0,seen_episode_iv_a_new_hope,0,Episode IV: A New Hope,a_new_hope,4
3289472648.0,seen_episode_iv_a_new_hope,1,Episode IV: A New Hope,a_new_hope,4
3289469330.0,seen_episode_iv_a_new_hope,0,Episode IV: A New Hope,a_new_hope,4
3289467778.0,seen_episode_iv_a_new_hope,1,Episode IV: A New Hope,a_new_hope,4
3289467324.0,seen_episode_iv_a_new_hope,0,Episode IV: A New Hope,a_new_hope,4
3289463626.0,seen_episode_iv_a_new_hope,0,Episode IV: A New Hope,a_new_hope,4
3289463066.0,seen_episode_iv_a_new_hope,1,Episode IV: A New Hope,a_new_hope,4
3289459695.0,seen_episode_iv_a_new_hope,0,Episode IV: A New Hope,a_new_hope,4
3289458608.0,seen_episode_iv_a_new_hope,1,Episode IV: A New Hope,a_new_hope,4
3289453110.0,seen_episode_iv_a_new_hope,1,Episode IV: A New Hope,a_new_hope,4
3289450247.0,seen_episode_iv_a_new_hope,0,Episode IV: A New Hope,a_new_hope,4
3289450050.0,seen_episode_iv_a_new_hope,0,Episode IV: A New Hope,a_new_hope,4
3289449176.0,seen_episode_iv_a_new_hope,1,Episode IV: A New Hope,a_new_hope,4
3289448435.0,seen_episode_iv_a_new_hope,1,Episode IV: A New Hope,a_new_hope,4
3289445841.0,seen_episode_iv_a_new_hope,1,Episode IV: A New Hope,a_new_hope,4
3289437997.0,seen_episode_iv_a_new_hope,0,Episode IV: A New Hope,a_new_hope,4
3289436437.0,seen_episode_iv_a_new_hope,1,Episode IV: A New Hope,a_new_hope,4
3289434297.0,seen_episode_iv_a_new_hope,1,Episode IV: A New Hope,a_new_hope,4
3289425578.0,seen_episode_iv_a_new_hope,1,Episode IV: A New Hope,a_new_hope,4
3289423303.0,seen_episode_iv_a_new_hope,1,Episode IV: A New Hope,a_new_hope,4
3289419064.0,seen_episode_iv_a_new_hope,0,Episode IV: A New Hope,a_new_hope,4
3289418012.0,seen_episode_iv_a_new_hope,0,Episode IV: A New Hope,a_new_hope,4
3289416615.0,seen_episode_iv_a_new_hope,1,Episode IV: A New Hope,a_new_hope,4
3289415200.0,seen_episode_iv_a_new_hope,0,Episode IV: A New Hope,a_new_hope,4
3289414959.0,seen_episode_iv_a_new_hope,1,Episode IV: A New Hope,a_new_hope,4
3289414036.0,seen_episode_iv_a_new_hope,0,Episode IV: A New Hope,a_new_hope,4
3289410507.0,seen_episode_iv_a_new_hope,1,Episode IV: A New Hope,a_new_hope,4
3289410455.0,seen_episode_iv_a_new_hope,1,Episode IV: A New Hope,a_new_hope,4
3289398157.0,seen_episode_iv_a_new_hope,0,Episode IV: A New Hope,a_new_hope,4
3289394268.0,seen_episode_iv_a_new_hope,0,Episode IV: A New Hope,a_new_hope,4
3289393495.0,seen_episode_iv_a_new_hope,0,Episode IV: A New Hope,a_new_hope,4
3289392497.0,seen_episode_iv_a_new_hope,1,Episode IV: A New Hope,a_new_hope,4
3289383220.0,seen_episode_iv_a_new_hope,0,Episode IV: A New Hope,a_new_hope,4
3289381739.0,seen_episode_iv_a_new_hope,1,Episode IV: A New Hope,a_new_hope,4
3289374653.0,seen_episode_iv_a_new_hope,0,Episode IV: A New Hope,a_new_hope,4
3289370623.0,seen_episode_iv_a_new_hope,1,Episode IV: A New Hope,a_new_hope,4
3289369318.0,seen_episode_iv_a_new_hope,1,Episode IV: A New Hope,a_new_hope,4
3289363684.0,seen_episode_iv_a_new_hope,1,Episode IV: A New Hope,a_new_hope,4
3289358306.0,seen_episode_iv_a_new_hope,0,Episode IV: A New Hope,a_new_hope,4
3289354975.0,seen_episode_iv_a_new_hope,1,Episode IV: A New Hope,a_new_hope,4
3289351950.0,seen_episode_iv_a_new_hope,1,Episode IV: A New Hope,a_new_hope,4
3289351379.0,seen_episode_iv_a_new_hope,1,Episode IV: A New Hope,a_new_hope,4
3289341349.0,seen_episode_iv_a_new_hope,0,Episode IV: A New Hope,a_new_hope,4
3289334585.0,seen_episode_iv_a_new_hope,0,Episode IV: A New Hope,a_new_hope,4
3289334511.0,seen_episode_iv_a_new_hope,0,Episode IV: A New Hope,a_new_hope,4
3289322178.0,seen_episode_iv_a_new_hope,0,Episode IV: A New Hope,a_new_hope,4
3289321600.0,seen_episode_iv_a_new_hope,0,Episode IV: A New Hope,a_new_hope,4
3289317542.0,seen_episode_iv_a_new_hope,1,Episode IV: A New Hope,a_new_hope,4
3289316592.0,seen_episode_iv_a_new_hope,0,Episode IV: A New Hope,a_new_hope,4
3289311086.0,seen_episode_iv_a_new_hope,1,Episode IV: A New Hope,a_new_hope,4
3289305272.0,seen_episode_iv_a_new_hope,0,Episode IV: A New Hope,a_new_hope,4
3289302743.0,seen_episode_iv_a_new_hope,0,Episode IV: A New Hope,a_new_hope,4
3289301976.0,seen_episode_iv_a_new_hope,0,Episode IV: A New Hope,a_new_hope,4
3289282741.0,seen_episode_iv_a_new_hope,0,Episode IV: A New Hope,a_new_hope,4
3289281855.0,seen_episode_iv_a_new_hope,0,Episode IV: A New Hope,a_new_hope,4
3289279767.0,seen_episode_iv_a_new_hope,0,Episode IV: A New Hope,a_new_hope,4
3289274314.0,seen_episode_iv_a_new_hope,1,Episode IV: A New Hope,a_new_hope,4
3289274207.0,seen_episode_iv_a_new_hope,0,Episode IV: A New Hope,a_new_hope,4
3289262699.0,seen_episode_iv_a_new_hope,1,Episode IV: A New Hope,a_new_hope,4
3289262511.0,seen_episode_iv_a_new_hope,1,Episode IV: A New Hope,a_new_hope,4
3289242777.0,seen_episode_iv_a_new_hope,0,Episode IV: A New Hope,a_new_hope,4
3289236782.0,seen_episode_iv_a_new_hope,1,Episode IV: A New Hope,a_new_hope,4
3289198607.0,seen_episode_iv_a_new_hope,1,Episode IV: A New Hope,a_new_hope,4
3289179421.0,seen_episode_iv_a_new_hope,0,Episode IV: A New Hope,a_new_hope,4
3289178815.0,seen_episode_iv_a_new_hope,0,Episode IV: A New Hope,a_new_hope,4
3289177383.0,seen_episode_iv_a_new_hope,1,Episode IV: A New Hope,a_new_hope,4
3289172932.0,seen_episode_iv_a_new_hope,0,Episode IV: A New Hope,a_new_hope,4
3289156917.0,seen_episode_iv_a_new_hope,1,Episode IV: A New Hope,a_new_hope,4
3289153001.0,seen_episode_iv_a_new_hope,0,Episode IV: A New Hope,a_new_hope,4
3289148779.0,seen_episode_iv_a_new_hope,0,Episode IV: A New Hope,a_new_hope,4
3289112999.0,seen_episode_iv_a_new_hope,1,Episode IV: A New Hope,a_new_hope,4
3289095873.0,seen_episode_iv_a_new_hope,0,Episode IV: A New Hope,a_new_hope,4
3289069642.0,seen_episode_iv_a_new_hope,1,Episode IV: A New Hope,a_new_hope,4
3289064086.0,seen_episode_iv_a_new_hope,1,Episode IV: A New Hope,a_new_hope,4
3289054324.0,seen_episode_iv_a_new_hope,1,Episode IV: A New Hope,a_new_hope,4
3289049751.0,seen_episode_iv_a_new_hope,0,Episode IV: A New Hope,a_new_hope,4
3289032654.0,seen_episode_iv_a_new_hope,0,Episode IV: A New Hope,a_new_hope,4
3288941294.0,seen_episode_iv_a_new_hope,1,Episode IV: A New Hope,a_new_hope,4
3288846487.0,seen_episode_iv_a_new_hope,1,Episode IV: A New Hope,a_new_hope,4
3288826742.0,seen_episode_iv_a_new_hope,0,Episode IV: A New Hope,a_new_hope,4
3288823234.0,seen_episode_iv_a_new_hope,0,Episode IV: A New Hope,a_new_hope,4
3288802482.0,seen_episode_iv_a_new_hope,1,Episode IV: A New Hope,a_new_hope,4
3288793006.0,seen_episode_iv_a_new_hope,0,Episode IV: A New Hope,a_new_hope,4
3288777560.0,seen_episode_iv_a_new_hope,1,Episode IV: A New Hope,a_new_hope,4
3288772244.0,seen_episode_iv_a_new_hope,1,Episode IV: A New Hope,a_new_hope,4
3288771826.0,seen_episode_iv_a_new_hope,1,Episode IV: A New Hope,a_new_hope,4
3288750443.0,seen_episode_iv_a_new_hope,1,Episode IV: A New Hope,a_new_hope,4
3288741236.0,seen_episode_iv_a_new_hope,1,Episode IV: A New Hope,a_new_hope,4
3288740386.0,seen_episode_iv_a_new_hope,0,Episode IV: A New Hope,a_new_hope,4
3288728912.0,seen_episode_iv_a_new_hope,1,Episode IV: A New Hope,a_new_hope,4
3288723253.0,seen_episode_iv_a_new_hope,0,Episode IV: A New Hope,a_new_hope,4
3288722710.0,seen_episode_iv_a_new_hope,1,Episode IV: A New Hope,a_new_hope,4
3288719090.0,seen_episode_iv_a_new_hope,1,Episode IV: A New Hope,a_new_hope,4
3288718743.0,seen_episode_iv_a_new_hope,1,Episode IV: A New Hope,a_new_hope,4
3288714827.0,seen_episode_iv_a_new_hope,1,Episode IV: A New Hope,a_new_hope,4
3288714697.0,seen_episode_iv_a_new_hope,1,Episode IV: A New Hope,a_new_hope,4
3288713721.0,seen_episode_iv_a_new_hope,1,Episode IV: A New Hope,a_new_hope,4
3288713570.0,seen_episode_iv_a_new_hope,1,Episode IV: A New Hope,a_new_hope,4
3288712832.0,seen_episode_iv_a_new_hope,1,Episode IV: A New Hope,a_new_hope,4
3288704807.0,seen_episode_iv_a_new_hope,1,Episode IV: A New Hope,a_new_hope,4
3288702291.0,seen_episode_iv_a_new_hope,1,Episode IV: A New Hope,a_new_hope,4
3288700554.0,seen_episode_iv_a_new_hope,0,Episode IV: A New Hope,a_new_hope,4
3288699973.0,seen_episode_iv_a_new_hope,0,Episode IV: A New Hope,a_new_hope,4
3288698545.0,seen_episode_iv_a_new_hope,0,Episode IV: A New Hope,a_new_hope,4
3288698085.0,seen_episode_iv_a_new_hope,0,Episode IV: A New Hope,a_new_hope,4
3288697760.0,seen_episode_iv_a_new_hope,1,Episode IV: A New Hope,a_new_hope,4
3288696158.0,seen_episode_iv_a_new_hope,0,Episode IV: A New Hope,a_new_hope,4
3288694272.0,seen_episode_iv_a_new_hope,0,Episode IV: A New Hope,a_new_hope,4
3288690295.0,seen_episode_iv_a_new_hope,1,Episode IV: A New Hope,a_new_hope,4
3288689621.0,seen_episode_iv_a_new_hope,0,Episode IV: A New Hope,a_new_hope,4
3288687502.0,seen_episode_iv_a_new_hope,0,Episode IV: A New Hope,a_new_hope,4
3288685641.0,seen_episode_iv_a_new_hope,1,Episode IV: A New Hope,a_new_hope,4
3288683262.0,seen_episode_iv_a_new_hope,0,Episode IV: A New Hope,a_new_hope,4
3288683105.0,seen_episode_iv_a_new_hope,1,Episode IV: A New Hope,a_new_hope,4
3288682774.0,seen_episode_iv_a_new_hope,0,Episode IV: A New Hope,a_new_hope,4
3288682656.0,seen_episode_iv_a_new_hope,1,Episode IV: A New Hope,a_new_hope,4
3288678886.0,seen_episode_iv_a_new_hope,0,Episode IV: A New Hope,a_new_hope,4
3288675923.0,seen_episode_iv_a_new_hope,1,Episode IV: A New Hope,a_new_hope,4
3288672490.0,seen_episode_iv_a_new_hope,1,Episode IV: A New Hope,a_new_hope,4
3288672409.0,seen_episode_iv_a_new_hope,1,Episode IV: A New Hope,a_new_hope,4
3288672197.0,seen_episode_iv_a_new_hope,0,Episode IV: A New Hope,a_new_hope,4
3288671359.0,seen_episode_iv_a_new_hope,1,Episode IV: A New Hope,a_new_hope,4
3288671328.0,seen_episode_iv_a_new_hope,1,Episode IV: A New Hope,a_new_hope,4
3288670345.0,seen_episode_iv_a_new_hope,1,Episode IV: A New Hope,a_new_hope,4
3288668791.0,seen_episode_iv_a_new_hope,1,Episode IV: A New Hope,a_new_hope,4
3288668404.0,seen_episode_iv_a_new_hope,0,Episode IV: A New Hope,a_new_hope,4
3288668176.0,seen_episode_iv_a_new_hope,1,Episode IV: A New Hope,a_new_hope,4
3288666429.0,seen_episode_iv_a_new_hope,0,Episode IV: A New Hope,a_new_hope,4
3288665797.0,seen_episode_iv_a_new_hope,0,Episode IV: A New Hope,a_new_hope,4
3288665355.0,seen_episode_iv_a_new_hope,0,Episode IV: A New Hope,a_new_hope,4
3288662617.0,seen_episode_iv_a_new_hope,0,Episode IV: A New Hope,a_new_hope,4
3288660175.0,seen_episode_iv_a_new_hope,1,Episode IV: A New Hope,a_new_hope,4
3288657866.0,seen_episode_iv_a_new_hope,1,Episode IV: A New Hope,a_new_hope,4
3288657113.0,seen_episode_iv_a_new_hope,1,Episode IV: A New Hope,a_new_hope,4
3288653945.0,seen_episode_iv_a_new_hope,0,Episode IV: A New Hope,a_new_hope,4
3288653548.0,seen_episode_iv_a_new_hope,0,Episode IV: A New Hope,a_new_hope,4
3288653332.0,seen_episode_iv_a_new_hope,0,Episode IV: A New Hope,a_new_hope,4
3288653149.0,seen_episode_iv_a_new_hope,1,Episode IV: A New Hope,a_new_hope,4
3288650455.0,seen_episode_iv_a_new_hope,1,Episode IV: A New Hope,a_new_hope,4
3288649171.0,seen_episode_iv_a_new_hope,0,Episode IV: A New Hope,a_new_hope,4
3288647913.0,seen_episode_iv_a_new_hope,1,Episode IV: A New Hope,a_new_hope,4
3288647623.0,seen_episode_iv_a_new_hope,1,Episode IV: A New Hope,a_new_hope,4
3288644592.0,seen_episode_iv_a_new_hope,1,Episode IV: A New Hope,a_new_hope,4
3288644163.0,seen_episode_iv_a_new_hope,1,Episode IV: A New Hope,a_new_hope,4
3288641278.0,seen_episode_iv_a_new_hope,0,Episode IV: A New Hope,a_new_hope,4
3288639879.0,seen_episode_iv_a_new_hope,0,Episode IV: A New Hope,a_new_hope,4
3288639732.0,seen_episode_iv_a_new_hope,0,Episode IV: A New Hope,a_new_hope,4
3288639377.0,seen_episode_iv_a_new_hope,1,Episode IV: A New Hope,a_new_hope,4
3288638640.0,seen_episode_iv_a_new_hope,0,Episode IV: A New Hope,a_new_hope,4
3288635451.0,seen_episode_iv_a_new_hope,1,Episode IV: A New Hope,a_new_hope,4
3288633861.0,seen_episode_iv_a_new_hope,0,Episode IV: A New Hope,a_new_hope,4
3288629979.0,seen_episode_iv_a_new_hope,1,Episode IV: A New Hope,a_new_hope,4
3288627180.0,seen_episode_iv_a_new_hope,0,Episode IV: A New Hope,a_new_hope,4
3288625580.0,seen_episode_iv_a_new_hope,0,Episode IV: A New Hope,a_new_hope,4
3288623870.0,seen_episode_iv_a_new_hope,1,Episode IV: A New Hope,a_new_hope,4
3288623420.0,seen_episode_iv_a_new_hope,0,Episode IV: A New Hope,a_new_hope,4
3288623033.0,seen_episode_iv_a_new_hope,0,Episode IV: A New Hope,a_new_hope,4
3288620198.0,seen_episode_iv_a_new_hope,1,Episode IV: A New Hope,a_new_hope,4
3288618459.0,seen_episode_iv_a_new_hope,0,Episode IV: A New Hope,a_new_hope,4
3288617343.0,seen_episode_iv_a_new_hope,0,Episode IV: A New Hope,a_new_hope,4
3288617091.0,seen_episode_iv_a_new_hope,1,Episode IV: A New Hope,a_new_hope,4
3288614671.0,seen_episode_iv_a_new_hope,1,Episode IV: A New Hope,a_new_hope,4
3288614539.0,seen_episode_iv_a_new_hope,1,Episode IV: A New Hope,a_new_hope,4
3288614195.0,seen_episode_iv_a_new_hope,0,Episode IV: A New Hope,a_new_hope,4
3288613051.0,seen_episode_iv_a_new_hope,0,Episode IV: A New Hope,a_new_hope,4
3288609566.0,seen_episode_iv_a_new_hope,1,Episode IV: A New Hope,a_new_hope,4
3288608965.0,seen_episode_iv_a_new_hope,0,Episode IV: A New Hope,a_new_hope,4
3288604946.0,seen_episode_iv_a_new_hope,1,Episode IV: A New Hope,a_new_hope,4
3288602883.0,seen_episode_iv_a_new_hope,1,Episode IV: A New Hope,a_new_hope,4
3288601847.0,seen_episode_iv_a_new_hope,1,Episode IV: A New Hope,a_new_hope,4
3288601827.0,seen_episode_iv_a_new_hope,0,Episode IV: A New Hope,a_new_hope,4
3288599799.0,seen_episode_iv_a_new_hope,1,Episode IV: A New Hope,a_new_hope,4
3288599067.0,seen_episode_iv_a_new_hope,1,Episode IV: A New Hope,a_new_hope,4
3288593331.0,seen_episode_iv_a_new_hope,0,Episode IV: A New Hope,a_new_hope,4
3288590836.0,seen_episode_iv_a_new_hope,0,Episode IV: A New Hope,a_new_hope,4
3288588424.0,seen_episode_iv_a_new_hope,0,Episode IV: A New Hope,a_new_hope,4
3288587373.0,seen_episode_iv_a_new_hope,1,Episode IV: A New Hope,a_new_hope,4
3288586178.0,seen_episode_iv_a_new_hope,1,Episode IV: A New Hope,a_new_hope,4
3288585053.0,seen_episode_iv_a_new_hope,1,Episode IV: A New Hope,a_new_hope,4
3288584578.0,seen_episode_iv_a_new_hope,1,Episode IV: A New Hope,a_new_hope,4
3288583884.0,seen_episode_iv_a_new_hope,0,Episode IV: A New Hope,a_new_hope,4
3288583591.0,seen_episode_iv_a_new_hope,0,Episode IV: A New Hope,a_new_hope,4
3288581774.0,seen_episode_iv_a_new_hope,0,Episode IV: A New Hope,a_new_hope,4
3288580684.0,seen_episode_iv_a_new_hope,0,Episode IV: A New Hope,a_new_hope,4
3288580145.0,seen_episode_iv_a_new_hope,0,Episode IV: A New Hope,a_new_hope,4
3288579719.0,seen_episode_iv_a_new_hope,0,Episode IV: A New Hope,a_new_hope,4
3288579445.0,seen_episode_iv_a_new_hope,0,Episode IV: A New Hope,a_new_hope,4
3288578983.0,seen_episode_iv_a_new_hope,0,Episode IV: A New Hope,a_new_hope,4
3288578072.0,seen_episode_iv_a_new_hope,1,Episode IV: A New Hope,a_new_hope,4
3288576462.0,seen_episode_iv_a_new_hope,1,Episode IV: A New Hope,a_new_hope,4
3288574703.0,seen_episode_iv_a_new_hope,1,Episode IV: A New Hope,a_new_hope,4
3288571196.0,seen_episode_iv_a_new_hope,0,Episode IV: A New Hope,a_new_hope,4
3288568534.0,seen_episode_iv_a_new_hope,1,Episode IV: A New Hope,a_new_hope,4
3288567242.0,seen_episode_iv_a_new_hope,1,Episode IV: A New Hope,a_new_hope,4
3288567154.0,seen_episode_iv_a_new_hope,1,Episode IV: A New Hope,a_new_hope,4
3288563970.0,seen_episode_iv_a_new_hope,0,Episode IV: A New Hope,a_new_hope,4
3288563342.0,seen_episode_iv_a_new_hope,0,Episode IV: A New Hope,a_new_hope,4
3288563065.0,seen_episode_iv_a_new_hope,1,Episode IV: A New Hope,a_new_hope,4
3288559700.0,seen_episode_iv_a_new_hope,0,Episode IV: A New Hope,a_new_hope,4
3288559015.0,seen_episode_iv_a_new_hope,0,Episode IV: A New Hope,a_new_hope,4
3288558131.0,seen_episode_iv_a_new_hope,1,Episode IV: A New Hope,a_new_hope,4
3288557322.0,seen_episode_iv_a_new_hope,0,Episode IV: A New Hope,a_new_hope,4
3288553903.0,seen_episode_iv_a_new_hope,1,Episode IV: A New Hope,a_new_hope,4
3288553457.0,seen_episode_iv_a_new_hope,0,Episode IV: A New Hope,a_new_hope,4
3288552984.0,seen_episode_iv_a_new_hope,0,Episode IV: A New Hope,a_new_hope,4
3288551156.0,seen_episode_iv_a_new_hope,0,Episode IV: A New Hope,a_new_hope,4
3288549677.0,seen_episode_iv_a_new_hope,0,Episode IV: A New Hope,a_new_hope,4
3288547379.0,seen_episode_iv_a_new_hope,0,Episode IV: A New Hope,a_new_hope,4
3288545527.0,seen_episode_iv_a_new_hope,0,Episode IV: A New Hope,a_new_hope,4
3288544295.0,seen_episode_iv_a_new_hope,0,Episode IV: A New Hope,a_new_hope,4
3288539645.0,seen_episode_iv_a_new_hope,0,Episode IV: A New Hope,a_new_hope,4
3288538248.0,seen_episode_iv_a_new_hope,1,Episode IV: A New Hope,a_new_hope,4
3288536532.0,seen_episode_iv_a_new_hope,1,Episode IV: A New Hope,a_new_hope,4
3288534023.0,seen_episode_iv_a_new_hope,0,Episode IV: A New Hope,a_new_hope,4
3288532773.0,seen_episode_iv_a_new_hope,0,Episode IV: A New Hope,a_new_hope,4
3288532255.0,seen_episode_iv_a_new_hope,0,Episode IV: A New Hope,a_new_hope,4
3288526244.0,seen_episode_iv_a_new_hope,0,Episode IV: A New Hope,a_new_hope,4
3288524042.0,seen_episode_iv_a_new_hope,1,Episode IV: A New Hope,a_new_hope,4
3288523874.0,seen_episode_iv_a_new_hope,1,Episode IV: A New Hope,a_new_hope,4
3288522525.0,seen_episode_iv_a_new_hope,1,Episode IV: A New Hope,a_new_hope,4
3288522488.0,seen_episode_iv_a_new_hope,1,Episode IV: A New Hope,a_new_hope,4
3288521325.0,seen_episode_iv_a_new_hope,1,Episode IV: A New Hope,a_new_hope,4
3288519037.0,seen_episode_iv_a_new_hope,0,Episode IV: A New Hope,a_new_hope,4
3288516295.0,seen_episode_iv_a_new_hope,0,Episode IV: A New Hope,a_new_hope,4
3288515773.0,seen_episode_iv_a_new_hope,1,Episode IV: A New Hope,a_new_hope,4
3288514217.0,seen_episode_iv_a_new_hope,0,Episode IV: A New Hope,a_new_hope,4
3288513045.0,seen_episode_iv_a_new_hope,0,Episode IV: A New Hope,a_new_hope,4
3288512822.0,seen_episode_iv_a_new_hope,0,Episode IV: A New Hope,a_new_hope,4
3288512665.0,seen_episode_iv_a_new_hope,1,Episode IV: A New Hope,a_new_hope,4
3288512020.0,seen_episode_iv_a_new_hope,0,Episode IV: A New Hope,a_new_hope,4
3288511686.0,seen_episode_iv_a_new_hope,0,Episode IV: A New Hope,a_new_hope,4
3288511180.0,seen_episode_iv_a_new_hope,0,Episode IV: A New Hope,a_new_hope,4
3288509415.0,seen_episode_iv_a_new_hope,1,Episode IV: A New Hope,a_new_hope,4
3288506275.0,seen_episode_iv_a_new_hope,1,Episode IV: A New Hope,a_new_hope,4
3288505925.0,seen_episode_iv_a_new_hope,1,Episode IV: A New Hope,a_new_hope,4
3288505737.0,seen_episode_iv_a_new_hope,1,Episode IV: A New Hope,a_new_hope,4
3288505216.0,seen_episode_iv_a_new_hope,0,Episode IV: A New Hope,a_new_hope,4
3288505151.0,seen_episode_iv_a_new_hope,0,Episode IV: A New Hope,a_new_hope,4
3288504398.0,seen_episode_iv_a_new_hope,0,Episode IV: A New Hope,a_new_hope,4
3288502884.0,seen_episode_iv_a_new_hope,1,Episode IV: A New Hope,a_new_hope,4
3288501301.0,seen_episode_iv_a_new_hope,1,Episode IV: A New Hope,a_new_hope,4
3288499757.0,seen_episode_iv_a_new_hope,0,Episode IV: A New Hope,a_new_hope,4
3288498715.0,seen_episode_iv_a_new_hope,1,Episode IV: A New Hope,a_new_hope,4
3288497532.0,seen_episode_iv_a_new_hope,0,Episode IV: A New Hope,a_new_hope,4
3288497228.0,seen_episode_iv_a_new_hope,1,Episode IV: A New Hope,a_new_hope,4
3288497010.0,seen_episode_iv_a_new_hope,0,Episode IV: A New Hope,a_new_hope,4
3288493077.0,seen_episode_iv_a_new_hope,1,Episode IV: A New Hope,a_new_hope,4
3288492006.0,seen_episode_iv_a_new_hope,0,Episode IV: A New Hope,a_new_hope,4
3288484535.0,seen_episode_iv_a_new_hope,1,Episode IV: A New Hope,a_new_hope,4
3288482717.0,seen_episode_iv_a_new_hope,1,Episode IV: A New Hope,a_new_hope,4
3288482581.0,seen_episode_iv_a_new_hope,1,Episode IV: A New Hope,a_new_hope,4
3288482369.0,seen_episode_iv_a_new_hope,0,Episode IV: A New Hope,a_new_hope,4
3288479368.0,seen_episode_iv_a_new_hope,1,Episode IV: A New Hope,a_new_hope,4
3288479074.0,seen_episode_iv_a_new_hope,0,Episode IV: A New Hope,a_new_hope,4
3288477753.0,seen_episode_iv_a_new_hope,0,Episode IV: A New Hope,a_new_hope,4
3288476971.0,seen_episode_iv_a_new_hope,1,Episode IV: A New Hope,a_new_hope,4
3288472373.0,seen_episode_iv_a_new_hope,0,Episode IV: A New Hope,a_new_hope,4
3288471192.0,seen_episode_iv_a_new_hope,0,Episode IV: A New Hope,a_new_hope,4
3288469670.0,seen_episode_iv_a_new_hope,0,Episode IV: A New Hope,a_new_hope,4
3288469047.0,seen_episode_iv_a_new_hope,0,Episode IV: A New Hope,a_new_hope,4
3288460192.0,seen_episode_iv_a_new_hope,0,Episode IV: A New Hope,a_new_hope,4
3288459190.0,seen_episode_iv_a_new_hope,0,Episode IV: A New Hope,a_new_hope,4
3288458873.0,seen_episode_iv_a_new_hope,0,Episode IV: A New Hope,a_new_hope,4
3288456946.0,seen_episode_iv_a_new_hope,1,Episode IV: A New Hope,a_new_hope,4
3288455900.0,seen_episode_iv_a_new_hope,0,Episode IV: A New Hope,a_new_hope,4
3288453555.0,seen_episode_iv_a_new_hope,0,Episode IV: A New Hope,a_new_hope,4
3288446700.0,seen_episode_iv_a_new_hope,0,Episode IV: A New Hope,a_new_hope,4
3288446529.0,seen_episode_iv_a_new_hope,0,Episode IV: A New Hope,a_new_hope,4
3288445926.0,seen_episode_iv_a_new_hope,1,Episode IV: A New Hope,a_new_hope,4
3288444784.0,seen_episode_iv_a_new_hope,0,Episode IV: A New Hope,a_new_hope,4
3288442728.0,seen_episode_iv_a_new_hope,1,Episode IV: A New Hope,a_new_hope,4
3288436226.0,seen_episode_iv_a_new_hope,0,Episode IV: A New Hope,a_new_hope,4
3288432395.0,seen_episode_iv_a_new_hope,0,Episode IV: A New Hope,a_new_hope,4
3288429451.0,seen_episode_iv_a_new_hope,1,Episode IV: A New Hope,a_new_hope,4
3288429390.0,seen_episode_iv_a_new_hope,0,Episode IV: A New Hope,a_new_hope,4
3288429092.0,seen_episode_iv_a_new_hope,1,Episode IV: A New Hope,a_new_hope,4
3288428243.0,seen_episode_iv_a_new_hope,1,Episode IV: A New Hope,a_new_hope,4
3288425859.0,seen_episode_iv_a_new_hope,1,Episode IV: A New Hope,a_new_hope,4
3288423088.0,seen_episode_iv_a_new_hope,0,Episode IV: A New Hope,a_new_hope,4
3288423045.0,seen_episode_iv_a_new_hope,0,Episode IV: A New Hope,a_new_hope,4
3288421819.0,seen_episode_iv_a_new_hope,0,Episode IV: A New Hope,a_new_hope,4
3288420798.0,seen_episode_iv_a_new_hope,0,Episode IV: A New Hope,a_new_hope,4
3288417782.0,seen_episode_iv_a_new_hope,0,Episode IV: A New Hope,a_new_hope,4
3288417641.0,seen_episode_iv_a_new_hope,1,Episode IV: A New Hope,a_new_hope,4
3288416959.0,seen_episode_iv_a_new_hope,1,Episode IV: A New Hope,a_new_hope,4
3288415166.0,seen_episode_iv_a_new_hope,0,Episode IV: A New Hope,a_new_hope,4
3288414025.0,seen_episode_iv_a_new_hope,1,Episode IV: A New Hope,a_new_hope,4
3288413441.0,seen_episode_iv_a_new_hope,1,Episode IV: A New Hope,a_new_hope,4
3288410348.0,seen_episode_iv_a_new_hope,0,Episode IV: A New Hope,a_new_hope,4
3288410073.0,seen_episode_iv_a_new_hope,0,Episode IV: A New Hope,a_new_hope,4
3288408698.0,seen_episode_iv_a_new_hope,1,Episode IV: A New Hope,a_new_hope,4
3288402717.0,seen_episode_iv_a_new_hope,0,Episode IV: A New Hope,a_new_hope,4
3288402643.0,seen_episode_iv_a_new_hope,1,Episode IV: A New Hope,a_new_hope,4
3288402592.0,seen_episode_iv_a_new_hope,1,Episode IV: A New Hope,a_new_hope,4
3288402511.0,seen_episode_iv_a_new_hope,1,Episode IV: A New Hope,a_new_hope,4
3288401681.0,seen_episode_iv_a_new_hope,0,Episode IV: A New Hope,a_new_hope,4
3288401136.0,seen_episode_iv_a_new_hope,1,Episode IV: A New Hope,a_new_hope,4
3288398062.0,seen_episode_iv_a_new_hope,0,Episode IV: A New Hope,a_new_hope,4
3288396374.0,seen_episode_iv_a_new_hope,0,Episode IV: A New Hope,a_new_hope,4
3288395255.0,seen_episode_iv_a_new_hope,0,Episode IV: A New Hope,a_new_hope,4
3288391812.0,seen_episode_iv_a_new_hope,0,Episode IV: A New Hope,a_new_hope,4
3288389603.0,seen_episode_iv_a_new_hope,1,Episode IV: A New Hope,a_new_hope,4
3288388730.0,seen_episode_iv_a_new_hope,1,Episode IV: A New Hope,a_new_hope,4
3288378779.0,seen_episode_iv_a_new_hope,1,Episode IV: A New Hope,a_new_hope,4
3288375286.0,seen_episode_iv_a_new_hope,0,Episode IV: A New Hope,a_new_hope,4
3288373068.0,seen_episode_iv_a_new_hope,1,Episode IV: A New Hope,a_new_hope,4
3288372923.0,seen_episode_iv_a_new_hope,0,Episode IV: A New Hope,a_new_hope,4
3292879998.0,seen_episode_v_the_empire_strikes_back,1,Episode V: The Empire Strikes Back,the_empire_strikes_back,5
3292879538.0,seen_episode_v_the_empire_strikes_back,0,Episode V: The Empire Strikes Back,the_empire_strikes_back,5
3292765271.0,seen_episode_v_the_empire_strikes_back,0,Episode V: The Empire Strikes Back,the_empire_strikes_back,5
3292763116.0,seen_episode_v_the_empire_strikes_back,1,Episode V: The Empire Strikes Back,the_empire_strikes_back,5
3292731220.0,seen_episode_v_the_empire_strikes_back,1,Episode V: The Empire Strikes Back,the_empire_strikes_back,5
3292719380.0,seen_episode_v_the_empire_strikes_back,1,Episode V: The Empire Strikes Back,the_empire_strikes_back,5
3292684787.0,seen_episode_v_the_empire_strikes_back,1,Episode V: The Empire Strikes Back,the_empire_strikes_back,5
3292663732.0,seen_episode_v_the_empire_strikes_back,1,Episode V: The Empire Strikes Back,the_empire_strikes_back,5
3292654043.0,seen_episode_v_the_empire_strikes_back,1,Episode V: The Empire Strikes Back,the_empire_strikes_back,5
3292640424.0,seen_episode_v_the_empire_strikes_back,0,Episode V: The Empire Strikes Back,the_empire_strikes_back,5
3292637870.0,seen_episode_v_the_empire_strikes_back,0,Episode V: The Empire Strikes Back,the_empire_strikes_back,5
3292635062.0,seen_episode_v_the_empire_strikes_back,0,Episode V: The Empire Strikes Back,the_empire_strikes_back,5
3292609214.0,seen_episode_v_the_empire_strikes_back,1,Episode V: The Empire Strikes Back,the_empire_strikes_back,5
3292596911.0,seen_episode_v_the_empire_strikes_back,1,Episode V: The Empire Strikes Back,the_empire_strikes_back,5
3292587240.0,seen_episode_v_the_empire_strikes_back,1,Episode V: The Empire Strikes Back,the_empire_strikes_back,5
3292583038.0,seen_episode_v_the_empire_strikes_back,1,Episode V: The Empire Strikes Back,the_empire_strikes_back,5
3292580516.0,seen_episode_v_the_empire_strikes_back,0,Episode V: The Empire Strikes Back,the_empire_strikes_back,5
3292572872.0,seen_episode_v_the_empire_strikes_back,0,Episode V: The Empire Strikes Back,the_empire_strikes_back,5
3292565282.0,seen_episode_v_the_empire_strikes_back,1,Episode V: The Empire Strikes Back,the_empire_strikes_back,5
3292562297.0,seen_episode_v_the_empire_strikes_back,1,Episode V: The Empire Strikes Back,the_empire_strikes_back,5
3292522349.0,seen_episode_v_the_empire_strikes_back,1,Episode V: The Empire Strikes Back,the_empire_strikes_back,5
3292521066.0,seen_episode_v_the_empire_strikes_back,1,Episode V: The Empire Strikes Back,the_empire_strikes_back,5
3292511801.0,seen_episode_v_the_empire_strikes_back,1,Episode V: The Empire Strikes Back,the_empire_strikes_back,5
3292483200.0,seen_episode_v_the_empire_strikes_back,1,Episode V: The Empire Strikes Back,the_empire_strikes_back,5
3292465491.0,seen_episode_v_the_empire_strikes_back,1,Episode V: The Empire Strikes Back,the_empire_strikes_back,5
3292447974.0,seen_episode_v_the_empire_strikes_back,0,Episode V: The Empire Strikes Back,the_empire_strikes_back,5
3292420123.0,seen_episode_v_the_empire_strikes_back,1,Episode V: The Empire Strikes Back,the_empire_strikes_back,5
3292384040.0,seen_episode_v_the_empire_strikes_back,1,Episode V: The Empire Strikes Back,the_empire_strikes_back,5
3292380493.0,seen_episode_v_the_empire_strikes_back,1,Episode V: The Empire Strikes Back,the_empire_strikes_back,5
3292376985.0,seen_episode_v_the_empire_strikes_back,1,Episode V: The Empire Strikes Back,the_empire_strikes_back,5
3292366792.0,seen_episode_v_the_empire_strikes_back,1,Episode V: The Empire Strikes Back,the_empire_strikes_back,5
3292339379.0,seen_episode_v_the_empire_strikes_back,1,Episode V: The Empire Strikes Back,the_empire_strikes_back,5
3292330840.0,seen_episode_v_the_empire_strikes_back,1,Episode V: The Empire Strikes Back,the_empire_strikes_back,5
3292318652.0,seen_episode_v_the_empire_strikes_back,0,Episode V: The Empire Strikes Back,the_empire_strikes_back,5
3292297848.0,seen_episode_v_the_empire_strikes_back,0,Episode V: The Empire Strikes Back,the_empire_strikes_back,5
3292290677.0,seen_episode_v_the_empire_strikes_back,1,Episode V: The Empire Strikes Back,the_empire_strikes_back,5
3292281095.0,seen_episode_v_the_empire_strikes_back,1,Episode V: The Empire Strikes Back,the_empire_strikes_back,5
3292279889.0,seen_episode_v_the_empire_strikes_back,1,Episode V: The Empire Strikes Back,the_empire_strikes_back,5
3292264069.0,seen_episode_v_the_empire_strikes_back,1,Episode V: The Empire Strikes Back,the_empire_strikes_back,5
3292257520.0,seen_episode_v_the_empire_strikes_back,1,Episode V: The Empire Strikes Back,the_empire_strikes_back,5
3292249492.0,seen_episode_v_the_empire_strikes_back,1,Episode V: The Empire Strikes Back,the_empire_strikes_back,5
3292222729.0,seen_episode_v_the_empire_strikes_back,1,Episode V: The Empire Strikes Back,the_empire_strikes_back,5
3292221635.0,seen_episode_v_the_empire_strikes_back,1,Episode V: The Empire Strikes Back,the_empire_strikes_back,5
3292218251.0,seen_episode_v_the_empire_strikes_back,1,Episode V: The Empire Strikes Back,the_empire_strikes_back,5
3292214307.0,seen_episode_v_the_empire_strikes_back,1,Episode V: The Empire Strikes Back,the_empire_strikes_back,5
3292210606.0,seen_episode_v_the_empire_strikes_back,1,Episode V: The Empire Strikes Back,the_empire_strikes_back,5
3292202220.0,seen_episode_v_the_empire_strikes_back,0,Episode V: The Empire Strikes Back,the_empire_strikes_back,5
3292189580.0,seen_episode_v_the_empire_strikes_back,1,Episode V: The Empire Strikes Back,the_empire_strikes_back,5
3292187343.0,seen_episode_v_the_empire_strikes_back,1,Episode V: The Empire Strikes Back,the_empire_strikes_back,5
3292186608.0,seen_episode_v_the_empire_strikes_back,0,Episode V: The Empire Strikes Back,the_empire_strikes_back,5
3292178389.0,seen_episode_v_the_empire_strikes_back,1,Episode V: The Empire Strikes Back,the_empire_strikes_back,5
3292176862.0,seen_episode_v_the_empire_strikes_back,1,Episode V: The Empire Strikes Back,the_empire_strikes_back,5
3292173922.0,seen_episode_v_the_empire_strikes_back,1,Episode V: The Empire Strikes Back,the_empire_strikes_back,5
3292167131.0,seen_episode_v_the_empire_strikes_back,1,Episode V: The Empire Strikes Back,the_empire_strikes_back,5
3292162057.0,seen_episode_v_the_empire_strikes_back,1,Episode V: The Empire Strikes Back,the_empire_strikes_back,5
3292161407.0,seen_episode_v_the_empire_strikes_back,0,Episode V: The Empire Strikes Back,the_empire_strikes_back,5
3292156614.0,seen_episode_v_the_empire_strikes_back,1,Episode V: The Empire Strikes Back,the_empire_strikes_back,5
3292148570.0,seen_episode_v_the_empire_strikes_back,1,Episode V: The Empire Strikes Back,the_empire_strikes_back,5
3292144665.0,seen_episode_v_the_empire_strikes_back,1,Episode V: The Empire Strikes Back,the_empire_strikes_back,5
3292143503.0,seen_episode_v_the_empire_strikes_back,1,Episode V: The Empire Strikes Back,the_empire_strikes_back,5
3292131636.0,seen_episode_v_the_empire_strikes_back,1,Episode V: The Empire Strikes Back,the_empire_strikes_back,5
3292125068.0,seen_episode_v_the_empire_strikes_back,0,Episode V: The Empire Strikes Back,the_empire_strikes_back,5
3292120160.0,seen_episode_v_the_empire_strikes_back,1,Episode V: The Empire Strikes Back,the_empire_strikes_back,5
3292103680.0,seen_episode_v_the_empire_strikes_back,1,Episode V: The Empire Strikes Back,the_empire_strikes_back,5
3292050153.0,seen_episode_v_the_empire_strikes_back,1,Episode V: The Empire Strikes Back,the_empire_strikes_back,5
3292041365.0,seen_episode_v_the_empire_strikes_back,1,Episode V: The Empire Strikes Back,the_empire_strikes_back,5
3292033243.0,seen_episode_v_the_empire_strikes_back,1,Episode V: The Empire Strikes Back,the_empire_strikes_back,5
3292031637.0,seen_episode_v_the_empire_strikes_back,1,Episode V: The Empire Strikes Back,the_empire_strikes_back,5
3292008762.0,seen_episode_v_the_empire_strikes_back,1,Episode V: The Empire Strikes Back,the_empire_strikes_back,5
3291992352.0,seen_episode_v_the_empire_strikes_back,1,Episode V: The Empire Strikes Back,the_empire_strikes_back,5
3291945498.0,seen_episode_v_the_empire_strikes_back,1,Episode V: The Empire Strikes Back,the_empire_strikes_back,5
3291940517.0,seen_episode_v_the_empire_strikes_back,1,Episode V: The Empire Strikes Back,the_empire_strikes_back,5
3291871486.0,seen_episode_v_the_empire_strikes_back,1,Episode V: The Empire Strikes Back,the_empire_strikes_back,5
3291778150.0,seen_episode_v_the_empire_strikes_back,1,Episode V: The Empire Strikes Back,the_empire_strikes_back,5
3291766314.0,seen_episode_v_the_empire_strikes_back,1,Episode V: The Empire Strikes Back,the_empire_strikes_back,5
3291762799.0,seen_episode_v_the_empire_strikes_back,1,Episode V: The Empire Strikes Back,the_empire_strikes_back,5
3291707153.0,seen_episode_v_the_empire_strikes_back,1,Episode V: The Empire Strikes Back,the_empire_strikes_back,5
3291701619.0,seen_episode_v_the_empire_strikes_back,1,Episode V: The Empire Strikes Back,the_empire_strikes_back,5
3291696391.0,seen_episode_v_the_empire_strikes_back,1,Episode V: The Empire Strikes Back,the_empire_strikes_back,5
3291684768.0,seen_episode_v_the_empire_strikes_back,1,Episode V: The Empire Strikes Back,the_empire_strikes_back,5
3291669388.0,seen_episode_v_the_empire_strikes_back,0,Episode V: The Empire Strikes Back,the_empire_strikes_back,5
3291661584.0,seen_episode_v_the_empire_strikes_back,1,Episode V: The Empire Strikes Back,the_empire_strikes_back,5
3291658046.0,seen_episode_v_the_empire_strikes_back,1,Episode V: The Empire Strikes Back,the_empire_strikes_back,5
3291654919.0,seen_episode_v_the_empire_strikes_back,1,Episode V: The Empire Strikes Back,the_empire_strikes_back,5
3291653882.0,seen_episode_v_the_empire_strikes_back,0,Episode V: The Empire Strikes Back,the_empire_strikes_back,5
3291650311.0,seen_episode_v_the_empire_strikes_back,1,Episode V: The Empire Strikes Back,the_empire_strikes_back,5
3291649780.0,seen_episode_v_the_empire_strikes_back,0,Episode V: The Empire Strikes Back,the_empire_strikes_back,5
3291648660.0,seen_episode_v_the_empire_strikes_back,0,Episode V: The Empire Strikes Back,the_empire_strikes_back,5
3291641416.0,seen_episode_v_the_empire_strikes_back,1,Episode V: The Empire Strikes Back,the_empire_strikes_back,5
3291635934.0,seen_episode_v_the_empire_strikes_back,0,Episode V: The Empire Strikes Back,the_empire_strikes_back,5
3291634205.0,seen_episode_v_the_empire_strikes_back,1,Episode V: The Empire Strikes Back,the_empire_strikes_back,5
3291618031.0,seen_episode_v_the_empire_strikes_back,1,Episode V: The Empire Strikes Back,the_empire_strikes_back,5
3291603688.0,seen_episode_v_the_empire_strikes_back,0,Episode V: The Empire Strikes Back,the_empire_strikes_back,5
3291602842.0,seen_episode_v_the_empire_strikes_back,1,Episode V: The Empire Strikes Back,the_empire_strikes_back,5
3291598188.0,seen_episode_v_the_empire_strikes_back,1,Episode V: The Empire Strikes Back,the_empire_strikes_back,5
3291588139.0,seen_episode_v_the_empire_strikes_back,1,Episode V: The Empire Strikes Back,the_empire_strikes_back,5
3291570206.0,seen_episode_v_the_empire_strikes_back,0,Episode V: The Empire Strikes Back,the_empire_strikes_back,5
3291548852.0,seen_episode_v_the_empire_strikes_back,1,Episode V: The Empire Strikes Back,the_empire_strikes_back,5
3291529925.0,seen_episode_v_the_empire_strikes_back,1,Episode V: The Empire Strikes Back,the_empire_strikes_back,5
3291524547.0,seen_episode_v_the_empire_strikes_back,0,Episode V: The Empire Strikes Back,the_empire_strikes_back,5
3291502449.0,seen_episode_v_the_empire_strikes_back,1,Episode V: The Empire Strikes Back,the_empire_strikes_back,5
3291497337.0,seen_episode_v_the_empire_strikes_back,1,Episode V: The Empire Strikes Back,the_empire_strikes_back,5
3291482197.0,seen_episode_v_the_empire_strikes_back,1,Episode V: The Empire Strikes Back,the_empire_strikes_back,5
3291476650.0,seen_episode_v_the_empire_strikes_back,0,Episode V: The Empire Strikes Back,the_empire_strikes_back,5
3291470613.0,seen_episode_v_the_empire_strikes_back,0,Episode V: The Empire Strikes Back,the_empire_strikes_back,5
3291469991.0,seen_episode_v_the_empire_strikes_back,0,Episode V: The Empire Strikes Back,the_empire_strikes_back,5
3291468155.0,seen_episode_v_the_empire_strikes_back,1,Episode V: The Empire Strikes Back,the_empire_strikes_back,5
3291461574.0,seen_episode_v_the_empire_strikes_back,1,Episode V: The Empire Strikes Back,the_empire_strikes_back,5
3291455642.0,seen_episode_v_the_empire_strikes_back,1,Episode V: The Empire Strikes Back,the_empire_strikes_back,5
3291446474.0,seen_episode_v_the_empire_strikes_back,1,Episode V: The Empire Strikes Back,the_empire_strikes_back,5
3291446275.0,seen_episode_v_the_empire_strikes_back,1,Episode V: The Empire Strikes Back,the_empire_strikes_back,5
3291439708.0,seen_episode_v_the_empire_strikes_back,1,Episode V: The Empire Strikes Back,the_empire_strikes_back,5
3291439404.0,seen_episode_v_the_empire_strikes_back,0,Episode V: The Empire Strikes Back,the_empire_strikes_back,5
3291437345.0,seen_episode_v_the_empire_strikes_back,1,Episode V: The Empire Strikes Back,the_empire_strikes_back,5
3291435787.0,seen_episode_v_the_empire_strikes_back,1,Episode V: The Empire Strikes Back,the_empire_strikes_back,5
3291435056.0,seen_episode_v_the_empire_strikes_back,0,Episode V: The Empire Strikes Back,the_empire_strikes_back,5
3291433636.0,seen_episode_v_the_empire_strikes_back,1,Episode V: The Empire Strikes Back,the_empire_strikes_back,5
3291431939.0,seen_episode_v_the_empire_strikes_back,1,Episode V: The Empire Strikes Back,the_empire_strikes_back,5
3291430239.0,seen_episode_v_the_empire_strikes_back,0,Episode V: The Empire Strikes Back,the_empire_strikes_back,5
3291430193.0,seen_episode_v_the_empire_strikes_back,0,Episode V: The Empire Strikes Back,the_empire_strikes_back,5
3291428174.0,seen_episode_v_the_empire_strikes_back,1,Episode V: The Empire Strikes Back,the_empire_strikes_back,5
3291427761.0,seen_episode_v_the_empire_strikes_back,0,Episode V: The Empire Strikes Back,the_empire_strikes_back,5
3291425110.0,seen_episode_v_the_empire_strikes_back,1,Episode V: The Empire Strikes Back,the_empire_strikes_back,5
3291424127.0,seen_episode_v_the_empire_strikes_back,1,Episode V: The Empire Strikes Back,the_empire_strikes_back,5
3291424006.0,seen_episode_v_the_empire_strikes_back,0,Episode V: The Empire Strikes Back,the_empire_strikes_back,5
3291422637.0,seen_episode_v_the_empire_strikes_back,1,Episode V: The Empire Strikes Back,the_empire_strikes_back,5
3291421381.0,seen_episode_v_the_empire_strikes_back,0,Episode V: The Empire Strikes Back,the_empire_strikes_back,5
3291420030.0,seen_episode_v_the_empire_strikes_back,0,Episode V: The Empire Strikes Back,the_empire_strikes_back,5
3291410155.0,seen_episode_v_the_empire_strikes_back,0,Episode V: The Empire Strikes Back,the_empire_strikes_back,5
3291405943.0,seen_episode_v_the_empire_strikes_back,0,Episode V: The Empire Strikes Back,the_empire_strikes_back,5
3291402264.0,seen_episode_v_the_empire_strikes_back,0,Episode V: The Empire Strikes Back,the_empire_strikes_back,5
3291401326.0,seen_episode_v_the_empire_strikes_back,1,Episode V: The Empire Strikes Back,the_empire_strikes_back,5
3291395512.0,seen_episode_v_the_empire_strikes_back,1,Episode V: The Empire Strikes Back,the_empire_strikes_back,5
3291394022.0,seen_episode_v_the_empire_strikes_back,1,Episode V: The Empire Strikes Back,the_empire_strikes_back,5
3291391717.0,seen_episode_v_the_empire_strikes_back,0,Episode V: The Empire Strikes Back,the_empire_strikes_back,5
3291391446.0,seen_episode_v_the_empire_strikes_back,1,Episode V: The Empire Strikes Back,the_empire_strikes_back,5
3291391033.0,seen_episode_v_the_empire_strikes_back,0,Episode V: The Empire Strikes Back,the_empire_strikes_back,5
3291390734.0,seen_episode_v_the_empire_strikes_back,0,Episode V: The Empire Strikes Back,the_empire_strikes_back,5
3291388906.0,seen_episode_v_the_empire_strikes_back,0,Episode V: The Empire Strikes Back,the_empire_strikes_back,5
3291388180.0,seen_episode_v_the_empire_strikes_back,1,Episode V: The Empire Strikes Back,the_empire_strikes_back,5
3291380973.0,seen_episode_v_the_empire_strikes_back,1,Episode V: The Empire Strikes Back,the_empire_strikes_back,5
3291378572.0,seen_episode_v_the_empire_strikes_back,0,Episode V: The Empire Strikes Back,the_empire_strikes_back,5
3291375306.0,seen_episode_v_the_empire_strikes_back,1,Episode V: The Empire Strikes Back,the_empire_strikes_back,5
3291364062.0,seen_episode_v_the_empire_strikes_back,1,Episode V: The Empire Strikes Back,the_empire_strikes_back,5
3291345427.0,seen_episode_v_the_empire_strikes_back,1,Episode V: The Empire Strikes Back,the_empire_strikes_back,5
3291341186.0,seen_episode_v_the_empire_strikes_back,0,Episode V: The Empire Strikes Back,the_empire_strikes_back,5
3291330710.0,seen_episode_v_the_empire_strikes_back,1,Episode V: The Empire Strikes Back,the_empire_strikes_back,5
3291327304.0,seen_episode_v_the_empire_strikes_back,1,Episode V: The Empire Strikes Back,the_empire_strikes_back,5
3291320154.0,seen_episode_v_the_empire_strikes_back,1,Episode V: The Empire Strikes Back,the_empire_strikes_back,5
3291312980.0,seen_episode_v_the_empire_strikes_back,1,Episode V: The Empire Strikes Back,the_empire_strikes_back,5
3291290675.0,seen_episode_v_the_empire_strikes_back,0,Episode V: The Empire Strikes Back,the_empire_strikes_back,5
3291288174.0,seen_episode_v_the_empire_strikes_back,1,Episode V: The Empire Strikes Back,the_empire_strikes_back,5
3291271932.0,seen_episode_v_the_empire_strikes_back,1,Episode V: The Empire Strikes Back,the_empire_strikes_back,5
3291267852.0,seen_episode_v_the_empire_strikes_back,1,Episode V: The Empire Strikes Back,the_empire_strikes_back,5
3291262515.0,seen_episode_v_the_empire_strikes_back,1,Episode V: The Empire Strikes Back,the_empire_strikes_back,5
3291233218.0,seen_episode_v_the_empire_strikes_back,1,Episode V: The Empire Strikes Back,the_empire_strikes_back,5
3291206864.0,seen_episode_v_the_empire_strikes_back,1,Episode V: The Empire Strikes Back,the_empire_strikes_back,5
3291203531.0,seen_episode_v_the_empire_strikes_back,0,Episode V: The Empire Strikes Back,the_empire_strikes_back,5
3291184745.0,seen_episode_v_the_empire_strikes_back,1,Episode V: The Empire Strikes Back,the_empire_strikes_back,5
3291181010.0,seen_episode_v_the_empire_strikes_back,1,Episode V: The Empire Strikes Back,the_empire_strikes_back,5
3291159863.0,seen_episode_v_the_empire_strikes_back,1,Episode V: The Empire Strikes Back,the_empire_strikes_back,5
3291145258.0,seen_episode_v_the_empire_strikes_back,0,Episode V: The Empire Strikes Back,the_empire_strikes_back,5
3291141478.0,seen_episode_v_the_empire_strikes_back,1,Episode V: The Empire Strikes Back,the_empire_strikes_back,5
3291139156.0,seen_episode_v_the_empire_strikes_back,1,Episode V: The Empire Strikes Back,the_empire_strikes_back,5
3291121359.0,seen_episode_v_the_empire_strikes_back,1,Episode V: The Empire Strikes Back,the_empire_strikes_back,5
3291119656.0,seen_episode_v_the_empire_strikes_back,1,Episode V: The Empire Strikes Back,the_empire_strikes_back,5
3291101925.0,seen_episode_v_the_empire_strikes_back,1,Episode V: The Empire Strikes Back,the_empire_strikes_back,5
3291094347.0,seen_episode_v_the_empire_strikes_back,0,Episode V: The Empire Strikes Back,the_empire_strikes_back,5
3291092094.0,seen_episode_v_the_empire_strikes_back,1,Episode V: The Empire Strikes Back,the_empire_strikes_back,5
3291077381.0,seen_episode_v_the_empire_strikes_back,1,Episode V: The Empire Strikes Back,the_empire_strikes_back,5
3291075212.0,seen_episode_v_the_empire_strikes_back,1,Episode V: The Empire Strikes Back,the_empire_strikes_back,5
3291064417.0,seen_episode_v_the_empire_strikes_back,0,Episode V: The Empire Strikes Back,the_empire_strikes_back,5
3291063226.0,seen_episode_v_the_empire_strikes_back,1,Episode V: The Empire Strikes Back,the_empire_strikes_back,5
3291060156.0,seen_episode_v_the_empire_strikes_back,1,Episode V: The Empire Strikes Back,the_empire_strikes_back,5
3291056296.0,seen_episode_v_the_empire_strikes_back,1,Episode V: The Empire Strikes Back,the_empire_strikes_back,5
3291052728.0,seen_episode_v_the_empire_strikes_back,1,Episode V: The Empire Strikes Back,the_empire_strikes_back,5
3291051343.0,seen_episode_v_the_empire_strikes_back,1,Episode V: The Empire Strikes Back,the_empire_strikes_back,5
3291045360.0,seen_episode_v_the_empire_strikes_back,1,Episode V: The Empire Strikes Back,the_empire_strikes_back,5
3291043176.0,seen_episode_v_the_empire_strikes_back,1,Episode V: The Empire Strikes Back,the_empire_strikes_back,5
3291042516.0,seen_episode_v_the_empire_strikes_back,1,Episode V: The Empire Strikes Back,the_empire_strikes_back,5
3291037640.0,seen_episode_v_the_empire_strikes_back,0,Episode V: The Empire Strikes Back,the_empire_strikes_back,5
3291034202.0,seen_episode_v_the_empire_strikes_back,1,Episode V: The Empire Strikes Back,the_empire_strikes_back,5
3291033668.0,seen_episode_v_the_empire_strikes_back,0,Episode V: The Empire Strikes Back,the_empire_strikes_back,5
3291032418.0,seen_episode_v_the_empire_strikes_back,1,Episode V: The Empire Strikes Back,the_empire_strikes_back,5
3291029281.0,seen_episode_v_the_empire_strikes_back,0,Episode V: The Empire Strikes Back,the_empire_strikes_back,5
3291028446.0,seen_episode_v_the_empire_strikes_back,1,Episode V: The Empire Strikes Back,the_empire_strikes_back,5
3291024297.0,seen_episode_v_the_empire_strikes_back,1,Episode V: The Empire Strikes Back,the_empire_strikes_back,5
3291023456.0,seen_episode_v_the_empire_strikes_back,1,Episode V: The Empire Strikes Back,the_empire_strikes_back,5
3291022655.0,seen_episode_v_the_empire_strikes_back,1,Episode V: The Empire Strikes Back,the_empire_strikes_back,5
3291022275.0,seen_episode_v_the_empire_strikes_back,0,Episode V: The Empire Strikes Back,the_empire_strikes_back,5
3291022013.0,seen_episode_v_the_empire_strikes_back,0,Episode V: The Empire Strikes Back,the_empire_strikes_back,5
3291019033.0,seen_episode_v_the_empire_strikes_back,1,Episode V: The Empire Strikes Back,the_empire_strikes_back,5
3291018581.0,seen_episode_v_the_empire_strikes_back,0,Episode V: The Empire Strikes Back,the_empire_strikes_back,5
3291015347.0,seen_episode_v_the_empire_strikes_back,0,Episode V: The Empire Strikes Back,the_empire_strikes_back,5
3291014757.0,seen_episode_v_the_empire_strikes_back,1,Episode V: The Empire Strikes Back,the_empire_strikes_back,5
3291009055.0,seen_episode_v_the_empire_strikes_back,0,Episode V: The Empire Strikes Back,the_empire_strikes_back,5
3291007877.0,seen_episode_v_the_empire_strikes_back,1,Episode V: The Empire Strikes Back,the_empire_strikes_back,5
3291006540.0,seen_episode_v_the_empire_strikes_back,0,Episode V: The Empire Strikes Back,the_empire_strikes_back,5
3291002672.0,seen_episode_v_the_empire_strikes_back,1,Episode V: The Empire Strikes Back,the_empire_strikes_back,5
3291001879.0,seen_episode_v_the_empire_strikes_back,0,Episode V: The Empire Strikes Back,the_empire_strikes_back,5
3290999912.0,seen_episode_v_the_empire_strikes_back,1,Episode V: The Empire Strikes Back,the_empire_strikes_back,5
3290998457.0,seen_episode_v_the_empire_strikes_back,0,Episode V: The Empire Strikes Back,the_empire_strikes_back,5
3290996933.0,seen_episode_v_the_empire_strikes_back,1,Episode V: The Empire Strikes Back,the_empire_strikes_back,5
3290994001.0,seen_episode_v_the_empire_strikes_back,0,Episode V: The Empire Strikes Back,the_empire_strikes_back,5
3290992477.0,seen_episode_v_the_empire_strikes_back,1,Episode V: The Empire Strikes Back,the_empire_strikes_back,5
3290992371.0,seen_episode_v_the_empire_strikes_back,0,Episode V: The Empire Strikes Back,the_empire_strikes_back,5
3290987996.0,seen_episode_v_the_empire_strikes_back,1,Episode V: The Empire Strikes Back,the_empire_strikes_back,5
3290984063.0,seen_episode_v_the_empire_strikes_back,1,Episode V: The Empire Strikes Back,the_empire_strikes_back,5
3290980789.0,seen_episode_v_the_empire_strikes_back,0,Episode V: The Empire Strikes Back,the_empire_strikes_back,5
3290977827.0,seen_episode_v_the_empire_strikes_back,1,Episode V: The Empire Strikes Back,the_empire_strikes_back,5
3290976539.0,seen_episode_v_the_empire_strikes_back,0,Episode V: The Empire Strikes Back,the_empire_strikes_back,5
3290975724.0,seen_episode_v_the_empire_strikes_back,1,Episode V: The Empire Strikes Back,the_empire_strikes_back,5
3290973695.0,seen_episode_v_the_empire_strikes_back,1,Episode V: The Empire Strikes Back,the_empire_strikes_back,5
3290973177.0,seen_episode_v_the_empire_strikes_back,0,Episode V: The Empire Strikes Back,the_empire_strikes_back,5
3290973120.0,seen_episode_v_the_empire_strikes_back,0,Episode V: The Empire Strikes Back,the_empire_strikes_back,5
3290972257.0,seen_episode_v_the_empire_strikes_back,1,Episode V: The Empire Strikes Back,the_empire_strikes_back,5
3290971794.0,seen_episode_v_the_empire_strikes_back,1,Episode V: The Empire Strikes Back,the_empire_strikes_back,5
3290971358.0,seen_episode_v_the_empire_strikes_back,0,Episode V: The Empire Strikes Back,the_empire_strikes_back,5
3290965482.0,seen_episode_v_the_empire_strikes_back,0,Episode V: The Empire Strikes Back,the_empire_strikes_back,5
3290961855.0,seen_episode_v_the_empire_strikes_back,0,Episode V: The Empire Strikes Back,the_empire_strikes_back,5
3290961497.0,seen_episode_v_the_empire_strikes_back,1,Episode V: The Empire Strikes Back,the_empire_strikes_back,5
3290953060.0,seen_episode_v_the_empire_strikes_back,0,Episode V: The Empire Strikes Back,the_empire_strikes_back,5
3290949606.0,seen_episode_v_the_empire_strikes_back,0,Episode V: The Empire Strikes Back,the_empire_strikes_back,5
3290948002.0,seen_episode_v_the_empire_strikes_back,1,Episode V: The Empire Strikes Back,the_empire_strikes_back,5
3290947136.0,seen_episode_v_the_empire_strikes_back,1,Episode V: The Empire Strikes Back,the_empire_strikes_back,5
3290947011.0,seen_episode_v_the_empire_strikes_back,1,Episode V: The Empire Strikes Back,the_empire_strikes_back,5
3290946211.0,seen_episode_v_the_empire_strikes_back,0,Episode V: The Empire Strikes Back,the_empire_strikes_back,5
3290944858.0,seen_episode_v_the_empire_strikes_back,1,Episode V: The Empire Strikes Back,the_empire_strikes_back,5
3290944288.0,seen_episode_v_the_empire_strikes_back,1,Episode V: The Empire Strikes Back,the_empire_strikes_back,5
3290941824.0,seen_episode_v_the_empire_strikes_back,1,Episode V: The Empire Strikes Back,the_empire_strikes_back,5
3290939696.0,seen_episode_v_the_empire_strikes_back,0,Episode V: The Empire Strikes Back,the_empire_strikes_back,5
3290934328.0,seen_episode_v_the_empire_strikes_back,1,Episode V: The Empire Strikes Back,the_empire_strikes_back,5
3290929229.0,seen_episode_v_the_empire_strikes_back,1,Episode V: The Empire Strikes Back,the_empire_strikes_back,5
3290927126.0,seen_episode_v_the_empire_strikes_back,0,Episode V: The Empire Strikes Back,the_empire_strikes_back,5
3290926407.0,seen_episode_v_the_empire_strikes_back,0,Episode V: The Empire Strikes Back,the_empire_strikes_back,5
3290922858.0,seen_episode_v_the_empire_strikes_back,1,Episode V: The Empire Strikes Back,the_empire_strikes_back,5
3290920752.0,seen_episode_v_the_empire_strikes_back,0,Episode V: The Empire Strikes Back,the_empire_strikes_back,5
3290919823.0,seen_episode_v_the_empire_strikes_back,1,Episode V: The Empire Strikes Back,the_empire_strikes_back,5
3290919419.0,seen_episode_v_the_empire_strikes_back,1,Episode V: The Empire Strikes Back,the_empire_strikes_back,5
3290917153.0,seen_episode_v_the_empire_strikes_back,1,Episode V: The Empire Strikes Back,the_empire_strikes_back,5
3290917131.0,seen_episode_v_the_empire_strikes_back,1,Episode V: The Empire Strikes Back,the_empire_strikes_back,5
3290916554.0,seen_episode_v_the_empire_strikes_back,1,Episode V: The Empire Strikes Back,the_empire_strikes_back,5
3290915885.0,seen_episode_v_the_empire_strikes_back,1,Episode V: The Empire Strikes Back,the_empire_strikes_back,5
3290912485.0,seen_episode_v_the_empire_strikes_back,0,Episode V: The Empire Strikes Back,the_empire_strikes_back,5
3290912014.0,seen_episode_v_the_empire_strikes_back,1,Episode V: The Empire Strikes Back,the_empire_strikes_back,5
3290910069.0,seen_episode_v_the_empire_strikes_back,1,Episode V: The Empire Strikes Back,the_empire_strikes_back,5
3290906086.0,seen_episode_v_the_empire_strikes_back,1,Episode V: The Empire Strikes Back,the_empire_strikes_back,5
3290906022.0,seen_episode_v_the_empire_strikes_back,1,Episode V: The Empire Strikes Back,the_empire_strikes_back,5
3290903423.0,seen_episode_v_the_empire_strikes_back,1,Episode V: The Empire Strikes Back,the_empire_strikes_back,5
3290902880.0,seen_episode_v_the_empire_strikes_back,1,Episode V: The Empire Strikes Back,the_empire_strikes_back,5
3290901027.0,seen_episode_v_the_empire_strikes_back,1,Episode V: The Empire Strikes Back,the_empire_strikes_back,5
3290896982.0,seen_episode_v_the_empire_strikes_back,0,Episode V: The Empire Strikes Back,the_empire_strikes_back,5
3290893301.0,seen_episode_v_the_empire_strikes_back,0,Episode V: The Empire Strikes Back,the_empire_strikes_back,5
3290889443.0,seen_episode_v_the_empire_strikes_back,0,Episode V: The Empire Strikes Back,the_empire_strikes_back,5
3290888715.0,seen_episode_v_the_empire_strikes_back,0,Episode V: The Empire Strikes Back,the_empire_strikes_back,5
3290888303.0,seen_episode_v_the_empire_strikes_back,1,Episode V: The Empire Strikes Back,the_empire_strikes_back,5
3290888102.0,seen_episode_v_the_empire_strikes_back,0,Episode V: The Empire Strikes Back,the_empire_strikes_back,5
3290888079.0,seen_episode_v_the_empire_strikes_back,1,Episode V: The Empire Strikes Back,the_empire_strikes_back,5
3290884427.0,seen_episode_v_the_empire_strikes_back,0,Episode V: The Empire Strikes Back,the_empire_strikes_back,5
3290881566.0,seen_episode_v_the_empire_strikes_back,1,Episode V: The Empire Strikes Back,the_empire_strikes_back,5
3290879019.0,seen_episode_v_the_empire_strikes_back,1,Episode V: The Empire Strikes Back,the_empire_strikes_back,5
3290878766.0,seen_episode_v_the_empire_strikes_back,1,Episode V: The Empire Strikes Back,the_empire_strikes_back,5
3290874545.0,seen_episode_v_the_empire_strikes_back,0,Episode V: The Empire Strikes Back,the_empire_strikes_back,5
3290873342.0,seen_episode_v_the_empire_strikes_back,1,Episode V: The Empire Strikes Back,the_empire_strikes_back,5
3290871307.0,seen_episode_v_the_empire_strikes_back,1,Episode V: The Empire Strikes Back,the_empire_strikes_back,5
3290869696.0,seen_episode_v_the_empire_strikes_back,0,Episode V: The Empire Strikes Back,the_empire_strikes_back,5
3290863729.0,seen_episode_v_the_empire_strikes_back,1,Episode V: The Empire Strikes Back,the_empire_strikes_back,5
3290863193.0,seen_episode_v_the_empire_strikes_back,1,Episode V: The Empire Strikes Back,the_empire_strikes_back,5
3290862050.0,seen_episode_v_the_empire_strikes_back,0,Episode V: The Empire Strikes Back,the_empire_strikes_back,5
3290860908.0,seen_episode_v_the_empire_strikes_back,1,Episode V: The Empire Strikes Back,the_empire_strikes_back,5
3290860842.0,seen_episode_v_the_empire_strikes_back,1,Episode V: The Empire Strikes Back,the_empire_strikes_back,5
3290860558.0,seen_episode_v_the_empire_strikes_back,1,Episode V: The Empire Strikes Back,the_empire_strikes_back,5
3290858689.0,seen_episode_v_the_empire_strikes_back,0,Episode V: The Empire Strikes Back,the_empire_strikes_back,5
3290858543.0,seen_episode_v_the_empire_strikes_back,1,Episode V: The Empire Strikes Back,the_empire_strikes_back,5
3290855818.0,seen_episode_v_the_empire_strikes_back,1,Episode V: The Empire Strikes Back,the_empire_strikes_back,5
3290854802.0,seen_episode_v_the_empire_strikes_back,1,Episode V: The Empire Strikes Back,the_empire_strikes_back,5
3290853559.0,seen_episode_v_the_empire_strikes_back,1,Episode V: The Empire Strikes Back,the_empire_strikes_back,5
3290853267.0,seen_episode_v_the_empire_strikes_back,0,Episode V: The Empire Strikes Back,the_empire_strikes_back,5
3290852271.0,seen_episode_v_the_empire_strikes_back,0,Episode V: The Empire Strikes Back,the_empire_strikes_back,5
3290848617.0,seen_episode_v_the_empire_strikes_back,1,Episode V: The Empire Strikes Back,the_empire_strikes_back,5
3290846848.0,seen_episode_v_the_empire_strikes_back,1,Episode V: The Empire Strikes Back,the_empire_strikes_back,5
3290846769.0,seen_episode_v_the_empire_strikes_back,0,Episode V: The Empire Strikes Back,the_empire_strikes_back,5
3290846466.0,seen_episode_v_the_empire_strikes_back,1,Episode V: The Empire Strikes Back,the_empire_strikes_back,5
3290845752.0,seen_episode_v_the_empire_strikes_back,1,Episode V: The Empire Strikes Back,the_empire_strikes_back,5
3290845367.0,seen_episode_v_the_empire_strikes_back,1,Episode V: The Empire Strikes Back,the_empire_strikes_back,5
3290845046.0,seen_episode_v_the_empire_strikes_back,1,Episode V: The Empire Strikes Back,the_empire_strikes_back,5
3290844577.0,seen_episode_v_the_empire_strikes_back,0,Episode V: The Empire Strikes Back,the_empire_strikes_back,5
3290841815.0,seen_episode_v_the_empire_strikes_back,1,Episode V: The Empire Strikes Back,the_empire_strikes_back,5
3290840905.0,seen_episode_v_the_empire_strikes_back,0,Episode V: The Empire Strikes Back,the_empire_strikes_back,5
3290836653.0,seen_episode_v_the_empire_strikes_back,1,Episode V: The Empire Strikes Back,the_empire_strikes_back,5
3290834007.0,seen_episode_v_the_empire_strikes_back,1,Episode V: The Empire Strikes Back,the_empire_strikes_back,5
3290829888.0,seen_episode_v_the_empire_strikes_back,1,Episode V: The Empire Strikes Back,the_empire_strikes_back,5
3290828902.0,seen_episode_v_the_empire_strikes_back,0,Episode V: The Empire Strikes Back,the_empire_strikes_back,5
3290824340.0,seen_episode_v_the_empire_strikes_back,0,Episode V: The Empire Strikes Back,the_empire_strikes_back,5
3290821620.0,seen_episode_v_the_empire_strikes_back,1,Episode V: The Empire Strikes Back,the_empire_strikes_back,5
3290819415.0,seen_episode_v_the_empire_strikes_back,1,Episode V: The Empire Strikes Back,the_empire_strikes_back,5
3290815080.0,seen_episode_v_the_empire_strikes_back,0,Episode V: The Empire Strikes Back,the_empire_strikes_back,5
3290812610.0,seen_episode_v_the_empire_strikes_back,1,Episode V: The Empire Strikes Back,the_empire_strikes_back,5
3290810177.0,seen_episode_v_the_empire_strikes_back,1,Episode V: The Empire Strikes Back,the_empire_strikes_back,5
3290810023.0,seen_episode_v_the_empire_strikes_back,1,Episode V: The Empire Strikes Back,the_empire_strikes_back,5
3290807769.0,seen_episode_v_the_empire_strikes_back,0,Episode V: The Empire Strikes Back,the_empire_strikes_back,5
3290806200.0,seen_episode_v_the_empire_strikes_back,1,Episode V: The Empire Strikes Back,the_empire_strikes_back,5
3290805125.0,seen_episode_v_the_empire_strikes_back,1,Episode V: The Empire Strikes Back,the_empire_strikes_back,5
3290804128.0,seen_episode_v_the_empire_strikes_back,0,Episode V: The Empire Strikes Back,the_empire_strikes_back,5
3290804008.0,seen_episode_v_the_empire_strikes_back,1,Episode V: The Empire Strikes Back,the_empire_strikes_back,5
3290799403.0,seen_episode_v_the_empire_strikes_back,0,Episode V: The Empire Strikes Back,the_empire_strikes_back,5
3290798641.0,seen_episode_v_the_empire_strikes_back,0,Episode V: The Empire Strikes Back,the_empire_strikes_back,5
3290798064.0,seen_episode_v_the_empire_strikes_back,1,Episode V: The Empire Strikes Back,the_empire_strikes_back,5
3290796650.0,seen_episode_v_the_empire_strikes_back,1,Episode V: The Empire Strikes Back,the_empire_strikes_back,5
3290792507.0,seen_episode_v_the_empire_strikes_back,1,Episode V: The Empire Strikes Back,the_empire_strikes_back,5
3290787286.0,seen_episode_v_the_empire_strikes_back,1,Episode V: The Empire Strikes Back,the_empire_strikes_back,5
3290785928.0,seen_episode_v_the_empire_strikes_back,1,Episode V: The Empire Strikes Back,the_empire_strikes_back,5
3290782952.0,seen_episode_v_the_empire_strikes_back,0,Episode V: The Empire Strikes Back,the_empire_strikes_back,5
3290781544.0,seen_episode_v_the_empire_strikes_back,1,Episode V: The Empire Strikes Back,the_empire_strikes_back,5
3290781284.0,seen_episode_v_the_empire_strikes_back,0,Episode V: The Empire Strikes Back,the_empire_strikes_back,5
3290781039.0,seen_episode_v_the_empire_strikes_back,1,Episode V: The Empire Strikes Back,the_empire_strikes_back,5
3290779524.0,seen_episode_v_the_empire_strikes_back,1,Episode V: The Empire Strikes Back,the_empire_strikes_back,5
3290779140.0,seen_episode_v_the_empire_strikes_back,1,Episode V: The Empire Strikes Back,the_empire_strikes_back,5
3290778828.0,seen_episode_v_the_empire_strikes_back,1,Episode V: The Empire Strikes Back,the_empire_strikes_back,5
3290777129.0,seen_episode_v_the_empire_strikes_back,0,Episode V: The Empire Strikes Back,the_empire_strikes_back,5
3290773277.0,seen_episode_v_the_empire_strikes_back,1,Episode V: The Empire Strikes Back,the_empire_strikes_back,5
3290769012.0,seen_episode_v_the_empire_strikes_back,0,Episode V: The Empire Strikes Back,the_empire_strikes_back,5
3290767951.0,seen_episode_v_the_empire_strikes_back,0,Episode V: The Empire Strikes Back,the_empire_strikes_back,5
3290767535.0,seen_episode_v_the_empire_strikes_back,1,Episode V: The Empire Strikes Back,the_empire_strikes_back,5
3290765210.0,seen_episode_v_the_empire_strikes_back,0,Episode V: The Empire Strikes Back,the_empire_strikes_back,5
3290762924.0,seen_episode_v_the_empire_strikes_back,1,Episode V: The Empire Strikes Back,the_empire_strikes_back,5
3290761823.0,seen_episode_v_the_empire_strikes_back,0,Episode V: The Empire Strikes Back,the_empire_strikes_back,5
3290760722.0,seen_episode_v_the_empire_strikes_back,1,Episode V: The Empire Strikes Back,the_empire_strikes_back,5
3290759512.0,seen_episode_v_the_empire_strikes_back,1,Episode V: The Empire Strikes Back,the_empire_strikes_back,5
3290758362.0,seen_episode_v_the_empire_strikes_back,1,Episode V: The Empire Strikes Back,the_empire_strikes_back,5
3290757230.0,seen_episode_v_the_empire_strikes_back,0,Episode V: The Empire Strikes Back,the_empire_strikes_back,5
3290756394.0,seen_episode_v_the_empire_strikes_back,1,Episode V: The Empire Strikes Back,the_empire_strikes_back,5
3290755451.0,seen_episode_v_the_empire_strikes_back,1,Episode V: The Empire Strikes Back,the_empire_strikes_back,5
3290753390.0,seen_episode_v_the_empire_strikes_back,1,Episode V: The Empire Strikes Back,the_empire_strikes_back,5
3290749764.0,seen_episode_v_the_empire_strikes_back,1,Episode V: The Empire Strikes Back,the_empire_strikes_back,5
3290749229.0,seen_episode_v_the_empire_strikes_back,1,Episode V: The Empire Strikes Back,the_empire_strikes_back,5
3290746853.0,seen_episode_v_the_empire_strikes_back,1,Episode V: The Empire Strikes Back,the_empire_strikes_back,5
3290744027.0,seen_episode_v_the_empire_strikes_back,0,Episode V: The Empire Strikes Back,the_empire_strikes_back,5
3290741994.0,seen_episode_v_the_empire_strikes_back,1,Episode V: The Empire Strikes Back,the_empire_strikes_back,5
3290741405.0,seen_episode_v_the_empire_strikes_back,1,Episode V: The Empire Strikes Back,the_empire_strikes_back,5
3290740448.0,seen_episode_v_the_empire_strikes_back,1,Episode V: The Empire Strikes Back,the_empire_strikes_back,5
3290739967.0,seen_episode_v_the_empire_strikes_back,1,Episode V: The Empire Strikes Back,the_empire_strikes_back,5
3290739235.0,seen_episode_v_the_empire_strikes_back,1,Episode V: The Empire Strikes Back,the_empire_strikes_back,5
3290738262.0,seen_episode_v_the_empire_strikes_back,0,Episode V: The Empire Strikes Back,the_empire_strikes_back,5
3290737104.0,seen_episode_v_the_empire_strikes_back,0,Episode V: The Empire Strikes Back,the_empire_strikes_back,5
3290736072.0,seen_episode_v_the_empire_strikes_back,1,Episode V: The Empire Strikes Back,the_empire_strikes_back,5
3290734874.0,seen_episode_v_the_empire_strikes_back,1,Episode V: The Empire Strikes Back,the_empire_strikes_back,5
3290733932.0,seen_episode_v_the_empire_strikes_back,0,Episode V: The Empire Strikes Back,the_empire_strikes_back,5
3290733316.0,seen_episode_v_the_empire_strikes_back,1,Episode V: The Empire Strikes Back,the_empire_strikes_back,5
3290732383.0,seen_episode_v_the_empire_strikes_back,1,Episode V: The Empire Strikes Back,the_empire_strikes_back,5
3290727763.0,seen_episode_v_the_empire_strikes_back,1,Episode V: The Empire Strikes Back,the_empire_strikes_back,5
3290726075.0,seen_episode_v_the_empire_strikes_back,1,Episode V: The Empire Strikes Back,the_empire_strikes_back,5
3290719847.0,seen_episode_v_the_empire_strikes_back,0,Episode V: The Empire Strikes Back,the_empire_strikes_back,5
3290718359.0,seen_episode_v_the_empire_strikes_back,0,Episode V: The Empire Strikes Back,the_empire_strikes_back,5
3290717899.0,seen_episode_v_the_empire_strikes_back,1,Episode V: The Empire Strikes Back,the_empire_strikes_back,5
3290717372.0,seen_episode_v_the_empire_strikes_back,0,Episode V: The Empire Strikes Back,the_empire_strikes_back,5
3290714941.0,seen_episode_v_the_empire_strikes_back,1,Episode V: The Empire Strikes Back,the_empire_strikes_back,5
3290714484.0,seen_episode_v_the_empire_strikes_back,1,Episode V: The Empire Strikes Back,the_empire_strikes_back,5
3290714430.0,seen_episode_v_the_empire_strikes_back,0,Episode V: The Empire Strikes Back,the_empire_strikes_back,5
3290714378.0,seen_episode_v_the_empire_strikes_back,1,Episode V: The Empire Strikes Back,the_empire_strikes_back,5
3290712204.0,seen_episode_v_the_empire_strikes_back,1,Episode V: The Empire Strikes Back,the_empire_strikes_back,5
3290711898.0,seen_episode_v_the_empire_strikes_back,0,Episode V: The Empire Strikes Back,the_empire_strikes_back,5
3290711882.0,seen_episode_v_the_empire_strikes_back,0,Episode V: The Empire Strikes Back,the_empire_strikes_back,5
3290711757.0,seen_episode_v_the_empire_strikes_back,0,Episode V: The Empire Strikes Back,the_empire_strikes_back,5
3290711487.0,seen_episode_v_the_empire_strikes_back,1,Episode V: The Empire Strikes Back,the_empire_strikes_back,5
3290711262.0,seen_episode_v_the_empire_strikes_back,0,Episode V: The Empire Strikes Back,the_empire_strikes_back,5
3290708664.0,seen_episode_v_the_empire_strikes_back,1,Episode V: The Empire Strikes Back,the_empire_strikes_back,5
3290707402.0,seen_episode_v_the_empire_strikes_back,0,Episode V: The Empire Strikes Back,the_empire_strikes_back,5
3290706716.0,seen_episode_v_the_empire_strikes_back,1,Episode V: The Empire Strikes Back,the_empire_strikes_back,5
3290706611.0,seen_episode_v_the_empire_strikes_back,1,Episode V: The Empire Strikes Back,the_empire_strikes_back,5
3290703210.0,seen_episode_v_the_empire_strikes_back,1,Episode V: The Empire Strikes Back,the_empire_strikes_back,5
3290701442.0,seen_episode_v_the_empire_strikes_back,0,Episode V: The Empire Strikes Back,the_empire_strikes_back,5
3290700285.0,seen_episode_v_the_empire_strikes_back,1,Episode V: The Empire Strikes Back,the_empire_strikes_back,5
3290700214.0,seen_episode_v_the_empire_strikes_back,0,Episode V: The Empire Strikes Back,the_empire_strikes_back,5
3290700030.0,seen_episode_v_the_empire_strikes_back,1,Episode V: The Empire Strikes Back,the_empire_strikes_back,5
3290699410.0,seen_episode_v_the_empire_strikes_back,1,Episode V: The Empire Strikes Back,the_empire_strikes_back,5
3290695784.0,seen_episode_v_the_empire_strikes_back,1,Episode V: The Empire Strikes Back,the_empire_strikes_back,5
3290695316.0,seen_episode_v_the_empire_strikes_back,0,Episode V: The Empire Strikes Back,the_empire_strikes_back,5
3290694269.0,seen_episode_v_the_empire_strikes_back,0,Episode V: The Empire Strikes Back,the_empire_strikes_back,5
3290693095.0,seen_episode_v_the_empire_strikes_back,0,Episode V: The Empire Strikes Back,the_empire_strikes_back,5
3290692020.0,seen_episode_v_the_empire_strikes_back,0,Episode V: The Empire Strikes Back,the_empire_strikes_back,5
3290691758.0,seen_episode_v_the_empire_strikes_back,1,Episode V: The Empire Strikes Back,the_empire_strikes_back,5
3290689343.0,seen_episode_v_the_empire_strikes_back,0,Episode V: The Empire Strikes Back,the_empire_strikes_back,5
3290687981.0,seen_episode_v_the_empire_strikes_back,1,Episode V: The Empire Strikes Back,the_empire_strikes_back,5
3290687830.0,seen_episode_v_the_empire_strikes_back,1,Episode V: The Empire Strikes Back,the_empire_strikes_back,5
3290686887.0,seen_episode_v_the_empire_strikes_back,0,Episode V: The Empire Strikes Back,the_empire_strikes_back,5
3290686362.0,seen_episode_v_the_empire_strikes_back,0,Episode V: The Empire Strikes Back,the_empire_strikes_back,5
3290685885.0,seen_episode_v_the_empire_strikes_back,0,Episode V: The Empire Strikes Back,the_empire_strikes_back,5
3290684868.0,seen_episode_v_the_empire_strikes_back,1,Episode V: The Empire Strikes Back,the_empire_strikes_back,5
3290684287.0,seen_episode_v_the_empire_strikes_back,1,Episode V: The Empire Strikes Back,the_empire_strikes_back,5
3290681574.0,seen_episode_v_the_empire_strikes_back,0,Episode V: The Empire Strikes Back,the_empire_strikes_back,5
3290678952.0,seen_episode_v_the_empire_strikes_back,0,Episode V: The Empire Strikes Back,the_empire_strikes_back,5
3290678515.0,seen_episode_v_the_empire_strikes_back,1,Episode V: The Empire Strikes Back,the_empire_strikes_back,5
3290676695.0,seen_episode_v_the_empire_strikes_back,1,Episode V: The Empire Strikes Back,the_empire_strikes_back,5
3290674534.0,seen_episode_v_the_empire_strikes_back,0,Episode V: The Empire Strikes Back,the_empire_strikes_back,5
3290667297.0,seen_episode_v_the_empire_strikes_back,0,Episode V: The Empire Strikes Back,the_empire_strikes_back,5
3290664543.0,seen_episode_v_the_empire_strikes_back,1,Episode V: The Empire Strikes Back,the_empire_strikes_back,5
3290664463.0,seen_episode_v_the_empire_strikes_back,1,Episode V: The Empire Strikes Back,the_empire_strikes_back,5
3290664069.0,seen_episode_v_the_empire_strikes_back,0,Episode V: The Empire Strikes Back,the_empire_strikes_back,5
3290662118.0,seen_episode_v_the_empire_strikes_back,1,Episode V: The Empire Strikes Back,the_empire_strikes_back,5
3290661650.0,seen_episode_v_the_empire_strikes_back,1,Episode V: The Empire Strikes Back,the_empire_strikes_back,5
3290661587.0,seen_episode_v_the_empire_strikes_back,0,Episode V: The Empire Strikes Back,the_empire_strikes_back,5
3290661135.0,seen_episode_v_the_empire_strikes_back,1,Episode V: The Empire Strikes Back,the_empire_strikes_back,5
3290659818.0,seen_episode_v_the_empire_strikes_back,1,Episode V: The Empire Strikes Back,the_empire_strikes_back,5
3290659314.0,seen_episode_v_the_empire_strikes_back,1,Episode V: The Empire Strikes Back,the_empire_strikes_back,5
3290655784.0,seen_episode_v_the_empire_strikes_back,1,Episode V: The Empire Strikes Back,the_empire_strikes_back,5
3290654597.0,seen_episode_v_the_empire_strikes_back,1,Episode V: The Empire Strikes Back,the_empire_strikes_back,5
3290652558.0,seen_episode_v_the_empire_strikes_back,0,Episode V: The Empire Strikes Back,the_empire_strikes_back,5
3290651085.0,seen_episode_v_the_empire_strikes_back,0,Episode V: The Empire Strikes Back,the_empire_strikes_back,5
3290650590.0,seen_episode_v_the_empire_strikes_back,1,Episode V: The Empire Strikes Back,the_empire_strikes_back,5
3290644326.0,seen_episode_v_the_empire_strikes_back,0,Episode V: The Empire Strikes Back,the_empire_strikes_back,5
3290640323.0,seen_episode_v_the_empire_strikes_back,1,Episode V: The Empire Strikes Back,the_empire_strikes_back,5
3290638529.0,seen_episode_v_the_empire_strikes_back,1,Episode V: The Empire Strikes Back,the_empire_strikes_back,5
3290634681.0,seen_episode_v_the_empire_strikes_back,0,Episode V: The Empire Strikes Back,the_empire_strikes_back,5
3290631608.0,seen_episode_v_the_empire_strikes_back,1,Episode V: The Empire Strikes Back,the_empire_strikes_back,5
3290630470.0,seen_episode_v_the_empire_strikes_back,1,Episode V: The Empire Strikes Back,the_empire_strikes_back,5
3290630282.0,seen_episode_v_the_empire_strikes_back,1,Episode V: The Empire Strikes Back,the_empire_strikes_back,5
3290628419.0,seen_episode_v_the_empire_strikes_back,0,Episode V: The Empire Strikes Back,the_empire_strikes_back,5
3290627850.0,seen_episode_v_the_empire_strikes_back,1,Episode V: The Empire Strikes Back,the_empire_strikes_back,5
3290627681.0,seen_episode_v_the_empire_strikes_back,1,Episode V: The Empire Strikes Back,the_empire_strikes_back,5
3290626609.0,seen_episode_v_the_empire_strikes_back,0,Episode V: The Empire Strikes Back,the_empire_strikes_back,5
3290625814.0,seen_episode_v_the_empire_strikes_back,0,Episode V: The Empire Strikes Back,the_empire_strikes_back,5
3290624447.0,seen_episode_v_the_empire_strikes_back,1,Episode V: The Empire Strikes Back,the_empire_strikes_back,5
3290620991.0,seen_episode_v_the_empire_strikes_back,1,Episode V: The Empire Strikes Back,the_empire_strikes_back,5
3290617461.0,seen_episode_v_the_empire_strikes_back,1,Episode V: The Empire Strikes Back,the_empire_strikes_back,5
3290611875.0,seen_episode_v_the_empire_strikes_back,1,Episode V: The Empire Strikes Back,the_empire_strikes_back,5
3290611716.0,seen_episode_v_the_empire_strikes_back,1,Episode V: The Empire Strikes Back,the_empire_strikes_back,5
3290602490.0,seen_episode_v_the_empire_strikes_back,0,Episode V: The Empire Strikes Back,the_empire_strikes_back,5
3290601892.0,seen_episode_v_the_empire_strikes_back,1,Episode V: The Empire Strikes Back,the_empire_strikes_back,5
3290601518.0,seen_episode_v_the_empire_strikes_back,0,Episode V: The Empire Strikes Back,the_empire_strikes_back,5
3290600680.0,seen_episode_v_the_empire_strikes_back,1,Episode V: The Empire Strikes Back,the_empire_strikes_back,5
3290600559.0,seen_episode_v_the_empire_strikes_back,1,Episode V: The Empire Strikes Back,the_empire_strikes_back,5
3290600057.0,seen_episode_v_the_empire_strikes_back,0,Episode V: The Empire Strikes Back,the_empire_strikes_back,5
3290598307.0,seen_episode_v_the_empire_strikes_back,1,Episode V: The Empire Strikes Back,the_empire_strikes_back,5
3290597099.0,seen_episode_v_the_empire_strikes_back,1,Episode V: The Empire Strikes Back,the_empire_strikes_back,5
3290593953.0,seen_episode_v_the_empire_strikes_back,1,Episode V: The Empire Strikes Back,the_empire_strikes_back,5
3290582716.0,seen_episode_v_the_empire_strikes_back,1,Episode V: The Empire Strikes Back,the_empire_strikes_back,5
3290572568.0,seen_episode_v_the_empire_strikes_back,1,Episode V: The Empire Strikes Back,the_empire_strikes_back,5
3290572073.0,seen_episode_v_the_empire_strikes_back,1,Episode V: The Empire Strikes Back,the_empire_strikes_back,5
3290569001.0,seen_episode_v_the_empire_strikes_back,1,Episode V: The Empire Strikes Back,the_empire_strikes_back,5
3290568339.0,seen_episode_v_the_empire_strikes_back,1,Episode V: The Empire Strikes Back,the_empire_strikes_back,5
3290565779.0,seen_episode_v_the_empire_strikes_back,1,Episode V: The Empire Strikes Back,the_empire_strikes_back,5
3290565768.0,seen_episode_v_the_empire_strikes_back,1,Episode V: The Empire Strikes Back,the_empire_strikes_back,5
3290565487.0,seen_episode_v_the_empire_strikes_back,0,Episode V: The Empire Strikes Back,the_empire_strikes_back,5
3290561583.0,seen_episode_v_the_empire_strikes_back,1,Episode V: The Empire Strikes Back,the_empire_strikes_back,5
3290561192.0,seen_episode_v_the_empire_strikes_back,1,Episode V: The Empire Strikes Back,the_empire_strikes_back,5
3290555153.0,seen_episode_v_the_empire_strikes_back,0,Episode V: The Empire Strikes Back,the_empire_strikes_back,5
3290553558.0,seen_episode_v_the_empire_strikes_back,0,Episode V: The Empire Strikes Back,the_empire_strikes_back,5
3290552963.0,seen_episode_v_the_empire_strikes_back,1,Episode V: The Empire Strikes Back,the_empire_strikes_back,5
3290551809.0,seen_episode_v_the_empire_strikes_back,1,Episode V: The Empire Strikes Back,the_empire_strikes_back,5
3290547819.0,seen_episode_v_the_empire_strikes_back,0,Episode V: The Empire Strikes Back,the_empire_strikes_back,5
3290544886.0,seen_episode_v_the_empire_strikes_back,0,Episode V: The Empire Strikes Back,the_empire_strikes_back,5
3290544865.0,seen_episode_v_the_empire_strikes_back,1,Episode V: The Empire Strikes Back,the_empire_strikes_back,5
3290544012.0,seen_episode_v_the_empire_strikes_back,0,Episode V: The Empire Strikes Back,the_empire_strikes_back,5
3290539653.0,seen_episode_v_the_empire_strikes_back,1,Episode V: The Empire Strikes Back,the_empire_strikes_back,5
3290538433.0,seen_episode_v_the_empire_strikes_back,1,Episode V: The Empire Strikes Back,the_empire_strikes_back,5
3290536294.0,seen_episode_v_the_empire_strikes_back,0,Episode V: The Empire Strikes Back,the_empire_strikes_back,5
3290532429.0,seen_episode_v_the_empire_strikes_back,1,Episode V: The Empire Strikes Back,the_empire_strikes_back,5
3290531735.0,seen_episode_v_the_empire_strikes_back,1,Episode V: The Empire Strikes Back,the_empire_strikes_back,5
3290526356.0,seen_episode_v_the_empire_strikes_back,0,Episode V: The Empire Strikes Back,the_empire_strikes_back,5
3290525782.0,seen_episode_v_the_empire_strikes_back,0,Episode V: The Empire Strikes Back,the_empire_strikes_back,5
3290524413.0,seen_episode_v_the_empire_strikes_back,1,Episode V: The Empire Strikes Back,the_empire_strikes_back,5
3290519884.0,seen_episode_v_the_empire_strikes_back,1,Episode V: The Empire Strikes Back,the_empire_strikes_back,5
3290515688.0,seen_episode_v_the_empire_strikes_back,0,Episode V: The Empire Strikes Back,the_empire_strikes_back,5
3290511533.0,seen_episode_v_the_empire_strikes_back,1,Episode V: The Empire Strikes Back,the_empire_strikes_back,5
3290506830.0,seen_episode_v_the_empire_strikes_back,1,Episode V: The Empire Strikes Back,the_empire_strikes_back,5
3290506333.0,seen_episode_v_the_empire_strikes_back,1,Episode V: The Empire Strikes Back,the_empire_strikes_back,5
3290505081.0,seen_episode_v_the_empire_strikes_back,1,Episode V: The Empire Strikes Back,the_empire_strikes_back,5
3290500457.0,seen_episode_v_the_empire_strikes_back,0,Episode V: The Empire Strikes Back,the_empire_strikes_back,5
3290499954.0,seen_episode_v_the_empire_strikes_back,1,Episode V: The Empire Strikes Back,the_empire_strikes_back,5
3290499953.0,seen_episode_v_the_empire_strikes_back,0,Episode V: The Empire Strikes Back,the_empire_strikes_back,5
3290496822.0,seen_episode_v_the_empire_strikes_back,1,Episode V: The Empire Strikes Back,the_empire_strikes_back,5
3290491807.0,seen_episode_v_the_empire_strikes_back,0,Episode V: The Empire Strikes Back,the_empire_strikes_back,5
3290477551.0,seen_episode_v_the_empire_strikes_back,1,Episode V: The Empire Strikes Back,the_empire_strikes_back,5
3290475079.0,seen_episode_v_the_empire_strikes_back,0,Episode V: The Empire Strikes Back,the_empire_strikes_back,5
3290474953.0,seen_episode_v_the_empire_strikes_back,1,Episode V: The Empire Strikes Back,the_empire_strikes_back,5
3290471553.0,seen_episode_v_the_empire_strikes_back,1,Episode V: The Empire Strikes Back,the_empire_strikes_back,5
3290467062.0,seen_episode_v_the_empire_strikes_back,1,Episode V: The Empire Strikes Back,the_empire_strikes_back,5
3290467000.0,seen_episode_v_the_empire_strikes_back,1,Episode V: The Empire Strikes Back,the_empire_strikes_back,5
3290464481.0,seen_episode_v_the_empire_strikes_back,1,Episode V: The Empire Strikes Back,the_empire_strikes_back,5
3290463350.0,seen_episode_v_the_empire_strikes_back,0,Episode V: The Empire Strikes Back,the_empire_strikes_back,5
3290461599.0,seen_episode_v_the_empire_strikes_back,1,Episode V: The Empire Strikes Back,the_empire_strikes_back,5
3290461455.0,seen_episode_v_the_empire_strikes_back,0,Episode V: The Empire Strikes Back,the_empire_strikes_back,5
3290448644.0,seen_episode_v_the_empire_strikes_back,1,Episode V: The Empire Strikes Back,the_empire_strikes_back,5
3290444421.0,seen_episode_v_the_empire_strikes_back,1,Episode V: The Empire Strikes Back,the_empire_strikes_back,5
3290439063.0,seen_episode_v_the_empire_strikes_back,1,Episode V: The Empire Strikes Back,the_empire_strikes_back,5
3290437717.0,seen_episode_v_the_empire_strikes_back,1,Episode V: The Empire Strikes Back,the_empire_strikes_back,5
3290432874.0,seen_episode_v_the_empire_strikes_back,0,Episode V: The Empire Strikes Back,the_empire_strikes_back,5
3290432121.0,seen_episode_v_the_empire_strikes_back,0,Episode V: The Empire Strikes Back,the_empire_strikes_back,5
3290428766.0,seen_episode_v_the_empire_strikes_back,0,Episode V: The Empire Strikes Back,the_empire_strikes_back,5
3290427764.0,seen_episode_v_the_empire_strikes_back,1,Episode V: The Empire Strikes Back,the_empire_strikes_back,5
3290426384.0,seen_episode_v_the_empire_strikes_back,1,Episode V: The Empire Strikes Back,the_empire_strikes_back,5
3290426289.0,seen_episode_v_the_empire_strikes_back,0,Episode V: The Empire Strikes Back,the_empire_strikes_back,5
3290423155.0,seen_episode_v_the_empire_strikes_back,1,Episode V: The Empire Strikes Back,the_empire_strikes_back,5
3290421738.0,seen_episode_v_the_empire_strikes_back,1,Episode V: The Empire Strikes Back,the_empire_strikes_back,5
3290417966.0,seen_episode_v_the_empire_strikes_back,1,Episode V: The Empire Strikes Back,the_empire_strikes_back,5
3290412412.0,seen_episode_v_the_empire_strikes_back,0,Episode V: The Empire Strikes Back,the_empire_strikes_back,5
3290411058.0,seen_episode_v_the_empire_strikes_back,1,Episode V: The Empire Strikes Back,the_empire_strikes_back,5
3290409431.0,seen_episode_v_the_empire_strikes_back,1,Episode V: The Empire Strikes Back,the_empire_strikes_back,5
3290409075.0,seen_episode_v_the_empire_strikes_back,1,Episode V: The Empire Strikes Back,the_empire_strikes_back,5
3290407409.0,seen_episode_v_the_empire_strikes_back,1,Episode V: The Empire Strikes Back,the_empire_strikes_back,5
3290401956.0,seen_episode_v_the_empire_strikes_back,1,Episode V: The Empire Strikes Back,the_empire_strikes_back,5
3290398978.0,seen_episode_v_the_empire_strikes_back,0,Episode V: The Empire Strikes Back,the_empire_strikes_back,5
3290394872.0,seen_episode_v_the_empire_strikes_back,1,Episode V: The Empire Strikes Back,the_empire_strikes_back,5
3290392454.0,seen_episode_v_the_empire_strikes_back,1,Episode V: The Empire Strikes Back,the_empire_strikes_back,5
3290392264.0,seen_episode_v_the_empire_strikes_back,1,Episode V: The Empire Strikes Back,the_empire_strikes_back,5
3290391985.0,seen_episode_v_the_empire_strikes_back,1,Episode V: The Empire Strikes Back,the_empire_strikes_back,5
3290386524.0,seen_episode_v_the_empire_strikes_back,1,Episode V: The Empire Strikes Back,the_empire_strikes_back,5
3290380140.0,seen_episode_v_the_empire_strikes_back,0,Episode V: The Empire Strikes Back,the_empire_strikes_back,5
3290374523.0,seen_episode_v_the_empire_strikes_back,1,Episode V: The Empire Strikes Back,the_empire_strikes_back,5
3290371734.0,seen_episode_v_the_empire_strikes_back,0,Episode V: The Empire Strikes Back,the_empire_strikes_back,5
3290371532.0,seen_episode_v_the_empire_strikes_back,0,Episode V: The Empire Strikes Back,the_empire_strikes_back,5
3290371101.0,seen_episode_v_the_empire_strikes_back,0,Episode V: The Empire Strikes Back,the_empire_strikes_back,5
3290365225.0,seen_episode_v_the_empire_strikes_back,1,Episode V: The Empire Strikes Back,the_empire_strikes_back,5
3290364952.0,seen_episode_v_the_empire_strikes_back,1,Episode V: The Empire Strikes Back,the_empire_strikes_back,5
3290359700.0,seen_episode_v_the_empire_strikes_back,0,Episode V: The Empire Strikes Back,the_empire_strikes_back,5
3290358751.0,seen_episode_v_the_empire_strikes_back,0,Episode V: The Empire Strikes Back,the_empire_strikes_back,5
3290350512.0,seen_episode_v_the_empire_strikes_back,1,Episode V: The Empire Strikes Back,the_empire_strikes_back,5
3290347473.0,seen_episode_v_the_empire_strikes_back,1,Episode V: The Empire Strikes Back,the_empire_strikes_back,5
3290344571.0,seen_episode_v_the_empire_strikes_back,1,Episode V: The Empire Strikes Back,the_empire_strikes_back,5
3290343366.0,seen_episode_v_the_empire_strikes_back,1,Episode V: The Empire Strikes Back,the_empire_strikes_back,5
3290342169.0,seen_episode_v_the_empire_strikes_back,0,Episode V: The Empire Strikes Back,the_empire_strikes_back,5
3290342102.0,seen_episode_v_the_empire_strikes_back,1,Episode V: The Empire Strikes Back,the_empire_strikes_back,5
3290340804.0,seen_episode_v_the_empire_strikes_back,1,Episode V: The Empire Strikes Back,the_empire_strikes_back,5
3290337251.0,seen_episode_v_the_empire_strikes_back,1,Episode V: The Empire Strikes Back,the_empire_strikes_back,5
3290335343.0,seen_episode_v_the_empire_strikes_back,0,Episode V: The Empire Strikes Back,the_empire_strikes_back,5
3290329580.0,seen_episode_v_the_empire_strikes_back,0,Episode V: The Empire Strikes Back,the_empire_strikes_back,5
3290328309.0,seen_episode_v_the_empire_strikes_back,1,Episode V: The Empire Strikes Back,the_empire_strikes_back,5
3290325811.0,seen_episode_v_the_empire_strikes_back,1,Episode V: The Empire Strikes Back,the_empire_strikes_back,5
3290324518.0,seen_episode_v_the_empire_strikes_back,1,Episode V: The Empire Strikes Back,the_empire_strikes_back,5
3290320007.0,seen_episode_v_the_empire_strikes_back,1,Episode V: The Empire Strikes Back,the_empire_strikes_back,5
3290318577.0,seen_episode_v_the_empire_strikes_back,0,Episode V: The Empire Strikes Back,the_empire_strikes_back,5
3290317691.0,seen_episode_v_the_empire_strikes_back,1,Episode V: The Empire Strikes Back,the_empire_strikes_back,5
3290316632.0,seen_episode_v_the_empire_strikes_back,1,Episode V: The Empire Strikes Back,the_empire_strikes_back,5
3290316375.0,seen_episode_v_the_empire_strikes_back,1,Episode V: The Empire Strikes Back,the_empire_strikes_back,5
3290315336.0,seen_episode_v_the_empire_strikes_back,1,Episode V: The Empire Strikes Back,the_empire_strikes_back,5
3290310304.0,seen_episode_v_the_empire_strikes_back,0,Episode V: The Empire Strikes Back,the_empire_strikes_back,5
3290309722.0,seen_episode_v_the_empire_strikes_back,1,Episode V: The Empire Strikes Back,the_empire_strikes_back,5
3290309711.0,seen_episode_v_the_empire_strikes_back,1,Episode V: The Empire Strikes Back,the_empire_strikes_back,5
3290304610.0,seen_episode_v_the_empire_strikes_back,0,Episode V: The Empire Strikes Back,the_empire_strikes_back,5
3290297761.0,seen_episode_v_the_empire_strikes_back,0,Episode V: The Empire Strikes Back,the_empire_strikes_back,5
3290296317.0,seen_episode_v_the_empire_strikes_back,1,Episode V: The Empire Strikes Back,the_empire_strikes_back,5
3290295809.0,seen_episode_v_the_empire_strikes_back,1,Episode V: The Empire Strikes Back,the_empire_strikes_back,5
3290294922.0,seen_episode_v_the_empire_strikes_back,0,Episode V: The Empire Strikes Back,the_empire_strikes_back,5
3290294142.0,seen_episode_v_the_empire_strikes_back,0,Episode V: The Empire Strikes Back,the_empire_strikes_back,5
3290292697.0,seen_episode_v_the_empire_strikes_back,1,Episode V: The Empire Strikes Back,the_empire_strikes_back,5
3290289176.0,seen_episode_v_the_empire_strikes_back,0,Episode V: The Empire Strikes Back,the_empire_strikes_back,5
3290287101.0,seen_episode_v_the_empire_strikes_back,0,Episode V: The Empire Strikes Back,the_empire_strikes_back,5
3290283817.0,seen_episode_v_the_empire_strikes_back,1,Episode V: The Empire Strikes Back,the_empire_strikes_back,5
3290283139.0,seen_episode_v_the_empire_strikes_back,1,Episode V: The Empire Strikes Back,the_empire_strikes_back,5
3290280642.0,seen_episode_v_the_empire_strikes_back,0,Episode V: The Empire Strikes Back,the_empire_strikes_back,5
3290279732.0,seen_episode_v_the_empire_strikes_back,1,Episode V: The Empire Strikes Back,the_empire_strikes_back,5
3290269777.0,seen_episode_v_the_empire_strikes_back,1,Episode V: The Empire Strikes Back,the_empire_strikes_back,5
3290268027.0,seen_episode_v_the_empire_strikes_back,0,Episode V: The Empire Strikes Back,the_empire_strikes_back,5
3290266084.0,seen_episode_v_the_empire_strikes_back,1,Episode V: The Empire Strikes Back,the_empire_strikes_back,5
3290262568.0,seen_episode_v_the_empire_strikes_back,1,Episode V: The Empire Strikes Back,the_empire_strikes_back,5
3290257673.0,seen_episode_v_the_empire_strikes_back,1,Episode V: The Empire Strikes Back,the_empire_strikes_back,5
3290249464.0,seen_episode_v_the_empire_strikes_back,0,Episode V: The Empire Strikes Back,the_empire_strikes_back,5
3290248279.0,seen_episode_v_the_empire_strikes_back,0,Episode V: The Empire Strikes Back,the_empire_strikes_back,5
3290248167.0,seen_episode_v_the_empire_strikes_back,0,Episode V: The Empire Strikes Back,the_empire_strikes_back,5
3290229579.0,seen_episode_v_the_empire_strikes_back,1,Episode V: The Empire Strikes Back,the_empire_strikes_back,5
3290227264.0,seen_episode_v_the_empire_strikes_back,1,Episode V: The Empire Strikes Back,the_empire_strikes_back,5
3290225128.0,seen_episode_v_the_empire_strikes_back,0,Episode V: The Empire Strikes Back,the_empire_strikes_back,5
3290223393.0,seen_episode_v_the_empire_strikes_back,1,Episode V: The Empire Strikes Back,the_empire_strikes_back,5
3290216970.0,seen_episode_v_the_empire_strikes_back,1,Episode V: The Empire Strikes Back,the_empire_strikes_back,5
3290213089.0,seen_episode_v_the_empire_strikes_back,1,Episode V: The Empire Strikes Back,the_empire_strikes_back,5
3290210801.0,seen_episode_v_the_empire_strikes_back,1,Episode V: The Empire Strikes Back,the_empire_strikes_back,5
3290209773.0,seen_episode_v_the_empire_strikes_back,1,Episode V: The Empire Strikes Back,the_empire_strikes_back,5
3290209744.0,seen_episode_v_the_empire_strikes_back,1,Episode V: The Empire Strikes Back,the_empire_strikes_back,5
3290206907.0,seen_episode_v_the_empire_strikes_back,1,Episode V: The Empire Strikes Back,the_empire_strikes_back,5
3290203063.0,seen_episode_v_the_empire_strikes_back,1,Episode V: The Empire Strikes Back,the_empire_strikes_back,5
3290201752.0,seen_episode_v_the_empire_strikes_back,0,Episode V: The Empire Strikes Back,the_empire_strikes_back,5
3290196296.0,seen_episode_v_the_empire_strikes_back,0,Episode V: The Empire Strikes Back,the_empire_strikes_back,5
3290193368.0,seen_episode_v_the_empire_strikes_back,0,Episode V: The Empire Strikes Back,the_empire_strikes_back,5
3290191566.0,seen_episode_v_the_empire_strikes_back,1,Episode V: The Empire Strikes Back,the_empire_strikes_back,5
3290188213.0,seen_episode_v_the_empire_strikes_back,1,Episode V: The Empire Strikes Back,the_empire_strikes_back,5
3290185244.0,seen_episode_v_the_empire_strikes_back,1,Episode V: The Empire Strikes Back,the_empire_strikes_back,5
3290184813.0,seen_episode_v_the_empire_strikes_back,0,Episode V: The Empire Strikes Back,the_empire_strikes_back,5
3290182531.0,seen_episode_v_the_empire_strikes_back,0,Episode V: The Empire Strikes Back,the_empire_strikes_back,5
3290180442.0,seen_episode_v_the_empire_strikes_back,0,Episode V: The Empire Strikes Back,the_empire_strikes_back,5
3290176915.0,seen_episode_v_the_empire_strikes_back,0,Episode V: The Empire Strikes Back,the_empire_strikes_back,5
3290176563.0,seen_episode_v_the_empire_strikes_back,1,Episode V: The Empire Strikes Back,the_empire_strikes_back,5
3290174629.0,seen_episode_v_the_empire_strikes_back,0,Episode V: The Empire Strikes Back,the_empire_strikes_back,5
3290174048.0,seen_episode_v_the_empire_strikes_back,0,Episode V: The Empire Strikes Back,the_empire_strikes_back,5
3290173775.0,seen_episode_v_the_empire_strikes_back,1,Episode V: The Empire Strikes Back,the_empire_strikes_back,5
3290173176.0,seen_episode_v_the_empire_strikes_back,1,Episode V: The Empire Strikes Back,the_empire_strikes_back,5
3290167473.0,seen_episode_v_the_empire_strikes_back,1,Episode V: The Empire Strikes Back,the_empire_strikes_back,5
3290164098.0,seen_episode_v_the_empire_strikes_back,0,Episode V: The Empire Strikes Back,the_empire_strikes_back,5
3290159455.0,seen_episode_v_the_empire_strikes_back,0,Episode V: The Empire Strikes Back,the_empire_strikes_back,5
3290159056.0,seen_episode_v_the_empire_strikes_back,0,Episode V: The Empire Strikes Back,the_empire_strikes_back,5
3290157529.0,seen_episode_v_the_empire_strikes_back,1,Episode V: The Empire Strikes Back,the_empire_strikes_back,5
3290149698.0,seen_episode_v_the_empire_strikes_back,1,Episode V: The Empire Strikes Back,the_empire_strikes_back,5
3290148834.0,seen_episode_v_the_empire_strikes_back,0,Episode V: The Empire Strikes Back,the_empire_strikes_back,5
3290145517.0,seen_episode_v_the_empire_strikes_back,1,Episode V: The Empire Strikes Back,the_empire_strikes_back,5
3290142232.0,seen_episode_v_the_empire_strikes_back,1,Episode V: The Empire Strikes Back,the_empire_strikes_back,5
3290139192.0,seen_episode_v_the_empire_strikes_back,1,Episode V: The Empire Strikes Back,the_empire_strikes_back,5
3290137793.0,seen_episode_v_the_empire_strikes_back,1,Episode V: The Empire Strikes Back,the_empire_strikes_back,5
3290128978.0,seen_episode_v_the_empire_strikes_back,0,Episode V: The Empire Strikes Back,the_empire_strikes_back,5
3290128468.0,seen_episode_v_the_empire_strikes_back,0,Episode V: The Empire Strikes Back,the_empire_strikes_back,5
3290127670.0,seen_episode_v_the_empire_strikes_back,0,Episode V: The Empire Strikes Back,the_empire_strikes_back,5
3290125801.0,seen_episode_v_the_empire_strikes_back,1,Episode V: The Empire Strikes Back,the_empire_strikes_back,5
3290125784.0,seen_episode_v_the_empire_strikes_back,1,Episode V: The Empire Strikes Back,the_empire_strikes_back,5
3290125550.0,seen_episode_v_the_empire_strikes_back,1,Episode V: The Empire Strikes Back,the_empire_strikes_back,5
3290125357.0,seen_episode_v_the_empire_strikes_back,1,Episode V: The Empire Strikes Back,the_empire_strikes_back,5
3290124259.0,seen_episode_v_the_empire_strikes_back,1,Episode V: The Empire Strikes Back,the_empire_strikes_back,5
3290116629.0,seen_episode_v_the_empire_strikes_back,0,Episode V: The Empire Strikes Back,the_empire_strikes_back,5
3290116182.0,seen_episode_v_the_empire_strikes_back,1,Episode V: The Empire Strikes Back,the_empire_strikes_back,5
3290109779.0,seen_episode_v_the_empire_strikes_back,1,Episode V: The Empire Strikes Back,the_empire_strikes_back,5
3290103593.0,seen_episode_v_the_empire_strikes_back,1,Episode V: The Empire Strikes Back,the_empire_strikes_back,5
3290099797.0,seen_episode_v_the_empire_strikes_back,1,Episode V: The Empire Strikes Back,the_empire_strikes_back,5
3290097546.0,seen_episode_v_the_empire_strikes_back,1,Episode V: The Empire Strikes Back,the_empire_strikes_back,5
3290097268.0,seen_episode_v_the_empire_strikes_back,0,Episode V: The Empire Strikes Back,the_empire_strikes_back,5
3290095220.0,seen_episode_v_the_empire_strikes_back,0,Episode V: The Empire Strikes Back,the_empire_strikes_back,5
3290094384.0,seen_episode_v_the_empire_strikes_back,0,Episode V: The Empire Strikes Back,the_empire_strikes_back,5
3290083352.0,seen_episode_v_the_empire_strikes_back,0,Episode V: The Empire Strikes Back,the_empire_strikes_back,5
3290082468.0,seen_episode_v_the_empire_strikes_back,0,Episode V: The Empire Strikes Back,the_empire_strikes_back,5
3290081504.0,seen_episode_v_the_empire_strikes_back,0,Episode V: The Empire Strikes Back,the_empire_strikes_back,5
3290081040.0,seen_episode_v_the_empire_strikes_back,0,Episode V: The Empire Strikes Back,the_empire_strikes_back,5
3290076587.0,seen_episode_v_the_empire_strikes_back,0,Episode V: The Empire Strikes Back,the_empire_strikes_back,5
3290071379.0,seen_episode_v_the_empire_strikes_back,0,Episode V: The Empire Strikes Back,the_empire_strikes_back,5
3290070395.0,seen_episode_v_the_empire_strikes_back,1,Episode V: The Empire Strikes Back,the_empire_strikes_back,5
3290068892.0,seen_episode_v_the_empire_strikes_back,0,Episode V: The Empire Strikes Back,the_empire_strikes_back,5
3290068765.0,seen_episode_v_the_empire_strikes_back,1,Episode V: The Empire Strikes Back,the_empire_strikes_back,5
3290063543.0,seen_episode_v_the_empire_strikes_back,1,Episode V: The Empire Strikes Back,the_empire_strikes_back,5
3290062936.0,seen_episode_v_the_empire_strikes_back,0,Episode V: The Empire Strikes Back,the_empire_strikes_back,5
3290061815.0,seen_episode_v_the_empire_strikes_back,1,Episode V: The Empire Strikes Back,the_empire_strikes_back,5
3290058506.0,seen_episode_v_the_empire_strikes_back,1,Episode V: The Empire Strikes Back,the_empire_strikes_back,5
3290058216.0,seen_episode_v_the_empire_strikes_back,1,Episode V: The Empire Strikes Back,the_empire_strikes_back,5
3290050695.0,seen_episode_v_the_empire_strikes_back,0,Episode V: The Empire Strikes Back,the_empire_strikes_back,5
3290049932.0,seen_episode_v_the_empire_strikes_back,0,Episode V: The Empire Strikes Back,the_empire_strikes_back,5
3290049231.0,seen_episode_v_the_empire_strikes_back,1,Episode V: The Empire Strikes Back,the_empire_strikes_back,5
3290048884.0,seen_episode_v_the_empire_strikes_back,1,Episode V: The Empire Strikes Back,the_empire_strikes_back,5
3290047842.0,seen_episode_v_the_empire_strikes_back,1,Episode V: The Empire Strikes Back,the_empire_strikes_back,5
3290047689.0,seen_episode_v_the_empire_strikes_back,0,Episode V: The Empire Strikes Back,the_empire_strikes_back,5
3290047483.0,seen_episode_v_the_empire_strikes_back,1,Episode V: The Empire Strikes Back,the_empire_strikes_back,5
3290046627.0,seen_episode_v_the_empire_strikes_back,1,Episode V: The Empire Strikes Back,the_empire_strikes_back,5
3290042369.0,seen_episode_v_the_empire_strikes_back,1,Episode V: The Empire Strikes Back,the_empire_strikes_back,5
3290038794.0,seen_episode_v_the_empire_strikes_back,1,Episode V: The Empire Strikes Back,the_empire_strikes_back,5
3290034196.0,seen_episode_v_the_empire_strikes_back,0,Episode V: The Empire Strikes Back,the_empire_strikes_back,5
3290032864.0,seen_episode_v_the_empire_strikes_back,1,Episode V: The Empire Strikes Back,the_empire_strikes_back,5
3290029531.0,seen_episode_v_the_empire_strikes_back,1,Episode V: The Empire Strikes Back,the_empire_strikes_back,5
3290024333.0,seen_episode_v_the_empire_strikes_back,1,Episode V: The Empire Strikes Back,the_empire_strikes_back,5
3290022302.0,seen_episode_v_the_empire_strikes_back,1,Episode V: The Empire Strikes Back,the_empire_strikes_back,5
3290019869.0,seen_episode_v_the_empire_strikes_back,1,Episode V: The Empire Strikes Back,the_empire_strikes_back,5
3290019779.0,seen_episode_v_the_empire_strikes_back,0,Episode V: The Empire Strikes Back,the_empire_strikes_back,5
3290018381.0,seen_episode_v_the_empire_strikes_back,1,Episode V: The Empire Strikes Back,the_empire_strikes_back,5
3290017901.0,seen_episode_v_the_empire_strikes_back,0,Episode V: The Empire Strikes Back,the_empire_strikes_back,5
3290014606.0,seen_episode_v_the_empire_strikes_back,0,Episode V: The Empire Strikes Back,the_empire_strikes_back,5
3290013239.0,seen_episode_v_the_empire_strikes_back,0,Episode V: The Empire Strikes Back,the_empire_strikes_back,5
3290011286.0,seen_episode_v_the_empire_strikes_back,1,Episode V: The Empire Strikes Back,the_empire_strikes_back,5
3290010419.0,seen_episode_v_the_empire_strikes_back,1,Episode V: The Empire Strikes Back,the_empire_strikes_back,5
3290008538.0,seen_episode_v_the_empire_strikes_back,0,Episode V: The Empire Strikes Back,the_empire_strikes_back,5
3290005674.0,seen_episode_v_the_empire_strikes_back,1,Episode V: The Empire Strikes Back,the_empire_strikes_back,5
3290002601.0,seen_episode_v_the_empire_strikes_back,1,Episode V: The Empire Strikes Back,the_empire_strikes_back,5
3289997713.0,seen_episode_v_the_empire_strikes_back,1,Episode V: The Empire Strikes Back,the_empire_strikes_back,5
3289997196.0,seen_episode_v_the_empire_strikes_back,1,Episode V: The Empire Strikes Back,the_empire_strikes_back,5
3289996800.0,seen_episode_v_the_empire_strikes_back,1,Episode V: The Empire Strikes Back,the_empire_strikes_back,5
3289996025.0,seen_episode_v_the_empire_strikes_back,1,Episode V: The Empire Strikes Back,the_empire_strikes_back,5
3289995352.0,seen_episode_v_the_empire_strikes_back,1,Episode V: The Empire Strikes Back,the_empire_strikes_back,5
3289993284.0,seen_episode_v_the_empire_strikes_back,1,Episode V: The Empire Strikes Back,the_empire_strikes_back,5
3289991708.0,seen_episode_v_the_empire_strikes_back,0,Episode V: The Empire Strikes Back,the_empire_strikes_back,5
3289989311.0,seen_episode_v_the_empire_strikes_back,0,Episode V: The Empire Strikes Back,the_empire_strikes_back,5
3289988393.0,seen_episode_v_the_empire_strikes_back,1,Episode V: The Empire Strikes Back,the_empire_strikes_back,5
3289987865.0,seen_episode_v_the_empire_strikes_back,0,Episode V: The Empire Strikes Back,the_empire_strikes_back,5
3289986698.0,seen_episode_v_the_empire_strikes_back,0,Episode V: The Empire Strikes Back,the_empire_strikes_back,5
3289985995.0,seen_episode_v_the_empire_strikes_back,1,Episode V: The Empire Strikes Back,the_empire_strikes_back,5
3289980534.0,seen_episode_v_the_empire_strikes_back,1,Episode V: The Empire Strikes Back,the_empire_strikes_back,5
3289973506.0,seen_episode_v_the_empire_strikes_back,1,Episode V: The Empire Strikes Back,the_empire_strikes_back,5
3289972382.0,seen_episode_v_the_empire_strikes_back,0,Episode V: The Empire Strikes Back,the_empire_strikes_back,5
3289971452.0,seen_episode_v_the_empire_strikes_back,0,Episode V: The Empire Strikes Back,the_empire_strikes_back,5
3289971256.0,seen_episode_v_the_empire_strikes_back,1,Episode V: The Empire Strikes Back,the_empire_strikes_back,5
3289963393.0,seen_episode_v_the_empire_strikes_back,1,Episode V: The Empire Strikes Back,the_empire_strikes_back,5
3289962839.0,seen_episode_v_the_empire_strikes_back,0,Episode V: The Empire Strikes Back,the_empire_strikes_back,5
3289962614.0,seen_episode_v_the_empire_strikes_back,1,Episode V: The Empire Strikes Back,the_empire_strikes_back,5
3289956408.0,seen_episode_v_the_empire_strikes_back,0,Episode V: The Empire Strikes Back,the_empire_strikes_back,5
3289955364.0,seen_episode_v_the_empire_strikes_back,1,Episode V: The Empire Strikes Back,the_empire_strikes_back,5
3289952496.0,seen_episode_v_the_empire_strikes_back,1,Episode V: The Empire Strikes Back,the_empire_strikes_back,5
3289951011.0,seen_episode_v_the_empire_strikes_back,1,Episode V: The Empire Strikes Back,the_empire_strikes_back,5
3289949516.0,seen_episode_v_the_empire_strikes_back,1,Episode V: The Empire Strikes Back,the_empire_strikes_back,5
3289949409.0,seen_episode_v_the_empire_strikes_back,1,Episode V: The Empire Strikes Back,the_empire_strikes_back,5
3289943405.0,seen_episode_v_the_empire_strikes_back,1,Episode V: The Empire Strikes Back,the_empire_strikes_back,5
3289943097.0,seen_episode_v_the_empire_strikes_back,1,Episode V: The Empire Strikes Back,the_empire_strikes_back,5
3289942520.0,seen_episode_v_the_empire_strikes_back,0,Episode V: The Empire Strikes Back,the_empire_strikes_back,5
3289933137.0,seen_episode_v_the_empire_strikes_back,0,Episode V: The Empire Strikes Back,the_empire_strikes_back,5
3289927404.0,seen_episode_v_the_empire_strikes_back,1,Episode V: The Empire Strikes Back,the_empire_strikes_back,5
3289924943.0,seen_episode_v_the_empire_strikes_back,1,Episode V: The Empire Strikes Back,the_empire_strikes_back,5
3289923980.0,seen_episode_v_the_empire_strikes_back,1,Episode V: The Empire Strikes Back,the_empire_strikes_back,5
3289920249.0,seen_episode_v_the_empire_strikes_back,1,Episode V: The Empire Strikes Back,the_empire_strikes_back,5
3289919285.0,seen_episode_v_the_empire_strikes_back,0,Episode V: The Empire Strikes Back,the_empire_strikes_back,5
3289918842.0,seen_episode_v_the_empire_strikes_back,1,Episode V: The Empire Strikes Back,the_empire_strikes_back,5
3289914533.0,seen_episode_v_the_empire_strikes_back,1,Episode V: The Empire Strikes Back,the_empire_strikes_back,5
3289914097.0,seen_episode_v_the_empire_strikes_back,1,Episode V: The Empire Strikes Back,the_empire_strikes_back,5
3289913649.0,seen_episode_v_the_empire_strikes_back,0,Episode V: The Empire Strikes Back,the_empire_strikes_back,5
3289911175.0,seen_episode_v_the_empire_strikes_back,1,Episode V: The Empire Strikes Back,the_empire_strikes_back,5
3289909917.0,seen_episode_v_the_empire_strikes_back,1,Episode V: The Empire Strikes Back,the_empire_strikes_back,5
3289907541.0,seen_episode_v_the_empire_strikes_back,1,Episode V: The Empire Strikes Back,the_empire_strikes_back,5
3289905986.0,seen_episode_v_the_empire_strikes_back,0,Episode V: The Empire Strikes Back,the_empire_strikes_back,5
3289905819.0,seen_episode_v_the_empire_strikes_back,0,Episode V: The Empire Strikes Back,the_empire_strikes_back,5
3289905044.0,seen_episode_v_the_empire_strikes_back,1,Episode V: The Empire Strikes Back,the_empire_strikes_back,5
3289903380.0,seen_episode_v_the_empire_strikes_back,0,Episode V: The Empire Strikes Back,the_empire_strikes_back,5
3289902920.0,seen_episode_v_the_empire_strikes_back,1,Episode V: The Empire Strikes Back,the_empire_strikes_back,5
3289902115.0,seen_episode_v_the_empire_strikes_back,1,Episode V: The Empire Strikes Back,the_empire_strikes_back,5
3289901820.0,seen_episode_v_the_empire_strikes_back,1,Episode V: The Empire Strikes Back,the_empire_strikes_back,5
3289901633.0,seen_episode_v_the_empire_strikes_back,1,Episode V: The Empire Strikes Back,the_empire_strikes_back,5
3289897826.0,seen_episode_v_the_empire_strikes_back,1,Episode V: The Empire Strikes Back,the_empire_strikes_back,5
3289896565.0,seen_episode_v_the_empire_strikes_back,1,Episode V: The Empire Strikes Back,the_empire_strikes_back,5
3289895732.0,seen_episode_v_the_empire_strikes_back,1,Episode V: The Empire Strikes Back,the_empire_strikes_back,5
3289894873.0,seen_episode_v_the_empire_strikes_back,0,Episode V: The Empire Strikes Back,the_empire_strikes_back,5
3289891069.0,seen_episode_v_the_empire_strikes_back,0,Episode V: The Empire Strikes Back,the_empire_strikes_back,5
3289890495.0,seen_episode_v_the_empire_strikes_back,0,Episode V: The Empire Strikes Back,the_empire_strikes_back,5
3289888113.0,seen_episode_v_the_empire_strikes_back,0,Episode V: The Empire Strikes Back,the_empire_strikes_back,5
3289888015.0,seen_episode_v_the_empire_strikes_back,1,Episode V: The Empire Strikes Back,the_empire_strikes_back,5
3289885747.0,seen_episode_v_the_empire_strikes_back,1,Episode V: The Empire Strikes Back,the_empire_strikes_back,5
3289878528.0,seen_episode_v_the_empire_strikes_back,1,Episode V: The Empire Strikes Back,the_empire_strikes_back,5
3289877093.0,seen_episode_v_the_empire_strikes_back,1,Episode V: The Empire Strikes Back,the_empire_strikes_back,5
3289874408.0,seen_episode_v_the_empire_strikes_back,1,Episode V: The Empire Strikes Back,the_empire_strikes_back,5
3289873978.0,seen_episode_v_the_empire_strikes_back,1,Episode V: The Empire Strikes Back,the_empire_strikes_back,5
3289870772.0,seen_episode_v_the_empire_strikes_back,1,Episode V: The Empire Strikes Back,the_empire_strikes_back,5
3289868197.0,seen_episode_v_the_empire_strikes_back,1,Episode V: The Empire Strikes Back,the_empire_strikes_back,5
3289866531.0,seen_episode_v_the_empire_strikes_back,1,Episode V: The Empire Strikes Back,the_empire_strikes_back,5
3289866259.0,seen_episode_v_the_empire_strikes_back,0,Episode V: The Empire Strikes Back,the_empire_strikes_back,5
3289865550.0,seen_episode_v_the_empire_strikes_back,1,Episode V: The Empire Strikes Back,the_empire_strikes_back,5
3289864687.0,seen_episode_v_the_empire_strikes_back,1,Episode V: The Empire Strikes Back,the_empire_strikes_back,5
3289862004.0,seen_episode_v_the_empire_strikes_back,0,Episode V: The Empire Strikes Back,the_empire_strikes_back,5
3289861464.0,seen_episode_v_the_empire_strikes_back,1,Episode V: The Empire Strikes Back,the_empire_strikes_back,5
3289857817.0,seen_episode_v_the_empire_strikes_back,1,Episode V: The Empire Strikes Back,the_empire_strikes_back,5
3289856887.0,seen_episode_v_the_empire_strikes_back,1,Episode V: The Empire Strikes Back,the_empire_strikes_back,5
3289856557.0,seen_episode_v_the_empire_strikes_back,0,Episode V: The Empire Strikes Back,the_empire_strikes_back,5
3289855873.0,seen_episode_v_the_empire_strikes_back,1,Episode V: The Empire Strikes Back,the_empire_strikes_back,5
3289854601.0,seen_episode_v_the_empire_strikes_back,1,Episode V: The Empire Strikes Back,the_empire_strikes_back,5
3289848909.0,seen_episode_v_the_empire_strikes_back,0,Episode V: The Empire Strikes Back,the_empire_strikes_back,5
3289847932.0,seen_episode_v_the_empire_strikes_back,1,Episode V: The Empire Strikes Back,the_empire_strikes_back,5
3289844139.0,seen_episode_v_the_empire_strikes_back,1,Episode V: The Empire Strikes Back,the_empire_strikes_back,5
3289843973.0,seen_episode_v_the_empire_strikes_back,1,Episode V: The Empire Strikes Back,the_empire_strikes_back,5
3289837359.0,seen_episode_v_the_empire_strikes_back,0,Episode V: The Empire Strikes Back,the_empire_strikes_back,5
3289835282.0,seen_episode_v_the_empire_strikes_back,1,Episode V: The Empire Strikes Back,the_empire_strikes_back,5
3289834572.0,seen_episode_v_the_empire_strikes_back,0,Episode V: The Empire Strikes Back,the_empire_strikes_back,5
3289831274.0,seen_episode_v_the_empire_strikes_back,0,Episode V: The Empire Strikes Back,the_empire_strikes_back,5
3289830199.0,seen_episode_v_the_empire_strikes_back,0,Episode V: The Empire Strikes Back,the_empire_strikes_back,5
3289829982.0,seen_episode_v_the_empire_strikes_back,1,Episode V: The Empire Strikes Back,the_empire_strikes_back,5
3289822005.0,seen_episode_v_the_empire_strikes_back,1,Episode V: The Empire Strikes Back,the_empire_strikes_back,5
3289821310.0,seen_episode_v_the_empire_strikes_back,1,Episode V: The Empire Strikes Back,the_empire_strikes_back,5
3289815685.0,seen_episode_v_the_empire_strikes_back,1,Episode V: The Empire Strikes Back,the_empire_strikes_back,5
3289813977.0,seen_episode_v_the_empire_strikes_back,1,Episode V: The Empire Strikes Back,the_empire_strikes_back,5
3289812188.0,seen_episode_v_the_empire_strikes_back,1,Episode V: The Empire Strikes Back,the_empire_strikes_back,5
3289809469.0,seen_episode_v_the_empire_strikes_back,1,Episode V: The Empire Strikes Back,the_empire_strikes_back,5
3289809255.0,seen_episode_v_the_empire_strikes_back,0,Episode V: The Empire Strikes Back,the_empire_strikes_back,5
3289808310.0,seen_episode_v_the_empire_strikes_back,0,Episode V: The Empire Strikes Back,the_empire_strikes_back,5
3289805753.0,seen_episode_v_the_empire_strikes_back,0,Episode V: The Empire Strikes Back,the_empire_strikes_back,5
3289805745.0,seen_episode_v_the_empire_strikes_back,0,Episode V: The Empire Strikes Back,the_empire_strikes_back,5
3289804908.0,seen_episode_v_the_empire_strikes_back,1,Episode V: The Empire Strikes Back,the_empire_strikes_back,5
3289804326.0,seen_episode_v_the_empire_strikes_back,1,Episode V: The Empire Strikes Back,the_empire_strikes_back,5
3289804031.0,seen_episode_v_the_empire_strikes_back,1,Episode V: The Empire Strikes Back,the_empire_strikes_back,5
3289802847.0,seen_episode_v_the_empire_strikes_back,1,Episode V: The Empire Strikes Back,the_empire_strikes_back,5
3289799650.0,seen_episode_v_the_empire_strikes_back,0,Episode V: The Empire Strikes Back,the_empire_strikes_back,5
3289799581.0,seen_episode_v_the_empire_strikes_back,1,Episode V: The Empire Strikes Back,the_empire_strikes_back,5
3289798968.0,seen_episode_v_the_empire_strikes_back,1,Episode V: The Empire Strikes Back,the_empire_strikes_back,5
3289798759.0,seen_episode_v_the_empire_strikes_back,1,Episode V: The Empire Strikes Back,the_empire_strikes_back,5
3289797876.0,seen_episode_v_the_empire_strikes_back,0,Episode V: The Empire Strikes Back,the_empire_strikes_back,5
3289795859.0,seen_episode_v_the_empire_strikes_back,0,Episode V: The Empire Strikes Back,the_empire_strikes_back,5
3289790475.0,seen_episode_v_the_empire_strikes_back,0,Episode V: The Empire Strikes Back,the_empire_strikes_back,5
3289790146.0,seen_episode_v_the_empire_strikes_back,1,Episode V: The Empire Strikes Back,the_empire_strikes_back,5
3289786719.0,seen_episode_v_the_empire_strikes_back,1,Episode V: The Empire Strikes Back,the_empire_strikes_back,5
3289781705.0,seen_episode_v_the_empire_strikes_back,1,Episode V: The Empire Strikes Back,the_empire_strikes_back,5
3289779434.0,seen_episode_v_the_empire_strikes_back,0,Episode V: The Empire Strikes Back,the_empire_strikes_back,5
3289764515.0,seen_episode_v_the_empire_strikes_back,0,Episode V: The Empire Strikes Back,the_empire_strikes_back,5
3289758800.0,seen_episode_v_the_empire_strikes_back,1,Episode V: The Empire Strikes Back,the_empire_strikes_back,5
3289757385.0,seen_episode_v_the_empire_strikes_back,1,Episode V: The Empire Strikes Back,the_empire_strikes_back,5
3289757163.0,seen_episode_v_the_empire_strikes_back,1,Episode V: The Empire Strikes Back,the_empire_strikes_back,5
3289753279.0,seen_episode_v_the_empire_strikes_back,0,Episode V: The Empire Strikes Back,the_empire_strikes_back,5
3289752347.0,seen_episode_v_the_empire_strikes_back,1,Episode V: The Empire Strikes Back,the_empire_strikes_back,5
3289751464.0,seen_episode_v_the_empire_strikes_back,1,Episode V: The Empire Strikes Back,the_empire_strikes_back,5
3289745316.0,seen_episode_v_the_empire_strikes_back,0,Episode V: The Empire Strikes Back,the_empire_strikes_back,5
3289745063.0,seen_episode_v_the_empire_strikes_back,1,Episode V: The Empire Strikes Back,the_empire_strikes_back,5
3289737236.0,seen_episode_v_the_empire_strikes_back,1,Episode V: The Empire Strikes Back,the_empire_strikes_back,5
3289735954.0,seen_episode_v_the_empire_strikes_back,0,Episode V: The Empire Strikes Back,the_empire_strikes_back,5
3289733444.0,seen_episode_v_the_empire_strikes_back,1,Episode V: The Empire Strikes Back,the_empire_strikes_back,5
3289730973.0,seen_episode_v_the_empire_strikes_back,1,Episode V: The Empire Strikes Back,the_empire_strikes_back,5
3289727014.0,seen_episode_v_the_empire_strikes_back,1,Episode V: The Empire Strikes Back,the_empire_strikes_back,5
3289725827.0,seen_episode_v_the_empire_strikes_back,1,Episode V: The Empire Strikes Back,the_empire_strikes_back,5
3289725605.0,seen_episode_v_the_empire_strikes_back,1,Episode V: The Empire Strikes Back,the_empire_strikes_back,5
3289722110.0,seen_episode_v_the_empire_strikes_back,1,Episode V: The Empire Strikes Back,the_empire_strikes_back,5
3289713384.0,seen_episode_v_the_empire_strikes_back,0,Episode V: The Empire Strikes Back,the_empire_strikes_back,5
3289711817.0,seen_episode_v_the_empire_strikes_back,1,Episode V: The Empire Strikes Back,the_empire_strikes_back,5
3289710382.0,seen_episode_v_the_empire_strikes_back,0,Episode V: The Empire Strikes Back,the_empire_strikes_back,5
3289706727.0,seen_episode_v_the_empire_strikes_back,1,Episode V: The Empire Strikes Back,the_empire_strikes_back,5
3289706550.0,seen_episode_v_the_empire_strikes_back,0,Episode V: The Empire Strikes Back,the_empire_strikes_back,5
3289705195.0,seen_episode_v_the_empire_strikes_back,1,Episode V: The Empire Strikes Back,the_empire_strikes_back,5
3289700288.0,seen_episode_v_the_empire_strikes_back,1,Episode V: The Empire Strikes Back,the_empire_strikes_back,5
3289695941.0,seen_episode_v_the_empire_strikes_back,1,Episode V: The Empire Strikes Back,the_empire_strikes_back,5
3289693023.0,seen_episode_v_the_empire_strikes_back,1,Episode V: The Empire Strikes Back,the_empire_strikes_back,5
3289692258.0,seen_episode_v_the_empire_strikes_back,1,Episode V: The Empire Strikes Back,the_empire_strikes_back,5
3289689591.0,seen_episode_v_the_empire_strikes_back,0,Episode V: The Empire Strikes Back,the_empire_strikes_back,5
3289689331.0,seen_episode_v_the_empire_strikes_back,1,Episode V: The Empire Strikes Back,the_empire_strikes_back,5
3289688885.0,seen_episode_v_the_empire_strikes_back,1,Episode V: The Empire Strikes Back,the_empire_strikes_back,5
3289686202.0,seen_episode_v_the_empire_strikes_back,0,Episode V: The Empire Strikes Back,the_empire_strikes_back,5
3289685200.0,seen_episode_v_the_empire_strikes_back,0,Episode V: The Empire Strikes Back,the_empire_strikes_back,5
3289684323.0,seen_episode_v_the_empire_strikes_back,1,Episode V: The Empire Strikes Back,the_empire_strikes_back,5
3289681765.0,seen_episode_v_the_empire_strikes_back,1,Episode V: The Empire Strikes Back,the_empire_strikes_back,5
3289680108.0,seen_episode_v_the_empire_strikes_back,1,Episode V: The Empire Strikes Back,the_empire_strikes_back,5
3289673695.0,seen_episode_v_the_empire_strikes_back,1,Episode V: The Empire Strikes Back,the_empire_strikes_back,5
3289666523.0,seen_episode_v_the_empire_strikes_back,0,Episode V: The Empire Strikes Back,the_empire_strikes_back,5
3289664241.0,seen_episode_v_the_empire_strikes_back,1,Episode V: The Empire Strikes Back,the_empire_strikes_back,5
3289653763.0,seen_episode_v_the_empire_strikes_back,1,Episode V: The Empire Strikes Back,the_empire_strikes_back,5
3289653664.0,seen_episode_v_the_empire_strikes_back,0,Episode V: The Empire Strikes Back,the_empire_strikes_back,5
3289652167.0,seen_episode_v_the_empire_strikes_back,1,Episode V: The Empire Strikes Back,the_empire_strikes_back,5
3289649402.0,seen_episode_v_the_empire_strikes_back,0,Episode V: The Empire Strikes Back,the_empire_strikes_back,5
3289648154.0,seen_episode_v_the_empire_strikes_back,0,Episode V: The Empire Strikes Back,the_empire_strikes_back,5
3289646833.0,seen_episode_v_the_empire_strikes_back,0,Episode V: The Empire Strikes Back,the_empire_strikes_back,5
3289645505.0,seen_episode_v_the_empire_strikes_back,0,Episode V: The Empire Strikes Back,the_empire_strikes_back,5
3289644365.0,seen_episode_v_the_empire_strikes_back,1,Episode V: The Empire Strikes Back,the_empire_strikes_back,5
3289641241.0,seen_episode_v_the_empire_strikes_back,1,Episode V: The Empire Strikes Back,the_empire_strikes_back,5
3289640516.0,seen_episode_v_the_empire_strikes_back,0,Episode V: The Empire Strikes Back,the_empire_strikes_back,5
3289638367.0,seen_episode_v_the_empire_strikes_back,1,Episode V: The Empire Strikes Back,the_empire_strikes_back,5
3289633176.0,seen_episode_v_the_empire_strikes_back,1,Episode V: The Empire Strikes Back,the_empire_strikes_back,5
3289628791.0,seen_episode_v_the_empire_strikes_back,0,Episode V: The Empire Strikes Back,the_empire_strikes_back,5
3289627503.0,seen_episode_v_the_empire_strikes_back,0,Episode V: The Empire Strikes Back,the_empire_strikes_back,5
3289625918.0,seen_episode_v_the_empire_strikes_back,0,Episode V: The Empire Strikes Back,the_empire_strikes_back,5
3289625905.0,seen_episode_v_the_empire_strikes_back,0,Episode V: The Empire Strikes Back,the_empire_strikes_back,5
3289625071.0,seen_episode_v_the_empire_strikes_back,1,Episode V: The Empire Strikes Back,the_empire_strikes_back,5
3289621004.0,seen_episode_v_the_empire_strikes_back,1,Episode V: The Empire Strikes Back,the_empire_strikes_back,5
3289619487.0,seen_episode_v_the_empire_strikes_back,0,Episode V: The Empire Strikes Back,the_empire_strikes_back,5
3289618781.0,seen_episode_v_the_empire_strikes_back,0,Episode V: The Empire Strikes Back,the_empire_strikes_back,5
3289618768.0,seen_episode_v_the_empire_strikes_back,0,Episode V: The Empire Strikes Back,the_empire_strikes_back,5
3289618355.0,seen_episode_v_the_empire_strikes_back,0,Episode V: The Empire Strikes Back,the_empire_strikes_back,5
3289616064.0,seen_episode_v_the_empire_strikes_back,0,Episode V: The Empire Strikes Back,the_empire_strikes_back,5
3289610618.0,seen_episode_v_the_empire_strikes_back,0,Episode V: The Empire Strikes Back,the_empire_strikes_back,5
3289610391.0,seen_episode_v_the_empire_strikes_back,1,Episode V: The Empire Strikes Back,the_empire_strikes_back,5
3289600885.0,seen_episode_v_the_empire_strikes_back,1,Episode V: The Empire Strikes Back,the_empire_strikes_back,5
3289598419.0,seen_episode_v_the_empire_strikes_back,1,Episode V: The Empire Strikes Back,the_empire_strikes_back,5
3289597768.0,seen_episode_v_the_empire_strikes_back,0,Episode V: The Empire Strikes Back,the_empire_strikes_back,5
3289597035.0,seen_episode_v_the_empire_strikes_back,1,Episode V: The Empire Strikes Back,the_empire_strikes_back,5
3289588064.0,seen_episode_v_the_empire_strikes_back,1,Episode V: The Empire Strikes Back,the_empire_strikes_back,5
3289582868.0,seen_episode_v_the_empire_strikes_back,1,Episode V: The Empire Strikes Back,the_empire_strikes_back,5
3289582774.0,seen_episode_v_the_empire_strikes_back,1,Episode V: The Empire Strikes Back,the_empire_strikes_back,5
3289582090.0,seen_episode_v_the_empire_strikes_back,1,Episode V: The Empire Strikes Back,the_empire_strikes_back,5
3289573606.0,seen_episode_v_the_empire_strikes_back,1,Episode V: The Empire Strikes Back,the_empire_strikes_back,5
3289572808.0,seen_episode_v_the_empire_strikes_back,1,Episode V: The Empire Strikes Back,the_empire_strikes_back,5
3289569955.0,seen_episode_v_the_empire_strikes_back,0,Episode V: The Empire Strikes Back,the_empire_strikes_back,5
3289567355.0,seen_episode_v_the_empire_strikes_back,1,Episode V: The Empire Strikes Back,the_empire_strikes_back,5
3289564387.0,seen_episode_v_the_empire_strikes_back,1,Episode V: The Empire Strikes Back,the_empire_strikes_back,5
3289563102.0,seen_episode_v_the_empire_strikes_back,0,Episode V: The Empire Strikes Back,the_empire_strikes_back,5
3289561190.0,seen_episode_v_the_empire_strikes_back,0,Episode V: The Empire Strikes Back,the_empire_strikes_back,5
3289560376.0,seen_episode_v_the_empire_strikes_back,1,Episode V: The Empire Strikes Back,the_empire_strikes_back,5
3289555540.0,seen_episode_v_the_empire_strikes_back,0,Episode V: The Empire Strikes Back,the_empire_strikes_back,5
3289553574.0,seen_episode_v_the_empire_strikes_back,0,Episode V: The Empire Strikes Back,the_empire_strikes_back,5
3289553473.0,seen_episode_v_the_empire_strikes_back,1,Episode V: The Empire Strikes Back,the_empire_strikes_back,5
3289552996.0,seen_episode_v_the_empire_strikes_back,1,Episode V: The Empire Strikes Back,the_empire_strikes_back,5
3289552625.0,seen_episode_v_the_empire_strikes_back,0,Episode V: The Empire Strikes Back,the_empire_strikes_back,5
3289543778.0,seen_episode_v_the_empire_strikes_back,1,Episode V: The Empire Strikes Back,the_empire_strikes_back,5
3289540349.0,seen_episode_v_the_empire_strikes_back,1,Episode V: The Empire Strikes Back,the_empire_strikes_back,5
3289539921.0,seen_episode_v_the_empire_strikes_back,1,Episode V: The Empire Strikes Back,the_empire_strikes_back,5
3289537363.0,seen_episode_v_the_empire_strikes_back,1,Episode V: The Empire Strikes Back,the_empire_strikes_back,5
3289537293.0,seen_episode_v_the_empire_strikes_back,1,Episode V: The Empire Strikes Back,the_empire_strikes_back,5
3289536171.0,seen_episode_v_the_empire_strikes_back,0,Episode V: The Empire Strikes Back,the_empire_strikes_back,5
3289533753.0,seen_episode_v_the_empire_strikes_back,1,Episode V: The Empire Strikes Back,the_empire_strikes_back,5
3289531711.0,seen_episode_v_the_empire_strikes_back,1,Episode V: The Empire Strikes Back,the_empire_strikes_back,5
3289530269.0,seen_episode_v_the_empire_strikes_back,0,Episode V: The Empire Strikes Back,the_empire_strikes_back,5
3289530042.0,seen_episode_v_the_empire_strikes_back,1,Episode V: The Empire Strikes Back,the_empire_strikes_back,5
3289529064.0,seen_episode_v_the_empire_strikes_back,0,Episode V: The Empire Strikes Back,the_empire_strikes_back,5
3289528214.0,seen_episode_v_the_empire_strikes_back,0,Episode V: The Empire Strikes Back,the_empire_strikes_back,5
3289526845.0,seen_episode_v_the_empire_strikes_back,1,Episode V: The Empire Strikes Back,the_empire_strikes_back,5
3289526048.0,seen_episode_v_the_empire_strikes_back,1,Episode V: The Empire Strikes Back,the_empire_strikes_back,5
3289522048.0,seen_episode_v_the_empire_strikes_back,1,Episode V: The Empire Strikes Back,the_empire_strikes_back,5
3289512650.0,seen_episode_v_the_empire_strikes_back,0,Episode V: The Empire Strikes Back,the_empire_strikes_back,5
3289510637.0,seen_episode_v_the_empire_strikes_back,1,Episode V: The Empire Strikes Back,the_empire_strikes_back,5
3289510083.0,seen_episode_v_the_empire_strikes_back,0,Episode V: The Empire Strikes Back,the_empire_strikes_back,5
3289508774.0,seen_episode_v_the_empire_strikes_back,1,Episode V: The Empire Strikes Back,the_empire_strikes_back,5
3289505557.0,seen_episode_v_the_empire_strikes_back,1,Episode V: The Empire Strikes Back,the_empire_strikes_back,5
3289498676.0,seen_episode_v_the_empire_strikes_back,1,Episode V: The Empire Strikes Back,the_empire_strikes_back,5
3289498263.0,seen_episode_v_the_empire_strikes_back,1,Episode V: The Empire Strikes Back,the_empire_strikes_back,5
3289498064.0,seen_episode_v_the_empire_strikes_back,1,Episode V: The Empire Strikes Back,the_empire_strikes_back,5
3289494245.0,seen_episode_v_the_empire_strikes_back,0,Episode V: The Empire Strikes Back,the_empire_strikes_back,5
3289492759.0,seen_episode_v_the_empire_strikes_back,0,Episode V: The Empire Strikes Back,the_empire_strikes_back,5
3289492075.0,seen_episode_v_the_empire_strikes_back,1,Episode V: The Empire Strikes Back,the_empire_strikes_back,5
3289489736.0,seen_episode_v_the_empire_strikes_back,1,Episode V: The Empire Strikes Back,the_empire_strikes_back,5
3289485680.0,seen_episode_v_the_empire_strikes_back,0,Episode V: The Empire Strikes Back,the_empire_strikes_back,5
3289484757.0,seen_episode_v_the_empire_strikes_back,1,Episode V: The Empire Strikes Back,the_empire_strikes_back,5
3289481873.0,seen_episode_v_the_empire_strikes_back,0,Episode V: The Empire Strikes Back,the_empire_strikes_back,5
3289481310.0,seen_episode_v_the_empire_strikes_back,0,Episode V: The Empire Strikes Back,the_empire_strikes_back,5
3289472648.0,seen_episode_v_the_empire_strikes_back,1,Episode V: The Empire Strikes Back,the_empire_strikes_back,5
3289469330.0,seen_episode_v_the_empire_strikes_back,0,Episode V: The Empire Strikes Back,the_empire_strikes_back,5
3289467778.0,seen_episode_v_the_empire_strikes_back,1,Episode V: The Empire Strikes Back,the_empire_strikes_back,5
3289467324.0,seen_episode_v_the_empire_strikes_back,1,Episode V: The Empire Strikes Back,the_empire_strikes_back,5
3289463626.0,seen_episode_v_the_empire_strikes_back,0,Episode V: The Empire Strikes Back,the_empire_strikes_back,5
3289463066.0,seen_episode_v_the_empire_strikes_back,1,Episode V: The Empire Strikes Back,the_empire_strikes_back,5
3289459695.0,seen_episode_v_the_empire_strikes_back,0,Episode V: The Empire Strikes Back,the_empire_strikes_back,5
3289458608.0,seen_episode_v_the_empire_strikes_back,1,Episode V: The Empire Strikes Back,the_empire_strikes_back,5
3289453110.0,seen_episode_v_the_empire_strikes_back,1,Episode V: The Empire Strikes Back,the_empire_strikes_back,5
3289450247.0,seen_episode_v_the_empire_strikes_back,1,Episode V: The Empire Strikes Back,the_empire_strikes_back,5
3289450050.0,seen_episode_v_the_empire_strikes_back,1,Episode V: The Empire Strikes Back,the_empire_strikes_back,5
3289449176.0,seen_episode_v_the_empire_strikes_back,1,Episode V: The Empire Strikes Back,the_empire_strikes_back,5
3289448435.0,seen_episode_v_the_empire_strikes_back,1,Episode V: The Empire Strikes Back,the_empire_strikes_back,5
3289445841.0,seen_episode_v_the_empire_strikes_back,1,Episode V: The Empire Strikes Back,the_empire_strikes_back,5
3289437997.0,seen_episode_v_the_empire_strikes_back,0,Episode V: The Empire Strikes Back,the_empire_strikes_back,5
3289436437.0,seen_episode_v_the_empire_strikes_back,1,Episode V: The Empire Strikes Back,the_empire_strikes_back,5
3289434297.0,seen_episode_v_the_empire_strikes_back,1,Episode V: The Empire Strikes Back,the_empire_strikes_back,5
3289425578.0,seen_episode_v_the_empire_strikes_back,1,Episode V: The Empire Strikes Back,the_empire_strikes_back,5
3289423303.0,seen_episode_v_the_empire_strikes_back,1,Episode V: The Empire Strikes Back,the_empire_strikes_back,5
3289419064.0,seen_episode_v_the_empire_strikes_back,0,Episode V: The Empire Strikes Back,the_empire_strikes_back,5
3289418012.0,seen_episode_v_the_empire_strikes_back,0,Episode V: The Empire Strikes Back,the_empire_strikes_back,5
3289416615.0,seen_episode_v_the_empire_strikes_back,1,Episode V: The Empire Strikes Back,the_empire_strikes_back,5
3289415200.0,seen_episode_v_the_empire_strikes_back,0,Episode V: The Empire Strikes Back,the_empire_strikes_back,5
3289414959.0,seen_episode_v_the_empire_strikes_back,1,Episode V: The Empire Strikes Back,the_empire_strikes_back,5
3289414036.0,seen_episode_v_the_empire_strikes_back,1,Episode V: The Empire Strikes Back,the_empire_strikes_back,5
3289410507.0,seen_episode_v_the_empire_strikes_back,1,Episode V: The Empire Strikes Back,the_empire_strikes_back,5
3289410455.0,seen_episode_v_the_empire_strikes_back,1,Episode V: The Empire Strikes Back,the_empire_strikes_back,5
3289398157.0,seen_episode_v_the_empire_strikes_back,0,Episode V: The Empire Strikes Back,the_empire_strikes_back,5
3289394268.0,seen_episode_v_the_empire_strikes_back,0,Episode V: The Empire Strikes Back,the_empire_strikes_back,5
3289393495.0,seen_episode_v_the_empire_strikes_back,1,Episode V: The Empire Strikes Back,the_empire_strikes_back,5
3289392497.0,seen_episode_v_the_empire_strikes_back,1,Episode V: The Empire Strikes Back,the_empire_strikes_back,5
3289383220.0,seen_episode_v_the_empire_strikes_back,1,Episode V: The Empire Strikes Back,the_empire_strikes_back,5
3289381739.0,seen_episode_v_the_empire_strikes_back,1,Episode V: The Empire Strikes Back,the_empire_strikes_back,5
3289374653.0,seen_episode_v_the_empire_strikes_back,0,Episode V: The Empire Strikes Back,the_empire_strikes_back,5
3289370623.0,seen_episode_v_the_empire_strikes_back,1,Episode V: The Empire Strikes Back,the_empire_strikes_back,5
3289369318.0,seen_episode_v_the_empire_strikes_back,1,Episode V: The Empire Strikes Back,the_empire_strikes_back,5
3289363684.0,seen_episode_v_the_empire_strikes_back,1,Episode V: The Empire Strikes Back,the_empire_strikes_back,5
3289358306.0,seen_episode_v_the_empire_strikes_back,0,Episode V: The Empire Strikes Back,the_empire_strikes_back,5
3289354975.0,seen_episode_v_the_empire_strikes_back,1,Episode V: The Empire Strikes Back,the_empire_strikes_back,5
3289351950.0,seen_episode_v_the_empire_strikes_back,1,Episode V: The Empire Strikes Back,the_empire_strikes_back,5
3289351379.0,seen_episode_v_the_empire_strikes_back,1,Episode V: The Empire Strikes Back,the_empire_strikes_back,5
3289341349.0,seen_episode_v_the_empire_strikes_back,0,Episode V: The Empire Strikes Back,the_empire_strikes_back,5
3289334585.0,seen_episode_v_the_empire_strikes_back,0,Episode V: The Empire Strikes Back,the_empire_strikes_back,5
3289334511.0,seen_episode_v_the_empire_strikes_back,0,Episode V: The Empire Strikes Back,the_empire_strikes_back,5
3289322178.0,seen_episode_v_the_empire_strikes_back,1,Episode V: The Empire Strikes Back,the_empire_strikes_back,5
3289321600.0,seen_episode_v_the_empire_strikes_back,0,Episode V: The Empire Strikes Back,the_empire_strikes_back,5
3289317542.0,seen_episode_v_the_empire_strikes_back,1,Episode V: The Empire Strikes Back,the_empire_strikes_back,5
3289316592.0,seen_episode_v_the_empire_strikes_back,0,Episode V: The Empire Strikes Back,the_empire_strikes_back,5
3289311086.0,seen_episode_v_the_empire_strikes_back,1,Episode V: The Empire Strikes Back,the_empire_strikes_back,5
3289305272.0,seen_episode_v_the_empire_strikes_back,0,Episode V: The Empire Strikes Back,the_empire_strikes_back,5
3289302743.0,seen_episode_v_the_empire_strikes_back,0,Episode V: The Empire Strikes Back,the_empire_strikes_back,5
3289301976.0,seen_episode_v_the_empire_strikes_back,0,Episode V: The Empire Strikes Back,the_empire_strikes_back,5
3289282741.0,seen_episode_v_the_empire_strikes_back,0,Episode V: The Empire Strikes Back,the_empire_strikes_back,5
3289281855.0,seen_episode_v_the_empire_strikes_back,0,Episode V: The Empire Strikes Back,the_empire_strikes_back,5
3289279767.0,seen_episode_v_the_empire_strikes_back,0,Episode V: The Empire Strikes Back,the_empire_strikes_back,5
3289274314.0,seen_episode_v_the_empire_strikes_back,1,Episode V: The Empire Strikes Back,the_empire_strikes_back,5
3289274207.0,seen_episode_v_the_empire_strikes_back,0,Episode V: The Empire Strikes Back,the_empire_strikes_back,5
3289262699.0,seen_episode_v_the_empire_strikes_back,1,Episode V: The Empire Strikes Back,the_empire_strikes_back,5
3289262511.0,seen_episode_v_the_empire_strikes_back,1,Episode V: The Empire Strikes Back,the_empire_strikes_back,5
3289242777.0,seen_episode_v_the_empire_strikes_back,0,Episode V: The Empire Strikes Back,the_empire_strikes_back,5
3289236782.0,seen_episode_v_the_empire_strikes_back,1,Episode V: The Empire Strikes Back,the_empire_strikes_back,5
3289198607.0,seen_episode_v_the_empire_strikes_back,1,Episode V: The Empire Strikes Back,the_empire_strikes_back,5
3289179421.0,seen_episode_v_the_empire_strikes_back,0,Episode V: The Empire Strikes Back,the_empire_strikes_back,5
3289178815.0,seen_episode_v_the_empire_strikes_back,0,Episode V: The Empire Strikes Back,the_empire_strikes_back,5
3289177383.0,seen_episode_v_the_empire_strikes_back,1,Episode V: The Empire Strikes Back,the_empire_strikes_back,5
3289172932.0,seen_episode_v_the_empire_strikes_back,0,Episode V: The Empire Strikes Back,the_empire_strikes_back,5
3289156917.0,seen_episode_v_the_empire_strikes_back,1,Episode V: The Empire Strikes Back,the_empire_strikes_back,5
3289153001.0,seen_episode_v_the_empire_strikes_back,0,Episode V: The Empire Strikes Back,the_empire_strikes_back,5
3289148779.0,seen_episode_v_the_empire_strikes_back,0,Episode V: The Empire Strikes Back,the_empire_strikes_back,5
3289112999.0,seen_episode_v_the_empire_strikes_back,1,Episode V: The Empire Strikes Back,the_empire_strikes_back,5
3289095873.0,seen_episode_v_the_empire_strikes_back,0,Episode V: The Empire Strikes Back,the_empire_strikes_back,5
3289069642.0,seen_episode_v_the_empire_strikes_back,1,Episode V: The Empire Strikes Back,the_empire_strikes_back,5
3289064086.0,seen_episode_v_the_empire_strikes_back,1,Episode V: The Empire Strikes Back,the_empire_strikes_back,5
3289054324.0,seen_episode_v_the_empire_strikes_back,1,Episode V: The Empire Strikes Back,the_empire_strikes_back,5
3289049751.0,seen_episode_v_the_empire_strikes_back,0,Episode V: The Empire Strikes Back,the_empire_strikes_back,5
3289032654.0,seen_episode_v_the_empire_strikes_back,0,Episode V: The Empire Strikes Back,the_empire_strikes_back,5
3288941294.0,seen_episode_v_the_empire_strikes_back,1,Episode V: The Empire Strikes Back,the_empire_strikes_back,5
3288846487.0,seen_episode_v_the_empire_strikes_back,1,Episode V: The Empire Strikes Back,the_empire_strikes_back,5
3288826742.0,seen_episode_v_the_empire_strikes_back,0,Episode V: The Empire Strikes Back,the_empire_strikes_back,5
3288823234.0,seen_episode_v_the_empire_strikes_back,0,Episode V: The Empire Strikes Back,the_empire_strikes_back,5
3288802482.0,seen_episode_v_the_empire_strikes_back,1,Episode V: The Empire Strikes Back,the_empire_strikes_back,5
3288793006.0,seen_episode_v_the_empire_strikes_back,1,Episode V: The Empire Strikes Back,the_empire_strikes_back,5
3288777560.0,seen_episode_v_the_empire_strikes_back,1,Episode V: The Empire Strikes Back,the_empire_strikes_back,5
3288772244.0,seen_episode_v_the_empire_strikes_back,1,Episode V: The Empire Strikes Back,the_empire_strikes_back,5
3288771826.0,seen_episode_v_the_empire_strikes_back,1,Episode V: The Empire Strikes Back,the_empire_strikes_back,5
3288750443.0,seen_episode_v_the_empire_strikes_back,1,Episode V: The Empire Strikes Back,the_empire_strikes_back,5
3288741236.0,seen_episode_v_the_empire_strikes_back,1,Episode V: The Empire Strikes Back,the_empire_strikes_back,5
3288740386.0,seen_episode_v_the_empire_strikes_back,0,Episode V: The Empire Strikes Back,the_empire_strikes_back,5
3288728912.0,seen_episode_v_the_empire_strikes_back,1,Episode V: The Empire Strikes Back,the_empire_strikes_back,5
3288723253.0,seen_episode_v_the_empire_strikes_back,0,Episode V: The Empire Strikes Back,the_empire_strikes_back,5
3288722710.0,seen_episode_v_the_empire_strikes_back,1,Episode V: The Empire Strikes Back,the_empire_strikes_back,5
3288719090.0,seen_episode_v_the_empire_strikes_back,1,Episode V: The Empire Strikes Back,the_empire_strikes_back,5
3288718743.0,seen_episode_v_the_empire_strikes_back,1,Episode V: The Empire Strikes Back,the_empire_strikes_back,5
3288714827.0,seen_episode_v_the_empire_strikes_back,1,Episode V: The Empire Strikes Back,the_empire_strikes_back,5
3288714697.0,seen_episode_v_the_empire_strikes_back,1,Episode V: The Empire Strikes Back,the_empire_strikes_back,5
3288713721.0,seen_episode_v_the_empire_strikes_back,1,Episode V: The Empire Strikes Back,the_empire_strikes_back,5
3288713570.0,seen_episode_v_the_empire_strikes_back,1,Episode V: The Empire Strikes Back,the_empire_strikes_back,5
3288712832.0,seen_episode_v_the_empire_strikes_back,1,Episode V: The Empire Strikes Back,the_empire_strikes_back,5
3288704807.0,seen_episode_v_the_empire_strikes_back,1,Episode V: The Empire Strikes Back,the_empire_strikes_back,5
3288702291.0,seen_episode_v_the_empire_strikes_back,1,Episode V: The Empire Strikes Back,the_empire_strikes_back,5
3288700554.0,seen_episode_v_the_empire_strikes_back,1,Episode V: The Empire Strikes Back,the_empire_strikes_back,5
3288699973.0,seen_episode_v_the_empire_strikes_back,0,Episode V: The Empire Strikes Back,the_empire_strikes_back,5
3288698545.0,seen_episode_v_the_empire_strikes_back,0,Episode V: The Empire Strikes Back,the_empire_strikes_back,5
3288698085.0,seen_episode_v_the_empire_strikes_back,0,Episode V: The Empire Strikes Back,the_empire_strikes_back,5
3288697760.0,seen_episode_v_the_empire_strikes_back,1,Episode V: The Empire Strikes Back,the_empire_strikes_back,5
3288696158.0,seen_episode_v_the_empire_strikes_back,0,Episode V: The Empire Strikes Back,the_empire_strikes_back,5
3288694272.0,seen_episode_v_the_empire_strikes_back,0,Episode V: The Empire Strikes Back,the_empire_strikes_back,5
3288690295.0,seen_episode_v_the_empire_strikes_back,1,Episode V: The Empire Strikes Back,the_empire_strikes_back,5
3288689621.0,seen_episode_v_the_empire_strikes_back,0,Episode V: The Empire Strikes Back,the_empire_strikes_back,5
3288687502.0,seen_episode_v_the_empire_strikes_back,1,Episode V: The Empire Strikes Back,the_empire_strikes_back,5
3288685641.0,seen_episode_v_the_empire_strikes_back,1,Episode V: The Empire Strikes Back,the_empire_strikes_back,5
3288683262.0,seen_episode_v_the_empire_strikes_back,0,Episode V: The Empire Strikes Back,the_empire_strikes_back,5
3288683105.0,seen_episode_v_the_empire_strikes_back,1,Episode V: The Empire Strikes Back,the_empire_strikes_back,5
3288682774.0,seen_episode_v_the_empire_strikes_back,0,Episode V: The Empire Strikes Back,the_empire_strikes_back,5
3288682656.0,seen_episode_v_the_empire_strikes_back,1,Episode V: The Empire Strikes Back,the_empire_strikes_back,5
3288678886.0,seen_episode_v_the_empire_strikes_back,1,Episode V: The Empire Strikes Back,the_empire_strikes_back,5
3288675923.0,seen_episode_v_the_empire_strikes_back,1,Episode V: The Empire Strikes Back,the_empire_strikes_back,5
3288672490.0,seen_episode_v_the_empire_strikes_back,0,Episode V: The Empire Strikes Back,the_empire_strikes_back,5
3288672409.0,seen_episode_v_the_empire_strikes_back,1,Episode V: The Empire Strikes Back,the_empire_strikes_back,5
3288672197.0,seen_episode_v_the_empire_strikes_back,0,Episode V: The Empire Strikes Back,the_empire_strikes_back,5
3288671359.0,seen_episode_v_the_empire_strikes_back,1,Episode V: The Empire Strikes Back,the_empire_strikes_back,5
3288671328.0,seen_episode_v_the_empire_strikes_back,1,Episode V: The Empire Strikes Back,the_empire_strikes_back,5
3288670345.0,seen_episode_v_the_empire_strikes_back,1,Episode V: The Empire Strikes Back,the_empire_strikes_back,5
3288668791.0,seen_episode_v_the_empire_strikes_back,1,Episode V: The Empire Strikes Back,the_empire_strikes_back,5
3288668404.0,seen_episode_v_the_empire_strikes_back,0,Episode V: The Empire Strikes Back,the_empire_strikes_back,5
3288668176.0,seen_episode_v_the_empire_strikes_back,1,Episode V: The Empire Strikes Back,the_empire_strikes_back,5
3288666429.0,seen_episode_v_the_empire_strikes_back,0,Episode V: The Empire Strikes Back,the_empire_strikes_back,5
3288665797.0,seen_episode_v_the_empire_strikes_back,0,Episode V: The Empire Strikes Back,the_empire_strikes_back,5
3288665355.0,seen_episode_v_the_empire_strikes_back,0,Episode V: The Empire Strikes Back,the_empire_strikes_back,5
3288662617.0,seen_episode_v_the_empire_strikes_back,0,Episode V: The Empire Strikes Back,the_empire_strikes_back,5
3288660175.0,seen_episode_v_the_empire_strikes_back,1,Episode V: The Empire Strikes Back,the_empire_strikes_back,5
3288657866.0,seen_episode_v_the_empire_strikes_back,1,Episode V: The Empire Strikes Back,the_empire_strikes_back,5
3288657113.0,seen_episode_v_the_empire_strikes_back,1,Episode V: The Empire Strikes Back,the_empire_strikes_back,5
3288653945.0,seen_episode_v_the_empire_strikes_back,0,Episode V: The Empire Strikes Back,the_empire_strikes_back,5
3288653548.0,seen_episode_v_the_empire_strikes_back,1,Episode V: The Empire Strikes Back,the_empire_strikes_back,5
3288653332.0,seen_episode_v_the_empire_strikes_back,0,Episode V: The Empire Strikes Back,the_empire_strikes_back,5
3288653149.0,seen_episode_v_the_empire_strikes_back,1,Episode V: The Empire Strikes Back,the_empire_strikes_back,5
3288650455.0,seen_episode_v_the_empire_strikes_back,1,Episode V: The Empire Strikes Back,the_empire_strikes_back,5
3288649171.0,seen_episode_v_the_empire_strikes_back,0,Episode V: The Empire Strikes Back,the_empire_strikes_back,5
3288647913.0,seen_episode_v_the_empire_strikes_back,1,Episode V: The Empire Strikes Back,the_empire_strikes_back,5
3288647623.0,seen_episode_v_the_empire_strikes_back,1,Episode V: The Empire Strikes Back,the_empire_strikes_back,5
3288644592.0,seen_episode_v_the_empire_strikes_back,1,Episode V: The Empire Strikes Back,the_empire_strikes_back,5
3288644163.0,seen_episode_v_the_empire_strikes_back,1,Episode V: The Empire Strikes Back,the_empire_strikes_back,5
3288641278.0,seen_episode_v_the_empire_strikes_back,0,Episode V: The Empire Strikes Back,the_empire_strikes_back,5
3288639879.0,seen_episode_v_the_empire_strikes_back,0,Episode V: The Empire Strikes Back,the_empire_strikes_back,5
3288639732.0,seen_episode_v_the_empire_strikes_back,0,Episode V: The Empire Strikes Back,the_empire_strikes_back,5
3288639377.0,seen_episode_v_the_empire_strikes_back,1,Episode V: The Empire Strikes Back,the_empire_strikes_back,5
3288638640.0,seen_episode_v_the_empire_strikes_back,0,Episode V: The Empire Strikes Back,the_empire_strikes_back,5
3288635451.0,seen_episode_v_the_empire_strikes_back,0,Episode V: The Empire Strikes Back,the_empire_strikes_back,5
3288633861.0,seen_episode_v_the_empire_strikes_back,0,Episode V: The Empire Strikes Back,the_empire_strikes_back,5
3288629979.0,seen_episode_v_the_empire_strikes_back,1,Episode V: The Empire Strikes Back,the_empire_strikes_back,5
3288627180.0,seen_episode_v_the_empire_strikes_back,0,Episode V: The Empire Strikes Back,the_empire_strikes_back,5
3288625580.0,seen_episode_v_the_empire_strikes_back,1,Episode V: The Empire Strikes Back,the_empire_strikes_back,5
3288623870.0,seen_episode_v_the_empire_strikes_back,1,Episode V: The Empire Strikes Back,the_empire_strikes_back,5
3288623420.0,seen_episode_v_the_empire_strikes_back,0,Episode V: The Empire Strikes Back,the_empire_strikes_back,5
3288623033.0,seen_episode_v_the_empire_strikes_back,1,Episode V: The Empire Strikes Back,the_empire_strikes_back,5
3288620198.0,seen_episode_v_the_empire_strikes_back,1,Episode V: The Empire Strikes Back,the_empire_strikes_back,5
3288618459.0,seen_episode_v_the_empire_strikes_back,1,Episode V: The Empire Strikes Back,the_empire_strikes_back,5
3288617343.0,seen_episode_v_the_empire_strikes_back,0,Episode V: The Empire Strikes Back,the_empire_strikes_back,5
3288617091.0,seen_episode_v_the_empire_strikes_back,1,Episode V: The Empire Strikes Back,the_empire_strikes_back,5
3288614671.0,seen_episode_v_the_empire_strikes_back,1,Episode V: The Empire Strikes Back,the_empire_strikes_back,5
3288614539.0,seen_episode_v_the_empire_strikes_back,1,Episode V: The Empire Strikes Back,the_empire_strikes_back,5
3288614195.0,seen_episode_v_the_empire_strikes_back,1,Episode V: The Empire Strikes Back,the_empire_strikes_back,5
3288613051.0,seen_episode_v_the_empire_strikes_back,0,Episode V: The Empire Strikes Back,the_empire_strikes_back,5
3288609566.0,seen_episode_v_the_empire_strikes_back,1,Episode V: The Empire Strikes Back,the_empire_strikes_back,5
3288608965.0,seen_episode_v_the_empire_strikes_back,0,Episode V: The Empire Strikes Back,the_empire_strikes_back,5
3288604946.0,seen_episode_v_the_empire_strikes_back,1,Episode V: The Empire Strikes Back,the_empire_strikes_back,5
3288602883.0,seen_episode_v_the_empire_strikes_back,1,Episode V: The Empire Strikes Back,the_empire_strikes_back,5
3288601847.0,seen_episode_v_the_empire_strikes_back,1,Episode V: The Empire Strikes Back,the_empire_strikes_back,5
3288601827.0,seen_episode_v_the_empire_strikes_back,0,Episode V: The Empire Strikes Back,the_empire_strikes_back,5
3288599799.0,seen_episode_v_the_empire_strikes_back,1,Episode V: The Empire Strikes Back,the_empire_strikes_back,5
3288599067.0,seen_episode_v_the_empire_strikes_back,1,Episode V: The Empire Strikes Back,the_empire_strikes_back,5
3288593331.0,seen_episode_v_the_empire_strikes_back,0,Episode V: The Empire Strikes Back,the_empire_strikes_back,5
3288590836.0,seen_episode_v_the_empire_strikes_back,0,Episode V: The Empire Strikes Back,the_empire_strikes_back,5
3288588424.0,seen_episode_v_the_empire_strikes_back,0,Episode V: The Empire Strikes Back,the_empire_strikes_back,5
3288587373.0,seen_episode_v_the_empire_strikes_back,1,Episode V: The Empire Strikes Back,the_empire_strikes_back,5
3288586178.0,seen_episode_v_the_empire_strikes_back,1,Episode V: The Empire Strikes Back,the_empire_strikes_back,5
3288585053.0,seen_episode_v_the_empire_strikes_back,1,Episode V: The Empire Strikes Back,the_empire_strikes_back,5
3288584578.0,seen_episode_v_the_empire_strikes_back,1,Episode V: The Empire Strikes Back,the_empire_strikes_back,5
3288583884.0,seen_episode_v_the_empire_strikes_back,1,Episode V: The Empire Strikes Back,the_empire_strikes_back,5
3288583591.0,seen_episode_v_the_empire_strikes_back,0,Episode V: The Empire Strikes Back,the_empire_strikes_back,5
3288581774.0,seen_episode_v_the_empire_strikes_back,0,Episode V: The Empire Strikes Back,the_empire_strikes_back,5
3288580684.0,seen_episode_v_the_empire_strikes_back,0,Episode V: The Empire Strikes Back,the_empire_strikes_back,5
3288580145.0,seen_episode_v_the_empire_strikes_back,0,Episode V: The Empire Strikes Back,the_empire_strikes_back,5
3288579719.0,seen_episode_v_the_empire_strikes_back,0,Episode V: The Empire Strikes Back,the_empire_strikes_back,5
3288579445.0,seen_episode_v_the_empire_strikes_back,0,Episode V: The Empire Strikes Back,the_empire_strikes_back,5
3288578983.0,seen_episode_v_the_empire_strikes_back,1,Episode V: The Empire Strikes Back,the_empire_strikes_back,5
3288578072.0,seen_episode_v_the_empire_strikes_back,1,Episode V: The Empire Strikes Back,the_empire_strikes_back,5
3288576462.0,seen_episode_v_the_empire_strikes_back,1,Episode V: The Empire Strikes Back,the_empire_strikes_back,5
3288574703.0,seen_episode_v_the_empire_strikes_back,1,Episode V: The Empire Strikes Back,the_empire_strikes_back,5
3288571196.0,seen_episode_v_the_empire_strikes_back,1,Episode V: The Empire Strikes Back,the_empire_strikes_back,5
3288568534.0,seen_episode_v_the_empire_strikes_back,1,Episode V: The Empire Strikes Back,the_empire_strikes_back,5
3288567242.0,seen_episode_v_the_empire_strikes_back,1,Episode V: The Empire Strikes Back,the_empire_strikes_back,5
3288567154.0,seen_episode_v_the_empire_strikes_back,1,Episode V: The Empire Strikes Back,the_empire_strikes_back,5
3288563970.0,seen_episode_v_the_empire_strikes_back,0,Episode V: The Empire Strikes Back,the_empire_strikes_back,5
3288563342.0,seen_episode_v_the_empire_strikes_back,0,Episode V: The Empire Strikes Back,the_empire_strikes_back,5
3288563065.0,seen_episode_v_the_empire_strikes_back,1,Episode V: The Empire Strikes Back,the_empire_strikes_back,5
3288559700.0,seen_episode_v_the_empire_strikes_back,0,Episode V: The Empire Strikes Back,the_empire_strikes_back,5
3288559015.0,seen_episode_v_the_empire_strikes_back,0,Episode V: The Empire Strikes Back,the_empire_strikes_back,5
3288558131.0,seen_episode_v_the_empire_strikes_back,1,Episode V: The Empire Strikes Back,the_empire_strikes_back,5
3288557322.0,seen_episode_v_the_empire_strikes_back,0,Episode V: The Empire Strikes Back,the_empire_strikes_back,5
3288553903.0,seen_episode_v_the_empire_strikes_back,1,Episode V: The Empire Strikes Back,the_empire_strikes_back,5
3288553457.0,seen_episode_v_the_empire_strikes_back,0,Episode V: The Empire Strikes Back,the_empire_strikes_back,5
3288552984.0,seen_episode_v_the_empire_strikes_back,1,Episode V: The Empire Strikes Back,the_empire_strikes_back,5
3288551156.0,seen_episode_v_the_empire_strikes_back,0,Episode V: The Empire Strikes Back,the_empire_strikes_back,5
3288549677.0,seen_episode_v_the_empire_strikes_back,0,Episode V: The Empire Strikes Back,the_empire_strikes_back,5
3288547379.0,seen_episode_v_the_empire_strikes_back,1,Episode V: The Empire Strikes Back,the_empire_strikes_back,5
3288545527.0,seen_episode_v_the_empire_strikes_back,1,Episode V: The Empire Strikes Back,the_empire_strikes_back,5
3288544295.0,seen_episode_v_the_empire_strikes_back,1,Episode V: The Empire Strikes Back,the_empire_strikes_back,5
3288539645.0,seen_episode_v_the_empire_strikes_back,0,Episode V: The Empire Strikes Back,the_empire_strikes_back,5
3288538248.0,seen_episode_v_the_empire_strikes_back,1,Episode V: The Empire Strikes Back,the_empire_strikes_back,5
3288536532.0,seen_episode_v_the_empire_strikes_back,1,Episode V: The Empire Strikes Back,the_empire_strikes_back,5
3288534023.0,seen_episode_v_the_empire_strikes_back,1,Episode V: The Empire Strikes Back,the_empire_strikes_back,5
3288532773.0,seen_episode_v_the_empire_strikes_back,0,Episode V: The Empire Strikes Back,the_empire_strikes_back,5
3288532255.0,seen_episode_v_the_empire_strikes_back,0,Episode V: The Empire Strikes Back,the_empire_strikes_back,5
3288526244.0,seen_episode_v_the_empire_strikes_back,0,Episode V: The Empire Strikes Back,the_empire_strikes_back,5
3288524042.0,seen_episode_v_the_empire_strikes_back,1,Episode V: The Empire Strikes Back,the_empire_strikes_back,5
3288523874.0,seen_episode_v_the_empire_strikes_back,1,Episode V: The Empire Strikes Back,the_empire_strikes_back,5
3288522525.0,seen_episode_v_the_empire_strikes_back,1,Episode V: The Empire Strikes Back,the_empire_strikes_back,5
3288522488.0,seen_episode_v_the_empire_strikes_back,1,Episode V: The Empire Strikes Back,the_empire_strikes_back,5
3288521325.0,seen_episode_v_the_empire_strikes_back,1,Episode V: The Empire Strikes Back,the_empire_strikes_back,5
3288519037.0,seen_episode_v_the_empire_strikes_back,0,Episode V: The Empire Strikes Back,the_empire_strikes_back,5
3288516295.0,seen_episode_v_the_empire_strikes_back,1,Episode V: The Empire Strikes Back,the_empire_strikes_back,5
3288515773.0,seen_episode_v_the_empire_strikes_back,1,Episode V: The Empire Strikes Back,the_empire_strikes_back,5
3288514217.0,seen_episode_v_the_empire_strikes_back,1,Episode V: The Empire Strikes Back,the_empire_strikes_back,5
3288513045.0,seen_episode_v_the_empire_strikes_back,0,Episode V: The Empire Strikes Back,the_empire_strikes_back,5
3288512822.0,seen_episode_v_the_empire_strikes_back,1,Episode V: The Empire Strikes Back,the_empire_strikes_back,5
3288512665.0,seen_episode_v_the_empire_strikes_back,1,Episode V: The Empire Strikes Back,the_empire_strikes_back,5
3288512020.0,seen_episode_v_the_empire_strikes_back,0,Episode V: The Empire Strikes Back,the_empire_strikes_back,5
3288511686.0,seen_episode_v_the_empire_strikes_back,0,Episode V: The Empire Strikes Back,the_empire_strikes_back,5
3288511180.0,seen_episode_v_the_empire_strikes_back,0,Episode V: The Empire Strikes Back,the_empire_strikes_back,5
3288509415.0,seen_episode_v_the_empire_strikes_back,1,Episode V: The Empire Strikes Back,the_empire_strikes_back,5
3288506275.0,seen_episode_v_the_empire_strikes_back,0,Episode V: The Empire Strikes Back,the_empire_strikes_back,5
3288505925.0,seen_episode_v_the_empire_strikes_back,1,Episode V: The Empire Strikes Back,the_empire_strikes_back,5
3288505737.0,seen_episode_v_the_empire_strikes_back,1,Episode V: The Empire Strikes Back,the_empire_strikes_back,5
3288505216.0,seen_episode_v_the_empire_strikes_back,0,Episode V: The Empire Strikes Back,the_empire_strikes_back,5
3288505151.0,seen_episode_v_the_empire_strikes_back,0,Episode V: The Empire Strikes Back,the_empire_strikes_back,5
3288504398.0,seen_episode_v_the_empire_strikes_back,0,Episode V: The Empire Strikes Back,the_empire_strikes_back,5
3288502884.0,seen_episode_v_the_empire_strikes_back,1,Episode V: The Empire Strikes Back,the_empire_strikes_back,5
3288501301.0,seen_episode_v_the_empire_strikes_back,1,Episode V: The Empire Strikes Back,the_empire_strikes_back,5
3288499757.0,seen_episode_v_the_empire_strikes_back,0,Episode V: The Empire Strikes Back,the_empire_strikes_back,5
3288498715.0,seen_episode_v_the_empire_strikes_back,1,Episode V: The Empire Strikes Back,the_empire_strikes_back,5
3288497532.0,seen_episode_v_the_empire_strikes_back,0,Episode V: The Empire Strikes Back,the_empire_strikes_back,5
3288497228.0,seen_episode_v_the_empire_strikes_back,1,Episode V: The Empire Strikes Back,the_empire_strikes_back,5
3288497010.0,seen_episode_v_the_empire_strikes_back,0,Episode V: The Empire Strikes Back,the_empire_strikes_back,5
3288493077.0,seen_episode_v_the_empire_strikes_back,1,Episode V: The Empire Strikes Back,the_empire_strikes_back,5
3288492006.0,seen_episode_v_the_empire_strikes_back,1,Episode V: The Empire Strikes Back,the_empire_strikes_back,5
3288484535.0,seen_episode_v_the_empire_strikes_back,1,Episode V: The Empire Strikes Back,the_empire_strikes_back,5
3288482717.0,seen_episode_v_the_empire_strikes_back,1,Episode V: The Empire Strikes Back,the_empire_strikes_back,5
3288482581.0,seen_episode_v_the_empire_strikes_back,1,Episode V: The Empire Strikes Back,the_empire_strikes_back,5
3288482369.0,seen_episode_v_the_empire_strikes_back,0,Episode V: The Empire Strikes Back,the_empire_strikes_back,5
3288479368.0,seen_episode_v_the_empire_strikes_back,1,Episode V: The Empire Strikes Back,the_empire_strikes_back,5
3288479074.0,seen_episode_v_the_empire_strikes_back,0,Episode V: The Empire Strikes Back,the_empire_strikes_back,5
3288477753.0,seen_episode_v_the_empire_strikes_back,0,Episode V: The Empire Strikes Back,the_empire_strikes_back,5
3288476971.0,seen_episode_v_the_empire_strikes_back,1,Episode V: The Empire Strikes Back,the_empire_strikes_back,5
3288472373.0,seen_episode_v_the_empire_strikes_back,0,Episode V: The Empire Strikes Back,the_empire_strikes_back,5
3288471192.0,seen_episode_v_the_empire_strikes_back,0,Episode V: The Empire Strikes Back,the_empire_strikes_back,5
3288469670.0,seen_episode_v_the_empire_strikes_back,0,Episode V: The Empire Strikes Back,the_empire_strikes_back,5
3288469047.0,seen_episode_v_the_empire_strikes_back,1,Episode V: The Empire Strikes Back,the_empire_strikes_back,5
3288460192.0,seen_episode_v_the_empire_strikes_back,0,Episode V: The Empire Strikes Back,the_empire_strikes_back,5
3288459190.0,seen_episode_v_the_empire_strikes_back,1,Episode V: The Empire Strikes Back,the_empire_strikes_back,5
3288458873.0,seen_episode_v_the_empire_strikes_back,0,Episode V: The Empire Strikes Back,the_empire_strikes_back,5
3288456946.0,seen_episode_v_the_empire_strikes_back,1,Episode V: The Empire Strikes Back,the_empire_strikes_back,5
3288455900.0,seen_episode_v_the_empire_strikes_back,0,Episode V: The Empire Strikes Back,the_empire_strikes_back,5
3288453555.0,seen_episode_v_the_empire_strikes_back,0,Episode V: The Empire Strikes Back,the_empire_strikes_back,5
3288446700.0,seen_episode_v_the_empire_strikes_back,1,Episode V: The Empire Strikes Back,the_empire_strikes_back,5
3288446529.0,seen_episode_v_the_empire_strikes_back,1,Episode V: The Empire Strikes Back,the_empire_strikes_back,5
3288445926.0,seen_episode_v_the_empire_strikes_back,1,Episode V: The Empire Strikes Back,the_empire_strikes_back,5
3288444784.0,seen_episode_v_the_empire_strikes_back,1,Episode V: The Empire Strikes Back,the_empire_strikes_back,5
3288442728.0,seen_episode_v_the_empire_strikes_back,1,Episode V: The Empire Strikes Back,the_empire_strikes_back,5
3288436226.0,seen_episode_v_the_empire_strikes_back,0,Episode V: The Empire Strikes Back,the_empire_strikes_back,5
3288432395.0,seen_episode_v_the_empire_strikes_back,0,Episode V: The Empire Strikes Back,the_empire_strikes_back,5
3288429451.0,seen_episode_v_the_empire_strikes_back,1,Episode V: The Empire Strikes Back,the_empire_strikes_back,5
3288429390.0,seen_episode_v_the_empire_strikes_back,0,Episode V: The Empire Strikes Back,the_empire_strikes_back,5
3288429092.0,seen_episode_v_the_empire_strikes_back,1,Episode V: The Empire Strikes Back,the_empire_strikes_back,5
3288428243.0,seen_episode_v_the_empire_strikes_back,1,Episode V: The Empire Strikes Back,the_empire_strikes_back,5
3288425859.0,seen_episode_v_the_empire_strikes_back,1,Episode V: The Empire Strikes Back,the_empire_strikes_back,5
3288423088.0,seen_episode_v_the_empire_strikes_back,0,Episode V: The Empire Strikes Back,the_empire_strikes_back,5
3288423045.0,seen_episode_v_the_empire_strikes_back,1,Episode V: The Empire Strikes Back,the_empire_strikes_back,5
3288421819.0,seen_episode_v_the_empire_strikes_back,0,Episode V: The Empire Strikes Back,the_empire_strikes_back,5
3288420798.0,seen_episode_v_the_empire_strikes_back,0,Episode V: The Empire Strikes Back,the_empire_strikes_back,5
3288417782.0,seen_episode_v_the_empire_strikes_back,1,Episode V: The Empire Strikes Back,the_empire_strikes_back,5
3288417641.0,seen_episode_v_the_empire_strikes_back,1,Episode V: The Empire Strikes Back,the_empire_strikes_back,5
3288416959.0,seen_episode_v_the_empire_strikes_back,1,Episode V: The Empire Strikes Back,the_empire_strikes_back,5
3288415166.0,seen_episode_v_the_empire_strikes_back,1,Episode V: The Empire Strikes Back,the_empire_strikes_back,5
3288414025.0,seen_episode_v_the_empire_strikes_back,1,Episode V: The Empire Strikes Back,the_empire_strikes_back,5
3288413441.0,seen_episode_v_the_empire_strikes_back,1,Episode V: The Empire Strikes Back,the_empire_strikes_back,5
3288410348.0,seen_episode_v_the_empire_strikes_back,1,Episode V: The Empire Strikes Back,the_empire_strikes_back,5
3288410073.0,seen_episode_v_the_empire_strikes_back,0,Episode V: The Empire Strikes Back,the_empire_strikes_back,5
3288408698.0,seen_episode_v_the_empire_strikes_back,1,Episode V: The Empire Strikes Back,the_empire_strikes_back,5
3288402717.0,seen_episode_v_the_empire_strikes_back,0,Episode V: The Empire Strikes Back,the_empire_strikes_back,5
3288402643.0,seen_episode_v_the_empire_strikes_back,1,Episode V: The Empire Strikes Back,the_empire_strikes_back,5
3288402592.0,seen_episode_v_the_empire_strikes_back,1,Episode V: The Empire Strikes Back,the_empire_strikes_back,5
3288402511.0,seen_episode_v_the_empire_strikes_back,1,Episode V: The Empire Strikes Back,the_empire_strikes_back,5
3288401681.0,seen_episode_v_the_empire_strikes_back,0,Episode V: The Empire Strikes Back,the_empire_strikes_back,5
3288401136.0,seen_episode_v_the_empire_strikes_back,1,Episode V: The Empire Strikes Back,the_empire_strikes_back,5
3288398062.0,seen_episode_v_the_empire_strikes_back,0,Episode V: The Empire Strikes Back,the_empire_strikes_back,5
3288396374.0,seen_episode_v_the_empire_strikes_back,1,Episode V: The Empire Strikes Back,the_empire_strikes_back,5
3288395255.0,seen_episode_v_the_empire_strikes_back,0,Episode V: The Empire Strikes Back,the_empire_strikes_back,5
3288391812.0,seen_episode_v_the_empire_strikes_back,1,Episode V: The Empire Strikes Back,the_empire_strikes_back,5
3288389603.0,seen_episode_v_the_empire_strikes_back,1,Episode V: The Empire Strikes Back,the_empire_strikes_back,5
3288388730.0,seen_episode_v_the_empire_strikes_back,1,Episode V: The Empire Strikes Back,the_empire_strikes_back,5
3288378779.0,seen_episode_v_the_empire_strikes_back,1,Episode V: The Empire Strikes Back,the_empire_strikes_back,5
3288375286.0,seen_episode_v_the_empire_strikes_back,0,Episode V: The Empire Strikes Back,the_empire_strikes_back,5
3288373068.0,seen_episode_v_the_empire_strikes_back,1,Episode V: The Empire Strikes Back,the_empire_strikes_back,5
3288372923.0,seen_episode_v_the_empire_strikes_back,1,Episode V: The Empire Strikes Back,the_empire_strikes_back,5
3292879998.0,seen_episode_vi_return_of_the_jedi,1,Episode VI: Return of the Jedi,return_of_the_jedi,6
3292879538.0,seen_episode_vi_return_of_the_jedi,0,Episode VI: Return of the Jedi,return_of_the_jedi,6
3292765271.0,seen_episode_vi_return_of_the_jedi,0,Episode VI: Return of the Jedi,return_of_the_jedi,6
3292763116.0,seen_episode_vi_return_of_the_jedi,1,Episode VI: Return of the Jedi,return_of_the_jedi,6
3292731220.0,seen_episode_vi_return_of_the_jedi,1,Episode VI: Return of the Jedi,return_of_the_jedi,6
3292719380.0,seen_episode_vi_return_of_the_jedi,1,Episode VI: Return of the Jedi,return_of_the_jedi,6
3292684787.0,seen_episode_vi_return_of_the_jedi,1,Episode VI: Return of the Jedi,return_of_the_jedi,6
3292663732.0,seen_episode_vi_return_of_the_jedi,1,Episode VI: Return of the Jedi,return_of_the_jedi,6
3292654043.0,seen_episode_vi_return_of_the_jedi,1,Episode VI: Return of the Jedi,return_of_the_jedi,6
3292640424.0,seen_episode_vi_return_of_the_jedi,0,Episode VI: Return of the Jedi,return_of_the_jedi,6
3292637870.0,seen_episode_vi_return_of_the_jedi,0,Episode VI: Return of the Jedi,return_of_the_jedi,6
3292635062.0,seen_episode_vi_return_of_the_jedi,0,Episode VI: Return of the Jedi,return_of_the_jedi,6
3292609214.0,seen_episode_vi_return_of_the_jedi,1,Episode VI: Return of the Jedi,return_of_the_jedi,6
3292596911.0,seen_episode_vi_return_of_the_jedi,1,Episode VI: Return of the Jedi,return_of_the_jedi,6
3292587240.0,seen_episode_vi_return_of_the_jedi,1,Episode VI: Return of the Jedi,return_of_the_jedi,6
3292583038.0,seen_episode_vi_return_of_the_jedi,1,Episode VI: Return of the Jedi,return_of_the_jedi,6
3292580516.0,seen_episode_vi_return_of_the_jedi,0,Episode VI: Return of the Jedi,return_of_the_jedi,6
3292572872.0,seen_episode_vi_return_of_the_jedi,1,Episode VI: Return of the Jedi,return_of_the_jedi,6
3292565282.0,seen_episode_vi_return_of_the_jedi,1,Episode VI: Return of the Jedi,return_of_the_jedi,6
3292562297.0,seen_episode_vi_return_of_the_jedi,1,Episode VI: Return of the Jedi,return_of_the_jedi,6
3292522349.0,seen_episode_vi_return_of_the_jedi,1,Episode VI: Return of the Jedi,return_of_the_jedi,6
3292521066.0,seen_episode_vi_return_of_the_jedi,0,Episode VI: Return of the Jedi,return_of_the_jedi,6
3292511801.0,seen_episode_vi_return_of_the_jedi,1,Episode VI: Return of the Jedi,return_of_the_jedi,6
3292483200.0,seen_episode_vi_return_of_the_jedi,1,Episode VI: Return of the Jedi,return_of_the_jedi,6
3292465491.0,seen_episode_vi_return_of_the_jedi,1,Episode VI: Return of the Jedi,return_of_the_jedi,6
3292447974.0,seen_episode_vi_return_of_the_jedi,0,Episode VI: Return of the Jedi,return_of_the_jedi,6
3292420123.0,seen_episode_vi_return_of_the_jedi,1,Episode VI: Return of the Jedi,return_of_the_jedi,6
3292384040.0,seen_episode_vi_return_of_the_jedi,1,Episode VI: Return of the Jedi,return_of_the_jedi,6
3292380493.0,seen_episode_vi_return_of_the_jedi,1,Episode VI: Return of the Jedi,return_of_the_jedi,6
3292376985.0,seen_episode_vi_return_of_the_jedi,1,Episode VI: Return of the Jedi,return_of_the_jedi,6
3292366792.0,seen_episode_vi_return_of_the_jedi,1,Episode VI: Return of the Jedi,return_of_the_jedi,6
3292339379.0,seen_episode_vi_return_of_the_jedi,1,Episode VI: Return of the Jedi,return_of_the_jedi,6
3292330840.0,seen_episode_vi_return_of_the_jedi,1,Episode VI: Return of the Jedi,return_of_the_jedi,6
3292318652.0,seen_episode_vi_return_of_the_jedi,0,Episode VI: Return of the Jedi,return_of_the_jedi,6
3292297848.0,seen_episode_vi_return_of_the_jedi,0,Episode VI: Return of the Jedi,return_of_the_jedi,6
3292290677.0,seen_episode_vi_return_of_the_jedi,1,Episode VI: Return of the Jedi,return_of_the_jedi,6
3292281095.0,seen_episode_vi_return_of_the_jedi,1,Episode VI: Return of the Jedi,return_of_the_jedi,6
3292279889.0,seen_episode_vi_return_of_the_jedi,1,Episode VI: Return of the Jedi,return_of_the_jedi,6
3292264069.0,seen_episode_vi_return_of_the_jedi,1,Episode VI: Return of the Jedi,return_of_the_jedi,6
3292257520.0,seen_episode_vi_return_of_the_jedi,1,Episode VI: Return of the Jedi,return_of_the_jedi,6
3292249492.0,seen_episode_vi_return_of_the_jedi,1,Episode VI: Return of the Jedi,return_of_the_jedi,6
3292222729.0,seen_episode_vi_return_of_the_jedi,1,Episode VI: Return of the Jedi,return_of_the_jedi,6
3292221635.0,seen_episode_vi_return_of_the_jedi,1,Episode VI: Return of the Jedi,return_of_the_jedi,6
3292218251.0,seen_episode_vi_return_of_the_jedi,1,Episode VI: Return of the Jedi,return_of_the_jedi,6
3292214307.0,seen_episode_vi_return_of_the_jedi,1,Episode VI: Return of the Jedi,return_of_the_jedi,6
3292210606.0,seen_episode_vi_return_of_the_jedi,1,Episode VI: Return of the Jedi,return_of_the_jedi,6
3292202220.0,seen_episode_vi_return_of_the_jedi,0,Episode VI: Return of the Jedi,return_of_the_jedi,6
3292189580.0,seen_episode_vi_return_of_the_jedi,1,Episode VI: Return of the Jedi,return_of_the_jedi,6
3292187343.0,seen_episode_vi_return_of_the_jedi,1,Episode VI: Return of the Jedi,return_of_the_jedi,6
3292186608.0,seen_episode_vi_return_of_the_jedi,0,Episode VI: Return of the Jedi,return_of_the_jedi,6
3292178389.0,seen_episode_vi_return_of_the_jedi,1,Episode VI: Return of the Jedi,return_of_the_jedi,6
3292176862.0,seen_episode_vi_return_of_the_jedi,1,Episode VI: Return of the Jedi,return_of_the_jedi,6
3292173922.0,seen_episode_vi_return_of_the_jedi,1,Episode VI: Return of the Jedi,return_of_the_jedi,6
3292167131.0,seen_episode_vi_return_of_the_jedi,1,Episode VI: Return of the Jedi,return_of_the_jedi,6
3292162057.0,seen_episode_vi_return_of_the_jedi,1,Episode VI: Return of the Jedi,return_of_the_jedi,6
3292161407.0,seen_episode_vi_return_of_the_jedi,0,Episode VI: Return of the Jedi,return_of_the_jedi,6
3292156614.0,seen_episode_vi_return_of_the_jedi,1,Episode VI: Return of the Jedi,return_of_the_jedi,6
3292148570.0,seen_episode_vi_return_of_the_jedi,1,Episode VI: Return of the Jedi,return_of_the_jedi,6
3292144665.0,seen_episode_vi_return_of_the_jedi,1,Episode VI: Return of the Jedi,return_of_the_jedi,6
3292143503.0,seen_episode_vi_return_of_the_jedi,1,Episode VI: Return of the Jedi,return_of_the_jedi,6
3292131636.0,seen_episode_vi_return_of_the_jedi,1,Episode VI: Return of the Jedi,return_of_the_jedi,6
3292125068.0,seen_episode_vi_return_of_the_jedi,0,Episode VI: Return of the Jedi,return_of_the_jedi,6
3292120160.0,seen_episode_vi_return_of_the_jedi,1,Episode VI: Return of the Jedi,return_of_the_jedi,6
3292103680.0,seen_episode_vi_return_of_the_jedi,1,Episode VI: Return of the Jedi,return_of_the_jedi,6
3292050153.0,seen_episode_vi_return_of_the_jedi,1,Episode VI: Return of the Jedi,return_of_the_jedi,6
3292041365.0,seen_episode_vi_return_of_the_jedi,1,Episode VI: Return of the Jedi,return_of_the_jedi,6
3292033243.0,seen_episode_vi_return_of_the_jedi,1,Episode VI: Return of the Jedi,return_of_the_jedi,6
3292031637.0,seen_episode_vi_return_of_the_jedi,1,Episode VI: Return of the Jedi,return_of_the_jedi,6
3292008762.0,seen_episode_vi_return_of_the_jedi,1,Episode VI: Return of the Jedi,return_of_the_jedi,6
3291992352.0,seen_episode_vi_return_of_the_jedi,1,Episode VI: Return of the Jedi,return_of_the_jedi,6
3291945498.0,seen_episode_vi_return_of_the_jedi,1,Episode VI: Return of the Jedi,return_of_the_jedi,6
3291940517.0,seen_episode_vi_return_of_the_jedi,1,Episode VI: Return of the Jedi,return_of_the_jedi,6
3291871486.0,seen_episode_vi_return_of_the_jedi,1,Episode VI: Return of the Jedi,return_of_the_jedi,6
3291778150.0,seen_episode_vi_return_of_the_jedi,1,Episode VI: Return of the Jedi,return_of_the_jedi,6
3291766314.0,seen_episode_vi_return_of_the_jedi,1,Episode VI: Return of the Jedi,return_of_the_jedi,6
3291762799.0,seen_episode_vi_return_of_the_jedi,1,Episode VI: Return of the Jedi,return_of_the_jedi,6
3291707153.0,seen_episode_vi_return_of_the_jedi,1,Episode VI: Return of the Jedi,return_of_the_jedi,6
3291701619.0,seen_episode_vi_return_of_the_jedi,1,Episode VI: Return of the Jedi,return_of_the_jedi,6
3291696391.0,seen_episode_vi_return_of_the_jedi,1,Episode VI: Return of the Jedi,return_of_the_jedi,6
3291684768.0,seen_episode_vi_return_of_the_jedi,1,Episode VI: Return of the Jedi,return_of_the_jedi,6
3291669388.0,seen_episode_vi_return_of_the_jedi,0,Episode VI: Return of the Jedi,return_of_the_jedi,6
3291661584.0,seen_episode_vi_return_of_the_jedi,1,Episode VI: Return of the Jedi,return_of_the_jedi,6
3291658046.0,seen_episode_vi_return_of_the_jedi,1,Episode VI: Return of the Jedi,return_of_the_jedi,6
3291654919.0,seen_episode_vi_return_of_the_jedi,1,Episode VI: Return of the Jedi,return_of_the_jedi,6
3291653882.0,seen_episode_vi_return_of_the_jedi,0,Episode VI: Return of the Jedi,return_of_the_jedi,6
3291650311.0,seen_episode_vi_return_of_the_jedi,1,Episode VI: Return of the Jedi,return_of_the_jedi,6
3291649780.0,seen_episode_vi_return_of_the_jedi,0,Episode VI: Return of the Jedi,return_of_the_jedi,6
3291648660.0,seen_episode_vi_return_of_the_jedi,0,Episode VI: Return of the Jedi,return_of_the_jedi,6
3291641416.0,seen_episode_vi_return_of_the_jedi,1,Episode VI: Return of the Jedi,return_of_the_jedi,6
3291635934.0,seen_episode_vi_return_of_the_jedi,0,Episode VI: Return of the Jedi,return_of_the_jedi,6
3291634205.0,seen_episode_vi_return_of_the_jedi,1,Episode VI: Return of the Jedi,return_of_the_jedi,6
3291618031.0,seen_episode_vi_return_of_the_jedi,1,Episode VI: Return of the Jedi,return_of_the_jedi,6
3291603688.0,seen_episode_vi_return_of_the_jedi,0,Episode VI: Return of the Jedi,return_of_the_jedi,6
3291602842.0,seen_episode_vi_return_of_the_jedi,1,Episode VI: Return of the Jedi,return_of_the_jedi,6
3291598188.0,seen_episode_vi_return_of_the_jedi,1,Episode VI: Return of the Jedi,return_of_the_jedi,6
3291588139.0,seen_episode_vi_return_of_the_jedi,1,Episode VI: Return of the Jedi,return_of_the_jedi,6
3291570206.0,seen_episode_vi_return_of_the_jedi,0,Episode VI: Return of the Jedi,return_of_the_jedi,6
3291548852.0,seen_episode_vi_return_of_the_jedi,1,Episode VI: Return of the Jedi,return_of_the_jedi,6
3291529925.0,seen_episode_vi_return_of_the_jedi,1,Episode VI: Return of the Jedi,return_of_the_jedi,6
3291524547.0,seen_episode_vi_return_of_the_jedi,0,Episode VI: Return of the Jedi,return_of_the_jedi,6
3291502449.0,seen_episode_vi_return_of_the_jedi,1,Episode VI: Return of the Jedi,return_of_the_jedi,6
3291497337.0,seen_episode_vi_return_of_the_jedi,1,Episode VI: Return of the Jedi,return_of_the_jedi,6
3291482197.0,seen_episode_vi_return_of_the_jedi,1,Episode VI: Return of the Jedi,return_of_the_jedi,6
3291476650.0,seen_episode_vi_return_of_the_jedi,0,Episode VI: Return of the Jedi,return_of_the_jedi,6
3291470613.0,seen_episode_vi_return_of_the_jedi,0,Episode VI: Return of the Jedi,return_of_the_jedi,6
3291469991.0,seen_episode_vi_return_of_the_jedi,0,Episode VI: Return of the Jedi,return_of_the_jedi,6
3291468155.0,seen_episode_vi_return_of_the_jedi,1,Episode VI: Return of the Jedi,return_of_the_jedi,6
3291461574.0,seen_episode_vi_return_of_the_jedi,1,Episode VI: Return of the Jedi,return_of_the_jedi,6
3291455642.0,seen_episode_vi_return_of_the_jedi,0,Episode VI: Return of the Jedi,return_of_the_jedi,6
3291446474.0,seen_episode_vi_return_of_the_jedi,1,Episode VI: Return of the Jedi,return_of_the_jedi,6
3291446275.0,seen_episode_vi_return_of_the_jedi,1,Episode VI: Return of the Jedi,return_of_the_jedi,6
3291439708.0,seen_episode_vi_return_of_the_jedi,1,Episode VI: Return of the Jedi,return_of_the_jedi,6
3291439404.0,seen_episode_vi_return_of_the_jedi,0,Episode VI: Return of the Jedi,return_of_the_jedi,6
3291437345.0,seen_episode_vi_return_of_the_jedi,1,Episode VI: Return of the Jedi,return_of_the_jedi,6
3291435787.0,seen_episode_vi_return_of_the_jedi,1,Episode VI: Return of the Jedi,return_of_the_jedi,6
3291435056.0,seen_episode_vi_return_of_the_jedi,0,Episode VI: Return of the Jedi,return_of_the_jedi,6
3291433636.0,seen_episode_vi_return_of_the_jedi,1,Episode VI: Return of the Jedi,return_of_the_jedi,6
3291431939.0,seen_episode_vi_return_of_the_jedi,1,Episode VI: Return of the Jedi,return_of_the_jedi,6
3291430239.0,seen_episode_vi_return_of_the_jedi,0,Episode VI: Return of the Jedi,return_of_the_jedi,6
3291430193.0,seen_episode_vi_return_of_the_jedi,0,Episode VI: Return of the Jedi,return_of_the_jedi,6
3291428174.0,seen_episode_vi_return_of_the_jedi,1,Episode VI: Return of the Jedi,return_of_the_jedi,6
3291427761.0,seen_episode_vi_return_of_the_jedi,0,Episode VI: Return of the Jedi,return_of_the_jedi,6
3291425110.0,seen_episode_vi_return_of_the_jedi,1,Episode VI: Return of the Jedi,return_of_the_jedi,6
3291424127.0,seen_episode_vi_return_of_the_jedi,1,Episode VI: Return of the Jedi,return_of_the_jedi,6
3291424006.0,seen_episode_vi_return_of_the_jedi,0,Episode VI: Return of the Jedi,return_of_the_jedi,6
3291422637.0,seen_episode_vi_return_of_the_jedi,1,Episode VI: Return of the Jedi,return_of_the_jedi,6
3291421381.0,seen_episode_vi_return_of_the_jedi,0,Episode VI: Return of the Jedi,return_of_the_jedi,6
3291420030.0,seen_episode_vi_return_of_the_jedi,0,Episode VI: Return of the Jedi,return_of_the_jedi,6
3291410155.0,seen_episode_vi_return_of_the_jedi,0,Episode VI: Return of the Jedi,return_of_the_jedi,6
3291405943.0,seen_episode_vi_return_of_the_jedi,0,Episode VI: Return of the Jedi,return_of_the_jedi,6
3291402264.0,seen_episode_vi_return_of_the_jedi,0,Episode VI: Return of the Jedi,return_of_the_jedi,6
3291401326.0,seen_episode_vi_return_of_the_jedi,1,Episode VI: Return of the Jedi,return_of_the_jedi,6
3291395512.0,seen_episode_vi_return_of_the_jedi,1,Episode VI: Return of the Jedi,return_of_the_jedi,6
3291394022.0,seen_episode_vi_return_of_the_jedi,1,Episode VI: Return of the Jedi,return_of_the_jedi,6
3291391717.0,seen_episode_vi_return_of_the_jedi,0,Episode VI: Return of the Jedi,return_of_the_jedi,6
3291391446.0,seen_episode_vi_return_of_the_jedi,1,Episode VI: Return of the Jedi,return_of_the_jedi,6
3291391033.0,seen_episode_vi_return_of_the_jedi,0,Episode VI: Return of the Jedi,return_of_the_jedi,6
3291390734.0,seen_episode_vi_return_of_the_jedi,0,Episode VI: Return of the Jedi,return_of_the_jedi,6
3291388906.0,seen_episode_vi_return_of_the_jedi,0,Episode VI: Return of the Jedi,return_of_the_jedi,6
3291388180.0,seen_episode_vi_return_of_the_jedi,1,Episode VI: Return of the Jedi,return_of_the_jedi,6
3291380973.0,seen_episode_vi_return_of_the_jedi,1,Episode VI: Return of the Jedi,return_of_the_jedi,6
3291378572.0,seen_episode_vi_return_of_the_jedi,0,Episode VI: Return of the Jedi,return_of_the_jedi,6
3291375306.0,seen_episode_vi_return_of_the_jedi,1,Episode VI: Return of the Jedi,return_of_the_jedi,6
3291364062.0,seen_episode_vi_return_of_the_jedi,1,Episode VI: Return of the Jedi,return_of_the_jedi,6
3291345427.0,seen_episode_vi_return_of_the_jedi,1,Episode VI: Return of the Jedi,return_of_the_jedi,6
3291341186.0,seen_episode_vi_return_of_the_jedi,0,Episode VI: Return of the Jedi,return_of_the_jedi,6
3291330710.0,seen_episode_vi_return_of_the_jedi,1,Episode VI: Return of the Jedi,return_of_the_jedi,6
3291327304.0,seen_episode_vi_return_of_the_jedi,1,Episode VI: Return of the Jedi,return_of_the_jedi,6
3291320154.0,seen_episode_vi_return_of_the_jedi,1,Episode VI: Return of the Jedi,return_of_the_jedi,6
3291312980.0,seen_episode_vi_return_of_the_jedi,0,Episode VI: Return of the Jedi,return_of_the_jedi,6
3291290675.0,seen_episode_vi_return_of_the_jedi,0,Episode VI: Return of the Jedi,return_of_the_jedi,6
3291288174.0,seen_episode_vi_return_of_the_jedi,1,Episode VI: Return of the Jedi,return_of_the_jedi,6
3291271932.0,seen_episode_vi_return_of_the_jedi,1,Episode VI: Return of the Jedi,return_of_the_jedi,6
3291267852.0,seen_episode_vi_return_of_the_jedi,1,Episode VI: Return of the Jedi,return_of_the_jedi,6
3291262515.0,seen_episode_vi_return_of_the_jedi,1,Episode VI: Return of the Jedi,return_of_the_jedi,6
3291233218.0,seen_episode_vi_return_of_the_jedi,1,Episode VI: Return of the Jedi,return_of_the_jedi,6
3291206864.0,seen_episode_vi_return_of_the_jedi,1,Episode VI: Return of the Jedi,return_of_the_jedi,6
3291203531.0,seen_episode_vi_return_of_the_jedi,0,Episode VI: Return of the Jedi,return_of_the_jedi,6
3291184745.0,seen_episode_vi_return_of_the_jedi,1,Episode VI: Return of the Jedi,return_of_the_jedi,6
3291181010.0,seen_episode_vi_return_of_the_jedi,1,Episode VI: Return of the Jedi,return_of_the_jedi,6
3291159863.0,seen_episode_vi_return_of_the_jedi,1,Episode VI: Return of the Jedi,return_of_the_jedi,6
3291145258.0,seen_episode_vi_return_of_the_jedi,1,Episode VI: Return of the Jedi,return_of_the_jedi,6
3291141478.0,seen_episode_vi_return_of_the_jedi,1,Episode VI: Return of the Jedi,return_of_the_jedi,6
3291139156.0,seen_episode_vi_return_of_the_jedi,1,Episode VI: Return of the Jedi,return_of_the_jedi,6
3291121359.0,seen_episode_vi_return_of_the_jedi,1,Episode VI: Return of the Jedi,return_of_the_jedi,6
3291119656.0,seen_episode_vi_return_of_the_jedi,1,Episode VI: Return of the Jedi,return_of_the_jedi,6
3291101925.0,seen_episode_vi_return_of_the_jedi,1,Episode VI: Return of the Jedi,return_of_the_jedi,6
3291094347.0,seen_episode_vi_return_of_the_jedi,1,Episode VI: Return of the Jedi,return_of_the_jedi,6
3291092094.0,seen_episode_vi_return_of_the_jedi,1,Episode VI: Return of the Jedi,return_of_the_jedi,6
3291077381.0,seen_episode_vi_return_of_the_jedi,1,Episode VI: Return of the Jedi,return_of_the_jedi,6
3291075212.0,seen_episode_vi_return_of_the_jedi,1,Episode VI: Return of the Jedi,return_of_the_jedi,6
3291064417.0,seen_episode_vi_return_of_the_jedi,0,Episode VI: Return of the Jedi,return_of_the_jedi,6
3291063226.0,seen_episode_vi_return_of_the_jedi,1,Episode VI: Return of the Jedi,return_of_the_jedi,6
3291060156.0,seen_episode_vi_return_of_the_jedi,1,Episode VI: Return of the Jedi,return_of_the_jedi,6
3291056296.0,seen_episode_vi_return_of_the_jedi,1,Episode VI: Return of the Jedi,return_of_the_jedi,6
3291052728.0,seen_episode_vi_return_of_the_jedi,1,Episode VI: Return of the Jedi,return_of_the_jedi,6
3291051343.0,seen_episode_vi_return_of_the_jedi,1,Episode VI: Return of the Jedi,return_of_the_jedi,6
3291045360.0,seen_episode_vi_return_of_the_jedi,1,Episode VI: Return of the Jedi,return_of_the_jedi,6
3291043176.0,seen_episode_vi_return_of_the_jedi,1,Episode VI: Return of the Jedi,return_of_the_jedi,6
3291042516.0,seen_episode_vi_return_of_the_jedi,1,Episode VI: Return of the Jedi,return_of_the_jedi,6
3291037640.0,seen_episode_vi_return_of_the_jedi,0,Episode VI: Return of the Jedi,return_of_the_jedi,6
3291034202.0,seen_episode_vi_return_of_the_jedi,1,Episode VI: Return of the Jedi,return_of_the_jedi,6
3291033668.0,seen_episode_vi_return_of_the_jedi,0,Episode VI: Return of the Jedi,return_of_the_jedi,6
3291032418.0,seen_episode_vi_return_of_the_jedi,1,Episode VI: Return of the Jedi,return_of_the_jedi,6
3291029281.0,seen_episode_vi_return_of_the_jedi,0,Episode VI: Return of the Jedi,return_of_the_jedi,6
3291028446.0,seen_episode_vi_return_of_the_jedi,1,Episode VI: Return of the Jedi,return_of_the_jedi,6
3291024297.0,seen_episode_vi_return_of_the_jedi,1,Episode VI: Return of the Jedi,return_of_the_jedi,6
3291023456.0,seen_episode_vi_return_of_the_jedi,1,Episode VI: Return of the Jedi,return_of_the_jedi,6
3291022655.0,seen_episode_vi_return_of_the_jedi,1,Episode VI: Return of the Jedi,return_of_the_jedi,6
3291022275.0,seen_episode_vi_return_of_the_jedi,0,Episode VI: Return of the Jedi,return_of_the_jedi,6
3291022013.0,seen_episode_vi_return_of_the_jedi,0,Episode VI: Return of the Jedi,return_of_the_jedi,6
3291019033.0,seen_episode_vi_return_of_the_jedi,1,Episode VI: Return of the Jedi,return_of_the_jedi,6
3291018581.0,seen_episode_vi_return_of_the_jedi,0,Episode VI: Return of the Jedi,return_of_the_jedi,6
3291015347.0,seen_episode_vi_return_of_the_jedi,0,Episode VI: Return of the Jedi,return_of_the_jedi,6
3291014757.0,seen_episode_vi_return_of_the_jedi,1,Episode VI: Return of the Jedi,return_of_the_jedi,6
3291009055.0,seen_episode_vi_return_of_the_jedi,0,Episode VI: Return of the Jedi,return_of_the_jedi,6
3291007877.0,seen_episode_vi_return_of_the_jedi,1,Episode VI: Return of the Jedi,return_of_the_jedi,6
3291006540.0,seen_episode_vi_return_of_the_jedi,0,Episode VI: Return of the Jedi,return_of_the_jedi,6
3291002672.0,seen_episode_vi_return_of_the_jedi,1,Episode VI: Return of the Jedi,return_of_the_jedi,6
3291001879.0,seen_episode_vi_return_of_the_jedi,0,Episode VI: Return of the Jedi,return_of_the_jedi,6
3290999912.0,seen_episode_vi_return_of_the_jedi,0,Episode VI: Return of the Jedi,return_of_the_jedi,6
3290998457.0,seen_episode_vi_return_of_the_jedi,0,Episode VI: Return of the Jedi,return_of_the_jedi,6
3290996933.0,seen_episode_vi_return_of_the_jedi,1,Episode VI: Return of the Jedi,return_of_the_jedi,6
3290994001.0,seen_episode_vi_return_of_the_jedi,1,Episode VI: Return of the Jedi,return_of_the_jedi,6
3290992477.0,seen_episode_vi_return_of_the_jedi,1,Episode VI: Return of the Jedi,return_of_the_jedi,6
3290992371.0,seen_episode_vi_return_of_the_jedi,0,Episode VI: Return of the Jedi,return_of_the_jedi,6
3290987996.0,seen_episode_vi_return_of_the_jedi,1,Episode VI: Return of the Jedi,return_of_the_jedi,6
3290984063.0,seen_episode_vi_return_of_the_jedi,1,Episode VI: Return of the Jedi,return_of_the_jedi,6
3290980789.0,seen_episode_vi_return_of_the_jedi,0,Episode VI: Return of the Jedi,return_of_the_jedi,6
3290977827.0,seen_episode_vi_return_of_the_jedi,1,Episode VI: Return of the Jedi,return_of_the_jedi,6
3290976539.0,seen_episode_vi_return_of_the_jedi,0,Episode VI: Return of the Jedi,return_of_the_jedi,6
3290975724.0,seen_episode_vi_return_of_the_jedi,1,Episode VI: Return of the Jedi,return_of_the_jedi,6
3290973695.0,seen_episode_vi_return_of_the_jedi,1,Episode VI: Return of the Jedi,return_of_the_jedi,6
3290973177.0,seen_episode_vi_return_of_the_jedi,0,Episode VI: Return of the Jedi,return_of_the_jedi,6
3290973120.0,seen_episode_vi_return_of_the_jedi,0,Episode VI: Return of the Jedi,return_of_the_jedi,6
3290972257.0,seen_episode_vi_return_of_the_jedi,1,Episode VI: Return of the Jedi,return_of_the_jedi,6
3290971794.0,seen_episode_vi_return_of_the_jedi,1,Episode VI: Return of the Jedi,return_of_the_jedi,6
3290971358.0,seen_episode_vi_return_of_the_jedi,0,Episode VI: Return of the Jedi,return_of_the_jedi,6
3290965482.0,seen_episode_vi_return_of_the_jedi,0,Episode VI: Return of the Jedi,return_of_the_jedi,6
3290961855.0,seen_episode_vi_return_of_the_jedi,0,Episode VI: Return of the Jedi,return_of_the_jedi,6
3290961497.0,seen_episode_vi_return_of_the_jedi,1,Episode VI: Return of the Jedi,return_of_the_jedi,6
3290953060.0,seen_episode_vi_return_of_the_jedi,0,Episode VI: Return of the Jedi,return_of_the_jedi,6
3290949606.0,seen_episode_vi_return_of_the_jedi,0,Episode VI: Return of the Jedi,return_of_the_jedi,6
3290948002.0,seen_episode_vi_return_of_the_jedi,1,Episode VI: Return of the Jedi,return_of_the_jedi,6
3290947136.0,seen_episode_vi_return_of_the_jedi,1,Episode VI: Return of the Jedi,return_of_the_jedi,6
3290947011.0,seen_episode_vi_return_of_the_jedi,1,Episode VI: Return of the Jedi,return_of_the_jedi,6
3290946211.0,seen_episode_vi_return_of_the_jedi,0,Episode VI: Return of the Jedi,return_of_the_jedi,6
3290944858.0,seen_episode_vi_return_of_the_jedi,1,Episode VI: Return of the Jedi,return_of_the_jedi,6
3290944288.0,seen_episode_vi_return_of_the_jedi,1,Episode VI: Return of the Jedi,return_of_the_jedi,6
3290941824.0,seen_episode_vi_return_of_the_jedi,1,Episode VI: Return of the Jedi,return_of_the_jedi,6
3290939696.0,seen_episode_vi_return_of_the_jedi,0,Episode VI: Return of the Jedi,return_of_the_jedi,6
3290934328.0,seen_episode_vi_return_of_the_jedi,0,Episode VI: Return of the Jedi,return_of_the_jedi,6
3290929229.0,seen_episode_vi_return_of_the_jedi,1,Episode VI: Return of the Jedi,return_of_the_jedi,6
3290927126.0,seen_episode_vi_return_of_the_jedi,0,Episode VI: Return of the Jedi,return_of_the_jedi,6
3290926407.0,seen_episode_vi_return_of_the_jedi,0,Episode VI: Return of the Jedi,return_of_the_jedi,6
3290922858.0,seen_episode_vi_return_of_the_jedi,1,Episode VI: Return of the Jedi,return_of_the_jedi,6
3290920752.0,seen_episode_vi_return_of_the_jedi,0,Episode VI: Return of the Jedi,return_of_the_jedi,6
3290919823.0,seen_episode_vi_return_of_the_jedi,1,Episode VI: Return of the Jedi,return_of_the_jedi,6
3290919419.0,seen_episode_vi_return_of_the_jedi,1,Episode VI: Return of the Jedi,return_of_the_jedi,6
3290917153.0,seen_episode_vi_return_of_the_jedi,1,Episode VI: Return of the Jedi,return_of_the_jedi,6
3290917131.0,seen_episode_vi_return_of_the_jedi,1,Episode VI: Return of the Jedi,return_of_the_jedi,6
3290916554.0,seen_episode_vi_return_of_the_jedi,1,Episode VI: Return of the Jedi,return_of_the_jedi,6
3290915885.0,seen_episode_vi_return_of_the_jedi,1,Episode VI: Return of the Jedi,return_of_the_jedi,6
3290912485.0,seen_episode_vi_return_of_the_jedi,0,Episode VI: Return of the Jedi,return_of_the_jedi,6
3290912014.0,seen_episode_vi_return_of_the_jedi,1,Episode VI: Return of the Jedi,return_of_the_jedi,6
3290910069.0,seen_episode_vi_return_of_the_jedi,1,Episode VI: Return of the Jedi,return_of_the_jedi,6
3290906086.0,seen_episode_vi_return_of_the_jedi,1,Episode VI: Return of the Jedi,return_of_the_jedi,6
3290906022.0,seen_episode_vi_return_of_the_jedi,1,Episode VI: Return of the Jedi,return_of_the_jedi,6
3290903423.0,seen_episode_vi_return_of_the_jedi,1,Episode VI: Return of the Jedi,return_of_the_jedi,6
3290902880.0,seen_episode_vi_return_of_the_jedi,1,Episode VI: Return of the Jedi,return_of_the_jedi,6
3290901027.0,seen_episode_vi_return_of_the_jedi,1,Episode VI: Return of the Jedi,return_of_the_jedi,6
3290896982.0,seen_episode_vi_return_of_the_jedi,0,Episode VI: Return of the Jedi,return_of_the_jedi,6
3290893301.0,seen_episode_vi_return_of_the_jedi,0,Episode VI: Return of the Jedi,return_of_the_jedi,6
3290889443.0,seen_episode_vi_return_of_the_jedi,0,Episode VI: Return of the Jedi,return_of_the_jedi,6
3290888715.0,seen_episode_vi_return_of_the_jedi,0,Episode VI: Return of the Jedi,return_of_the_jedi,6
3290888303.0,seen_episode_vi_return_of_the_jedi,1,Episode VI: Return of the Jedi,return_of_the_jedi,6
3290888102.0,seen_episode_vi_return_of_the_jedi,0,Episode VI: Return of the Jedi,return_of_the_jedi,6
3290888079.0,seen_episode_vi_return_of_the_jedi,1,Episode VI: Return of the Jedi,return_of_the_jedi,6
3290884427.0,seen_episode_vi_return_of_the_jedi,1,Episode VI: Return of the Jedi,return_of_the_jedi,6
3290881566.0,seen_episode_vi_return_of_the_jedi,1,Episode VI: Return of the Jedi,return_of_the_jedi,6
3290879019.0,seen_episode_vi_return_of_the_jedi,1,Episode VI: Return of the Jedi,return_of_the_jedi,6
3290878766.0,seen_episode_vi_return_of_the_jedi,1,Episode VI: Return of the Jedi,return_of_the_jedi,6
3290874545.0,seen_episode_vi_return_of_the_jedi,0,Episode VI: Return of the Jedi,return_of_the_jedi,6
3290873342.0,seen_episode_vi_return_of_the_jedi,1,Episode VI: Return of the Jedi,return_of_the_jedi,6
3290871307.0,seen_episode_vi_return_of_the_jedi,1,Episode VI: Return of the Jedi,return_of_the_jedi,6
3290869696.0,seen_episode_vi_return_of_the_jedi,0,Episode VI: Return of the Jedi,return_of_the_jedi,6
3290863729.0,seen_episode_vi_return_of_the_jedi,1,Episode VI: Return of the Jedi,return_of_the_jedi,6
3290863193.0,seen_episode_vi_return_of_the_jedi,1,Episode VI: Return of the Jedi,return_of_the_jedi,6
3290862050.0,seen_episode_vi_return_of_the_jedi,0,Episode VI: Return of the Jedi,return_of_the_jedi,6
3290860908.0,seen_episode_vi_return_of_the_jedi,1,Episode VI: Return of the Jedi,return_of_the_jedi,6
3290860842.0,seen_episode_vi_return_of_the_jedi,1,Episode VI: Return of the Jedi,return_of_the_jedi,6
3290860558.0,seen_episode_vi_return_of_the_jedi,1,Episode VI: Return of the Jedi,return_of_the_jedi,6
3290858689.0,seen_episode_vi_return_of_the_jedi,0,Episode VI: Return of the Jedi,return_of_the_jedi,6
3290858543.0,seen_episode_vi_return_of_the_jedi,1,Episode VI: Return of the Jedi,return_of_the_jedi,6
3290855818.0,seen_episode_vi_return_of_the_jedi,1,Episode VI: Return of the Jedi,return_of_the_jedi,6
3290854802.0,seen_episode_vi_return_of_the_jedi,1,Episode VI: Return of the Jedi,return_of_the_jedi,6
3290853559.0,seen_episode_vi_return_of_the_jedi,0,Episode VI: Return of the Jedi,return_of_the_jedi,6
3290853267.0,seen_episode_vi_return_of_the_jedi,0,Episode VI: Return of the Jedi,return_of_the_jedi,6
3290852271.0,seen_episode_vi_return_of_the_jedi,0,Episode VI: Return of the Jedi,return_of_the_jedi,6
3290848617.0,seen_episode_vi_return_of_the_jedi,1,Episode VI: Return of the Jedi,return_of_the_jedi,6
3290846848.0,seen_episode_vi_return_of_the_jedi,1,Episode VI: Return of the Jedi,return_of_the_jedi,6
3290846769.0,seen_episode_vi_return_of_the_jedi,1,Episode VI: Return of the Jedi,return_of_the_jedi,6
3290846466.0,seen_episode_vi_return_of_the_jedi,1,Episode VI: Return of the Jedi,return_of_the_jedi,6
3290845752.0,seen_episode_vi_return_of_the_jedi,1,Episode VI: Return of the Jedi,return_of_the_jedi,6
3290845367.0,seen_episode_vi_return_of_the_jedi,1,Episode VI: Return of the Jedi,return_of_the_jedi,6
3290845046.0,seen_episode_vi_return_of_the_jedi,1,Episode VI: Return of the Jedi,return_of_the_jedi,6
3290844577.0,seen_episode_vi_return_of_the_jedi,0,Episode VI: Return of the Jedi,return_of_the_jedi,6
3290841815.0,seen_episode_vi_return_of_the_jedi,1,Episode VI: Return of the Jedi,return_of_the_jedi,6
3290840905.0,seen_episode_vi_return_of_the_jedi,0,Episode VI: Return of the Jedi,return_of_the_jedi,6
3290836653.0,seen_episode_vi_return_of_the_jedi,0,Episode VI: Return of the Jedi,return_of_the_jedi,6
3290834007.0,seen_episode_vi_return_of_the_jedi,1,Episode VI: Return of the Jedi,return_of_the_jedi,6
3290829888.0,seen_episode_vi_return_of_the_jedi,1,Episode VI: Return of the Jedi,return_of_the_jedi,6
3290828902.0,seen_episode_vi_return_of_the_jedi,0,Episode VI: Return of the Jedi,return_of_the_jedi,6
3290824340.0,seen_episode_vi_return_of_the_jedi,0,Episode VI: Return of the Jedi,return_of_the_jedi,6
3290821620.0,seen_episode_vi_return_of_the_jedi,1,Episode VI: Return of the Jedi,return_of_the_jedi,6
3290819415.0,seen_episode_vi_return_of_the_jedi,1,Episode VI: Return of the Jedi,return_of_the_jedi,6
3290815080.0,seen_episode_vi_return_of_the_jedi,0,Episode VI: Return of the Jedi,return_of_the_jedi,6
3290812610.0,seen_episode_vi_return_of_the_jedi,0,Episode VI: Return of the Jedi,return_of_the_jedi,6
3290810177.0,seen_episode_vi_return_of_the_jedi,1,Episode VI: Return of the Jedi,return_of_the_jedi,6
3290810023.0,seen_episode_vi_return_of_the_jedi,1,Episode VI: Return of the Jedi,return_of_the_jedi,6
3290807769.0,seen_episode_vi_return_of_the_jedi,0,Episode VI: Return of the Jedi,return_of_the_jedi,6
3290806200.0,seen_episode_vi_return_of_the_jedi,1,Episode VI: Return of the Jedi,return_of_the_jedi,6
3290805125.0,seen_episode_vi_return_of_the_jedi,1,Episode VI: Return of the Jedi,return_of_the_jedi,6
3290804128.0,seen_episode_vi_return_of_the_jedi,0,Episode VI: Return of the Jedi,return_of_the_jedi,6
3290804008.0,seen_episode_vi_return_of_the_jedi,1,Episode VI: Return of the Jedi,return_of_the_jedi,6
3290799403.0,seen_episode_vi_return_of_the_jedi,0,Episode VI: Return of the Jedi,return_of_the_jedi,6
3290798641.0,seen_episode_vi_return_of_the_jedi,0,Episode VI: Return of the Jedi,return_of_the_jedi,6
3290798064.0,seen_episode_vi_return_of_the_jedi,1,Episode VI: Return of the Jedi,return_of_the_jedi,6
3290796650.0,seen_episode_vi_return_of_the_jedi,1,Episode VI: Return of the Jedi,return_of_the_jedi,6
3290792507.0,seen_episode_vi_return_of_the_jedi,1,Episode VI: Return of the Jedi,return_of_the_jedi,6
3290787286.0,seen_episode_vi_return_of_the_jedi,1,Episode VI: Return of the Jedi,return_of_the_jedi,6
3290785928.0,seen_episode_vi_return_of_the_jedi,1,Episode VI: Return of the Jedi,return_of_the_jedi,6
3290782952.0,seen_episode_vi_return_of_the_jedi,0,Episode VI: Return of the Jedi,return_of_the_jedi,6
3290781544.0,seen_episode_vi_return_of_the_jedi,1,Episode VI: Return of the Jedi,return_of_the_jedi,6
3290781284.0,seen_episode_vi_return_of_the_jedi,0,Episode VI: Return of the Jedi,return_of_the_jedi,6
3290781039.0,seen_episode_vi_return_of_the_jedi,1,Episode VI: Return of the Jedi,return_of_the_jedi,6
3290779524.0,seen_episode_vi_return_of_the_jedi,1,Episode VI: Return of the Jedi,return_of_the_jedi,6
3290779140.0,seen_episode_vi_return_of_the_jedi,1,Episode VI: Return of the Jedi,return_of_the_jedi,6
3290778828.0,seen_episode_vi_return_of_the_jedi,0,Episode VI: Return of the Jedi,return_of_the_jedi,6
3290777129.0,seen_episode_vi_return_of_the_jedi,0,Episode VI: Return of the Jedi,return_of_the_jedi,6
3290773277.0,seen_episode_vi_return_of_the_jedi,1,Episode VI: Return of the Jedi,return_of_the_jedi,6
3290769012.0,seen_episode_vi_return_of_the_jedi,0,Episode VI: Return of the Jedi,return_of_the_jedi,6
3290767951.0,seen_episode_vi_return_of_the_jedi,0,Episode VI: Return of the Jedi,return_of_the_jedi,6
3290767535.0,seen_episode_vi_return_of_the_jedi,1,Episode VI: Return of the Jedi,return_of_the_jedi,6
3290765210.0,seen_episode_vi_return_of_the_jedi,0,Episode VI: Return of the Jedi,return_of_the_jedi,6
3290762924.0,seen_episode_vi_return_of_the_jedi,0,Episode VI: Return of the Jedi,return_of_the_jedi,6
3290761823.0,seen_episode_vi_return_of_the_jedi,0,Episode VI: Return of the Jedi,return_of_the_jedi,6
3290760722.0,seen_episode_vi_return_of_the_jedi,1,Episode VI: Return of the Jedi,return_of_the_jedi,6
3290759512.0,seen_episode_vi_return_of_the_jedi,1,Episode VI: Return of the Jedi,return_of_the_jedi,6
3290758362.0,seen_episode_vi_return_of_the_jedi,1,Episode VI: Return of the Jedi,return_of_the_jedi,6
3290757230.0,seen_episode_vi_return_of_the_jedi,0,Episode VI: Return of the Jedi,return_of_the_jedi,6
3290756394.0,seen_episode_vi_return_of_the_jedi,1,Episode VI: Return of the Jedi,return_of_the_jedi,6
3290755451.0,seen_episode_vi_return_of_the_jedi,1,Episode VI: Return of the Jedi,return_of_the_jedi,6
3290753390.0,seen_episode_vi_return_of_the_jedi,1,Episode VI: Return of the Jedi,return_of_the_jedi,6
3290749764.0,seen_episode_vi_return_of_the_jedi,1,Episode VI: Return of the Jedi,return_of_the_jedi,6
3290749229.0,seen_episode_vi_return_of_the_jedi,0,Episode VI: Return of the Jedi,return_of_the_jedi,6
3290746853.0,seen_episode_vi_return_of_the_jedi,1,Episode VI: Return of the Jedi,return_of_the_jedi,6
3290744027.0,seen_episode_vi_return_of_the_jedi,0,Episode VI: Return of the Jedi,return_of_the_jedi,6
3290741994.0,seen_episode_vi_return_of_the_jedi,1,Episode VI: Return of the Jedi,return_of_the_jedi,6
3290741405.0,seen_episode_vi_return_of_the_jedi,1,Episode VI: Return of the Jedi,return_of_the_jedi,6
3290740448.0,seen_episode_vi_return_of_the_jedi,1,Episode VI: Return of the Jedi,return_of_the_jedi,6
3290739967.0,seen_episode_vi_return_of_the_jedi,1,Episode VI: Return of the Jedi,return_of_the_jedi,6
3290739235.0,seen_episode_vi_return_of_the_jedi,1,Episode VI: Return of the Jedi,return_of_the_jedi,6
3290738262.0,seen_episode_vi_return_of_the_jedi,0,Episode VI: Return of the Jedi,return_of_the_jedi,6
3290737104.0,seen_episode_vi_return_of_the_jedi,0,Episode VI: Return of the Jedi,return_of_the_jedi,6
3290736072.0,seen_episode_vi_return_of_the_jedi,1,Episode VI: Return of the Jedi,return_of_the_jedi,6
3290734874.0,seen_episode_vi_return_of_the_jedi,1,Episode VI: Return of the Jedi,return_of_the_jedi,6
3290733932.0,seen_episode_vi_return_of_the_jedi,0,Episode VI: Return of the Jedi,return_of_the_jedi,6
3290733316.0,seen_episode_vi_return_of_the_jedi,1,Episode VI: Return of the Jedi,return_of_the_jedi,6
3290732383.0,seen_episode_vi_return_of_the_jedi,1,Episode VI: Return of the Jedi,return_of_the_jedi,6
3290727763.0,seen_episode_vi_return_of_the_jedi,1,Episode VI: Return of the Jedi,return_of_the_jedi,6
3290726075.0,seen_episode_vi_return_of_the_jedi,1,Episode VI: Return of the Jedi,return_of_the_jedi,6
3290719847.0,seen_episode_vi_return_of_the_jedi,0,Episode VI: Return of the Jedi,return_of_the_jedi,6
3290718359.0,seen_episode_vi_return_of_the_jedi,0,Episode VI: Return of the Jedi,return_of_the_jedi,6
3290717899.0,seen_episode_vi_return_of_the_jedi,1,Episode VI: Return of the Jedi,return_of_the_jedi,6
3290717372.0,seen_episode_vi_return_of_the_jedi,0,Episode VI: Return of the Jedi,return_of_the_jedi,6
3290714941.0,seen_episode_vi_return_of_the_jedi,1,Episode VI: Return of the Jedi,return_of_the_jedi,6
3290714484.0,seen_episode_vi_return_of_the_jedi,1,Episode VI: Return of the Jedi,return_of_the_jedi,6
3290714430.0,seen_episode_vi_return_of_the_jedi,0,Episode VI: Return of the Jedi,return_of_the_jedi,6
3290714378.0,seen_episode_vi_return_of_the_jedi,1,Episode VI: Return of the Jedi,return_of_the_jedi,6
3290712204.0,seen_episode_vi_return_of_the_jedi,1,Episode VI: Return of the Jedi,return_of_the_jedi,6
3290711898.0,seen_episode_vi_return_of_the_jedi,0,Episode VI: Return of the Jedi,return_of_the_jedi,6
3290711882.0,seen_episode_vi_return_of_the_jedi,0,Episode VI: Return of the Jedi,return_of_the_jedi,6
3290711757.0,seen_episode_vi_return_of_the_jedi,0,Episode VI: Return of the Jedi,return_of_the_jedi,6
3290711487.0,seen_episode_vi_return_of_the_jedi,1,Episode VI: Return of the Jedi,return_of_the_jedi,6
3290711262.0,seen_episode_vi_return_of_the_jedi,0,Episode VI: Return of the Jedi,return_of_the_jedi,6
3290708664.0,seen_episode_vi_return_of_the_jedi,1,Episode VI: Return of the Jedi,return_of_the_jedi,6
3290707402.0,seen_episode_vi_return_of_the_jedi,0,Episode VI: Return of the Jedi,return_of_the_jedi,6
3290706716.0,seen_episode_vi_return_of_the_jedi,1,Episode VI: Return of the Jedi,return_of_the_jedi,6
3290706611.0,seen_episode_vi_return_of_the_jedi,0,Episode VI: Return of the Jedi,return_of_the_jedi,6
3290703210.0,seen_episode_vi_return_of_the_jedi,1,Episode VI: Return of the Jedi,return_of_the_jedi,6
3290701442.0,seen_episode_vi_return_of_the_jedi,0,Episode VI: Return of the Jedi,return_of_the_jedi,6
3290700285.0,seen_episode_vi_return_of_the_jedi,1,Episode VI: Return of the Jedi,return_of_the_jedi,6
3290700214.0,seen_episode_vi_return_of_the_jedi,0,Episode VI: Return of the Jedi,return_of_the_jedi,6
3290700030.0,seen_episode_vi_return_of_the_jedi,1,Episode VI: Return of the Jedi,return_of_the_jedi,6
3290699410.0,seen_episode_vi_return_of_the_jedi,1,Episode VI: Return of the Jedi,return_of_the_jedi,6
3290695784.0,seen_episode_vi_return_of_the_jedi,1,Episode VI: Return of the Jedi,return_of_the_jedi,6
3290695316.0,seen_episode_vi_return_of_the_jedi,0,Episode VI: Return of the Jedi,return_of_the_jedi,6
3290694269.0,seen_episode_vi_return_of_the_jedi,0,Episode VI: Return of the Jedi,return_of_the_jedi,6
3290693095.0,seen_episode_vi_return_of_the_jedi,0,Episode VI: Return of the Jedi,return_of_the_jedi,6
3290692020.0,seen_episode_vi_return_of_the_jedi,0,Episode VI: Return of the Jedi,return_of_the_jedi,6
3290691758.0,seen_episode_vi_return_of_the_jedi,1,Episode VI: Return of the Jedi,return_of_the_jedi,6
3290689343.0,seen_episode_vi_return_of_the_jedi,0,Episode VI: Return of the Jedi,return_of_the_jedi,6
3290687981.0,seen_episode_vi_return_of_the_jedi,1,Episode VI: Return of the Jedi,return_of_the_jedi,6
3290687830.0,seen_episode_vi_return_of_the_jedi,1,Episode VI: Return of the Jedi,return_of_the_jedi,6
3290686887.0,seen_episode_vi_return_of_the_jedi,0,Episode VI: Return of the Jedi,return_of_the_jedi,6
3290686362.0,seen_episode_vi_return_of_the_jedi,0,Episode VI: Return of the Jedi,return_of_the_jedi,6
3290685885.0,seen_episode_vi_return_of_the_jedi,0,Episode VI: Return of the Jedi,return_of_the_jedi,6
3290684868.0,seen_episode_vi_return_of_the_jedi,1,Episode VI: Return of the Jedi,return_of_the_jedi,6
3290684287.0,seen_episode_vi_return_of_the_jedi,1,Episode VI: Return of the Jedi,return_of_the_jedi,6
3290681574.0,seen_episode_vi_return_of_the_jedi,0,Episode VI: Return of the Jedi,return_of_the_jedi,6
3290678952.0,seen_episode_vi_return_of_the_jedi,1,Episode VI: Return of the Jedi,return_of_the_jedi,6
3290678515.0,seen_episode_vi_return_of_the_jedi,1,Episode VI: Return of the Jedi,return_of_the_jedi,6
3290676695.0,seen_episode_vi_return_of_the_jedi,0,Episode VI: Return of the Jedi,return_of_the_jedi,6
3290674534.0,seen_episode_vi_return_of_the_jedi,0,Episode VI: Return of the Jedi,return_of_the_jedi,6
3290667297.0,seen_episode_vi_return_of_the_jedi,0,Episode VI: Return of the Jedi,return_of_the_jedi,6
3290664543.0,seen_episode_vi_return_of_the_jedi,1,Episode VI: Return of the Jedi,return_of_the_jedi,6
3290664463.0,seen_episode_vi_return_of_the_jedi,1,Episode VI: Return of the Jedi,return_of_the_jedi,6
3290664069.0,seen_episode_vi_return_of_the_jedi,0,Episode VI: Return of the Jedi,return_of_the_jedi,6
3290662118.0,seen_episode_vi_return_of_the_jedi,1,Episode VI: Return of the Jedi,return_of_the_jedi,6
3290661650.0,seen_episode_vi_return_of_the_jedi,1,Episode VI: Return of the Jedi,return_of_the_jedi,6
3290661587.0,seen_episode_vi_return_of_the_jedi,0,Episode VI: Return of the Jedi,return_of_the_jedi,6
3290661135.0,seen_episode_vi_return_of_the_jedi,1,Episode VI: Return of the Jedi,return_of_the_jedi,6
3290659818.0,seen_episode_vi_return_of_the_jedi,1,Episode VI: Return of the Jedi,return_of_the_jedi,6
3290659314.0,seen_episode_vi_return_of_the_jedi,1,Episode VI: Return of the Jedi,return_of_the_jedi,6
3290655784.0,seen_episode_vi_return_of_the_jedi,1,Episode VI: Return of the Jedi,return_of_the_jedi,6
3290654597.0,seen_episode_vi_return_of_the_jedi,1,Episode VI: Return of the Jedi,return_of_the_jedi,6
3290652558.0,seen_episode_vi_return_of_the_jedi,0,Episode VI: Return of the Jedi,return_of_the_jedi,6
3290651085.0,seen_episode_vi_return_of_the_jedi,0,Episode VI: Return of the Jedi,return_of_the_jedi,6
3290650590.0,seen_episode_vi_return_of_the_jedi,1,Episode VI: Return of the Jedi,return_of_the_jedi,6
3290644326.0,seen_episode_vi_return_of_the_jedi,0,Episode VI: Return of the Jedi,return_of_the_jedi,6
3290640323.0,seen_episode_vi_return_of_the_jedi,1,Episode VI: Return of the Jedi,return_of_the_jedi,6
3290638529.0,seen_episode_vi_return_of_the_jedi,1,Episode VI: Return of the Jedi,return_of_the_jedi,6
3290634681.0,seen_episode_vi_return_of_the_jedi,0,Episode VI: Return of the Jedi,return_of_the_jedi,6
3290631608.0,seen_episode_vi_return_of_the_jedi,1,Episode VI: Return of the Jedi,return_of_the_jedi,6
3290630470.0,seen_episode_vi_return_of_the_jedi,1,Episode VI: Return of the Jedi,return_of_the_jedi,6
3290630282.0,seen_episode_vi_return_of_the_jedi,1,Episode VI: Return of the Jedi,return_of_the_jedi,6
3290628419.0,seen_episode_vi_return_of_the_jedi,0,Episode VI: Return of the Jedi,return_of_the_jedi,6
3290627850.0,seen_episode_vi_return_of_the_jedi,1,Episode VI: Return of the Jedi,return_of_the_jedi,6
3290627681.0,seen_episode_vi_return_of_the_jedi,1,Episode VI: Return of the Jedi,return_of_the_jedi,6
3290626609.0,seen_episode_vi_return_of_the_jedi,0,Episode VI: Return of the Jedi,return_of_the_jedi,6
3290625814.0,seen_episode_vi_return_of_the_jedi,0,Episode VI: Return of the Jedi,return_of_the_jedi,6
3290624447.0,seen_episode_vi_return_of_the_jedi,1,Episode VI: Return of the Jedi,return_of_the_jedi,6
3290620991.0,seen_episode_vi_return_of_the_jedi,1,Episode VI: Return of the Jedi,return_of_the_jedi,6
3290617461.0,seen_episode_vi_return_of_the_jedi,1,Episode VI: Return of the Jedi,return_of_the_jedi,6
3290611875.0,seen_episode_vi_return_of_the_jedi,1,Episode VI: Return of the Jedi,return_of_the_jedi,6
3290611716.0,seen_episode_vi_return_of_the_jedi,1,Episode VI: Return of the Jedi,return_of_the_jedi,6
3290602490.0,seen_episode_vi_return_of_the_jedi,0,Episode VI: Return of the Jedi,return_of_the_jedi,6
3290601892.0,seen_episode_vi_return_of_the_jedi,1,Episode VI: Return of the Jedi,return_of_the_jedi,6
3290601518.0,seen_episode_vi_return_of_the_jedi,0,Episode VI: Return of the Jedi,return_of_the_jedi,6
3290600680.0,seen_episode_vi_return_of_the_jedi,1,Episode VI: Return of the Jedi,return_of_the_jedi,6
3290600559.0,seen_episode_vi_return_of_the_jedi,1,Episode VI: Return of the Jedi,return_of_the_jedi,6
3290600057.0,seen_episode_vi_return_of_the_jedi,1,Episode VI: Return of the Jedi,return_of_the_jedi,6
3290598307.0,seen_episode_vi_return_of_the_jedi,1,Episode VI: Return of the Jedi,return_of_the_jedi,6
3290597099.0,seen_episode_vi_return_of_the_jedi,1,Episode VI: Return of the Jedi,return_of_the_jedi,6
3290593953.0,seen_episode_vi_return_of_the_jedi,1,Episode VI: Return of the Jedi,return_of_the_jedi,6
3290582716.0,seen_episode_vi_return_of_the_jedi,1,Episode VI: Return of the Jedi,return_of_the_jedi,6
3290572568.0,seen_episode_vi_return_of_the_jedi,1,Episode VI: Return of the Jedi,return_of_the_jedi,6
3290572073.0,seen_episode_vi_return_of_the_jedi,1,Episode VI: Return of the Jedi,return_of_the_jedi,6
3290569001.0,seen_episode_vi_return_of_the_jedi,1,Episode VI: Return of the Jedi,return_of_the_jedi,6
3290568339.0,seen_episode_vi_return_of_the_jedi,1,Episode VI: Return of the Jedi,return_of_the_jedi,6
3290565779.0,seen_episode_vi_return_of_the_jedi,1,Episode VI: Return of the Jedi,return_of_the_jedi,6
3290565768.0,seen_episode_vi_return_of_the_jedi,1,Episode VI: Return of the Jedi,return_of_the_jedi,6
3290565487.0,seen_episode_vi_return_of_the_jedi,0,Episode VI: Return of the Jedi,return_of_the_jedi,6
3290561583.0,seen_episode_vi_return_of_the_jedi,1,Episode VI: Return of the Jedi,return_of_the_jedi,6
3290561192.0,seen_episode_vi_return_of_the_jedi,1,Episode VI: Return of the Jedi,return_of_the_jedi,6
3290555153.0,seen_episode_vi_return_of_the_jedi,0,Episode VI: Return of the Jedi,return_of_the_jedi,6
3290553558.0,seen_episode_vi_return_of_the_jedi,0,Episode VI: Return of the Jedi,return_of_the_jedi,6
3290552963.0,seen_episode_vi_return_of_the_jedi,1,Episode VI: Return of the Jedi,return_of_the_jedi,6
3290551809.0,seen_episode_vi_return_of_the_jedi,1,Episode VI: Return of the Jedi,return_of_the_jedi,6
3290547819.0,seen_episode_vi_return_of_the_jedi,0,Episode VI: Return of the Jedi,return_of_the_jedi,6
3290544886.0,seen_episode_vi_return_of_the_jedi,0,Episode VI: Return of the Jedi,return_of_the_jedi,6
3290544865.0,seen_episode_vi_return_of_the_jedi,1,Episode VI: Return of the Jedi,return_of_the_jedi,6
3290544012.0,seen_episode_vi_return_of_the_jedi,0,Episode VI: Return of the Jedi,return_of_the_jedi,6
3290539653.0,seen_episode_vi_return_of_the_jedi,1,Episode VI: Return of the Jedi,return_of_the_jedi,6
3290538433.0,seen_episode_vi_return_of_the_jedi,1,Episode VI: Return of the Jedi,return_of_the_jedi,6
3290536294.0,seen_episode_vi_return_of_the_jedi,0,Episode VI: Return of the Jedi,return_of_the_jedi,6
3290532429.0,seen_episode_vi_return_of_the_jedi,1,Episode VI: Return of the Jedi,return_of_the_jedi,6
3290531735.0,seen_episode_vi_return_of_the_jedi,1,Episode VI: Return of the Jedi,return_of_the_jedi,6
3290526356.0,seen_episode_vi_return_of_the_jedi,0,Episode VI: Return of the Jedi,return_of_the_jedi,6
3290525782.0,seen_episode_vi_return_of_the_jedi,0,Episode VI: Return of the Jedi,return_of_the_jedi,6
3290524413.0,seen_episode_vi_return_of_the_jedi,1,Episode VI: Return of the Jedi,return_of_the_jedi,6
3290519884.0,seen_episode_vi_return_of_the_jedi,1,Episode VI: Return of the Jedi,return_of_the_jedi,6
3290515688.0,seen_episode_vi_return_of_the_jedi,0,Episode VI: Return of the Jedi,return_of_the_jedi,6
3290511533.0,seen_episode_vi_return_of_the_jedi,1,Episode VI: Return of the Jedi,return_of_the_jedi,6
3290506830.0,seen_episode_vi_return_of_the_jedi,1,Episode VI: Return of the Jedi,return_of_the_jedi,6
3290506333.0,seen_episode_vi_return_of_the_jedi,1,Episode VI: Return of the Jedi,return_of_the_jedi,6
3290505081.0,seen_episode_vi_return_of_the_jedi,1,Episode VI: Return of the Jedi,return_of_the_jedi,6
3290500457.0,seen_episode_vi_return_of_the_jedi,0,Episode VI: Return of the Jedi,return_of_the_jedi,6
3290499954.0,seen_episode_vi_return_of_the_jedi,1,Episode VI: Return of the Jedi,return_of_the_jedi,6
3290499953.0,seen_episode_vi_return_of_the_jedi,0,Episode VI: Return of the Jedi,return_of_the_jedi,6
3290496822.0,seen_episode_vi_return_of_the_jedi,1,Episode VI: Return of the Jedi,return_of_the_jedi,6
3290491807.0,seen_episode_vi_return_of_the_jedi,0,Episode VI: Return of the Jedi,return_of_the_jedi,6
3290477551.0,seen_episode_vi_return_of_the_jedi,1,Episode VI: Return of the Jedi,return_of_the_jedi,6
3290475079.0,seen_episode_vi_return_of_the_jedi,0,Episode VI: Return of the Jedi,return_of_the_jedi,6
3290474953.0,seen_episode_vi_return_of_the_jedi,1,Episode VI: Return of the Jedi,return_of_the_jedi,6
3290471553.0,seen_episode_vi_return_of_the_jedi,1,Episode VI: Return of the Jedi,return_of_the_jedi,6
3290467062.0,seen_episode_vi_return_of_the_jedi,1,Episode VI: Return of the Jedi,return_of_the_jedi,6
3290467000.0,seen_episode_vi_return_of_the_jedi,0,Episode VI: Return of the Jedi,return_of_the_jedi,6
3290464481.0,seen_episode_vi_return_of_the_jedi,1,Episode VI: Return of the Jedi,return_of_the_jedi,6
3290463350.0,seen_episode_vi_return_of_the_jedi,0,Episode VI: Return of the Jedi,return_of_the_jedi,6
3290461599.0,seen_episode_vi_return_of_the_jedi,1,Episode VI: Return of the Jedi,return_of_the_jedi,6
3290461455.0,seen_episode_vi_return_of_the_jedi,0,Episode VI: Return of the Jedi,return_of_the_jedi,6
3290448644.0,seen_episode_vi_return_of_the_jedi,1,Episode VI: Return of the Jedi,return_of_the_jedi,6
3290444421.0,seen_episode_vi_return_of_the_jedi,1,Episode VI: Return of the Jedi,return_of_the_jedi,6
3290439063.0,seen_episode_vi_return_of_the_jedi,1,Episode VI: Return of the Jedi,return_of_the_jedi,6
3290437717.0,seen_episode_vi_return_of_the_jedi,1,Episode VI: Return of the Jedi,return_of_the_jedi,6
3290432874.0,seen_episode_vi_return_of_the_jedi,0,Episode VI: Return of the Jedi,return_of_the_jedi,6
3290432121.0,seen_episode_vi_return_of_the_jedi,0,Episode VI: Return of the Jedi,return_of_the_jedi,6
3290428766.0,seen_episode_vi_return_of_the_jedi,0,Episode VI: Return of the Jedi,return_of_the_jedi,6
3290427764.0,seen_episode_vi_return_of_the_jedi,1,Episode VI: Return of the Jedi,return_of_the_jedi,6
3290426384.0,seen_episode_vi_return_of_the_jedi,1,Episode VI: Return of the Jedi,return_of_the_jedi,6
3290426289.0,seen_episode_vi_return_of_the_jedi,0,Episode VI: Return of the Jedi,return_of_the_jedi,6
3290423155.0,seen_episode_vi_return_of_the_jedi,1,Episode VI: Return of the Jedi,return_of_the_jedi,6
3290421738.0,seen_episode_vi_return_of_the_jedi,1,Episode VI: Return of the Jedi,return_of_the_jedi,6
3290417966.0,seen_episode_vi_return_of_the_jedi,1,Episode VI: Return of the Jedi,return_of_the_jedi,6
3290412412.0,seen_episode_vi_return_of_the_jedi,0,Episode VI: Return of the Jedi,return_of_the_jedi,6
3290411058.0,seen_episode_vi_return_of_the_jedi,1,Episode VI: Return of the Jedi,return_of_the_jedi,6
3290409431.0,seen_episode_vi_return_of_the_jedi,1,Episode VI: Return of the Jedi,return_of_the_jedi,6
3290409075.0,seen_episode_vi_return_of_the_jedi,1,Episode VI: Return of the Jedi,return_of_the_jedi,6
3290407409.0,seen_episode_vi_return_of_the_jedi,1,Episode VI: Return of the Jedi,return_of_the_jedi,6
3290401956.0,seen_episode_vi_return_of_the_jedi,1,Episode VI: Return of the Jedi,return_of_the_jedi,6
3290398978.0,seen_episode_vi_return_of_the_jedi,0,Episode VI: Return of the Jedi,return_of_the_jedi,6
3290394872.0,seen_episode_vi_return_of_the_jedi,1,Episode VI: Return of the Jedi,return_of_the_jedi,6
3290392454.0,seen_episode_vi_return_of_the_jedi,1,Episode VI: Return of the Jedi,return_of_the_jedi,6
3290392264.0,seen_episode_vi_return_of_the_jedi,1,Episode VI: Return of the Jedi,return_of_the_jedi,6
3290391985.0,seen_episode_vi_return_of_the_jedi,1,Episode VI: Return of the Jedi,return_of_the_jedi,6
3290386524.0,seen_episode_vi_return_of_the_jedi,1,Episode VI: Return of the Jedi,return_of_the_jedi,6
3290380140.0,seen_episode_vi_return_of_the_jedi,0,Episode VI: Return of the Jedi,return_of_the_jedi,6
3290374523.0,seen_episode_vi_return_of_the_jedi,1,Episode VI: Return of the Jedi,return_of_the_jedi,6
3290371734.0,seen_episode_vi_return_of_the_jedi,0,Episode VI: Return of the Jedi,return_of_the_jedi,6
3290371532.0,seen_episode_vi_return_of_the_jedi,0,Episode VI: Return of the Jedi,return_of_the_jedi,6
3290371101.0,seen_episode_vi_return_of_the_jedi,0,Episode VI: Return of the Jedi,return_of_the_jedi,6
3290365225.0,seen_episode_vi_return_of_the_jedi,1,Episode VI: Return of the Jedi,return_of_the_jedi,6
3290364952.0,seen_episode_vi_return_of_the_jedi,1,Episode VI: Return of the Jedi,return_of_the_jedi,6
3290359700.0,seen_episode_vi_return_of_the_jedi,0,Episode VI: Return of the Jedi,return_of_the_jedi,6
3290358751.0,seen_episode_vi_return_of_the_jedi,0,Episode VI: Return of the Jedi,return_of_the_jedi,6
3290350512.0,seen_episode_vi_return_of_the_jedi,1,Episode VI: Return of the Jedi,return_of_the_jedi,6
3290347473.0,seen_episode_vi_return_of_the_jedi,1,Episode VI: Return of the Jedi,return_of_the_jedi,6
3290344571.0,seen_episode_vi_return_of_the_jedi,1,Episode VI: Return of the Jedi,return_of_the_jedi,6
3290343366.0,seen_episode_vi_return_of_the_jedi,1,Episode VI: Return of the Jedi,return_of_the_jedi,6
3290342169.0,seen_episode_vi_return_of_the_jedi,1,Episode VI: Return of the Jedi,return_of_the_jedi,6
3290342102.0,seen_episode_vi_return_of_the_jedi,1,Episode VI: Return of the Jedi,return_of_the_jedi,6
3290340804.0,seen_episode_vi_return_of_the_jedi,0,Episode VI: Return of the Jedi,return_of_the_jedi,6
3290337251.0,seen_episode_vi_return_of_the_jedi,1,Episode VI: Return of the Jedi,return_of_the_jedi,6
3290335343.0,seen_episode_vi_return_of_the_jedi,0,Episode VI: Return of the Jedi,return_of_the_jedi,6
3290329580.0,seen_episode_vi_return_of_the_jedi,0,Episode VI: Return of the Jedi,return_of_the_jedi,6
3290328309.0,seen_episode_vi_return_of_the_jedi,1,Episode VI: Return of the Jedi,return_of_the_jedi,6
3290325811.0,seen_episode_vi_return_of_the_jedi,1,Episode VI: Return of the Jedi,return_of_the_jedi,6
3290324518.0,seen_episode_vi_return_of_the_jedi,1,Episode VI: Return of the Jedi,return_of_the_jedi,6
3290320007.0,seen_episode_vi_return_of_the_jedi,1,Episode VI: Return of the Jedi,return_of_the_jedi,6
3290318577.0,seen_episode_vi_return_of_the_jedi,0,Episode VI: Return of the Jedi,return_of_the_jedi,6
3290317691.0,seen_episode_vi_return_of_the_jedi,1,Episode VI: Return of the Jedi,return_of_the_jedi,6
3290316632.0,seen_episode_vi_return_of_the_jedi,1,Episode VI: Return of the Jedi,return_of_the_jedi,6
3290316375.0,seen_episode_vi_return_of_the_jedi,1,Episode VI: Return of the Jedi,return_of_the_jedi,6
3290315336.0,seen_episode_vi_return_of_the_jedi,1,Episode VI: Return of the Jedi,return_of_the_jedi,6
3290310304.0,seen_episode_vi_return_of_the_jedi,0,Episode VI: Return of the Jedi,return_of_the_jedi,6
3290309722.0,seen_episode_vi_return_of_the_jedi,0,Episode VI: Return of the Jedi,return_of_the_jedi,6
3290309711.0,seen_episode_vi_return_of_the_jedi,1,Episode VI: Return of the Jedi,return_of_the_jedi,6
3290304610.0,seen_episode_vi_return_of_the_jedi,0,Episode VI: Return of the Jedi,return_of_the_jedi,6
3290297761.0,seen_episode_vi_return_of_the_jedi,0,Episode VI: Return of the Jedi,return_of_the_jedi,6
3290296317.0,seen_episode_vi_return_of_the_jedi,1,Episode VI: Return of the Jedi,return_of_the_jedi,6
3290295809.0,seen_episode_vi_return_of_the_jedi,1,Episode VI: Return of the Jedi,return_of_the_jedi,6
3290294922.0,seen_episode_vi_return_of_the_jedi,0,Episode VI: Return of the Jedi,return_of_the_jedi,6
3290294142.0,seen_episode_vi_return_of_the_jedi,0,Episode VI: Return of the Jedi,return_of_the_jedi,6
3290292697.0,seen_episode_vi_return_of_the_jedi,1,Episode VI: Return of the Jedi,return_of_the_jedi,6
3290289176.0,seen_episode_vi_return_of_the_jedi,0,Episode VI: Return of the Jedi,return_of_the_jedi,6
3290287101.0,seen_episode_vi_return_of_the_jedi,0,Episode VI: Return of the Jedi,return_of_the_jedi,6
3290283817.0,seen_episode_vi_return_of_the_jedi,1,Episode VI: Return of the Jedi,return_of_the_jedi,6
3290283139.0,seen_episode_vi_return_of_the_jedi,1,Episode VI: Return of the Jedi,return_of_the_jedi,6
3290280642.0,seen_episode_vi_return_of_the_jedi,0,Episode VI: Return of the Jedi,return_of_the_jedi,6
3290279732.0,seen_episode_vi_return_of_the_jedi,1,Episode VI: Return of the Jedi,return_of_the_jedi,6
3290269777.0,seen_episode_vi_return_of_the_jedi,1,Episode VI: Return of the Jedi,return_of_the_jedi,6
3290268027.0,seen_episode_vi_return_of_the_jedi,0,Episode VI: Return of the Jedi,return_of_the_jedi,6
3290266084.0,seen_episode_vi_return_of_the_jedi,1,Episode VI: Return of the Jedi,return_of_the_jedi,6
3290262568.0,seen_episode_vi_return_of_the_jedi,1,Episode VI: Return of the Jedi,return_of_the_jedi,6
3290257673.0,seen_episode_vi_return_of_the_jedi,1,Episode VI: Return of the Jedi,return_of_the_jedi,6
3290249464.0,seen_episode_vi_return_of_the_jedi,0,Episode VI: Return of the Jedi,return_of_the_jedi,6
3290248279.0,seen_episode_vi_return_of_the_jedi,0,Episode VI: Return of the Jedi,return_of_the_jedi,6
3290248167.0,seen_episode_vi_return_of_the_jedi,0,Episode VI: Return of the Jedi,return_of_the_jedi,6
3290229579.0,seen_episode_vi_return_of_the_jedi,1,Episode VI: Return of the Jedi,return_of_the_jedi,6
3290227264.0,seen_episode_vi_return_of_the_jedi,1,Episode VI: Return of the Jedi,return_of_the_jedi,6
3290225128.0,seen_episode_vi_return_of_the_jedi,0,Episode VI: Return of the Jedi,return_of_the_jedi,6
3290223393.0,seen_episode_vi_return_of_the_jedi,1,Episode VI: Return of the Jedi,return_of_the_jedi,6
3290216970.0,seen_episode_vi_return_of_the_jedi,1,Episode VI: Return of the Jedi,return_of_the_jedi,6
3290213089.0,seen_episode_vi_return_of_the_jedi,1,Episode VI: Return of the Jedi,return_of_the_jedi,6
3290210801.0,seen_episode_vi_return_of_the_jedi,1,Episode VI: Return of the Jedi,return_of_the_jedi,6
3290209773.0,seen_episode_vi_return_of_the_jedi,1,Episode VI: Return of the Jedi,return_of_the_jedi,6
3290209744.0,seen_episode_vi_return_of_the_jedi,1,Episode VI: Return of the Jedi,return_of_the_jedi,6
3290206907.0,seen_episode_vi_return_of_the_jedi,1,Episode VI: Return of the Jedi,return_of_the_jedi,6
3290203063.0,seen_episode_vi_return_of_the_jedi,1,Episode VI: Return of the Jedi,return_of_the_jedi,6
3290201752.0,seen_episode_vi_return_of_the_jedi,1,Episode VI: Return of the Jedi,return_of_the_jedi,6
3290196296.0,seen_episode_vi_return_of_the_jedi,0,Episode VI: Return of the Jedi,return_of_the_jedi,6
3290193368.0,seen_episode_vi_return_of_the_jedi,0,Episode VI: Return of the Jedi,return_of_the_jedi,6
3290191566.0,seen_episode_vi_return_of_the_jedi,1,Episode VI: Return of the Jedi,return_of_the_jedi,6
3290188213.0,seen_episode_vi_return_of_the_jedi,1,Episode VI: Return of the Jedi,return_of_the_jedi,6
3290185244.0,seen_episode_vi_return_of_the_jedi,0,Episode VI: Return of the Jedi,return_of_the_jedi,6
3290184813.0,seen_episode_vi_return_of_the_jedi,0,Episode VI: Return of the Jedi,return_of_the_jedi,6
3290182531.0,seen_episode_vi_return_of_the_jedi,0,Episode VI: Return of the Jedi,return_of_the_jedi,6
3290180442.0,seen_episode_vi_return_of_the_jedi,0,Episode VI: Return of the Jedi,return_of_the_jedi,6
3290176915.0,seen_episode_vi_return_of_the_jedi,0,Episode VI: Return of the Jedi,return_of_the_jedi,6
3290176563.0,seen_episode_vi_return_of_the_jedi,1,Episode VI: Return of the Jedi,return_of_the_jedi,6
3290174629.0,seen_episode_vi_return_of_the_jedi,0,Episode VI: Return of the Jedi,return_of_the_jedi,6
3290174048.0,seen_episode_vi_return_of_the_jedi,0,Episode VI: Return of the Jedi,return_of_the_jedi,6
3290173775.0,seen_episode_vi_return_of_the_jedi,1,Episode VI: Return of the Jedi,return_of_the_jedi,6
3290173176.0,seen_episode_vi_return_of_the_jedi,1,Episode VI: Return of the Jedi,return_of_the_jedi,6
3290167473.0,seen_episode_vi_return_of_the_jedi,0,Episode VI: Return of the Jedi,return_of_the_jedi,6
3290164098.0,seen_episode_vi_return_of_the_jedi,0,Episode VI: Return of the Jedi,return_of_the_jedi,6
3290159455.0,seen_episode_vi_return_of_the_jedi,0,Episode VI: Return of the Jedi,return_of_the_jedi,6
3290159056.0,seen_episode_vi_return_of_the_jedi,0,Episode VI: Return of the Jedi,return_of_the_jedi,6
3290157529.0,seen_episode_vi_return_of_the_jedi,1,Episode VI: Return of the Jedi,return_of_the_jedi,6
3290149698.0,seen_episode_vi_return_of_the_jedi,1,Episode VI: Return of the Jedi,return_of_the_jedi,6
3290148834.0,seen_episode_vi_return_of_the_jedi,1,Episode VI: Return of the Jedi,return_of_the_jedi,6
3290145517.0,seen_episode_vi_return_of_the_jedi,1,Episode VI: Return of the Jedi,return_of_the_jedi,6
3290142232.0,seen_episode_vi_return_of_the_jedi,1,Episode VI: Return of the Jedi,return_of_the_jedi,6
3290139192.0,seen_episode_vi_return_of_the_jedi,1,Episode VI: Return of the Jedi,return_of_the_jedi,6
3290137793.0,seen_episode_vi_return_of_the_jedi,1,Episode VI: Return of the Jedi,return_of_the_jedi,6
3290128978.0,seen_episode_vi_return_of_the_jedi,0,Episode VI: Return of the Jedi,return_of_the_jedi,6
3290128468.0,seen_episode_vi_return_of_the_jedi,0,Episode VI: Return of the Jedi,return_of_the_jedi,6
3290127670.0,seen_episode_vi_return_of_the_jedi,0,Episode VI: Return of the Jedi,return_of_the_jedi,6
3290125801.0,seen_episode_vi_return_of_the_jedi,0,Episode VI: Return of the Jedi,return_of_the_jedi,6
3290125784.0,seen_episode_vi_return_of_the_jedi,1,Episode VI: Return of the Jedi,return_of_the_jedi,6
3290125550.0,seen_episode_vi_return_of_the_jedi,1,Episode VI: Return of the Jedi,return_of_the_jedi,6
3290125357.0,seen_episode_vi_return_of_the_jedi,1,Episode VI: Return of the Jedi,return_of_the_jedi,6
3290124259.0,seen_episode_vi_return_of_the_jedi,1,Episode VI: Return of the Jedi,return_of_the_jedi,6
3290116629.0,seen_episode_vi_return_of_the_jedi,0,Episode VI: Return of the Jedi,return_of_the_jedi,6
3290116182.0,seen_episode_vi_return_of_the_jedi,1,Episode VI: Return of the Jedi,return_of_the_jedi,6
3290109779.0,seen_episode_vi_return_of_the_jedi,1,Episode VI: Return of the Jedi,return_of_the_jedi,6
3290103593.0,seen_episode_vi_return_of_the_jedi,1,Episode VI: Return of the Jedi,return_of_the_jedi,6
3290099797.0,seen_episode_vi_return_of_the_jedi,1,Episode VI: Return of the Jedi,return_of_the_jedi,6
3290097546.0,seen_episode_vi_return_of_the_jedi,1,Episode VI: Return of the Jedi,return_of_the_jedi,6
3290097268.0,seen_episode_vi_return_of_the_jedi,0,Episode VI: Return of the Jedi,return_of_the_jedi,6
3290095220.0,seen_episode_vi_return_of_the_jedi,0,Episode VI: Return of the Jedi,return_of_the_jedi,6
3290094384.0,seen_episode_vi_return_of_the_jedi,0,Episode VI: Return of the Jedi,return_of_the_jedi,6
3290083352.0,seen_episode_vi_return_of_the_jedi,0,Episode VI: Return of the Jedi,return_of_the_jedi,6
3290082468.0,seen_episode_vi_return_of_the_jedi,0,Episode VI: Return of the Jedi,return_of_the_jedi,6
3290081504.0,seen_episode_vi_return_of_the_jedi,0,Episode VI: Return of the Jedi,return_of_the_jedi,6
3290081040.0,seen_episode_vi_return_of_the_jedi,0,Episode VI: Return of the Jedi,return_of_the_jedi,6
3290076587.0,seen_episode_vi_return_of_the_jedi,0,Episode VI: Return of the Jedi,return_of_the_jedi,6
3290071379.0,seen_episode_vi_return_of_the_jedi,0,Episode VI: Return of the Jedi,return_of_the_jedi,6
3290070395.0,seen_episode_vi_return_of_the_jedi,1,Episode VI: Return of the Jedi,return_of_the_jedi,6
3290068892.0,seen_episode_vi_return_of_the_jedi,0,Episode VI: Return of the Jedi,return_of_the_jedi,6
3290068765.0,seen_episode_vi_return_of_the_jedi,1,Episode VI: Return of the Jedi,return_of_the_jedi,6
3290063543.0,seen_episode_vi_return_of_the_jedi,1,Episode VI: Return of the Jedi,return_of_the_jedi,6
3290062936.0,seen_episode_vi_return_of_the_jedi,0,Episode VI: Return of the Jedi,return_of_the_jedi,6
3290061815.0,seen_episode_vi_return_of_the_jedi,1,Episode VI: Return of the Jedi,return_of_the_jedi,6
3290058506.0,seen_episode_vi_return_of_the_jedi,0,Episode VI: Return of the Jedi,return_of_the_jedi,6
3290058216.0,seen_episode_vi_return_of_the_jedi,1,Episode VI: Return of the Jedi,return_of_the_jedi,6
3290050695.0,seen_episode_vi_return_of_the_jedi,0,Episode VI: Return of the Jedi,return_of_the_jedi,6
3290049932.0,seen_episode_vi_return_of_the_jedi,0,Episode VI: Return of the Jedi,return_of_the_jedi,6
3290049231.0,seen_episode_vi_return_of_the_jedi,1,Episode VI: Return of the Jedi,return_of_the_jedi,6
3290048884.0,seen_episode_vi_return_of_the_jedi,1,Episode VI: Return of the Jedi,return_of_the_jedi,6
3290047842.0,seen_episode_vi_return_of_the_jedi,1,Episode VI: Return of the Jedi,return_of_the_jedi,6
3290047689.0,seen_episode_vi_return_of_the_jedi,0,Episode VI: Return of the Jedi,return_of_the_jedi,6
3290047483.0,seen_episode_vi_return_of_the_jedi,1,Episode VI: Return of the Jedi,return_of_the_jedi,6
3290046627.0,seen_episode_vi_return_of_the_jedi,1,Episode VI: Return of the Jedi,return_of_the_jedi,6
3290042369.0,seen_episode_vi_return_of_the_jedi,1,Episode VI: Return of the Jedi,return_of_the_jedi,6
3290038794.0,seen_episode_vi_return_of_the_jedi,1,Episode VI: Return of the Jedi,return_of_the_jedi,6
3290034196.0,seen_episode_vi_return_of_the_jedi,1,Episode VI: Return of the Jedi,return_of_the_jedi,6
3290032864.0,seen_episode_vi_return_of_the_jedi,1,Episode VI: Return of the Jedi,return_of_the_jedi,6
3290029531.0,seen_episode_vi_return_of_the_jedi,1,Episode VI: Return of the Jedi,return_of_the_jedi,6
3290024333.0,seen_episode_vi_return_of_the_jedi,1,Episode VI: Return of the Jedi,return_of_the_jedi,6
3290022302.0,seen_episode_vi_return_of_the_jedi,1,Episode VI: Return of the Jedi,return_of_the_jedi,6
3290019869.0,seen_episode_vi_return_of_the_jedi,1,Episode VI: Return of the Jedi,return_of_the_jedi,6
3290019779.0,seen_episode_vi_return_of_the_jedi,0,Episode VI: Return of the Jedi,return_of_the_jedi,6
3290018381.0,seen_episode_vi_return_of_the_jedi,1,Episode VI: Return of the Jedi,return_of_the_jedi,6
3290017901.0,seen_episode_vi_return_of_the_jedi,0,Episode VI: Return of the Jedi,return_of_the_jedi,6
3290014606.0,seen_episode_vi_return_of_the_jedi,0,Episode VI: Return of the Jedi,return_of_the_jedi,6
3290013239.0,seen_episode_vi_return_of_the_jedi,0,Episode VI: Return of the Jedi,return_of_the_jedi,6
3290011286.0,seen_episode_vi_return_of_the_jedi,1,Episode VI: Return of the Jedi,return_of_the_jedi,6
3290010419.0,seen_episode_vi_return_of_the_jedi,1,Episode VI: Return of the Jedi,return_of_the_jedi,6
3290008538.0,seen_episode_vi_return_of_the_jedi,0,Episode VI: Return of the Jedi,return_of_the_jedi,6
3290005674.0,seen_episode_vi_return_of_the_jedi,1,Episode VI: Return of the Jedi,return_of_the_jedi,6
3290002601.0,seen_episode_vi_return_of_the_jedi,1,Episode VI: Return of the Jedi,return_of_the_jedi,6
3289997713.0,seen_episode_vi_return_of_the_jedi,1,Episode VI: Return of the Jedi,return_of_the_jedi,6
3289997196.0,seen_episode_vi_return_of_the_jedi,1,Episode VI: Return of the Jedi,return_of_the_jedi,6
3289996800.0,seen_episode_vi_return_of_the_jedi,1,Episode VI: Return of the Jedi,return_of_the_jedi,6
3289996025.0,seen_episode_vi_return_of_the_jedi,1,Episode VI: Return of the Jedi,return_of_the_jedi,6
3289995352.0,seen_episode_vi_return_of_the_jedi,1,Episode VI: Return of the Jedi,return_of_the_jedi,6
3289993284.0,seen_episode_vi_return_of_the_jedi,1,Episode VI: Return of the Jedi,return_of_the_jedi,6
3289991708.0,seen_episode_vi_return_of_the_jedi,0,Episode VI: Return of the Jedi,return_of_the_jedi,6
3289989311.0,seen_episode_vi_return_of_the_jedi,0,Episode VI: Return of the Jedi,return_of_the_jedi,6
3289988393.0,seen_episode_vi_return_of_the_jedi,1,Episode VI: Return of the Jedi,return_of_the_jedi,6
3289987865.0,seen_episode_vi_return_of_the_jedi,0,Episode VI: Return of the Jedi,return_of_the_jedi,6
3289986698.0,seen_episode_vi_return_of_the_jedi,0,Episode VI: Return of the Jedi,return_of_the_jedi,6
3289985995.0,seen_episode_vi_return_of_the_jedi,1,Episode VI: Return of the Jedi,return_of_the_jedi,6
3289980534.0,seen_episode_vi_return_of_the_jedi,1,Episode VI: Return of the Jedi,return_of_the_jedi,6
3289973506.0,seen_episode_vi_return_of_the_jedi,1,Episode VI: Return of the Jedi,return_of_the_jedi,6
3289972382.0,seen_episode_vi_return_of_the_jedi,0,Episode VI: Return of the Jedi,return_of_the_jedi,6
3289971452.0,seen_episode_vi_return_of_the_jedi,0,Episode VI: Return of the Jedi,return_of_the_jedi,6
3289971256.0,seen_episode_vi_return_of_the_jedi,1,Episode VI: Return of the Jedi,return_of_the_jedi,6
3289963393.0,seen_episode_vi_return_of_the_jedi,1,Episode VI: Return of the Jedi,return_of_the_jedi,6
3289962839.0,seen_episode_vi_return_of_the_jedi,0,Episode VI: Return of the Jedi,return_of_the_jedi,6
3289962614.0,seen_episode_vi_return_of_the_jedi,1,Episode VI: Return of the Jedi,return_of_the_jedi,6
3289956408.0,seen_episode_vi_return_of_the_jedi,0,Episode VI: Return of the Jedi,return_of_the_jedi,6
3289955364.0,seen_episode_vi_return_of_the_jedi,1,Episode VI: Return of the Jedi,return_of_the_jedi,6
3289952496.0,seen_episode_vi_return_of_the_jedi,1,Episode VI: Return of the Jedi,return_of_the_jedi,6
3289951011.0,seen_episode_vi_return_of_the_jedi,1,Episode VI: Return of the Jedi,return_of_the_jedi,6
3289949516.0,seen_episode_vi_return_of_the_jedi,1,Episode VI: Return of the Jedi,return_of_the_jedi,6
3289949409.0,seen_episode_vi_return_of_the_jedi,1,Episode VI: Return of the Jedi,return_of_the_jedi,6
3289943405.0,seen_episode_vi_return_of_the_jedi,1,Episode VI: Return of the Jedi,return_of_the_jedi,6
3289943097.0,seen_episode_vi_return_of_the_jedi,1,Episode VI: Return of the Jedi,return_of_the_jedi,6
3289942520.0,seen_episode_vi_return_of_the_jedi,0,Episode VI: Return of the Jedi,return_of_the_jedi,6
3289933137.0,seen_episode_vi_return_of_the_jedi,0,Episode VI: Return of the Jedi,return_of_the_jedi,6
3289927404.0,seen_episode_vi_return_of_the_jedi,1,Episode VI: Return of the Jedi,return_of_the_jedi,6
3289924943.0,seen_episode_vi_return_of_the_jedi,1,Episode VI: Return of the Jedi,return_of_the_jedi,6
3289923980.0,seen_episode_vi_return_of_the_jedi,1,Episode VI: Return of the Jedi,return_of_the_jedi,6
3289920249.0,seen_episode_vi_return_of_the_jedi,1,Episode VI: Return of the Jedi,return_of_the_jedi,6
3289919285.0,seen_episode_vi_return_of_the_jedi,0,Episode VI: Return of the Jedi,return_of_the_jedi,6
3289918842.0,seen_episode_vi_return_of_the_jedi,1,Episode VI: Return of the Jedi,return_of_the_jedi,6
3289914533.0,seen_episode_vi_return_of_the_jedi,1,Episode VI: Return of the Jedi,return_of_the_jedi,6
3289914097.0,seen_episode_vi_return_of_the_jedi,1,Episode VI: Return of the Jedi,return_of_the_jedi,6
3289913649.0,seen_episode_vi_return_of_the_jedi,0,Episode VI: Return of the Jedi,return_of_the_jedi,6
3289911175.0,seen_episode_vi_return_of_the_jedi,1,Episode VI: Return of the Jedi,return_of_the_jedi,6
3289909917.0,seen_episode_vi_return_of_the_jedi,1,Episode VI: Return of the Jedi,return_of_the_jedi,6
3289907541.0,seen_episode_vi_return_of_the_jedi,1,Episode VI: Return of the Jedi,return_of_the_jedi,6
3289905986.0,seen_episode_vi_return_of_the_jedi,0,Episode VI: Return of the Jedi,return_of_the_jedi,6
3289905819.0,seen_episode_vi_return_of_the_jedi,0,Episode VI: Return of the Jedi,return_of_the_jedi,6
3289905044.0,seen_episode_vi_return_of_the_jedi,1,Episode VI: Return of the Jedi,return_of_the_jedi,6
3289903380.0,seen_episode_vi_return_of_the_jedi,0,Episode VI: Return of the Jedi,return_of_the_jedi,6
3289902920.0,seen_episode_vi_return_of_the_jedi,1,Episode VI: Return of the Jedi,return_of_the_jedi,6
3289902115.0,seen_episode_vi_return_of_the_jedi,0,Episode VI: Return of the Jedi,return_of_the_jedi,6
3289901820.0,seen_episode_vi_return_of_the_jedi,1,Episode VI: Return of the Jedi,return_of_the_jedi,6
3289901633.0,seen_episode_vi_return_of_the_jedi,1,Episode VI: Return of the Jedi,return_of_the_jedi,6
3289897826.0,seen_episode_vi_return_of_the_jedi,1,Episode VI: Return of the Jedi,return_of_the_jedi,6
3289896565.0,seen_episode_vi_return_of_the_jedi,1,Episode VI: Return of the Jedi,return_of_the_jedi,6
3289895732.0,seen_episode_vi_return_of_the_jedi,1,Episode VI: Return of the Jedi,return_of_the_jedi,6
3289894873.0,seen_episode_vi_return_of_the_jedi,0,Episode VI: Return of the Jedi,return_of_the_jedi,6
3289891069.0,seen_episode_vi_return_of_the_jedi,0,Episode VI: Return of the Jedi,return_of_the_jedi,6
3289890495.0,seen_episode_vi_return_of_the_jedi,0,Episode VI: Return of the Jedi,return_of_the_jedi,6
3289888113.0,seen_episode_vi_return_of_the_jedi,0,Episode VI: Return of the Jedi,return_of_the_jedi,6
3289888015.0,seen_episode_vi_return_of_the_jedi,1,Episode VI: Return of the Jedi,return_of_the_jedi,6
3289885747.0,seen_episode_vi_return_of_the_jedi,1,Episode VI: Return of the Jedi,return_of_the_jedi,6
3289878528.0,seen_episode_vi_return_of_the_jedi,1,Episode VI: Return of the Jedi,return_of_the_jedi,6
3289877093.0,seen_episode_vi_return_of_the_jedi,1,Episode VI: Return of the Jedi,return_of_the_jedi,6
3289874408.0,seen_episode_vi_return_of_the_jedi,1,Episode VI: Return of the Jedi,return_of_the_jedi,6
3289873978.0,seen_episode_vi_return_of_the_jedi,1,Episode VI: Return of the Jedi,return_of_the_jedi,6
3289870772.0,seen_episode_vi_return_of_the_jedi,1,Episode VI: Return of the Jedi,return_of_the_jedi,6
3289868197.0,seen_episode_vi_return_of_the_jedi,1,Episode VI: Return of the Jedi,return_of_the_jedi,6
3289866531.0,seen_episode_vi_return_of_the_jedi,1,Episode VI: Return of the Jedi,return_of_the_jedi,6
3289866259.0,seen_episode_vi_return_of_the_jedi,0,Episode VI: Return of the Jedi,return_of_the_jedi,6
3289865550.0,seen_episode_vi_return_of_the_jedi,1,Episode VI: Return of the Jedi,return_of_the_jedi,6
3289864687.0,seen_episode_vi_return_of_the_jedi,1,Episode VI: Return of the Jedi,return_of_the_jedi,6
3289862004.0,seen_episode_vi_return_of_the_jedi,0,Episode VI: Return of the Jedi,return_of_the_jedi,6
3289861464.0,seen_episode_vi_return_of_the_jedi,1,Episode VI: Return of the Jedi,return_of_the_jedi,6
3289857817.0,seen_episode_vi_return_of_the_jedi,1,Episode VI: Return of the Jedi,return_of_the_jedi,6
3289856887.0,seen_episode_vi_return_of_the_jedi,1,Episode VI: Return of the Jedi,return_of_the_jedi,6
3289856557.0,seen_episode_vi_return_of_the_jedi,0,Episode VI: Return of the Jedi,return_of_the_jedi,6
3289855873.0,seen_episode_vi_return_of_the_jedi,1,Episode VI: Return of the Jedi,return_of_the_jedi,6
3289854601.0,seen_episode_vi_return_of_the_jedi,1,Episode VI: Return of the Jedi,return_of_the_jedi,6
3289848909.0,seen_episode_vi_return_of_the_jedi,0,Episode VI: Return of the Jedi,return_of_the_jedi,6
3289847932.0,seen_episode_vi_return_of_the_jedi,1,Episode VI: Return of the Jedi,return_of_the_jedi,6
3289844139.0,seen_episode_vi_return_of_the_jedi,1,Episode VI: Return of the Jedi,return_of_the_jedi,6
3289843973.0,seen_episode_vi_return_of_the_jedi,1,Episode VI: Return of the Jedi,return_of_the_jedi,6
3289837359.0,seen_episode_vi_return_of_the_jedi,0,Episode VI: Return of the Jedi,return_of_the_jedi,6
3289835282.0,seen_episode_vi_return_of_the_jedi,1,Episode VI: Return of the Jedi,return_of_the_jedi,6
3289834572.0,seen_episode_vi_return_of_the_jedi,0,Episode VI: Return of the Jedi,return_of_the_jedi,6
3289831274.0,seen_episode_vi_return_of_the_jedi,0,Episode VI: Return of the Jedi,return_of_the_jedi,6
3289830199.0,seen_episode_vi_return_of_the_jedi,0,Episode VI: Return of the Jedi,return_of_the_jedi,6
3289829982.0,seen_episode_vi_return_of_the_jedi,1,Episode VI: Return of the Jedi,return_of_the_jedi,6
3289822005.0,seen_episode_vi_return_of_the_jedi,1,Episode VI: Return of the Jedi,return_of_the_jedi,6
3289821310.0,seen_episode_vi_return_of_the_jedi,1,Episode VI: Return of the Jedi,return_of_the_jedi,6
3289815685.0,seen_episode_vi_return_of_the_jedi,1,Episode VI: Return of the Jedi,return_of_the_jedi,6
3289813977.0,seen_episode_vi_return_of_the_jedi,1,Episode VI: Return of the Jedi,return_of_the_jedi,6
3289812188.0,seen_episode_vi_return_of_the_jedi,1,Episode VI: Return of the Jedi,return_of_the_jedi,6
3289809469.0,seen_episode_vi_return_of_the_jedi,1,Episode VI: Return of the Jedi,return_of_the_jedi,6
3289809255.0,seen_episode_vi_return_of_the_jedi,0,Episode VI: Return of the Jedi,return_of_the_jedi,6
3289808310.0,seen_episode_vi_return_of_the_jedi,0,Episode VI: Return of the Jedi,return_of_the_jedi,6
3289805753.0,seen_episode_vi_return_of_the_jedi,0,Episode VI: Return of the Jedi,return_of_the_jedi,6
3289805745.0,seen_episode_vi_return_of_the_jedi,0,Episode VI: Return of the Jedi,return_of_the_jedi,6
3289804908.0,seen_episode_vi_return_of_the_jedi,1,Episode VI: Return of the Jedi,return_of_the_jedi,6
3289804326.0,seen_episode_vi_return_of_the_jedi,1,Episode VI: Return of the Jedi,return_of_the_jedi,6
3289804031.0,seen_episode_vi_return_of_the_jedi,1,Episode VI: Return of the Jedi,return_of_the_jedi,6
3289802847.0,seen_episode_vi_return_of_the_jedi,1,Episode VI: Return of the Jedi,return_of_the_jedi,6
3289799650.0,seen_episode_vi_return_of_the_jedi,0,Episode VI: Return of the Jedi,return_of_the_jedi,6
3289799581.0,seen_episode_vi_return_of_the_jedi,1,Episode VI: Return of the Jedi,return_of_the_jedi,6
3289798968.0,seen_episode_vi_return_of_the_jedi,1,Episode VI: Return of the Jedi,return_of_the_jedi,6
3289798759.0,seen_episode_vi_return_of_the_jedi,1,Episode VI: Return of the Jedi,return_of_the_jedi,6
3289797876.0,seen_episode_vi_return_of_the_jedi,0,Episode VI: Return of the Jedi,return_of_the_jedi,6
3289795859.0,seen_episode_vi_return_of_the_jedi,0,Episode VI: Return of the Jedi,return_of_the_jedi,6
3289790475.0,seen_episode_vi_return_of_the_jedi,0,Episode VI: Return of the Jedi,return_of_the_jedi,6
3289790146.0,seen_episode_vi_return_of_the_jedi,1,Episode VI: Return of the Jedi,return_of_the_jedi,6
3289786719.0,seen_episode_vi_return_of_the_jedi,1,Episode VI: Return of the Jedi,return_of_the_jedi,6
3289781705.0,seen_episode_vi_return_of_the_jedi,1,Episode VI: Return of the Jedi,return_of_the_jedi,6
3289779434.0,seen_episode_vi_return_of_the_jedi,0,Episode VI: Return of the Jedi,return_of_the_jedi,6
3289764515.0,seen_episode_vi_return_of_the_jedi,0,Episode VI: Return of the Jedi,return_of_the_jedi,6
3289758800.0,seen_episode_vi_return_of_the_jedi,1,Episode VI: Return of the Jedi,return_of_the_jedi,6
3289757385.0,seen_episode_vi_return_of_the_jedi,1,Episode VI: Return of the Jedi,return_of_the_jedi,6
3289757163.0,seen_episode_vi_return_of_the_jedi,1,Episode VI: Return of the Jedi,return_of_the_jedi,6
3289753279.0,seen_episode_vi_return_of_the_jedi,0,Episode VI: Return of the Jedi,return_of_the_jedi,6
3289752347.0,seen_episode_vi_return_of_the_jedi,1,Episode VI: Return of the Jedi,return_of_the_jedi,6
3289751464.0,seen_episode_vi_return_of_the_jedi,1,Episode VI: Return of the Jedi,return_of_the_jedi,6
3289745316.0,seen_episode_vi_return_of_the_jedi,0,Episode VI: Return of the Jedi,return_of_the_jedi,6
3289745063.0,seen_episode_vi_return_of_the_jedi,1,Episode VI: Return of the Jedi,return_of_the_jedi,6
3289737236.0,seen_episode_vi_return_of_the_jedi,1,Episode VI: Return of the Jedi,return_of_the_jedi,6
3289735954.0,seen_episode_vi_return_of_the_jedi,0,Episode VI: Return of the Jedi,return_of_the_jedi,6
3289733444.0,seen_episode_vi_return_of_the_jedi,1,Episode VI: Return of the Jedi,return_of_the_jedi,6
3289730973.0,seen_episode_vi_return_of_the_jedi,1,Episode VI: Return of the Jedi,return_of_the_jedi,6
3289727014.0,seen_episode_vi_return_of_the_jedi,1,Episode VI: Return of the Jedi,return_of_the_jedi,6
3289725827.0,seen_episode_vi_return_of_the_jedi,1,Episode VI: Return of the Jedi,return_of_the_jedi,6
3289725605.0,seen_episode_vi_return_of_the_jedi,1,Episode VI: Return of the Jedi,return_of_the_jedi,6
3289722110.0,seen_episode_vi_return_of_the_jedi,1,Episode VI: Return of the Jedi,return_of_the_jedi,6
3289713384.0,seen_episode_vi_return_of_the_jedi,0,Episode VI: Return of the Jedi,return_of_the_jedi,6
3289711817.0,seen_episode_vi_return_of_the_jedi,1,Episode VI: Return of the Jedi,return_of_the_jedi,6
3289710382.0,seen_episode_vi_return_of_the_jedi,0,Episode VI: Return of the Jedi,return_of_the_jedi,6
3289706727.0,seen_episode_vi_return_of_the_jedi,1,Episode VI: Return of the Jedi,return_of_the_jedi,6
3289706550.0,seen_episode_vi_return_of_the_jedi,0,Episode VI: Return of the Jedi,return_of_the_jedi,6
3289705195.0,seen_episode_vi_return_of_the_jedi,1,Episode VI: Return of the Jedi,return_of_the_jedi,6
3289700288.0,seen_episode_vi_return_of_the_jedi,1,Episode VI: Return of the Jedi,return_of_the_jedi,6
3289695941.0,seen_episode_vi_return_of_the_jedi,1,Episode VI: Return of the Jedi,return_of_the_jedi,6
3289693023.0,seen_episode_vi_return_of_the_jedi,1,Episode VI: Return of the Jedi,return_of_the_jedi,6
3289692258.0,seen_episode_vi_return_of_the_jedi,1,Episode VI: Return of the Jedi,return_of_the_jedi,6
3289689591.0,seen_episode_vi_return_of_the_jedi,0,Episode VI: Return of the Jedi,return_of_the_jedi,6
3289689331.0,seen_episode_vi_return_of_the_jedi,1,Episode VI: Return of the Jedi,return_of_the_jedi,6
3289688885.0,seen_episode_vi_return_of_the_jedi,1,Episode VI: Return of the Jedi,return_of_the_jedi,6
3289686202.0,seen_episode_vi_return_of_the_jedi,0,Episode VI: Return of the Jedi,return_of_the_jedi,6
3289685200.0,seen_episode_vi_return_of_the_jedi,0,Episode VI: Return of the Jedi,return_of_the_jedi,6
3289684323.0,seen_episode_vi_return_of_the_jedi,1,Episode VI: Return of the Jedi,return_of_the_jedi,6
3289681765.0,seen_episode_vi_return_of_the_jedi,1,Episode VI: Return of the Jedi,return_of_the_jedi,6
3289680108.0,seen_episode_vi_return_of_the_jedi,1,Episode VI: Return of the Jedi,return_of_the_jedi,6
3289673695.0,seen_episode_vi_return_of_the_jedi,1,Episode VI: Return of the Jedi,return_of_the_jedi,6
3289666523.0,seen_episode_vi_return_of_the_jedi,0,Episode VI: Return of the Jedi,return_of_the_jedi,6
3289664241.0,seen_episode_vi_return_of_the_jedi,1,Episode VI: Return of the Jedi,return_of_the_jedi,6
3289653763.0,seen_episode_vi_return_of_the_jedi,1,Episode VI: Return of the Jedi,return_of_the_jedi,6
3289653664.0,seen_episode_vi_return_of_the_jedi,0,Episode VI: Return of the Jedi,return_of_the_jedi,6
3289652167.0,seen_episode_vi_return_of_the_jedi,1,Episode VI: Return of the Jedi,return_of_the_jedi,6
3289649402.0,seen_episode_vi_return_of_the_jedi,0,Episode VI: Return of the Jedi,return_of_the_jedi,6
3289648154.0,seen_episode_vi_return_of_the_jedi,0,Episode VI: Return of the Jedi,return_of_the_jedi,6
3289646833.0,seen_episode_vi_return_of_the_jedi,0,Episode VI: Return of the Jedi,return_of_the_jedi,6
3289645505.0,seen_episode_vi_return_of_the_jedi,0,Episode VI: Return of the Jedi,return_of_the_jedi,6
3289644365.0,seen_episode_vi_return_of_the_jedi,1,Episode VI: Return of the Jedi,return_of_the_jedi,6
3289641241.0,seen_episode_vi_return_of_the_jedi,1,Episode VI: Return of the Jedi,return_of_the_jedi,6
3289640516.0,seen_episode_vi_return_of_the_jedi,0,Episode VI: Return of the Jedi,return_of_the_jedi,6
3289638367.0,seen_episode_vi_return_of_the_jedi,1,Episode VI: Return of the Jedi,return_of_the_jedi,6
3289633176.0,seen_episode_vi_return_of_the_jedi,1,Episode VI: Return of the Jedi,return_of_the_jedi,6
3289628791.0,seen_episode_vi_return_of_the_jedi,0,Episode VI: Return of the Jedi,return_of_the_jedi,6
3289627503.0,seen_episode_vi_return_of_the_jedi,0,Episode VI: Return of the Jedi,return_of_the_jedi,6
3289625918.0,seen_episode_vi_return_of_the_jedi,0,Episode VI: Return of the Jedi,return_of_the_jedi,6
3289625905.0,seen_episode_vi_return_of_the_jedi,0,Episode VI: Return of the Jedi,return_of_the_jedi,6
3289625071.0,seen_episode_vi_return_of_the_jedi,1,Episode VI: Return of the Jedi,return_of_the_jedi,6
3289621004.0,seen_episode_vi_return_of_the_jedi,0,Episode VI: Return of the Jedi,return_of_the_jedi,6
3289619487.0,seen_episode_vi_return_of_the_jedi,0,Episode VI: Return of the Jedi,return_of_the_jedi,6
3289618781.0,seen_episode_vi_return_of_the_jedi,0,Episode VI: Return of the Jedi,return_of_the_jedi,6
3289618768.0,seen_episode_vi_return_of_the_jedi,0,Episode VI: Return of the Jedi,return_of_the_jedi,6
3289618355.0,seen_episode_vi_return_of_the_jedi,0,Episode VI: Return of the Jedi,return_of_the_jedi,6
3289616064.0,seen_episode_vi_return_of_the_jedi,0,Episode VI: Return of the Jedi,return_of_the_jedi,6
3289610618.0,seen_episode_vi_return_of_the_jedi,0,Episode VI: Return of the Jedi,return_of_the_jedi,6
3289610391.0,seen_episode_vi_return_of_the_jedi,1,Episode VI: Return of the Jedi,return_of_the_jedi,6
3289600885.0,seen_episode_vi_return_of_the_jedi,1,Episode VI: Return of the Jedi,return_of_the_jedi,6
3289598419.0,seen_episode_vi_return_of_the_jedi,1,Episode VI: Return of the Jedi,return_of_the_jedi,6
3289597768.0,seen_episode_vi_return_of_the_jedi,0,Episode VI: Return of the Jedi,return_of_the_jedi,6
3289597035.0,seen_episode_vi_return_of_the_jedi,1,Episode VI: Return of the Jedi,return_of_the_jedi,6
3289588064.0,seen_episode_vi_return_of_the_jedi,0,Episode VI: Return of the Jedi,return_of_the_jedi,6
3289582868.0,seen_episode_vi_return_of_the_jedi,1,Episode VI: Return of the Jedi,return_of_the_jedi,6
3289582774.0,seen_episode_vi_return_of_the_jedi,1,Episode VI: Return of the Jedi,return_of_the_jedi,6
3289582090.0,seen_episode_vi_return_of_the_jedi,1,Episode VI: Return of the Jedi,return_of_the_jedi,6
3289573606.0,seen_episode_vi_return_of_the_jedi,1,Episode VI: Return of the Jedi,return_of_the_jedi,6
3289572808.0,seen_episode_vi_return_of_the_jedi,1,Episode VI: Return of the Jedi,return_of_the_jedi,6
3289569955.0,seen_episode_vi_return_of_the_jedi,0,Episode VI: Return of the Jedi,return_of_the_jedi,6
3289567355.0,seen_episode_vi_return_of_the_jedi,1,Episode VI: Return of the Jedi,return_of_the_jedi,6
3289564387.0,seen_episode_vi_return_of_the_jedi,1,Episode VI: Return of the Jedi,return_of_the_jedi,6
3289563102.0,seen_episode_vi_return_of_the_jedi,0,Episode VI: Return of the Jedi,return_of_the_jedi,6
3289561190.0,seen_episode_vi_return_of_the_jedi,0,Episode VI: Return of the Jedi,return_of_the_jedi,6
3289560376.0,seen_episode_vi_return_of_the_jedi,1,Episode VI: Return of the Jedi,return_of_the_jedi,6
3289555540.0,seen_episode_vi_return_of_the_jedi,0,Episode VI: Return of the Jedi,return_of_the_jedi,6
3289553574.0,seen_episode_vi_return_of_the_jedi,0,Episode VI: Return of the Jedi,return_of_the_jedi,6
3289553473.0,seen_episode_vi_return_of_the_jedi,1,Episode VI: Return of the Jedi,return_of_the_jedi,6
3289552996.0,seen_episode_vi_return_of_the_jedi,1,Episode VI: Return of the Jedi,return_of_the_jedi,6
3289552625.0,seen_episode_vi_return_of_the_jedi,0,Episode VI: Return of the Jedi,return_of_the_jedi,6
3289543778.0,seen_episode_vi_return_of_the_jedi,1,Episode VI: Return of the Jedi,return_of_the_jedi,6
3289540349.0,seen_episode_vi_return_of_the_jedi,1,Episode VI: Return of the Jedi,return_of_the_jedi,6
3289539921.0,seen_episode_vi_return_of_the_jedi,1,Episode VI: Return of the Jedi,return_of_the_jedi,6
3289537363.0,seen_episode_vi_return_of_the_jedi,1,Episode VI: Return of the Jedi,return_of_the_jedi,6
3289537293.0,seen_episode_vi_return_of_the_jedi,1,Episode VI: Return of the Jedi,return_of_the_jedi,6
3289536171.0,seen_episode_vi_return_of_the_jedi,0,Episode VI: Return of the Jedi,return_of_the_jedi,6
3289533753.0,seen_episode_vi_return_of_the_jedi,1,Episode VI: Return of the Jedi,return_of_the_jedi,6
3289531711.0,seen_episode_vi_return_of_the_jedi,1,Episode VI: Return of the Jedi,return_of_the_jedi,6
3289530269.0,seen_episode_vi_return_of_the_jedi,0,Episode VI: Return of the Jedi,return_of_the_jedi,6
3289530042.0,seen_episode_vi_return_of_the_jedi,1,Episode VI: Return of the Jedi,return_of_the_jedi,6
3289529064.0,seen_episode_vi_return_of_the_jedi,0,Episode VI: Return of the Jedi,return_of_the_jedi,6
3289528214.0,seen_episode_vi_return_of_the_jedi,0,Episode VI: Return of the Jedi,return_of_the_jedi,6
3289526845.0,seen_episode_vi_return_of_the_jedi,1,Episode VI: Return of the Jedi,return_of_the_jedi,6
3289526048.0,seen_episode_vi_return_of_the_jedi,1,Episode VI: Return of the Jedi,return_of_the_jedi,6
3289522048.0,seen_episode_vi_return_of_the_jedi,1,Episode VI: Return of the Jedi,return_of_the_jedi,6
3289512650.0,seen_episode_vi_return_of_the_jedi,0,Episode VI: Return of the Jedi,return_of_the_jedi,6
3289510637.0,seen_episode_vi_return_of_the_jedi,1,Episode VI: Return of the Jedi,return_of_the_jedi,6
3289510083.0,seen_episode_vi_return_of_the_jedi,0,Episode VI: Return of the Jedi,return_of_the_jedi,6
3289508774.0,seen_episode_vi_return_of_the_jedi,1,Episode VI: Return of the Jedi,return_of_the_jedi,6
3289505557.0,seen_episode_vi_return_of_the_jedi,0,Episode VI: Return of the Jedi,return_of_the_jedi,6
3289498676.0,seen_episode_vi_return_of_the_jedi,1,Episode VI: Return of the Jedi,return_of_the_jedi,6
3289498263.0,seen_episode_vi_return_of_the_jedi,1,Episode VI: Return of the Jedi,return_of_the_jedi,6
3289498064.0,seen_episode_vi_return_of_the_jedi,1,Episode VI: Return of the Jedi,return_of_the_jedi,6
3289494245.0,seen_episode_vi_return_of_the_jedi,0,Episode VI: Return of the Jedi,return_of_the_jedi,6
3289492759.0,seen_episode_vi_return_of_the_jedi,0,Episode VI: Return of the Jedi,return_of_the_jedi,6
3289492075.0,seen_episode_vi_return_of_the_jedi,1,Episode VI: Return of the Jedi,return_of_the_jedi,6
3289489736.0,seen_episode_vi_return_of_the_jedi,1,Episode VI: Return of the Jedi,return_of_the_jedi,6
3289485680.0,seen_episode_vi_return_of_the_jedi,0,Episode VI: Return of the Jedi,return_of_the_jedi,6
3289484757.0,seen_episode_vi_return_of_the_jedi,1,Episode VI: Return of the Jedi,return_of_the_jedi,6
3289481873.0,seen_episode_vi_return_of_the_jedi,0,Episode VI: Return of the Jedi,return_of_the_jedi,6
3289481310.0,seen_episode_vi_return_of_the_jedi,0,Episode VI: Return of the Jedi,return_of_the_jedi,6
3289472648.0,seen_episode_vi_return_of_the_jedi,1,Episode VI: Return of the Jedi,return_of_the_jedi,6
3289469330.0,seen_episode_vi_return_of_the_jedi,0,Episode VI: Return of the Jedi,return_of_the_jedi,6
3289467778.0,seen_episode_vi_return_of_the_jedi,1,Episode VI: Return of the Jedi,return_of_the_jedi,6
3289467324.0,seen_episode_vi_return_of_the_jedi,1,Episode VI: Return of the Jedi,return_of_the_jedi,6
3289463626.0,seen_episode_vi_return_of_the_jedi,0,Episode VI: Return of the Jedi,return_of_the_jedi,6
3289463066.0,seen_episode_vi_return_of_the_jedi,1,Episode VI: Return of the Jedi,return_of_the_jedi,6
3289459695.0,seen_episode_vi_return_of_the_jedi,0,Episode VI: Return of the Jedi,return_of_the_jedi,6
3289458608.0,seen_episode_vi_return_of_the_jedi,1,Episode VI: Return of the Jedi,return_of_the_jedi,6
3289453110.0,seen_episode_vi_return_of_the_jedi,1,Episode VI: Return of the Jedi,return_of_the_jedi,6
3289450247.0,seen_episode_vi_return_of_the_jedi,0,Episode VI: Return of the Jedi,return_of_the_jedi,6
3289450050.0,seen_episode_vi_return_of_the_jedi,1,Episode VI: Return of the Jedi,return_of_the_jedi,6
3289449176.0,seen_episode_vi_return_of_the_jedi,0,Episode VI: Return of the Jedi,return_of_the_jedi,6
3289448435.0,seen_episode_vi_return_of_the_jedi,1,Episode VI: Return of the Jedi,return_of_the_jedi,6
3289445841.0,seen_episode_vi_return_of_the_jedi,1,Episode VI: Return of the Jedi,return_of_the_jedi,6
3289437997.0,seen_episode_vi_return_of_the_jedi,0,Episode VI: Return of the Jedi,return_of_the_jedi,6
3289436437.0,seen_episode_vi_return_of_the_jedi,1,Episode VI: Return of the Jedi,return_of_the_jedi,6
3289434297.0,seen_episode_vi_return_of_the_jedi,1,Episode VI: Return of the Jedi,return_of_the_jedi,6
3289425578.0,seen_episode_vi_return_of_the_jedi,1,Episode VI: Return of the Jedi,return_of_the_jedi,6
3289423303.0,seen_episode_vi_return_of_the_jedi,1,Episode VI: Return of the Jedi,return_of_the_jedi,6
3289419064.0,seen_episode_vi_return_of_the_jedi,0,Episode VI: Return of the Jedi,return_of_the_jedi,6
3289418012.0,seen_episode_vi_return_of_the_jedi,0,Episode VI: Return of the Jedi,return_of_the_jedi,6
3289416615.0,seen_episode_vi_return_of_the_jedi,1,Episode VI: Return of the Jedi,return_of_the_jedi,6
3289415200.0,seen_episode_vi_return_of_the_jedi,0,Episode VI: Return of the Jedi,return_of_the_jedi,6
3289414959.0,seen_episode_vi_return_of_the_jedi,1,Episode VI: Return of the Jedi,return_of_the_jedi,6
3289414036.0,seen_episode_vi_return_of_the_jedi,0,Episode VI: Return of the Jedi,return_of_the_jedi,6
3289410507.0,seen_episode_vi_return_of_the_jedi,1,Episode VI: Return of the Jedi,return_of_the_jedi,6
3289410455.0,seen_episode_vi_return_of_the_jedi,1,Episode VI: Return of the Jedi,return_of_the_jedi,6
3289398157.0,seen_episode_vi_return_of_the_jedi,0,Episode VI: Return of the Jedi,return_of_the_jedi,6
3289394268.0,seen_episode_vi_return_of_the_jedi,0,Episode VI: Return of the Jedi,return_of_the_jedi,6
3289393495.0,seen_episode_vi_return_of_the_jedi,1,Episode VI: Return of the Jedi,return_of_the_jedi,6
3289392497.0,seen_episode_vi_return_of_the_jedi,1,Episode VI: Return of the Jedi,return_of_the_jedi,6
3289383220.0,seen_episode_vi_return_of_the_jedi,0,Episode VI: Return of the Jedi,return_of_the_jedi,6
3289381739.0,seen_episode_vi_return_of_the_jedi,1,Episode VI: Return of the Jedi,return_of_the_jedi,6
3289374653.0,seen_episode_vi_return_of_the_jedi,0,Episode VI: Return of the Jedi,return_of_the_jedi,6
3289370623.0,seen_episode_vi_return_of_the_jedi,1,Episode VI: Return of the Jedi,return_of_the_jedi,6
3289369318.0,seen_episode_vi_return_of_the_jedi,1,Episode VI: Return of the Jedi,return_of_the_jedi,6
3289363684.0,seen_episode_vi_return_of_the_jedi,1,Episode VI: Return of the Jedi,return_of_the_jedi,6
3289358306.0,seen_episode_vi_return_of_the_jedi,0,Episode VI: Return of the Jedi,return_of_the_jedi,6
3289354975.0,seen_episode_vi_return_of_the_jedi,1,Episode VI: Return of the Jedi,return_of_the_jedi,6
3289351950.0,seen_episode_vi_return_of_the_jedi,1,Episode VI: Return of the Jedi,return_of_the_jedi,6
3289351379.0,seen_episode_vi_return_of_the_jedi,1,Episode VI: Return of the Jedi,return_of_the_jedi,6
3289341349.0,seen_episode_vi_return_of_the_jedi,0,Episode VI: Return of the Jedi,return_of_the_jedi,6
3289334585.0,seen_episode_vi_return_of_the_jedi,0,Episode VI: Return of the Jedi,return_of_the_jedi,6
3289334511.0,seen_episode_vi_return_of_the_jedi,0,Episode VI: Return of the Jedi,return_of_the_jedi,6
3289322178.0,seen_episode_vi_return_of_the_jedi,0,Episode VI: Return of the Jedi,return_of_the_jedi,6
3289321600.0,seen_episode_vi_return_of_the_jedi,0,Episode VI: Return of the Jedi,return_of_the_jedi,6
3289317542.0,seen_episode_vi_return_of_the_jedi,1,Episode VI: Return of the Jedi,return_of_the_jedi,6
3289316592.0,seen_episode_vi_return_of_the_jedi,0,Episode VI: Return of the Jedi,return_of_the_jedi,6
3289311086.0,seen_episode_vi_return_of_the_jedi,1,Episode VI: Return of the Jedi,return_of_the_jedi,6
3289305272.0,seen_episode_vi_return_of_the_jedi,0,Episode VI: Return of the Jedi,return_of_the_jedi,6
3289302743.0,seen_episode_vi_return_of_the_jedi,0,Episode VI: Return of the Jedi,return_of_the_jedi,6
3289301976.0,seen_episode_vi_return_of_the_jedi,0,Episode VI: Return of the Jedi,return_of_the_jedi,6
3289282741.0,seen_episode_vi_return_of_the_jedi,0,Episode VI: Return of the Jedi,return_of_the_jedi,6
3289281855.0,seen_episode_vi_return_of_the_jedi,0,Episode VI: Return of the Jedi,return_of_the_jedi,6
3289279767.0,seen_episode_vi_return_of_the_jedi,0,Episode VI: Return of the Jedi,return_of_the_jedi,6
3289274314.0,seen_episode_vi_return_of_the_jedi,1,Episode VI: Return of the Jedi,return_of_the_jedi,6
3289274207.0,seen_episode_vi_return_of_the_jedi,0,Episode VI: Return of the Jedi,return_of_the_jedi,6
3289262699.0,seen_episode_vi_return_of_the_jedi,1,Episode VI: Return of the Jedi,return_of_the_jedi,6
3289262511.0,seen_episode_vi_return_of_the_jedi,1,Episode VI: Return of the Jedi,return_of_the_jedi,6
3289242777.0,seen_episode_vi_return_of_the_jedi,0,Episode VI: Return of the Jedi,return_of_the_jedi,6
3289236782.0,seen_episode_vi_return_of_the_jedi,1,Episode VI: Return of the Jedi,return_of_the_jedi,6
3289198607.0,seen_episode_vi_return_of_the_jedi,1,Episode VI: Return of the Jedi,return_of_the_jedi,6
3289179421.0,seen_episode_vi_return_of_the_jedi,0,Episode VI: Return of the Jedi,return_of_the_jedi,6
3289178815.0,seen_episode_vi_return_of_the_jedi,0,Episode VI: Return of the Jedi,return_of_the_jedi,6
3289177383.0,seen_episode_vi_return_of_the_jedi,1,Episode VI: Return of the Jedi,return_of_the_jedi,6
3289172932.0,seen_episode_vi_return_of_the_jedi,0,Episode VI: Return of the Jedi,return_of_the_jedi,6
3289156917.0,seen_episode_vi_return_of_the_jedi,1,Episode VI: Return of the Jedi,return_of_the_jedi,6
3289153001.0,seen_episode_vi_return_of_the_jedi,0,Episode VI: Return of the Jedi,return_of_the_jedi,6
3289148779.0,seen_episode_vi_return_of_the_jedi,0,Episode VI: Return of the Jedi,return_of_the_jedi,6
3289112999.0,seen_episode_vi_return_of_the_jedi,1,Episode VI: Return of the Jedi,return_of_the_jedi,6
3289095873.0,seen_episode_vi_return_of_the_jedi,0,Episode VI: Return of the Jedi,return_of_the_jedi,6
3289069642.0,seen_episode_vi_return_of_the_jedi,1,Episode VI: Return of the Jedi,return_of_the_jedi,6
3289064086.0,seen_episode_vi_return_of_the_jedi,1,Episode VI: Return of the Jedi,return_of_the_jedi,6
3289054324.0,seen_episode_vi_return_of_the_jedi,1,Episode VI: Return of the Jedi,return_of_the_jedi,6
3289049751.0,seen_episode_vi_return_of_the_jedi,0,Episode VI: Return of the Jedi,return_of_the_jedi,6
3289032654.0,seen_episode_vi_return_of_the_jedi,0,Episode VI: Return of the Jedi,return_of_the_jedi,6
3288941294.0,seen_episode_vi_return_of_the_jedi,1,Episode VI: Return of the Jedi,return_of_the_jedi,6
3288846487.0,seen_episode_vi_return_of_the_jedi,1,Episode VI: Return of the Jedi,return_of_the_jedi,6
3288826742.0,seen_episode_vi_return_of_the_jedi,0,Episode VI: Return of the Jedi,return_of_the_jedi,6
3288823234.0,seen_episode_vi_return_of_the_jedi,0,Episode VI: Return of the Jedi,return_of_the_jedi,6
3288802482.0,seen_episode_vi_return_of_the_jedi,1,Episode VI: Return of the Jedi,return_of_the_jedi,6
3288793006.0,seen_episode_vi_return_of_the_jedi,0,Episode VI: Return of the Jedi,return_of_the_jedi,6
3288777560.0,seen_episode_vi_return_of_the_jedi,1,Episode VI: Return of the Jedi,return_of_the_jedi,6
3288772244.0,seen_episode_vi_return_of_the_jedi,1,Episode VI: Return of the Jedi,return_of_the_jedi,6
3288771826.0,seen_episode_vi_return_of_the_jedi,1,Episode VI: Return of the Jedi,return_of_the_jedi,6
3288750443.0,seen_episode_vi_return_of_the_jedi,1,Episode VI: Return of the Jedi,return_of_the_jedi,6
3288741236.0,seen_episode_vi_return_of_the_jedi,1,Episode VI: Return of the Jedi,return_of_the_jedi,6
3288740386.0,seen_episode_vi_return_of_the_jedi,0,Episode VI: Return of the Jedi,return_of_the_jedi,6
3288728912.0,seen_episode_vi_return_of_the_jedi,1,Episode VI: Return of the Jedi,return_of_the_jedi,6
3288723253.0,seen_episode_vi_return_of_the_jedi,0,Episode VI: Return of the Jedi,return_of_the_jedi,6
3288722710.0,seen_episode_vi_return_of_the_jedi,1,Episode VI: Return of the Jedi,return_of_the_jedi,6
3288719090.0,seen_episode_vi_return_of_the_jedi,1,Episode VI: Return of the Jedi,return_of_the_jedi,6
3288718743.0,seen_episode_vi_return_of_the_jedi,1,Episode VI: Return of the Jedi,return_of_the_jedi,6
3288714827.0,seen_episode_vi_return_of_the_jedi,1,Episode VI: Return of the Jedi,return_of_the_jedi,6
3288714697.0,seen_episode_vi_return_of_the_jedi,0,Episode VI: Return of the Jedi,return_of_the_jedi,6
3288713721.0,seen_episode_vi_return_of_the_jedi,1,Episode VI: Return of the Jedi,return_of_the_jedi,6
3288713570.0,seen_episode_vi_return_of_the_jedi,1,Episode VI: Return of the Jedi,return_of_the_jedi,6
3288712832.0,seen_episode_vi_return_of_the_jedi,1,Episode VI: Return of the Jedi,return_of_the_jedi,6
3288704807.0,seen_episode_vi_return_of_the_jedi,1,Episode VI: Return of the Jedi,return_of_the_jedi,6
3288702291.0,seen_episode_vi_return_of_the_jedi,1,Episode VI: Return of the Jedi,return_of_the_jedi,6
3288700554.0,seen_episode_vi_return_of_the_jedi,0,Episode VI: Return of the Jedi,return_of_the_jedi,6
3288699973.0,seen_episode_vi_return_of_the_jedi,0,Episode VI: Return of the Jedi,return_of_the_jedi,6
3288698545.0,seen_episode_vi_return_of_the_jedi,0,Episode VI: Return of the Jedi,return_of_the_jedi,6
3288698085.0,seen_episode_vi_return_of_the_jedi,0,Episode VI: Return of the Jedi,return_of_the_jedi,6
3288697760.0,seen_episode_vi_return_of_the_jedi,1,Episode VI: Return of the Jedi,return_of_the_jedi,6
3288696158.0,seen_episode_vi_return_of_the_jedi,0,Episode VI: Return of the Jedi,return_of_the_jedi,6
3288694272.0,seen_episode_vi_return_of_the_jedi,0,Episode VI: Return of the Jedi,return_of_the_jedi,6
3288690295.0,seen_episode_vi_return_of_the_jedi,1,Episode VI: Return of the Jedi,return_of_the_jedi,6
3288689621.0,seen_episode_vi_return_of_the_jedi,0,Episode VI: Return of the Jedi,return_of_the_jedi,6
3288687502.0,seen_episode_vi_return_of_the_jedi,1,Episode VI: Return of the Jedi,return_of_the_jedi,6
3288685641.0,seen_episode_vi_return_of_the_jedi,1,Episode VI: Return of the Jedi,return_of_the_jedi,6
3288683262.0,seen_episode_vi_return_of_the_jedi,0,Episode VI: Return of the Jedi,return_of_the_jedi,6
3288683105.0,seen_episode_vi_return_of_the_jedi,1,Episode VI: Return of the Jedi,return_of_the_jedi,6
3288682774.0,seen_episode_vi_return_of_the_jedi,0,Episode VI: Return of the Jedi,return_of_the_jedi,6
3288682656.0,seen_episode_vi_return_of_the_jedi,1,Episode VI: Return of the Jedi,return_of_the_jedi,6
3288678886.0,seen_episode_vi_return_of_the_jedi,0,Episode VI: Return of the Jedi,return_of_the_jedi,6
3288675923.0,seen_episode_vi_return_of_the_jedi,1,Episode VI: Return of the Jedi,return_of_the_jedi,6
3288672490.0,seen_episode_vi_return_of_the_jedi,1,Episode VI: Return of the Jedi,return_of_the_jedi,6
3288672409.0,seen_episode_vi_return_of_the_jedi,1,Episode VI: Return of the Jedi,return_of_the_jedi,6
3288672197.0,seen_episode_vi_return_of_the_jedi,0,Episode VI: Return of the Jedi,return_of_the_jedi,6
3288671359.0,seen_episode_vi_return_of_the_jedi,1,Episode VI: Return of the Jedi,return_of_the_jedi,6
3288671328.0,seen_episode_vi_return_of_the_jedi,1,Episode VI: Return of the Jedi,return_of_the_jedi,6
3288670345.0,seen_episode_vi_return_of_the_jedi,1,Episode VI: Return of the Jedi,return_of_the_jedi,6
3288668791.0,seen_episode_vi_return_of_the_jedi,1,Episode VI: Return of the Jedi,return_of_the_jedi,6
3288668404.0,seen_episode_vi_return_of_the_jedi,0,Episode VI: Return of the Jedi,return_of_the_jedi,6
3288668176.0,seen_episode_vi_return_of_the_jedi,1,Episode VI: Return of the Jedi,return_of_the_jedi,6
3288666429.0,seen_episode_vi_return_of_the_jedi,0,Episode VI: Return of the Jedi,return_of_the_jedi,6
3288665797.0,seen_episode_vi_return_of_the_jedi,0,Episode VI: Return of the Jedi,return_of_the_jedi,6
3288665355.0,seen_episode_vi_return_of_the_jedi,0,Episode VI: Return of the Jedi,return_of_the_jedi,6
3288662617.0,seen_episode_vi_return_of_the_jedi,0,Episode VI: Return of the Jedi,return_of_the_jedi,6
3288660175.0,seen_episode_vi_return_of_the_jedi,1,Episode VI: Return of the Jedi,return_of_the_jedi,6
3288657866.0,seen_episode_vi_return_of_the_jedi,1,Episode VI: Return of the Jedi,return_of_the_jedi,6
3288657113.0,seen_episode_vi_return_of_the_jedi,1,Episode VI: Return of the Jedi,return_of_the_jedi,6
3288653945.0,seen_episode_vi_return_of_the_jedi,0,Episode VI: Return of the Jedi,return_of_the_jedi,6
3288653548.0,seen_episode_vi_return_of_the_jedi,1,Episode VI: Return of the Jedi,return_of_the_jedi,6
3288653332.0,seen_episode_vi_return_of_the_jedi,0,Episode VI: Return of the Jedi,return_of_the_jedi,6
3288653149.0,seen_episode_vi_return_of_the_jedi,1,Episode VI: Return of the Jedi,return_of_the_jedi,6
3288650455.0,seen_episode_vi_return_of_the_jedi,1,Episode VI: Return of the Jedi,return_of_the_jedi,6
3288649171.0,seen_episode_vi_return_of_the_jedi,0,Episode VI: Return of the Jedi,return_of_the_jedi,6
3288647913.0,seen_episode_vi_return_of_the_jedi,1,Episode VI: Return of the Jedi,return_of_the_jedi,6
3288647623.0,seen_episode_vi_return_of_the_jedi,1,Episode VI: Return of the Jedi,return_of_the_jedi,6
3288644592.0,seen_episode_vi_return_of_the_jedi,1,Episode VI: Return of the Jedi,return_of_the_jedi,6
3288644163.0,seen_episode_vi_return_of_the_jedi,1,Episode VI: Return of the Jedi,return_of_the_jedi,6
3288641278.0,seen_episode_vi_return_of_the_jedi,0,Episode VI: Return of the Jedi,return_of_the_jedi,6
3288639879.0,seen_episode_vi_return_of_the_jedi,0,Episode VI: Return of the Jedi,return_of_the_jedi,6
3288639732.0,seen_episode_vi_return_of_the_jedi,0,Episode VI: Return of the Jedi,return_of_the_jedi,6
3288639377.0,seen_episode_vi_return_of_the_jedi,1,Episode VI: Return of the Jedi,return_of_the_jedi,6
3288638640.0,seen_episode_vi_return_of_the_jedi,0,Episode VI: Return of the Jedi,return_of_the_jedi,6
3288635451.0,seen_episode_vi_return_of_the_jedi,0,Episode VI: Return of the Jedi,return_of_the_jedi,6
3288633861.0,seen_episode_vi_return_of_the_jedi,0,Episode VI: Return of the Jedi,return_of_the_jedi,6
3288629979.0,seen_episode_vi_return_of_the_jedi,1,Episode VI: Return of the Jedi,return_of_the_jedi,6
3288627180.0,seen_episode_vi_return_of_the_jedi,0,Episode VI: Return of the Jedi,return_of_the_jedi,6
3288625580.0,seen_episode_vi_return_of_the_jedi,1,Episode VI: Return of the Jedi,return_of_the_jedi,6
3288623870.0,seen_episode_vi_return_of_the_jedi,1,Episode VI: Return of the Jedi,return_of_the_jedi,6
3288623420.0,seen_episode_vi_return_of_the_jedi,0,Episode VI: Return of the Jedi,return_of_the_jedi,6
3288623033.0,seen_episode_vi_return_of_the_jedi,1,Episode VI: Return of the Jedi,return_of_the_jedi,6
3288620198.0,seen_episode_vi_return_of_the_jedi,1,Episode VI: Return of the Jedi,return_of_the_jedi,6
3288618459.0,seen_episode_vi_return_of_the_jedi,1,Episode VI: Return of the Jedi,return_of_the_jedi,6
3288617343.0,seen_episode_vi_return_of_the_jedi,0,Episode VI: Return of the Jedi,return_of_the_jedi,6
3288617091.0,seen_episode_vi_return_of_the_jedi,1,Episode VI: Return of the Jedi,return_of_the_jedi,6
3288614671.0,seen_episode_vi_return_of_the_jedi,1,Episode VI: Return of the Jedi,return_of_the_jedi,6
3288614539.0,seen_episode_vi_return_of_the_jedi,1,Episode VI: Return of the Jedi,return_of_the_jedi,6
3288614195.0,seen_episode_vi_return_of_the_jedi,1,Episode VI: Return of the Jedi,return_of_the_jedi,6
3288613051.0,seen_episode_vi_return_of_the_jedi,0,Episode VI: Return of the Jedi,return_of_the_jedi,6
3288609566.0,seen_episode_vi_return_of_the_jedi,1,Episode VI: Return of the Jedi,return_of_the_jedi,6
3288608965.0,seen_episode_vi_return_of_the_jedi,0,Episode VI: Return of the Jedi,return_of_the_jedi,6
3288604946.0,seen_episode_vi_return_of_the_jedi,1,Episode VI: Return of the Jedi,return_of_the_jedi,6
3288602883.0,seen_episode_vi_return_of_the_jedi,1,Episode VI: Return of the Jedi,return_of_the_jedi,6
3288601847.0,seen_episode_vi_return_of_the_jedi,1,Episode VI: Return of the Jedi,return_of_the_jedi,6
3288601827.0,seen_episode_vi_return_of_the_jedi,0,Episode VI: Return of the Jedi,return_of_the_jedi,6
3288599799.0,seen_episode_vi_return_of_the_jedi,1,Episode VI: Return of the Jedi,return_of_the_jedi,6
3288599067.0,seen_episode_vi_return_of_the_jedi,1,Episode VI: Return of the Jedi,return_of_the_jedi,6
3288593331.0,seen_episode_vi_return_of_the_jedi,0,Episode VI: Return of the Jedi,return_of_the_jedi,6
3288590836.0,seen_episode_vi_return_of_the_jedi,0,Episode VI: Return of the Jedi,return_of_the_jedi,6
3288588424.0,seen_episode_vi_return_of_the_jedi,0,Episode VI: Return of the Jedi,return_of_the_jedi,6
3288587373.0,seen_episode_vi_return_of_the_jedi,1,Episode VI: Return of the Jedi,return_of_the_jedi,6
3288586178.0,seen_episode_vi_return_of_the_jedi,1,Episode VI: Return of the Jedi,return_of_the_jedi,6
3288585053.0,seen_episode_vi_return_of_the_jedi,1,Episode VI: Return of the Jedi,return_of_the_jedi,6
3288584578.0,seen_episode_vi_return_of_the_jedi,1,Episode VI: Return of the Jedi,return_of_the_jedi,6
3288583884.0,seen_episode_vi_return_of_the_jedi,0,Episode VI: Return of the Jedi,return_of_the_jedi,6
3288583591.0,seen_episode_vi_return_of_the_jedi,0,Episode VI: Return of the Jedi,return_of_the_jedi,6
3288581774.0,seen_episode_vi_return_of_the_jedi,0,Episode VI: Return of the Jedi,return_of_the_jedi,6
3288580684.0,seen_episode_vi_return_of_the_jedi,0,Episode VI: Return of the Jedi,return_of_the_jedi,6
3288580145.0,seen_episode_vi_return_of_the_jedi,0,Episode VI: Return of the Jedi,return_of_the_jedi,6
3288579719.0,seen_episode_vi_return_of_the_jedi,0,Episode VI: Return of the Jedi,return_of_the_jedi,6
3288579445.0,seen_episode_vi_return_of_the_jedi,0,Episode VI: Return of the Jedi,return_of_the_jedi,6
3288578983.0,seen_episode_vi_return_of_the_jedi,1,Episode VI: Return of the Jedi,return_of_the_jedi,6
3288578072.0,seen_episode_vi_return_of_the_jedi,1,Episode VI: Return of the Jedi,return_of_the_jedi,6
3288576462.0,seen_episode_vi_return_of_the_jedi,1,Episode VI: Return of the Jedi,return_of_the_jedi,6
3288574703.0,seen_episode_vi_return_of_the_jedi,1,Episode VI: Return of the Jedi,return_of_the_jedi,6
3288571196.0,seen_episode_vi_return_of_the_jedi,1,Episode VI: Return of the Jedi,return_of_the_jedi,6
3288568534.0,seen_episode_vi_return_of_the_jedi,1,Episode VI: Return of the Jedi,return_of_the_jedi,6
3288567242.0,seen_episode_vi_return_of_the_jedi,1,Episode VI: Return of the Jedi,return_of_the_jedi,6
3288567154.0,seen_episode_vi_return_of_the_jedi,1,Episode VI: Return of the Jedi,return_of_the_jedi,6
3288563970.0,seen_episode_vi_return_of_the_jedi,0,Episode VI: Return of the Jedi,return_of_the_jedi,6
3288563342.0,seen_episode_vi_return_of_the_jedi,0,Episode VI: Return of the Jedi,return_of_the_jedi,6
3288563065.0,seen_episode_vi_return_of_the_jedi,1,Episode VI: Return of the Jedi,return_of_the_jedi,6
3288559700.0,seen_episode_vi_return_of_the_jedi,0,Episode VI: Return of the Jedi,return_of_the_jedi,6
3288559015.0,seen_episode_vi_return_of_the_jedi,0,Episode VI: Return of the Jedi,return_of_the_jedi,6
3288558131.0,seen_episode_vi_return_of_the_jedi,1,Episode VI: Return of the Jedi,return_of_the_jedi,6
3288557322.0,seen_episode_vi_return_of_the_jedi,0,Episode VI: Return of the Jedi,return_of_the_jedi,6
3288553903.0,seen_episode_vi_return_of_the_jedi,1,Episode VI: Return of the Jedi,return_of_the_jedi,6
3288553457.0,seen_episode_vi_return_of_the_jedi,0,Episode VI: Return of the Jedi,return_of_the_jedi,6
3288552984.0,seen_episode_vi_return_of_the_jedi,1,Episode VI: Return of the Jedi,return_of_the_jedi,6
3288551156.0,seen_episode_vi_return_of_the_jedi,0,Episode VI: Return of the Jedi,return_of_the_jedi,6
3288549677.0,seen_episode_vi_return_of_the_jedi,0,Episode VI: Return of the Jedi,return_of_the_jedi,6
3288547379.0,seen_episode_vi_return_of_the_jedi,1,Episode VI: Return of the Jedi,return_of_the_jedi,6
3288545527.0,seen_episode_vi_return_of_the_jedi,1,Episode VI: Return of the Jedi,return_of_the_jedi,6
3288544295.0,seen_episode_vi_return_of_the_jedi,1,Episode VI: Return of the Jedi,return_of_the_jedi,6
3288539645.0,seen_episode_vi_return_of_the_jedi,0,Episode VI: Return of the Jedi,return_of_the_jedi,6
3288538248.0,seen_episode_vi_return_of_the_jedi,1,Episode VI: Return of the Jedi,return_of_the_jedi,6
3288536532.0,seen_episode_vi_return_of_the_jedi,1,Episode VI: Return of the Jedi,return_of_the_jedi,6
3288534023.0,seen_episode_vi_return_of_the_jedi,1,Episode VI: Return of the Jedi,return_of_the_jedi,6
3288532773.0,seen_episode_vi_return_of_the_jedi,0,Episode VI: Return of the Jedi,return_of_the_jedi,6
3288532255.0,seen_episode_vi_return_of_the_jedi,0,Episode VI: Return of the Jedi,return_of_the_jedi,6
3288526244.0,seen_episode_vi_return_of_the_jedi,0,Episode VI: Return of the Jedi,return_of_the_jedi,6
3288524042.0,seen_episode_vi_return_of_the_jedi,1,Episode VI: Return of the Jedi,return_of_the_jedi,6
3288523874.0,seen_episode_vi_return_of_the_jedi,1,Episode VI: Return of the Jedi,return_of_the_jedi,6
3288522525.0,seen_episode_vi_return_of_the_jedi,1,Episode VI: Return of the Jedi,return_of_the_jedi,6
3288522488.0,seen_episode_vi_return_of_the_jedi,1,Episode VI: Return of the Jedi,return_of_the_jedi,6
3288521325.0,seen_episode_vi_return_of_the_jedi,1,Episode VI: Return of the Jedi,return_of_the_jedi,6
3288519037.0,seen_episode_vi_return_of_the_jedi,0,Episode VI: Return of the Jedi,return_of_the_jedi,6
3288516295.0,seen_episode_vi_return_of_the_jedi,1,Episode VI: Return of the Jedi,return_of_the_jedi,6
3288515773.0,seen_episode_vi_return_of_the_jedi,1,Episode VI: Return of the Jedi,return_of_the_jedi,6
3288514217.0,seen_episode_vi_return_of_the_jedi,0,Episode VI: Return of the Jedi,return_of_the_jedi,6
3288513045.0,seen_episode_vi_return_of_the_jedi,0,Episode VI: Return of the Jedi,return_of_the_jedi,6
3288512822.0,seen_episode_vi_return_of_the_jedi,1,Episode VI: Return of the Jedi,return_of_the_jedi,6
3288512665.0,seen_episode_vi_return_of_the_jedi,1,Episode VI: Return of the Jedi,return_of_the_jedi,6
3288512020.0,seen_episode_vi_return_of_the_jedi,0,Episode VI: Return of the Jedi,return_of_the_jedi,6
3288511686.0,seen_episode_vi_return_of_the_jedi,0,Episode VI: Return of the Jedi,return_of_the_jedi,6
3288511180.0,seen_episode_vi_return_of_the_jedi,0,Episode VI: Return of the Jedi,return_of_the_jedi,6
3288509415.0,seen_episode_vi_return_of_the_jedi,1,Episode VI: Return of the Jedi,return_of_the_jedi,6
3288506275.0,seen_episode_vi_return_of_the_jedi,1,Episode VI: Return of the Jedi,return_of_the_jedi,6
3288505925.0,seen_episode_vi_return_of_the_jedi,1,Episode VI: Return of the Jedi,return_of_the_jedi,6
3288505737.0,seen_episode_vi_return_of_the_jedi,1,Episode VI: Return of the Jedi,return_of_the_jedi,6
3288505216.0,seen_episode_vi_return_of_the_jedi,0,Episode VI: Return of the Jedi,return_of_the_jedi,6
3288505151.0,seen_episode_vi_return_of_the_jedi,0,Episode VI: Return of the Jedi,return_of_the_jedi,6
3288504398.0,seen_episode_vi_return_of_the_jedi,0,Episode VI: Return of the Jedi,return_of_the_jedi,6
3288502884.0,seen_episode_vi_return_of_the_jedi,1,Episode VI: Return of the Jedi,return_of_the_jedi,6
3288501301.0,seen_episode_vi_return_of_the_jedi,1,Episode VI: Return of the Jedi,return_of_the_jedi,6
3288499757.0,seen_episode_vi_return_of_the_jedi,0,Episode VI: Return of the Jedi,return_of_the_jedi,6
3288498715.0,seen_episode_vi_return_of_the_jedi,1,Episode VI: Return of the Jedi,return_of_the_jedi,6
3288497532.0,seen_episode_vi_return_of_the_jedi,0,Episode VI: Return of the Jedi,return_of_the_jedi,6
3288497228.0,seen_episode_vi_return_of_the_jedi,1,Episode VI: Return of the Jedi,return_of_the_jedi,6
3288497010.0,seen_episode_vi_return_of_the_jedi,0,Episode VI: Return of the Jedi,return_of_the_jedi,6
3288493077.0,seen_episode_vi_return_of_the_jedi,1,Episode VI: Return of the Jedi,return_of_the_jedi,6
3288492006.0,seen_episode_vi_return_of_the_jedi,1,Episode VI: Return of the Jedi,return_of_the_jedi,6
3288484535.0,seen_episode_vi_return_of_the_jedi,1,Episode VI: Return of the Jedi,return_of_the_jedi,6
3288482717.0,seen_episode_vi_return_of_the_jedi,1,Episode VI: Return of the Jedi,return_of_the_jedi,6
3288482581.0,seen_episode_vi_return_of_the_jedi,1,Episode VI: Return of the Jedi,return_of_the_jedi,6
3288482369.0,seen_episode_vi_return_of_the_jedi,0,Episode VI: Return of the Jedi,return_of_the_jedi,6
3288479368.0,seen_episode_vi_return_of_the_jedi,1,Episode VI: Return of the Jedi,return_of_the_jedi,6
3288479074.0,seen_episode_vi_return_of_the_jedi,0,Episode VI: Return of the Jedi,return_of_the_jedi,6
3288477753.0,seen_episode_vi_return_of_the_jedi,0,Episode VI: Return of the Jedi,return_of_the_jedi,6
3288476971.0,seen_episode_vi_return_of_the_jedi,1,Episode VI: Return of the Jedi,return_of_the_jedi,6
3288472373.0,seen_episode_vi_return_of_the_jedi,0,Episode VI: Return of the Jedi,return_of_the_jedi,6
3288471192.0,seen_episode_vi_return_of_the_jedi,0,Episode VI: Return of the Jedi,return_of_the_jedi,6
3288469670.0,seen_episode_vi_return_of_the_jedi,0,Episode VI: Return of the Jedi,return_of_the_jedi,6
3288469047.0,seen_episode_vi_return_of_the_jedi,1,Episode VI: Return of the Jedi,return_of_the_jedi,6
3288460192.0,seen_episode_vi_return_of_the_jedi,0,Episode VI: Return of the Jedi,return_of_the_jedi,6
3288459190.0,seen_episode_vi_return_of_the_jedi,1,Episode VI: Return of the Jedi,return_of_the_jedi,6
3288458873.0,seen_episode_vi_return_of_the_jedi,0,Episode VI: Return of the Jedi,return_of_the_jedi,6
3288456946.0,seen_episode_vi_return_of_the_jedi,1,Episode VI: Return of the Jedi,return_of_the_jedi,6
3288455900.0,seen_episode_vi_return_of_the_jedi,0,Episode VI: Return of the Jedi,return_of_the_jedi,6
3288453555.0,seen_episode_vi_return_of_the_jedi,0,Episode VI: Return of the Jedi,return_of_the_jedi,6
3288446700.0,seen_episode_vi_return_of_the_jedi,1,Episode VI: Return of the Jedi,return_of_the_jedi,6
3288446529.0,seen_episode_vi_return_of_the_jedi,1,Episode VI: Return of the Jedi,return_of_the_jedi,6
3288445926.0,seen_episode_vi_return_of_the_jedi,1,Episode VI: Return of the Jedi,return_of_the_jedi,6
3288444784.0,seen_episode_vi_return_of_the_jedi,1,Episode VI: Return of the Jedi,return_of_the_jedi,6
3288442728.0,seen_episode_vi_return_of_the_jedi,1,Episode VI: Return of the Jedi,return_of_the_jedi,6
3288436226.0,seen_episode_vi_return_of_the_jedi,0,Episode VI: Return of the Jedi,return_of_the_jedi,6
3288432395.0,seen_episode_vi_return_of_the_jedi,0,Episode VI: Return of the Jedi,return_of_the_jedi,6
3288429451.0,seen_episode_vi_return_of_the_jedi,1,Episode VI: Return of the Jedi,return_of_the_jedi,6
3288429390.0,seen_episode_vi_return_of_the_jedi,0,Episode VI: Return of the Jedi,return_of_the_jedi,6
3288429092.0,seen_episode_vi_return_of_the_jedi,1,Episode VI: Return of the Jedi,return_of_the_jedi,6
3288428243.0,seen_episode_vi_return_of_the_jedi,1,Episode VI: Return of the Jedi,return_of_the_jedi,6
3288425859.0,seen_episode_vi_return_of_the_jedi,1,Episode VI: Return of the Jedi,return_of_the_jedi,6
3288423088.0,seen_episode_vi_return_of_the_jedi,0,Episode VI: Return of the Jedi,return_of_the_jedi,6
3288423045.0,seen_episode_vi_return_of_the_jedi,1,Episode VI: Return of the Jedi,return_of_the_jedi,6
3288421819.0,seen_episode_vi_return_of_the_jedi,0,Episode VI: Return of the Jedi,return_of_the_jedi,6
3288420798.0,seen_episode_vi_return_of_the_jedi,1,Episode VI: Return of the Jedi,return_of_the_jedi,6
3288417782.0,seen_episode_vi_return_of_the_jedi,1,Episode VI: Return of the Jedi,return_of_the_jedi,6
3288417641.0,seen_episode_vi_return_of_the_jedi,1,Episode VI: Return of the Jedi,return_of_the_jedi,6
3288416959.0,seen_episode_vi_return_of_the_jedi,1,Episode VI: Return of the Jedi,return_of_the_jedi,6
3288415166.0,seen_episode_vi_return_of_the_jedi,1,Episode VI: Return of the Jedi,return_of_the_jedi,6
3288414025.0,seen_episode_vi_return_of_the_jedi,1,Episode VI: Return of the Jedi,return_of_the_jedi,6
3288413441.0,seen_episode_vi_return_of_the_jedi,1,Episode VI: Return of the Jedi,return_of_the_jedi,6
3288410348.0,seen_episode_vi_return_of_the_jedi,1,Episode VI: Return of the Jedi,return_of_the_jedi,6
3288410073.0,seen_episode_vi_return_of_the_jedi,0,Episode VI: Return of the Jedi,return_of_the_jedi,6
3288408698.0,seen_episode_vi_return_of_the_jedi,1,Episode VI: Return of the Jedi,return_of_the_jedi,6
3288402717.0,seen_episode_vi_return_of_the_jedi,0,Episode VI: Return of the Jedi,return_of_the_jedi,6
3288402643.0,seen_episode_vi_return_of_the_jedi,1,Episode VI: Return of the Jedi,return_of_the_jedi,6
3288402592.0,seen_episode_vi_return_of_the_jedi,1,Episode VI: Return of the Jedi,return_of_the_jedi,6
3288402511.0,seen_episode_vi_return_of_the_jedi,1,Episode VI: Return of the Jedi,return_of_the_jedi,6
3288401681.0,seen_episode_vi_return_of_the_jedi,0,Episode VI: Return of the Jedi,return_of_the_jedi,6
3288401136.0,seen_episode_vi_return_of_the_jedi,1,Episode VI: Return of the Jedi,return_of_the_jedi,6
3288398062.0,seen_episode_vi_return_of_the_jedi,0,Episode VI: Return of the Jedi,return_of_the_jedi,6
3288396374.0,seen_episode_vi_return_of_the_jedi,1,Episode VI: Return of the Jedi,return_of_the_jedi,6
3288395255.0,seen_episode_vi_return_of_the_jedi,0,Episode VI: Return of the Jedi,return_of_the_jedi,6
3288391812.0,seen_episode_vi_return_of_the_jedi,1,Episode VI: Return of the Jedi,return_of_the_jedi,6
3288389603.0,seen_episode_vi_return_of_the_jedi,1,Episode VI: Return of the Jedi,return_of_the_jedi,6
3288388730.0,seen_episode_vi_return_of_the_jedi,1,Episode VI: Return of the Jedi,return_of_the_jedi,6
3288378779.0,seen_episode_vi_return_of_the_jedi,1,Episode VI: Return of the Jedi,return_of_the_jedi,6
3288375286.0,seen_episode_vi_return_of_the_jedi,0,Episode VI: Return of the Jedi,return_of_the_jedi,6
3288373068.0,seen_episode_vi_return_of_the_jedi,1,Episode VI: Return of the Jedi,return_of_the_jedi,6
3288372923.0,seen_episode_vi_return_of_the_jedi,1,Episode VI: Return of the Jedi,return_of_the_jedi,6
