respondent_id,movie_code,movie_rank,movie_title,film_key,episode_order,has_ranking
3292879998.0,rank_episode_i_the_phantom_menace,3.0,Episode I: The Phantom Menace,the_phantom_menace,1,1
3292879538.0,rank_episode_i_the_phantom_menace,,Episode I: The Phantom Menace,the_phantom_menace,1,0
3292765271.0,rank_episode_i_the_phantom_menace,1.0,Episode I: The Phantom Menace,the_phantom_menace,1,1
3292763116.0,rank_episode_i_the_phantom_menace,5.0,Episode I: The Phantom Menace,the_phantom_menace,1,1
3292731220.0,rank_episode_i_the_phantom_menace,5.0,Episode I: The Phantom Menace,the_phantom_menace,1,1
3292719380.0,rank_episode_i_the_phantom_menace,1.0,Episode I: The Phantom Menace,the_phantom_menace,1,1
3292684787.0,rank_episode_i_the_phantom_menace,6.0,Episode I: The Phantom Menace,the_phantom_menace,1,1
3292663732.0,rank_episode_i_the_phantom_menace,4.0,Episode I: The Phantom Menace,the_phantom_menace,1,1
3292654043.0,rank_episode_i_the_phantom_menace,5.0,Episode I: The Phantom Menace,the_phantom_menace,1,1
3292640424.0,rank_episode_i_the_phantom_menace,1.0,Episode I: The Phantom Menace,the_phantom_menace,1,1
3292637870.0,rank_episode_i_the_phantom_menace,,Episode I: The Phantom Menace,the_phantom_menace,1,0
3292635062.0,rank_episode_i_the_phantom_menace,,Episode I: The Phantom Menace,the_phantom_menace,1,0
3292609214.0,rank_episode_i_the_phantom_menace,3.0,Episode I: The Phantom Menace,the_phantom_menace,1,1
3292596911.0,rank_episode_i_the_phantom_menace,4.0,Episode I: The Phantom Menace,the_phantom_menace,1,1
3292587240.0,rank_episode_i_the_phantom_menace,4.0,Episode I: The Phantom Menace,the_phantom_menace,1,1
3292583038.0,rank_episode_i_the_phantom_menace,4.0,Episode I: The Phantom Menace,the_phantom_menace,1,1
3292580516.0,rank_episode_i_the_phantom_menace,4.0,Episode I: The Phantom Menace,the_phantom_menace,1,1
3292572872.0,rank_episode_i_the_phantom_menace,1.0,Episode I: The Phantom Menace,the_phantom_menace,1,1
3292565282.0,rank_episode_i_the_phantom_menace,6.0,Episode I: The Phantom Menace,the_phantom_menace,1,1
3292562297.0,rank_episode_i_the_phantom_menace,6.0,Episode I: The Phantom Menace,the_phantom_menace,1,1
3292522349.0,rank_episode_i_the_phantom_menace,6.0,Episode I: The Phantom Menace,the_phantom_menace,1,1
3292521066.0,rank_episode_i_the_phantom_menace,3.0,Episode I: The Phantom Menace,the_phantom_menace,1,1
3292511801.0,rank_episode_i_the_phantom_menace,6.0,Episode I: The Phantom Menace,the_phantom_menace,1,1
3292483200.0,rank_episode_i_the_phantom_menace,6.0,Episode I: The Phantom Menace,the_phantom_menace,1,1
3292465491.0,rank_episode_i_the_phantom_menace,1.0,Episode I: The Phantom Menace,the_phantom_menace,1,1
3292447974.0,rank_episode_i_the_phantom_menace,,Episode I: The Phantom Menace,the_phantom_menace,1,0
3292420123.0,rank_episode_i_the_phantom_menace,4.0,Episode I: The Phantom Menace,the_phantom_menace,1,1
3292384040.0,rank_episode_i_the_phantom_menace,6.0,Episode I: The Phantom Menace,the_phantom_menace,1,1
3292380493.0,rank_episode_i_the_phantom_menace,6.0,Episode I: The Phantom Menace,the_phantom_menace,1,1
3292376985.0,rank_episode_i_the_phantom_menace,4.0,Episode I: The Phantom Menace,the_phantom_menace,1,1
3292366792.0,rank_episode_i_the_phantom_menace,4.0,Episode I: The Phantom Menace,the_phantom_menace,1,1
3292339379.0,rank_episode_i_the_phantom_menace,6.0,Episode I: The Phantom Menace,the_phantom_menace,1,1
3292330840.0,rank_episode_i_the_phantom_menace,6.0,Episode I: The Phantom Menace,the_phantom_menace,1,1
3292318652.0,rank_episode_i_the_phantom_menace,6.0,Episode I: The Phantom Menace,the_phantom_menace,1,1
3292297848.0,rank_episode_i_the_phantom_menace,,Episode I: The Phantom Menace,the_phantom_menace,1,0
3292290677.0,rank_episode_i_the_phantom_menace,6.0,Episode I: The Phantom Menace,the_phantom_menace,1,1
3292281095.0,rank_episode_i_the_phantom_menace,3.0,Episode I: The Phantom Menace,the_phantom_menace,1,1
3292279889.0,rank_episode_i_the_phantom_menace,2.0,Episode I: The Phantom Menace,the_phantom_menace,1,1
3292264069.0,rank_episode_i_the_phantom_menace,6.0,Episode I: The Phantom Menace,the_phantom_menace,1,1
3292257520.0,rank_episode_i_the_phantom_menace,4.0,Episode I: The Phantom Menace,the_phantom_menace,1,1
3292249492.0,rank_episode_i_the_phantom_menace,5.0,Episode I: The Phantom Menace,the_phantom_menace,1,1
3292222729.0,rank_episode_i_the_phantom_menace,6.0,Episode I: The Phantom Menace,the_phantom_menace,1,1
3292221635.0,rank_episode_i_the_phantom_menace,5.0,Episode I: The Phantom Menace,the_phantom_menace,1,1
3292218251.0,rank_episode_i_the_phantom_menace,6.0,Episode I: The Phantom Menace,the_phantom_menace,1,1
3292214307.0,rank_episode_i_the_phantom_menace,5.0,Episode I: The Phantom Menace,the_phantom_menace,1,1
3292210606.0,rank_episode_i_the_phantom_menace,6.0,Episode I: The Phantom Menace,the_phantom_menace,1,1
3292202220.0,rank_episode_i_the_phantom_menace,,Episode I: The Phantom Menace,the_phantom_menace,1,0
3292189580.0,rank_episode_i_the_phantom_menace,5.0,Episode I: The Phantom Menace,the_phantom_menace,1,1
3292187343.0,rank_episode_i_the_phantom_menace,6.0,Episode I: The Phantom Menace,the_phantom_menace,1,1
3292186608.0,rank_episode_i_the_phantom_menace,,Episode I: The Phantom Menace,the_phantom_menace,1,0
3292178389.0,rank_episode_i_the_phantom_menace,4.0,Episode I: The Phantom Menace,the_phantom_menace,1,1
3292176862.0,rank_episode_i_the_phantom_menace,6.0,Episode I: The Phantom Menace,the_phantom_menace,1,1
3292173922.0,rank_episode_i_the_phantom_menace,4.0,Episode I: The Phantom Menace,the_phantom_menace,1,1
3292167131.0,rank_episode_i_the_phantom_menace,5.0,Episode I: The Phantom Menace,the_phantom_menace,1,1
3292162057.0,rank_episode_i_the_phantom_menace,6.0,Episode I: The Phantom Menace,the_phantom_menace,1,1
3292161407.0,rank_episode_i_the_phantom_menace,,Episode I: The Phantom Menace,the_phantom_menace,1,0
3292156614.0,rank_episode_i_the_phantom_menace,4.0,Episode I: The Phantom Menace,the_phantom_menace,1,1
3292148570.0,rank_episode_i_the_phantom_menace,6.0,Episode I: The Phantom Menace,the_phantom_menace,1,1
3292144665.0,rank_episode_i_the_phantom_menace,6.0,Episode I: The Phantom Menace,the_phantom_menace,1,1
3292143503.0,rank_episode_i_the_phantom_menace,5.0,Episode I: The Phantom Menace,the_phantom_menace,1,1
3292131636.0,rank_episode_i_the_phantom_menace,5.0,Episode I: The Phantom Menace,the_phantom_menace,1,1
3292125068.0,rank_episode_i_the_phantom_menace,1.0,Episode I: The Phantom Menace,the_phantom_menace,1,1
3292120160.0,rank_episode_i_the_phantom_menace,4.0,Episode I: The Phantom Menace,the_phantom_menace,1,1
3292103680.0,rank_episode_i_the_phantom_menace,6.0,Episode I: The Phantom Menace,the_phantom_menace,1,1
3292050153.0,rank_episode_i_the_phantom_menace,1.0,Episode I: The Phantom Menace,the_phantom_menace,1,1
3292041365.0,rank_episode_i_the_phantom_menace,6.0,Episode I: The Phantom Menace,the_phantom_menace,1,1
3292033243.0,rank_episode_i_the_phantom_menace,6.0,Episode I: The Phantom Menace,the_phantom_menace,1,1
3292031637.0,rank_episode_i_the_phantom_menace,6.0,Episode I: The Phantom Menace,the_phantom_menace,1,1
3292008762.0,rank_episode_i_the_phantom_menace,5.0,Episode I: The Phantom Menace,the_phantom_menace,1,1
3291992352.0,rank_episode_i_the_phantom_menace,4.0,Episode I: The Phantom Menace,the_phantom_menace,1,1
3291945498.0,rank_episode_i_the_phantom_menace,6.0,Episode I: The Phantom Menace,the_phantom_menace,1,1
3291940517.0,rank_episode_i_the_phantom_menace,6.0,Episode I: The Phantom Menace,the_phantom_menace,1,1
3291871486.0,rank_episode_i_the_phantom_menace,5.0,Episode I: The Phantom Menace,the_phantom_menace,1,1
3291778150.0,rank_episode_i_the_phantom_menace,4.0,Episode I: The Phantom Menace,the_phantom_menace,1,1
3291766314.0,rank_episode_i_the_phantom_menace,4.0,Episode I: The Phantom Menace,the_phantom_menace,1,1
3291762799.0,rank_episode_i_the_phantom_menace,3.0,Episode I: The Phantom Menace,the_phantom_menace,1,1
3291707153.0,rank_episode_i_the_phantom_menace,3.0,Episode I: The Phantom Menace,the_phantom_menace,1,1
3291701619.0,rank_episode_i_the_phantom_menace,6.0,Episode I: The Phantom Menace,the_phantom_menace,1,1
3291696391.0,rank_episode_i_the_phantom_menace,5.0,Episode I: The Phantom Menace,the_phantom_menace,1,1
3291684768.0,rank_episode_i_the_phantom_menace,6.0,Episode I: The Phantom Menace,the_phantom_menace,1,1
3291669388.0,rank_episode_i_the_phantom_menace,,Episode I: The Phantom Menace,the_phantom_menace,1,0
3291661584.0,rank_episode_i_the_phantom_menace,6.0,Episode I: The Phantom Menace,the_phantom_menace,1,1
3291658046.0,rank_episode_i_the_phantom_menace,6.0,Episode I: The Phantom Menace,the_phantom_menace,1,1
3291654919.0,rank_episode_i_the_phantom_menace,6.0,Episode I: The Phantom Menace,the_phantom_menace,1,1
3291653882.0,rank_episode_i_the_phantom_menace,,Episode I: The Phantom Menace,the_phantom_menace,1,0
3291650311.0,rank_episode_i_the_phantom_menace,6.0,Episode I: The Phantom Menace,the_phantom_menace,1,1
3291649780.0,rank_episode_i_the_phantom_menace,,Episode I: The Phantom Menace,the_phantom_menace,1,0
3291648660.0,rank_episode_i_the_phantom_menace,,Episode I: The Phantom Menace,the_phantom_menace,1,0
3291641416.0,rank_episode_i_the_phantom_menace,1.0,Episode I: The Phantom Menace,the_phantom_menace,1,1
3291635934.0,rank_episode_i_the_phantom_menace,,Episode I: The Phantom Menace,the_phantom_menace,1,0
3291634205.0,rank_episode_i_the_phantom_menace,5.0,Episode I: The Phantom Menace,the_phantom_menace,1,1
3291618031.0,rank_episode_i_the_phantom_menace,6.0,Episode I: The Phantom Menace,the_phantom_menace,1,1
3291603688.0,rank_episode_i_the_phantom_menace,,Episode I: The Phantom Menace,the_phantom_menace,1,0
3291602842.0,rank_episode_i_the_phantom_menace,1.0,Episode I: The Phantom Menace,the_phantom_menace,1,1
3291598188.0,rank_episode_i_the_phantom_menace,6.0,Episode I: The Phantom Menace,the_phantom_menace,1,1
3291588139.0,rank_episode_i_the_phantom_menace,1.0,Episode I: The Phantom Menace,the_phantom_menace,1,1
3291570206.0,rank_episode_i_the_phantom_menace,,Episode I: The Phantom Menace,the_phantom_menace,1,0
3291548852.0,rank_episode_i_the_phantom_menace,6.0,Episode I: The Phantom Menace,the_phantom_menace,1,1
3291529925.0,rank_episode_i_the_phantom_menace,3.0,Episode I: The Phantom Menace,the_phantom_menace,1,1
3291524547.0,rank_episode_i_the_phantom_menace,1.0,Episode I: The Phantom Menace,the_phantom_menace,1,1
3291502449.0,rank_episode_i_the_phantom_menace,2.0,Episode I: The Phantom Menace,the_phantom_menace,1,1
3291497337.0,rank_episode_i_the_phantom_menace,6.0,Episode I: The Phantom Menace,the_phantom_menace,1,1
3291482197.0,rank_episode_i_the_phantom_menace,5.0,Episode I: The Phantom Menace,the_phantom_menace,1,1
3291476650.0,rank_episode_i_the_phantom_menace,,Episode I: The Phantom Menace,the_phantom_menace,1,0
3291470613.0,rank_episode_i_the_phantom_menace,,Episode I: The Phantom Menace,the_phantom_menace,1,0
3291469991.0,rank_episode_i_the_phantom_menace,,Episode I: The Phantom Menace,the_phantom_menace,1,0
3291468155.0,rank_episode_i_the_phantom_menace,4.0,Episode I: The Phantom Menace,the_phantom_menace,1,1
3291461574.0,rank_episode_i_the_phantom_menace,6.0,Episode I: The Phantom Menace,the_phantom_menace,1,1
3291455642.0,rank_episode_i_the_phantom_menace,2.0,Episode I: The Phantom Menace,the_phantom_menace,1,1
3291446474.0,rank_episode_i_the_phantom_menace,3.0,Episode I: The Phantom Menace,the_phantom_menace,1,1
3291446275.0,rank_episode_i_the_phantom_menace,3.0,Episode I: The Phantom Menace,the_phantom_menace,1,1
3291439708.0,rank_episode_i_the_phantom_menace,1.0,Episode I: The Phantom Menace,the_phantom_menace,1,1
3291439404.0,rank_episode_i_the_phantom_menace,1.0,Episode I: The Phantom Menace,the_phantom_menace,1,1
3291437345.0,rank_episode_i_the_phantom_menace,4.0,Episode I: The Phantom Menace,the_phantom_menace,1,1
3291435787.0,rank_episode_i_the_phantom_menace,3.0,Episode I: The Phantom Menace,the_phantom_menace,1,1
3291435056.0,rank_episode_i_the_phantom_menace,,Episode I: The Phantom Menace,the_phantom_menace,1,0
3291433636.0,rank_episode_i_the_phantom_menace,3.0,Episode I: The Phantom Menace,the_phantom_menace,1,1
3291431939.0,rank_episode_i_the_phantom_menace,3.0,Episode I: The Phantom Menace,the_phantom_menace,1,1
3291430239.0,rank_episode_i_the_phantom_menace,,Episode I: The Phantom Menace,the_phantom_menace,1,0
3291430193.0,rank_episode_i_the_phantom_menace,,Episode I: The Phantom Menace,the_phantom_menace,1,0
3291428174.0,rank_episode_i_the_phantom_menace,4.0,Episode I: The Phantom Menace,the_phantom_menace,1,1
3291427761.0,rank_episode_i_the_phantom_menace,,Episode I: The Phantom Menace,the_phantom_menace,1,0
3291425110.0,rank_episode_i_the_phantom_menace,6.0,Episode I: The Phantom Menace,the_phantom_menace,1,1
3291424127.0,rank_episode_i_the_phantom_menace,4.0,Episode I: The Phantom Menace,the_phantom_menace,1,1
3291424006.0,rank_episode_i_the_phantom_menace,,Episode I: The Phantom Menace,the_phantom_menace,1,0
3291422637.0,rank_episode_i_the_phantom_menace,4.0,Episode I: The Phantom Menace,the_phantom_menace,1,1
3291421381.0,rank_episode_i_the_phantom_menace,,Episode I: The Phantom Menace,the_phantom_menace,1,0
3291420030.0,rank_episode_i_the_phantom_menace,,Episode I: The Phantom Menace,the_phantom_menace,1,0
3291410155.0,rank_episode_i_the_phantom_menace,,Episode I: The Phantom Menace,the_phantom_menace,1,0
3291405943.0,rank_episode_i_the_phantom_menace,,Episode I: The Phantom Menace,the_phantom_menace,1,0
3291402264.0,rank_episode_i_the_phantom_menace,,Episode I: The Phantom Menace,the_phantom_menace,1,0
3291401326.0,rank_episode_i_the_phantom_menace,2.0,Episode I: The Phantom Menace,the_phantom_menace,1,1
3291395512.0,rank_episode_i_the_phantom_menace,6.0,Episode I: The Phantom Menace,the_phantom_menace,1,1
3291394022.0,rank_episode_i_the_phantom_menace,3.0,Episode I: The Phantom Menace,the_phantom_menace,1,1
3291391717.0,rank_episode_i_the_phantom_menace,,Episode I: The Phantom Menace,the_phantom_menace,1,0
3291391446.0,rank_episode_i_the_phantom_menace,4.0,Episode I: The Phantom Menace,the_phantom_menace,1,1
3291391033.0,rank_episode_i_the_phantom_menace,,Episode I: The Phantom Menace,the_phantom_menace,1,0
3291390734.0,rank_episode_i_the_phantom_menace,,Episode I: The Phantom Menace,the_phantom_menace,1,0
3291388906.0,rank_episode_i_the_phantom_menace,,Episode I: The Phantom Menace,the_phantom_menace,1,0
3291388180.0,rank_episode_i_the_phantom_menace,3.0,Episode I: The Phantom Menace,the_phantom_menace,1,1
3291380973.0,rank_episode_i_the_phantom_menace,5.0,Episode I: The Phantom Menace,the_phantom_menace,1,1
3291378572.0,rank_episode_i_the_phantom_menace,1.0,Episode I: The Phantom Menace,the_phantom_menace,1,1
3291375306.0,rank_episode_i_the_phantom_menace,2.0,Episode I: The Phantom Menace,the_phantom_menace,1,1
3291364062.0,rank_episode_i_the_phantom_menace,4.0,Episode I: The Phantom Menace,the_phantom_menace,1,1
3291345427.0,rank_episode_i_the_phantom_menace,4.0,Episode I: The Phantom Menace,the_phantom_menace,1,1
3291341186.0,rank_episode_i_the_phantom_menace,,Episode I: The Phantom Menace,the_phantom_menace,1,0
3291330710.0,rank_episode_i_the_phantom_menace,6.0,Episode I: The Phantom Menace,the_phantom_menace,1,1
3291327304.0,rank_episode_i_the_phantom_menace,1.0,Episode I: The Phantom Menace,the_phantom_menace,1,1
3291320154.0,rank_episode_i_the_phantom_menace,4.0,Episode I: The Phantom Menace,the_phantom_menace,1,1
3291312980.0,rank_episode_i_the_phantom_menace,4.0,Episode I: The Phantom Menace,the_phantom_menace,1,1
3291290675.0,rank_episode_i_the_phantom_menace,,Episode I: The Phantom Menace,the_phantom_menace,1,0
3291288174.0,rank_episode_i_the_phantom_menace,4.0,Episode I: The Phantom Menace,the_phantom_menace,1,1
3291271932.0,rank_episode_i_the_phantom_menace,4.0,Episode I: The Phantom Menace,the_phantom_menace,1,1
3291267852.0,rank_episode_i_the_phantom_menace,4.0,Episode I: The Phantom Menace,the_phantom_menace,1,1
3291262515.0,rank_episode_i_the_phantom_menace,4.0,Episode I: The Phantom Menace,the_phantom_menace,1,1
3291233218.0,rank_episode_i_the_phantom_menace,4.0,Episode I: The Phantom Menace,the_phantom_menace,1,1
3291206864.0,rank_episode_i_the_phantom_menace,3.0,Episode I: The Phantom Menace,the_phantom_menace,1,1
3291203531.0,rank_episode_i_the_phantom_menace,,Episode I: The Phantom Menace,the_phantom_menace,1,0
3291184745.0,rank_episode_i_the_phantom_menace,4.0,Episode I: The Phantom Menace,the_phantom_menace,1,1
3291181010.0,rank_episode_i_the_phantom_menace,6.0,Episode I: The Phantom Menace,the_phantom_menace,1,1
3291159863.0,rank_episode_i_the_phantom_menace,4.0,Episode I: The Phantom Menace,the_phantom_menace,1,1
3291145258.0,rank_episode_i_the_phantom_menace,2.0,Episode I: The Phantom Menace,the_phantom_menace,1,1
3291141478.0,rank_episode_i_the_phantom_menace,1.0,Episode I: The Phantom Menace,the_phantom_menace,1,1
3291139156.0,rank_episode_i_the_phantom_menace,4.0,Episode I: The Phantom Menace,the_phantom_menace,1,1
3291121359.0,rank_episode_i_the_phantom_menace,3.0,Episode I: The Phantom Menace,the_phantom_menace,1,1
3291119656.0,rank_episode_i_the_phantom_menace,3.0,Episode I: The Phantom Menace,the_phantom_menace,1,1
3291101925.0,rank_episode_i_the_phantom_menace,6.0,Episode I: The Phantom Menace,the_phantom_menace,1,1
3291094347.0,rank_episode_i_the_phantom_menace,1.0,Episode I: The Phantom Menace,the_phantom_menace,1,1
3291092094.0,rank_episode_i_the_phantom_menace,2.0,Episode I: The Phantom Menace,the_phantom_menace,1,1
3291077381.0,rank_episode_i_the_phantom_menace,5.0,Episode I: The Phantom Menace,the_phantom_menace,1,1
3291075212.0,rank_episode_i_the_phantom_menace,6.0,Episode I: The Phantom Menace,the_phantom_menace,1,1
3291064417.0,rank_episode_i_the_phantom_menace,,Episode I: The Phantom Menace,the_phantom_menace,1,0
3291063226.0,rank_episode_i_the_phantom_menace,5.0,Episode I: The Phantom Menace,the_phantom_menace,1,1
3291060156.0,rank_episode_i_the_phantom_menace,4.0,Episode I: The Phantom Menace,the_phantom_menace,1,1
3291056296.0,rank_episode_i_the_phantom_menace,5.0,Episode I: The Phantom Menace,the_phantom_menace,1,1
3291052728.0,rank_episode_i_the_phantom_menace,5.0,Episode I: The Phantom Menace,the_phantom_menace,1,1
3291051343.0,rank_episode_i_the_phantom_menace,5.0,Episode I: The Phantom Menace,the_phantom_menace,1,1
3291045360.0,rank_episode_i_the_phantom_menace,6.0,Episode I: The Phantom Menace,the_phantom_menace,1,1
3291043176.0,rank_episode_i_the_phantom_menace,4.0,Episode I: The Phantom Menace,the_phantom_menace,1,1
3291042516.0,rank_episode_i_the_phantom_menace,3.0,Episode I: The Phantom Menace,the_phantom_menace,1,1
3291037640.0,rank_episode_i_the_phantom_menace,,Episode I: The Phantom Menace,the_phantom_menace,1,0
3291034202.0,rank_episode_i_the_phantom_menace,6.0,Episode I: The Phantom Menace,the_phantom_menace,1,1
3291033668.0,rank_episode_i_the_phantom_menace,,Episode I: The Phantom Menace,the_phantom_menace,1,0
3291032418.0,rank_episode_i_the_phantom_menace,4.0,Episode I: The Phantom Menace,the_phantom_menace,1,1
3291029281.0,rank_episode_i_the_phantom_menace,,Episode I: The Phantom Menace,the_phantom_menace,1,0
3291028446.0,rank_episode_i_the_phantom_menace,6.0,Episode I: The Phantom Menace,the_phantom_menace,1,1
3291024297.0,rank_episode_i_the_phantom_menace,6.0,Episode I: The Phantom Menace,the_phantom_menace,1,1
3291023456.0,rank_episode_i_the_phantom_menace,6.0,Episode I: The Phantom Menace,the_phantom_menace,1,1
3291022655.0,rank_episode_i_the_phantom_menace,4.0,Episode I: The Phantom Menace,the_phantom_menace,1,1
3291022275.0,rank_episode_i_the_phantom_menace,,Episode I: The Phantom Menace,the_phantom_menace,1,0
3291022013.0,rank_episode_i_the_phantom_menace,,Episode I: The Phantom Menace,the_phantom_menace,1,0
3291019033.0,rank_episode_i_the_phantom_menace,1.0,Episode I: The Phantom Menace,the_phantom_menace,1,1
3291018581.0,rank_episode_i_the_phantom_menace,,Episode I: The Phantom Menace,the_phantom_menace,1,0
3291015347.0,rank_episode_i_the_phantom_menace,,Episode I: The Phantom Menace,the_phantom_menace,1,0
3291014757.0,rank_episode_i_the_phantom_menace,6.0,Episode I: The Phantom Menace,the_phantom_menace,1,1
3291009055.0,rank_episode_i_the_phantom_menace,,Episode I: The Phantom Menace,the_phantom_menace,1,0
3291007877.0,rank_episode_i_the_phantom_menace,5.0,Episode I: The Phantom Menace,the_phantom_menace,1,1
3291006540.0,rank_episode_i_the_phantom_menace,,Episode I: The Phantom Menace,the_phantom_menace,1,0
3291002672.0,rank_episode_i_the_phantom_menace,3.0,Episode I: The Phantom Menace,the_phantom_menace,1,1
3291001879.0,rank_episode_i_the_phantom_menace,,Episode I: The Phantom Menace,the_phantom_menace,1,0
3290999912.0,rank_episode_i_the_phantom_menace,2.0,Episode I: The Phantom Menace,the_phantom_menace,1,1
3290998457.0,rank_episode_i_the_phantom_menace,,Episode I: The Phantom Menace,the_phantom_menace,1,0
3290996933.0,rank_episode_i_the_phantom_menace,4.0,Episode I: The Phantom Menace,the_phantom_menace,1,1
3290994001.0,rank_episode_i_the_phantom_menace,5.0,Episode I: The Phantom Menace,the_phantom_menace,1,1
3290992477.0,rank_episode_i_the_phantom_menace,4.0,Episode I: The Phantom Menace,the_phantom_menace,1,1
3290992371.0,rank_episode_i_the_phantom_menace,,Episode I: The Phantom Menace,the_phantom_menace,1,0
3290987996.0,rank_episode_i_the_phantom_menace,6.0,Episode I: The Phantom Menace,the_phantom_menace,1,1
3290984063.0,rank_episode_i_the_phantom_menace,2.0,Episode I: The Phantom Menace,the_phantom_menace,1,1
3290980789.0,rank_episode_i_the_phantom_menace,,Episode I: The Phantom Menace,the_phantom_menace,1,0
3290977827.0,rank_episode_i_the_phantom_menace,3.0,Episode I: The Phantom Menace,the_phantom_menace,1,1
3290976539.0,rank_episode_i_the_phantom_menace,,Episode I: The Phantom Menace,the_phantom_menace,1,0
3290975724.0,rank_episode_i_the_phantom_menace,1.0,Episode I: The Phantom Menace,the_phantom_menace,1,1
3290973695.0,rank_episode_i_the_phantom_menace,5.0,Episode I: The Phantom Menace,the_phantom_menace,1,1
3290973177.0,rank_episode_i_the_phantom_menace,,Episode I: The Phantom Menace,the_phantom_menace,1,0
3290973120.0,rank_episode_i_the_phantom_menace,,Episode I: The Phantom Menace,the_phantom_menace,1,0
3290972257.0,rank_episode_i_the_phantom_menace,4.0,Episode I: The Phantom Menace,the_phantom_menace,1,1
3290971794.0,rank_episode_i_the_phantom_menace,5.0,Episode I: The Phantom Menace,the_phantom_menace,1,1
3290971358.0,rank_episode_i_the_phantom_menace,2.0,Episode I: The Phantom Menace,the_phantom_menace,1,1
3290965482.0,rank_episode_i_the_phantom_menace,,Episode I: The Phantom Menace,the_phantom_menace,1,0
3290961855.0,rank_episode_i_the_phantom_menace,,Episode I: The Phantom Menace,the_phantom_menace,1,0
3290961497.0,rank_episode_i_the_phantom_menace,5.0,Episode I: The Phantom Menace,the_phantom_menace,1,1
3290953060.0,rank_episode_i_the_phantom_menace,,Episode I: The Phantom Menace,the_phantom_menace,1,0
3290949606.0,rank_episode_i_the_phantom_menace,,Episode I: The Phantom Menace,the_phantom_menace,1,0
3290948002.0,rank_episode_i_the_phantom_menace,3.0,Episode I: The Phantom Menace,the_phantom_menace,1,1
3290947136.0,rank_episode_i_the_phantom_menace,1.0,Episode I: The Phantom Menace,the_phantom_menace,1,1
3290947011.0,rank_episode_i_the_phantom_menace,5.0,Episode I: The Phantom Menace,the_phantom_menace,1,1
3290946211.0,rank_episode_i_the_phantom_menace,,Episode I: The Phantom Menace,the_phantom_menace,1,0
3290944858.0,rank_episode_i_the_phantom_menace,3.0,Episode I: The Phantom Menace,the_phantom_menace,1,1
3290944288.0,rank_episode_i_the_phantom_menace,4.0,Episode I: The Phantom Menace,the_phantom_menace,1,1
3290941824.0,rank_episode_i_the_phantom_menace,4.0,Episode I: The Phantom Menace,the_phantom_menace,1,1
3290939696.0,rank_episode_i_the_phantom_menace,,Episode I: The Phantom Menace,the_phantom_menace,1,0
3290934328.0,rank_episode_i_the_phantom_menace,1.0,Episode I: The Phantom Menace,the_phantom_menace,1,1
3290929229.0,rank_episode_i_the_phantom_menace,4.0,Episode I: The Phantom Menace,the_phantom_menace,1,1
3290927126.0,rank_episode_i_the_phantom_menace,,Episode I: The Phantom Menace,the_phantom_menace,1,0
3290926407.0,rank_episode_i_the_phantom_menace,,Episode I: The Phantom Menace,the_phantom_menace,1,0
3290922858.0,rank_episode_i_the_phantom_menace,4.0,Episode I: The Phantom Menace,the_phantom_menace,1,1
3290920752.0,rank_episode_i_the_phantom_menace,1.0,Episode I: The Phantom Menace,the_phantom_menace,1,1
3290919823.0,rank_episode_i_the_phantom_menace,4.0,Episode I: The Phantom Menace,the_phantom_menace,1,1
3290919419.0,rank_episode_i_the_phantom_menace,5.0,Episode I: The Phantom Menace,the_phantom_menace,1,1
3290917153.0,rank_episode_i_the_phantom_menace,5.0,Episode I: The Phantom Menace,the_phantom_menace,1,1
3290917131.0,rank_episode_i_the_phantom_menace,4.0,Episode I: The Phantom Menace,the_phantom_menace,1,1
3290916554.0,rank_episode_i_the_phantom_menace,4.0,Episode I: The Phantom Menace,the_phantom_menace,1,1
3290915885.0,rank_episode_i_the_phantom_menace,3.0,Episode I: The Phantom Menace,the_phantom_menace,1,1
3290912485.0,rank_episode_i_the_phantom_menace,,Episode I: The Phantom Menace,the_phantom_menace,1,0
3290912014.0,rank_episode_i_the_phantom_menace,4.0,Episode I: The Phantom Menace,the_phantom_menace,1,1
3290910069.0,rank_episode_i_the_phantom_menace,3.0,Episode I: The Phantom Menace,the_phantom_menace,1,1
3290906086.0,rank_episode_i_the_phantom_menace,1.0,Episode I: The Phantom Menace,the_phantom_menace,1,1
3290906022.0,rank_episode_i_the_phantom_menace,4.0,Episode I: The Phantom Menace,the_phantom_menace,1,1
3290903423.0,rank_episode_i_the_phantom_menace,3.0,Episode I: The Phantom Menace,the_phantom_menace,1,1
3290902880.0,rank_episode_i_the_phantom_menace,4.0,Episode I: The Phantom Menace,the_phantom_menace,1,1
3290901027.0,rank_episode_i_the_phantom_menace,4.0,Episode I: The Phantom Menace,the_phantom_menace,1,1
3290896982.0,rank_episode_i_the_phantom_menace,,Episode I: The Phantom Menace,the_phantom_menace,1,0
3290893301.0,rank_episode_i_the_phantom_menace,,Episode I: The Phantom Menace,the_phantom_menace,1,0
3290889443.0,rank_episode_i_the_phantom_menace,1.0,Episode I: The Phantom Menace,the_phantom_menace,1,1
3290888715.0,rank_episode_i_the_phantom_menace,,Episode I: The Phantom Menace,the_phantom_menace,1,0
3290888303.0,rank_episode_i_the_phantom_menace,4.0,Episode I: The Phantom Menace,the_phantom_menace,1,1
3290888102.0,rank_episode_i_the_phantom_menace,6.0,Episode I: The Phantom Menace,the_phantom_menace,1,1
3290888079.0,rank_episode_i_the_phantom_menace,2.0,Episode I: The Phantom Menace,the_phantom_menace,1,1
3290884427.0,rank_episode_i_the_phantom_menace,3.0,Episode I: The Phantom Menace,the_phantom_menace,1,1
3290881566.0,rank_episode_i_the_phantom_menace,4.0,Episode I: The Phantom Menace,the_phantom_menace,1,1
3290879019.0,rank_episode_i_the_phantom_menace,4.0,Episode I: The Phantom Menace,the_phantom_menace,1,1
3290878766.0,rank_episode_i_the_phantom_menace,4.0,Episode I: The Phantom Menace,the_phantom_menace,1,1
3290874545.0,rank_episode_i_the_phantom_menace,,Episode I: The Phantom Menace,the_phantom_menace,1,0
3290873342.0,rank_episode_i_the_phantom_menace,6.0,Episode I: The Phantom Menace,the_phantom_menace,1,1
3290871307.0,rank_episode_i_the_phantom_menace,6.0,Episode I: The Phantom Menace,the_phantom_menace,1,1
3290869696.0,rank_episode_i_the_phantom_menace,,Episode I: The Phantom Menace,the_phantom_menace,1,0
3290863729.0,rank_episode_i_the_phantom_menace,5.0,Episode I: The Phantom Menace,the_phantom_menace,1,1
3290863193.0,rank_episode_i_the_phantom_menace,5.0,Episode I: The Phantom Menace,the_phantom_menace,1,1
3290862050.0,rank_episode_i_the_phantom_menace,,Episode I: The Phantom Menace,the_phantom_menace,1,0
3290860908.0,rank_episode_i_the_phantom_menace,6.0,Episode I: The Phantom Menace,the_phantom_menace,1,1
3290860842.0,rank_episode_i_the_phantom_menace,3.0,Episode I: The Phantom Menace,the_phantom_menace,1,1
3290860558.0,rank_episode_i_the_phantom_menace,6.0,Episode I: The Phantom Menace,the_phantom_menace,1,1
3290858689.0,rank_episode_i_the_phantom_menace,,Episode I: The Phantom Menace,the_phantom_menace,1,0
3290858543.0,rank_episode_i_the_phantom_menace,4.0,Episode I: The Phantom Menace,the_phantom_menace,1,1
3290855818.0,rank_episode_i_the_phantom_menace,5.0,Episode I: The Phantom Menace,the_phantom_menace,1,1
3290854802.0,rank_episode_i_the_phantom_menace,6.0,Episode I: The Phantom Menace,the_phantom_menace,1,1
3290853559.0,rank_episode_i_the_phantom_menace,2.0,Episode I: The Phantom Menace,the_phantom_menace,1,1
3290853267.0,rank_episode_i_the_phantom_menace,,Episode I: The Phantom Menace,the_phantom_menace,1,0
3290852271.0,rank_episode_i_the_phantom_menace,,Episode I: The Phantom Menace,the_phantom_menace,1,0
3290848617.0,rank_episode_i_the_phantom_menace,4.0,Episode I: The Phantom Menace,the_phantom_menace,1,1
3290846848.0,rank_episode_i_the_phantom_menace,1.0,Episode I: The Phantom Menace,the_phantom_menace,1,1
3290846769.0,rank_episode_i_the_phantom_menace,3.0,Episode I: The Phantom Menace,the_phantom_menace,1,1
3290846466.0,rank_episode_i_the_phantom_menace,1.0,Episode I: The Phantom Menace,the_phantom_menace,1,1
3290845752.0,rank_episode_i_the_phantom_menace,4.0,Episode I: The Phantom Menace,the_phantom_menace,1,1
3290845367.0,rank_episode_i_the_phantom_menace,5.0,Episode I: The Phantom Menace,the_phantom_menace,1,1
3290845046.0,rank_episode_i_the_phantom_menace,4.0,Episode I: The Phantom Menace,the_phantom_menace,1,1
3290844577.0,rank_episode_i_the_phantom_menace,,Episode I: The Phantom Menace,the_phantom_menace,1,0
3290841815.0,rank_episode_i_the_phantom_menace,4.0,Episode I: The Phantom Menace,the_phantom_menace,1,1
3290840905.0,rank_episode_i_the_phantom_menace,,Episode I: The Phantom Menace,the_phantom_menace,1,0
3290836653.0,rank_episode_i_the_phantom_menace,2.0,Episode I: The Phantom Menace,the_phantom_menace,1,1
3290834007.0,rank_episode_i_the_phantom_menace,1.0,Episode I: The Phantom Menace,the_phantom_menace,1,1
3290829888.0,rank_episode_i_the_phantom_menace,6.0,Episode I: The Phantom Menace,the_phantom_menace,1,1
3290828902.0,rank_episode_i_the_phantom_menace,,Episode I: The Phantom Menace,the_phantom_menace,1,0
3290824340.0,rank_episode_i_the_phantom_menace,,Episode I: The Phantom Menace,the_phantom_menace,1,0
3290821620.0,rank_episode_i_the_phantom_menace,3.0,Episode I: The Phantom Menace,the_phantom_menace,1,1
3290819415.0,rank_episode_i_the_phantom_menace,3.0,Episode I: The Phantom Menace,the_phantom_menace,1,1
3290815080.0,rank_episode_i_the_phantom_menace,,Episode I: The Phantom Menace,the_phantom_menace,1,0
3290812610.0,rank_episode_i_the_phantom_menace,3.0,Episode I: The Phantom Menace,the_phantom_menace,1,1
3290810177.0,rank_episode_i_the_phantom_menace,6.0,Episode I: The Phantom Menace,the_phantom_menace,1,1
3290810023.0,rank_episode_i_the_phantom_menace,1.0,Episode I: The Phantom Menace,the_phantom_menace,1,1
3290807769.0,rank_episode_i_the_phantom_menace,,Episode I: The Phantom Menace,the_phantom_menace,1,0
3290806200.0,rank_episode_i_the_phantom_menace,4.0,Episode I: The Phantom Menace,the_phantom_menace,1,1
3290805125.0,rank_episode_i_the_phantom_menace,1.0,Episode I: The Phantom Menace,the_phantom_menace,1,1
3290804128.0,rank_episode_i_the_phantom_menace,,Episode I: The Phantom Menace,the_phantom_menace,1,0
3290804008.0,rank_episode_i_the_phantom_menace,4.0,Episode I: The Phantom Menace,the_phantom_menace,1,1
3290799403.0,rank_episode_i_the_phantom_menace,1.0,Episode I: The Phantom Menace,the_phantom_menace,1,1
3290798641.0,rank_episode_i_the_phantom_menace,,Episode I: The Phantom Menace,the_phantom_menace,1,0
3290798064.0,rank_episode_i_the_phantom_menace,4.0,Episode I: The Phantom Menace,the_phantom_menace,1,1
3290796650.0,rank_episode_i_the_phantom_menace,2.0,Episode I: The Phantom Menace,the_phantom_menace,1,1
3290792507.0,rank_episode_i_the_phantom_menace,6.0,Episode I: The Phantom Menace,the_phantom_menace,1,1
3290787286.0,rank_episode_i_the_phantom_menace,4.0,Episode I: The Phantom Menace,the_phantom_menace,1,1
3290785928.0,rank_episode_i_the_phantom_menace,3.0,Episode I: The Phantom Menace,the_phantom_menace,1,1
3290782952.0,rank_episode_i_the_phantom_menace,,Episode I: The Phantom Menace,the_phantom_menace,1,0
3290781544.0,rank_episode_i_the_phantom_menace,5.0,Episode I: The Phantom Menace,the_phantom_menace,1,1
3290781284.0,rank_episode_i_the_phantom_menace,,Episode I: The Phantom Menace,the_phantom_menace,1,0
3290781039.0,rank_episode_i_the_phantom_menace,1.0,Episode I: The Phantom Menace,the_phantom_menace,1,1
3290779524.0,rank_episode_i_the_phantom_menace,3.0,Episode I: The Phantom Menace,the_phantom_menace,1,1
3290779140.0,rank_episode_i_the_phantom_menace,2.0,Episode I: The Phantom Menace,the_phantom_menace,1,1
3290778828.0,rank_episode_i_the_phantom_menace,1.0,Episode I: The Phantom Menace,the_phantom_menace,1,1
3290777129.0,rank_episode_i_the_phantom_menace,,Episode I: The Phantom Menace,the_phantom_menace,1,0
3290773277.0,rank_episode_i_the_phantom_menace,6.0,Episode I: The Phantom Menace,the_phantom_menace,1,1
3290769012.0,rank_episode_i_the_phantom_menace,,Episode I: The Phantom Menace,the_phantom_menace,1,0
3290767951.0,rank_episode_i_the_phantom_menace,,Episode I: The Phantom Menace,the_phantom_menace,1,0
3290767535.0,rank_episode_i_the_phantom_menace,4.0,Episode I: The Phantom Menace,the_phantom_menace,1,1
3290765210.0,rank_episode_i_the_phantom_menace,,Episode I: The Phantom Menace,the_phantom_menace,1,0
3290762924.0,rank_episode_i_the_phantom_menace,2.0,Episode I: The Phantom Menace,the_phantom_menace,1,1
3290761823.0,rank_episode_i_the_phantom_menace,,Episode I: The Phantom Menace,the_phantom_menace,1,0
3290760722.0,rank_episode_i_the_phantom_menace,4.0,Episode I: The Phantom Menace,the_phantom_menace,1,1
3290759512.0,rank_episode_i_the_phantom_menace,5.0,Episode I: The Phantom Menace,the_phantom_menace,1,1
3290758362.0,rank_episode_i_the_phantom_menace,5.0,Episode I: The Phantom Menace,the_phantom_menace,1,1
3290757230.0,rank_episode_i_the_phantom_menace,4.0,Episode I: The Phantom Menace,the_phantom_menace,1,1
3290756394.0,rank_episode_i_the_phantom_menace,4.0,Episode I: The Phantom Menace,the_phantom_menace,1,1
3290755451.0,rank_episode_i_the_phantom_menace,4.0,Episode I: The Phantom Menace,the_phantom_menace,1,1
3290753390.0,rank_episode_i_the_phantom_menace,5.0,Episode I: The Phantom Menace,the_phantom_menace,1,1
3290749764.0,rank_episode_i_the_phantom_menace,4.0,Episode I: The Phantom Menace,the_phantom_menace,1,1
3290749229.0,rank_episode_i_the_phantom_menace,2.0,Episode I: The Phantom Menace,the_phantom_menace,1,1
3290746853.0,rank_episode_i_the_phantom_menace,3.0,Episode I: The Phantom Menace,the_phantom_menace,1,1
3290744027.0,rank_episode_i_the_phantom_menace,,Episode I: The Phantom Menace,the_phantom_menace,1,0
3290741994.0,rank_episode_i_the_phantom_menace,4.0,Episode I: The Phantom Menace,the_phantom_menace,1,1
3290741405.0,rank_episode_i_the_phantom_menace,4.0,Episode I: The Phantom Menace,the_phantom_menace,1,1
3290740448.0,rank_episode_i_the_phantom_menace,4.0,Episode I: The Phantom Menace,the_phantom_menace,1,1
3290739967.0,rank_episode_i_the_phantom_menace,2.0,Episode I: The Phantom Menace,the_phantom_menace,1,1
3290739235.0,rank_episode_i_the_phantom_menace,3.0,Episode I: The Phantom Menace,the_phantom_menace,1,1
3290738262.0,rank_episode_i_the_phantom_menace,,Episode I: The Phantom Menace,the_phantom_menace,1,0
3290737104.0,rank_episode_i_the_phantom_menace,,Episode I: The Phantom Menace,the_phantom_menace,1,0
3290736072.0,rank_episode_i_the_phantom_menace,4.0,Episode I: The Phantom Menace,the_phantom_menace,1,1
3290734874.0,rank_episode_i_the_phantom_menace,4.0,Episode I: The Phantom Menace,the_phantom_menace,1,1
3290733932.0,rank_episode_i_the_phantom_menace,1.0,Episode I: The Phantom Menace,the_phantom_menace,1,1
3290733316.0,rank_episode_i_the_phantom_menace,2.0,Episode I: The Phantom Menace,the_phantom_menace,1,1
3290732383.0,rank_episode_i_the_phantom_menace,6.0,Episode I: The Phantom Menace,the_phantom_menace,1,1
3290727763.0,rank_episode_i_the_phantom_menace,6.0,Episode I: The Phantom Menace,the_phantom_menace,1,1
3290726075.0,rank_episode_i_the_phantom_menace,4.0,Episode I: The Phantom Menace,the_phantom_menace,1,1
3290719847.0,rank_episode_i_the_phantom_menace,,Episode I: The Phantom Menace,the_phantom_menace,1,0
3290718359.0,rank_episode_i_the_phantom_menace,,Episode I: The Phantom Menace,the_phantom_menace,1,0
3290717899.0,rank_episode_i_the_phantom_menace,4.0,Episode I: The Phantom Menace,the_phantom_menace,1,1
3290717372.0,rank_episode_i_the_phantom_menace,,Episode I: The Phantom Menace,the_phantom_menace,1,0
3290714941.0,rank_episode_i_the_phantom_menace,3.0,Episode I: The Phantom Menace,the_phantom_menace,1,1
3290714484.0,rank_episode_i_the_phantom_menace,4.0,Episode I: The Phantom Menace,the_phantom_menace,1,1
3290714430.0,rank_episode_i_the_phantom_menace,,Episode I: The Phantom Menace,the_phantom_menace,1,0
3290714378.0,rank_episode_i_the_phantom_menace,3.0,Episode I: The Phantom Menace,the_phantom_menace,1,1
3290712204.0,rank_episode_i_the_phantom_menace,3.0,Episode I: The Phantom Menace,the_phantom_menace,1,1
3290711898.0,rank_episode_i_the_phantom_menace,,Episode I: The Phantom Menace,the_phantom_menace,1,0
3290711882.0,rank_episode_i_the_phantom_menace,6.0,Episode I: The Phantom Menace,the_phantom_menace,1,1
3290711757.0,rank_episode_i_the_phantom_menace,,Episode I: The Phantom Menace,the_phantom_menace,1,0
3290711487.0,rank_episode_i_the_phantom_menace,3.0,Episode I: The Phantom Menace,the_phantom_menace,1,1
3290711262.0,rank_episode_i_the_phantom_menace,1.0,Episode I: The Phantom Menace,the_phantom_menace,1,1
3290708664.0,rank_episode_i_the_phantom_menace,1.0,Episode I: The Phantom Menace,the_phantom_menace,1,1
3290707402.0,rank_episode_i_the_phantom_menace,,Episode I: The Phantom Menace,the_phantom_menace,1,0
3290706716.0,rank_episode_i_the_phantom_menace,4.0,Episode I: The Phantom Menace,the_phantom_menace,1,1
3290706611.0,rank_episode_i_the_phantom_menace,2.0,Episode I: The Phantom Menace,the_phantom_menace,1,1
3290703210.0,rank_episode_i_the_phantom_menace,2.0,Episode I: The Phantom Menace,the_phantom_menace,1,1
3290701442.0,rank_episode_i_the_phantom_menace,,Episode I: The Phantom Menace,the_phantom_menace,1,0
3290700285.0,rank_episode_i_the_phantom_menace,4.0,Episode I: The Phantom Menace,the_phantom_menace,1,1
3290700214.0,rank_episode_i_the_phantom_menace,1.0,Episode I: The Phantom Menace,the_phantom_menace,1,1
3290700030.0,rank_episode_i_the_phantom_menace,4.0,Episode I: The Phantom Menace,the_phantom_menace,1,1
3290699410.0,rank_episode_i_the_phantom_menace,4.0,Episode I: The Phantom Menace,the_phantom_menace,1,1
3290695784.0,rank_episode_i_the_phantom_menace,6.0,Episode I: The Phantom Menace,the_phantom_menace,1,1
3290695316.0,rank_episode_i_the_phantom_menace,,Episode I: The Phantom Menace,the_phantom_menace,1,0
3290694269.0,rank_episode_i_the_phantom_menace,,Episode I: The Phantom Menace,the_phantom_menace,1,0
3290693095.0,rank_episode_i_the_phantom_menace,,Episode I: The Phantom Menace,the_phantom_menace,1,0
3290692020.0,rank_episode_i_the_phantom_menace,,Episode I: The Phantom Menace,the_phantom_menace,1,0
3290691758.0,rank_episode_i_the_phantom_menace,1.0,Episode I: The Phantom Menace,the_phantom_menace,1,1
3290689343.0,rank_episode_i_the_phantom_menace,1.0,Episode I: The Phantom Menace,the_phantom_menace,1,1
3290687981.0,rank_episode_i_the_phantom_menace,6.0,Episode I: The Phantom Menace,the_phantom_menace,1,1
3290687830.0,rank_episode_i_the_phantom_menace,1.0,Episode I: The Phantom Menace,the_phantom_menace,1,1
3290686887.0,rank_episode_i_the_phantom_menace,,Episode I: The Phantom Menace,the_phantom_menace,1,0
3290686362.0,rank_episode_i_the_phantom_menace,,Episode I: The Phantom Menace,the_phantom_menace,1,0
3290685885.0,rank_episode_i_the_phantom_menace,,Episode I: The Phantom Menace,the_phantom_menace,1,0
3290684868.0,rank_episode_i_the_phantom_menace,4.0,Episode I: The Phantom Menace,the_phantom_menace,1,1
3290684287.0,rank_episode_i_the_phantom_menace,4.0,Episode I: The Phantom Menace,the_phantom_menace,1,1
3290681574.0,rank_episode_i_the_phantom_menace,,Episode I: The Phantom Menace,the_phantom_menace,1,0
3290678952.0,rank_episode_i_the_phantom_menace,3.0,Episode I: The Phantom Menace,the_phantom_menace,1,1
3290678515.0,rank_episode_i_the_phantom_menace,5.0,Episode I: The Phantom Menace,the_phantom_menace,1,1
3290676695.0,rank_episode_i_the_phantom_menace,4.0,Episode I: The Phantom Menace,the_phantom_menace,1,1
3290674534.0,rank_episode_i_the_phantom_menace,,Episode I: The Phantom Menace,the_phantom_menace,1,0
3290667297.0,rank_episode_i_the_phantom_menace,1.0,Episode I: The Phantom Menace,the_phantom_menace,1,1
3290664543.0,rank_episode_i_the_phantom_menace,4.0,Episode I: The Phantom Menace,the_phantom_menace,1,1
3290664463.0,rank_episode_i_the_phantom_menace,4.0,Episode I: The Phantom Menace,the_phantom_menace,1,1
3290664069.0,rank_episode_i_the_phantom_menace,,Episode I: The Phantom Menace,the_phantom_menace,1,0
3290662118.0,rank_episode_i_the_phantom_menace,6.0,Episode I: The Phantom Menace,the_phantom_menace,1,1
3290661650.0,rank_episode_i_the_phantom_menace,6.0,Episode I: The Phantom Menace,the_phantom_menace,1,1
3290661587.0,rank_episode_i_the_phantom_menace,,Episode I: The Phantom Menace,the_phantom_menace,1,0
3290661135.0,rank_episode_i_the_phantom_menace,4.0,Episode I: The Phantom Menace,the_phantom_menace,1,1
3290659818.0,rank_episode_i_the_phantom_menace,6.0,Episode I: The Phantom Menace,the_phantom_menace,1,1
3290659314.0,rank_episode_i_the_phantom_menace,4.0,Episode I: The Phantom Menace,the_phantom_menace,1,1
3290655784.0,rank_episode_i_the_phantom_menace,4.0,Episode I: The Phantom Menace,the_phantom_menace,1,1
3290654597.0,rank_episode_i_the_phantom_menace,4.0,Episode I: The Phantom Menace,the_phantom_menace,1,1
3290652558.0,rank_episode_i_the_phantom_menace,,Episode I: The Phantom Menace,the_phantom_menace,1,0
3290651085.0,rank_episode_i_the_phantom_menace,,Episode I: The Phantom Menace,the_phantom_menace,1,0
3290650590.0,rank_episode_i_the_phantom_menace,6.0,Episode I: The Phantom Menace,the_phantom_menace,1,1
3290644326.0,rank_episode_i_the_phantom_menace,,Episode I: The Phantom Menace,the_phantom_menace,1,0
3290640323.0,rank_episode_i_the_phantom_menace,6.0,Episode I: The Phantom Menace,the_phantom_menace,1,1
3290638529.0,rank_episode_i_the_phantom_menace,6.0,Episode I: The Phantom Menace,the_phantom_menace,1,1
3290634681.0,rank_episode_i_the_phantom_menace,,Episode I: The Phantom Menace,the_phantom_menace,1,0
3290631608.0,rank_episode_i_the_phantom_menace,6.0,Episode I: The Phantom Menace,the_phantom_menace,1,1
3290630470.0,rank_episode_i_the_phantom_menace,4.0,Episode I: The Phantom Menace,the_phantom_menace,1,1
3290630282.0,rank_episode_i_the_phantom_menace,1.0,Episode I: The Phantom Menace,the_phantom_menace,1,1
3290628419.0,rank_episode_i_the_phantom_menace,,Episode I: The Phantom Menace,the_phantom_menace,1,0
3290627850.0,rank_episode_i_the_phantom_menace,4.0,Episode I: The Phantom Menace,the_phantom_menace,1,1
3290627681.0,rank_episode_i_the_phantom_menace,4.0,Episode I: The Phantom Menace,the_phantom_menace,1,1
3290626609.0,rank_episode_i_the_phantom_menace,,Episode I: The Phantom Menace,the_phantom_menace,1,0
3290625814.0,rank_episode_i_the_phantom_menace,,Episode I: The Phantom Menace,the_phantom_menace,1,0
3290624447.0,rank_episode_i_the_phantom_menace,4.0,Episode I: The Phantom Menace,the_phantom_menace,1,1
3290620991.0,rank_episode_i_the_phantom_menace,6.0,Episode I: The Phantom Menace,the_phantom_menace,1,1
3290617461.0,rank_episode_i_the_phantom_menace,2.0,Episode I: The Phantom Menace,the_phantom_menace,1,1
3290611875.0,rank_episode_i_the_phantom_menace,3.0,Episode I: The Phantom Menace,the_phantom_menace,1,1
3290611716.0,rank_episode_i_the_phantom_menace,4.0,Episode I: The Phantom Menace,the_phantom_menace,1,1
3290602490.0,rank_episode_i_the_phantom_menace,,Episode I: The Phantom Menace,the_phantom_menace,1,0
3290601892.0,rank_episode_i_the_phantom_menace,6.0,Episode I: The Phantom Menace,the_phantom_menace,1,1
3290601518.0,rank_episode_i_the_phantom_menace,,Episode I: The Phantom Menace,the_phantom_menace,1,0
3290600680.0,rank_episode_i_the_phantom_menace,4.0,Episode I: The Phantom Menace,the_phantom_menace,1,1
3290600559.0,rank_episode_i_the_phantom_menace,3.0,Episode I: The Phantom Menace,the_phantom_menace,1,1
3290600057.0,rank_episode_i_the_phantom_menace,4.0,Episode I: The Phantom Menace,the_phantom_menace,1,1
3290598307.0,rank_episode_i_the_phantom_menace,1.0,Episode I: The Phantom Menace,the_phantom_menace,1,1
3290597099.0,rank_episode_i_the_phantom_menace,6.0,Episode I: The Phantom Menace,the_phantom_menace,1,1
3290593953.0,rank_episode_i_the_phantom_menace,6.0,Episode I: The Phantom Menace,the_phantom_menace,1,1
3290582716.0,rank_episode_i_the_phantom_menace,3.0,Episode I: The Phantom Menace,the_phantom_menace,1,1
3290572568.0,rank_episode_i_the_phantom_menace,3.0,Episode I: The Phantom Menace,the_phantom_menace,1,1
3290572073.0,rank_episode_i_the_phantom_menace,5.0,Episode I: The Phantom Menace,the_phantom_menace,1,1
3290569001.0,rank_episode_i_the_phantom_menace,6.0,Episode I: The Phantom Menace,the_phantom_menace,1,1
3290568339.0,rank_episode_i_the_phantom_menace,5.0,Episode I: The Phantom Menace,the_phantom_menace,1,1
3290565779.0,rank_episode_i_the_phantom_menace,4.0,Episode I: The Phantom Menace,the_phantom_menace,1,1
3290565768.0,rank_episode_i_the_phantom_menace,6.0,Episode I: The Phantom Menace,the_phantom_menace,1,1
3290565487.0,rank_episode_i_the_phantom_menace,,Episode I: The Phantom Menace,the_phantom_menace,1,0
3290561583.0,rank_episode_i_the_phantom_menace,5.0,Episode I: The Phantom Menace,the_phantom_menace,1,1
3290561192.0,rank_episode_i_the_phantom_menace,4.0,Episode I: The Phantom Menace,the_phantom_menace,1,1
3290555153.0,rank_episode_i_the_phantom_menace,,Episode I: The Phantom Menace,the_phantom_menace,1,0
3290553558.0,rank_episode_i_the_phantom_menace,,Episode I: The Phantom Menace,the_phantom_menace,1,0
3290552963.0,rank_episode_i_the_phantom_menace,6.0,Episode I: The Phantom Menace,the_phantom_menace,1,1
3290551809.0,rank_episode_i_the_phantom_menace,4.0,Episode I: The Phantom Menace,the_phantom_menace,1,1
3290547819.0,rank_episode_i_the_phantom_menace,,Episode I: The Phantom Menace,the_phantom_menace,1,0
3290544886.0,rank_episode_i_the_phantom_menace,,Episode I: The Phantom Menace,the_phantom_menace,1,0
3290544865.0,rank_episode_i_the_phantom_menace,5.0,Episode I: The Phantom Menace,the_phantom_menace,1,1
3290544012.0,rank_episode_i_the_phantom_menace,,Episode I: The Phantom Menace,the_phantom_menace,1,0
3290539653.0,rank_episode_i_the_phantom_menace,4.0,Episode I: The Phantom Menace,the_phantom_menace,1,1
3290538433.0,rank_episode_i_the_phantom_menace,4.0,Episode I: The Phantom Menace,the_phantom_menace,1,1
3290536294.0,rank_episode_i_the_phantom_menace,,Episode I: The Phantom Menace,the_phantom_menace,1,0
3290532429.0,rank_episode_i_the_phantom_menace,4.0,Episode I: The Phantom Menace,the_phantom_menace,1,1
3290531735.0,rank_episode_i_the_phantom_menace,4.0,Episode I: The Phantom Menace,the_phantom_menace,1,1
3290526356.0,rank_episode_i_the_phantom_menace,,Episode I: The Phantom Menace,the_phantom_menace,1,0
3290525782.0,rank_episode_i_the_phantom_menace,1.0,Episode I: The Phantom Menace,the_phantom_menace,1,1
3290524413.0,rank_episode_i_the_phantom_menace,4.0,Episode I: The Phantom Menace,the_phantom_menace,1,1
3290519884.0,rank_episode_i_the_phantom_menace,6.0,Episode I: The Phantom Menace,the_phantom_menace,1,1
3290515688.0,rank_episode_i_the_phantom_menace,1.0,Episode I: The Phantom Menace,the_phantom_menace,1,1
3290511533.0,rank_episode_i_the_phantom_menace,3.0,Episode I: The Phantom Menace,the_phantom_menace,1,1
3290506830.0,rank_episode_i_the_phantom_menace,6.0,Episode I: The Phantom Menace,the_phantom_menace,1,1
3290506333.0,rank_episode_i_the_phantom_menace,6.0,Episode I: The Phantom Menace,the_phantom_menace,1,1
3290505081.0,rank_episode_i_the_phantom_menace,4.0,Episode I: The Phantom Menace,the_phantom_menace,1,1
3290500457.0,rank_episode_i_the_phantom_menace,1.0,Episode I: The Phantom Menace,the_phantom_menace,1,1
3290499954.0,rank_episode_i_the_phantom_menace,3.0,Episode I: The Phantom Menace,the_phantom_menace,1,1
3290499953.0,rank_episode_i_the_phantom_menace,,Episode I: The Phantom Menace,the_phantom_menace,1,0
3290496822.0,rank_episode_i_the_phantom_menace,6.0,Episode I: The Phantom Menace,the_phantom_menace,1,1
3290491807.0,rank_episode_i_the_phantom_menace,1.0,Episode I: The Phantom Menace,the_phantom_menace,1,1
3290477551.0,rank_episode_i_the_phantom_menace,6.0,Episode I: The Phantom Menace,the_phantom_menace,1,1
3290475079.0,rank_episode_i_the_phantom_menace,,Episode I: The Phantom Menace,the_phantom_menace,1,0
3290474953.0,rank_episode_i_the_phantom_menace,4.0,Episode I: The Phantom Menace,the_phantom_menace,1,1
3290471553.0,rank_episode_i_the_phantom_menace,6.0,Episode I: The Phantom Menace,the_phantom_menace,1,1
3290467062.0,rank_episode_i_the_phantom_menace,5.0,Episode I: The Phantom Menace,the_phantom_menace,1,1
3290467000.0,rank_episode_i_the_phantom_menace,2.0,Episode I: The Phantom Menace,the_phantom_menace,1,1
3290464481.0,rank_episode_i_the_phantom_menace,3.0,Episode I: The Phantom Menace,the_phantom_menace,1,1
3290463350.0,rank_episode_i_the_phantom_menace,,Episode I: The Phantom Menace,the_phantom_menace,1,0
3290461599.0,rank_episode_i_the_phantom_menace,1.0,Episode I: The Phantom Menace,the_phantom_menace,1,1
3290461455.0,rank_episode_i_the_phantom_menace,,Episode I: The Phantom Menace,the_phantom_menace,1,0
3290448644.0,rank_episode_i_the_phantom_menace,3.0,Episode I: The Phantom Menace,the_phantom_menace,1,1
3290444421.0,rank_episode_i_the_phantom_menace,4.0,Episode I: The Phantom Menace,the_phantom_menace,1,1
3290439063.0,rank_episode_i_the_phantom_menace,5.0,Episode I: The Phantom Menace,the_phantom_menace,1,1
3290437717.0,rank_episode_i_the_phantom_menace,1.0,Episode I: The Phantom Menace,the_phantom_menace,1,1
3290432874.0,rank_episode_i_the_phantom_menace,,Episode I: The Phantom Menace,the_phantom_menace,1,0
3290432121.0,rank_episode_i_the_phantom_menace,,Episode I: The Phantom Menace,the_phantom_menace,1,0
3290428766.0,rank_episode_i_the_phantom_menace,1.0,Episode I: The Phantom Menace,the_phantom_menace,1,1
3290427764.0,rank_episode_i_the_phantom_menace,2.0,Episode I: The Phantom Menace,the_phantom_menace,1,1
3290426384.0,rank_episode_i_the_phantom_menace,5.0,Episode I: The Phantom Menace,the_phantom_menace,1,1
3290426289.0,rank_episode_i_the_phantom_menace,,Episode I: The Phantom Menace,the_phantom_menace,1,0
3290423155.0,rank_episode_i_the_phantom_menace,4.0,Episode I: The Phantom Menace,the_phantom_menace,1,1
3290421738.0,rank_episode_i_the_phantom_menace,5.0,Episode I: The Phantom Menace,the_phantom_menace,1,1
3290417966.0,rank_episode_i_the_phantom_menace,3.0,Episode I: The Phantom Menace,the_phantom_menace,1,1
3290412412.0,rank_episode_i_the_phantom_menace,,Episode I: The Phantom Menace,the_phantom_menace,1,0
3290411058.0,rank_episode_i_the_phantom_menace,3.0,Episode I: The Phantom Menace,the_phantom_menace,1,1
3290409431.0,rank_episode_i_the_phantom_menace,3.0,Episode I: The Phantom Menace,the_phantom_menace,1,1
3290409075.0,rank_episode_i_the_phantom_menace,3.0,Episode I: The Phantom Menace,the_phantom_menace,1,1
3290407409.0,rank_episode_i_the_phantom_menace,4.0,Episode I: The Phantom Menace,the_phantom_menace,1,1
3290401956.0,rank_episode_i_the_phantom_menace,4.0,Episode I: The Phantom Menace,the_phantom_menace,1,1
3290398978.0,rank_episode_i_the_phantom_menace,,Episode I: The Phantom Menace,the_phantom_menace,1,0
3290394872.0,rank_episode_i_the_phantom_menace,5.0,Episode I: The Phantom Menace,the_phantom_menace,1,1
3290392454.0,rank_episode_i_the_phantom_menace,2.0,Episode I: The Phantom Menace,the_phantom_menace,1,1
3290392264.0,rank_episode_i_the_phantom_menace,1.0,Episode I: The Phantom Menace,the_phantom_menace,1,1
3290391985.0,rank_episode_i_the_phantom_menace,4.0,Episode I: The Phantom Menace,the_phantom_menace,1,1
3290386524.0,rank_episode_i_the_phantom_menace,4.0,Episode I: The Phantom Menace,the_phantom_menace,1,1
3290380140.0,rank_episode_i_the_phantom_menace,2.0,Episode I: The Phantom Menace,the_phantom_menace,1,1
3290374523.0,rank_episode_i_the_phantom_menace,3.0,Episode I: The Phantom Menace,the_phantom_menace,1,1
3290371734.0,rank_episode_i_the_phantom_menace,,Episode I: The Phantom Menace,the_phantom_menace,1,0
3290371532.0,rank_episode_i_the_phantom_menace,,Episode I: The Phantom Menace,the_phantom_menace,1,0
3290371101.0,rank_episode_i_the_phantom_menace,,Episode I: The Phantom Menace,the_phantom_menace,1,0
3290365225.0,rank_episode_i_the_phantom_menace,3.0,Episode I: The Phantom Menace,the_phantom_menace,1,1
3290364952.0,rank_episode_i_the_phantom_menace,4.0,Episode I: The Phantom Menace,the_phantom_menace,1,1
3290359700.0,rank_episode_i_the_phantom_menace,,Episode I: The Phantom Menace,the_phantom_menace,1,0
3290358751.0,rank_episode_i_the_phantom_menace,,Episode I: The Phantom Menace,the_phantom_menace,1,0
3290350512.0,rank_episode_i_the_phantom_menace,6.0,Episode I: The Phantom Menace,the_phantom_menace,1,1
3290347473.0,rank_episode_i_the_phantom_menace,6.0,Episode I: The Phantom Menace,the_phantom_menace,1,1
3290344571.0,rank_episode_i_the_phantom_menace,4.0,Episode I: The Phantom Menace,the_phantom_menace,1,1
3290343366.0,rank_episode_i_the_phantom_menace,4.0,Episode I: The Phantom Menace,the_phantom_menace,1,1
3290342169.0,rank_episode_i_the_phantom_menace,1.0,Episode I: The Phantom Menace,the_phantom_menace,1,1
3290342102.0,rank_episode_i_the_phantom_menace,3.0,Episode I: The Phantom Menace,the_phantom_menace,1,1
3290340804.0,rank_episode_i_the_phantom_menace,1.0,Episode I: The Phantom Menace,the_phantom_menace,1,1
3290337251.0,rank_episode_i_the_phantom_menace,2.0,Episode I: The Phantom Menace,the_phantom_menace,1,1
3290335343.0,rank_episode_i_the_phantom_menace,,Episode I: The Phantom Menace,the_phantom_menace,1,0
3290329580.0,rank_episode_i_the_phantom_menace,,Episode I: The Phantom Menace,the_phantom_menace,1,0
3290328309.0,rank_episode_i_the_phantom_menace,4.0,Episode I: The Phantom Menace,the_phantom_menace,1,1
3290325811.0,rank_episode_i_the_phantom_menace,6.0,Episode I: The Phantom Menace,the_phantom_menace,1,1
3290324518.0,rank_episode_i_the_phantom_menace,4.0,Episode I: The Phantom Menace,the_phantom_menace,1,1
3290320007.0,rank_episode_i_the_phantom_menace,6.0,Episode I: The Phantom Menace,the_phantom_menace,1,1
3290318577.0,rank_episode_i_the_phantom_menace,1.0,Episode I: The Phantom Menace,the_phantom_menace,1,1
3290317691.0,rank_episode_i_the_phantom_menace,4.0,Episode I: The Phantom Menace,the_phantom_menace,1,1
3290316632.0,rank_episode_i_the_phantom_menace,2.0,Episode I: The Phantom Menace,the_phantom_menace,1,1
3290316375.0,rank_episode_i_the_phantom_menace,2.0,Episode I: The Phantom Menace,the_phantom_menace,1,1
3290315336.0,rank_episode_i_the_phantom_menace,1.0,Episode I: The Phantom Menace,the_phantom_menace,1,1
3290310304.0,rank_episode_i_the_phantom_menace,,Episode I: The Phantom Menace,the_phantom_menace,1,0
3290309722.0,rank_episode_i_the_phantom_menace,4.0,Episode I: The Phantom Menace,the_phantom_menace,1,1
3290309711.0,rank_episode_i_the_phantom_menace,6.0,Episode I: The Phantom Menace,the_phantom_menace,1,1
3290304610.0,rank_episode_i_the_phantom_menace,,Episode I: The Phantom Menace,the_phantom_menace,1,0
3290297761.0,rank_episode_i_the_phantom_menace,,Episode I: The Phantom Menace,the_phantom_menace,1,0
3290296317.0,rank_episode_i_the_phantom_menace,4.0,Episode I: The Phantom Menace,the_phantom_menace,1,1
3290295809.0,rank_episode_i_the_phantom_menace,6.0,Episode I: The Phantom Menace,the_phantom_menace,1,1
3290294922.0,rank_episode_i_the_phantom_menace,,Episode I: The Phantom Menace,the_phantom_menace,1,0
3290294142.0,rank_episode_i_the_phantom_menace,,Episode I: The Phantom Menace,the_phantom_menace,1,0
3290292697.0,rank_episode_i_the_phantom_menace,4.0,Episode I: The Phantom Menace,the_phantom_menace,1,1
3290289176.0,rank_episode_i_the_phantom_menace,,Episode I: The Phantom Menace,the_phantom_menace,1,0
3290287101.0,rank_episode_i_the_phantom_menace,,Episode I: The Phantom Menace,the_phantom_menace,1,0
3290283817.0,rank_episode_i_the_phantom_menace,4.0,Episode I: The Phantom Menace,the_phantom_menace,1,1
3290283139.0,rank_episode_i_the_phantom_menace,1.0,Episode I: The Phantom Menace,the_phantom_menace,1,1
3290280642.0,rank_episode_i_the_phantom_menace,,Episode I: The Phantom Menace,the_phantom_menace,1,0
3290279732.0,rank_episode_i_the_phantom_menace,4.0,Episode I: The Phantom Menace,the_phantom_menace,1,1
3290269777.0,rank_episode_i_the_phantom_menace,5.0,Episode I: The Phantom Menace,the_phantom_menace,1,1
3290268027.0,rank_episode_i_the_phantom_menace,,Episode I: The Phantom Menace,the_phantom_menace,1,0
3290266084.0,rank_episode_i_the_phantom_menace,2.0,Episode I: The Phantom Menace,the_phantom_menace,1,1
3290262568.0,rank_episode_i_the_phantom_menace,1.0,Episode I: The Phantom Menace,the_phantom_menace,1,1
3290257673.0,rank_episode_i_the_phantom_menace,3.0,Episode I: The Phantom Menace,the_phantom_menace,1,1
3290249464.0,rank_episode_i_the_phantom_menace,,Episode I: The Phantom Menace,the_phantom_menace,1,0
3290248279.0,rank_episode_i_the_phantom_menace,,Episode I: The Phantom Menace,the_phantom_menace,1,0
3290248167.0,rank_episode_i_the_phantom_menace,,Episode I: The Phantom Menace,the_phantom_menace,1,0
3290229579.0,rank_episode_i_the_phantom_menace,3.0,Episode I: The Phantom Menace,the_phantom_menace,1,1
3290227264.0,rank_episode_i_the_phantom_menace,5.0,Episode I: The Phantom Menace,the_phantom_menace,1,1
3290225128.0,rank_episode_i_the_phantom_menace,,Episode I: The Phantom Menace,the_phantom_menace,1,0
3290223393.0,rank_episode_i_the_phantom_menace,2.0,Episode I: The Phantom Menace,the_phantom_menace,1,1
3290216970.0,rank_episode_i_the_phantom_menace,5.0,Episode I: The Phantom Menace,the_phantom_menace,1,1
3290213089.0,rank_episode_i_the_phantom_menace,4.0,Episode I: The Phantom Menace,the_phantom_menace,1,1
3290210801.0,rank_episode_i_the_phantom_menace,4.0,Episode I: The Phantom Menace,the_phantom_menace,1,1
3290209773.0,rank_episode_i_the_phantom_menace,6.0,Episode I: The Phantom Menace,the_phantom_menace,1,1
3290209744.0,rank_episode_i_the_phantom_menace,6.0,Episode I: The Phantom Menace,the_phantom_menace,1,1
3290206907.0,rank_episode_i_the_phantom_menace,6.0,Episode I: The Phantom Menace,the_phantom_menace,1,1
3290203063.0,rank_episode_i_the_phantom_menace,2.0,Episode I: The Phantom Menace,the_phantom_menace,1,1
3290201752.0,rank_episode_i_the_phantom_menace,3.0,Episode I: The Phantom Menace,the_phantom_menace,1,1
3290196296.0,rank_episode_i_the_phantom_menace,2.0,Episode I: The Phantom Menace,the_phantom_menace,1,1
3290193368.0,rank_episode_i_the_phantom_menace,,Episode I: The Phantom Menace,the_phantom_menace,1,0
3290191566.0,rank_episode_i_the_phantom_menace,4.0,Episode I: The Phantom Menace,the_phantom_menace,1,1
3290188213.0,rank_episode_i_the_phantom_menace,2.0,Episode I: The Phantom Menace,the_phantom_menace,1,1
3290185244.0,rank_episode_i_the_phantom_menace,1.0,Episode I: The Phantom Menace,the_phantom_menace,1,1
3290184813.0,rank_episode_i_the_phantom_menace,,Episode I: The Phantom Menace,the_phantom_menace,1,0
3290182531.0,rank_episode_i_the_phantom_menace,,Episode I: The Phantom Menace,the_phantom_menace,1,0
3290180442.0,rank_episode_i_the_phantom_menace,,Episode I: The Phantom Menace,the_phantom_menace,1,0
3290176915.0,rank_episode_i_the_phantom_menace,,Episode I: The Phantom Menace,the_phantom_menace,1,0
3290176563.0,rank_episode_i_the_phantom_menace,4.0,Episode I: The Phantom Menace,the_phantom_menace,1,1
3290174629.0,rank_episode_i_the_phantom_menace,,Episode I: The Phantom Menace,the_phantom_menace,1,0
3290174048.0,rank_episode_i_the_phantom_menace,,Episode I: The Phantom Menace,the_phantom_menace,1,0
3290173775.0,rank_episode_i_the_phantom_menace,1.0,Episode I: The Phantom Menace,the_phantom_menace,1,1
3290173176.0,rank_episode_i_the_phantom_menace,6.0,Episode I: The Phantom Menace,the_phantom_menace,1,1
3290167473.0,rank_episode_i_the_phantom_menace,3.0,Episode I: The Phantom Menace,the_phantom_menace,1,1
3290164098.0,rank_episode_i_the_phantom_menace,,Episode I: The Phantom Menace,the_phantom_menace,1,0
3290159455.0,rank_episode_i_the_phantom_menace,,Episode I: The Phantom Menace,the_phantom_menace,1,0
3290159056.0,rank_episode_i_the_phantom_menace,,Episode I: The Phantom Menace,the_phantom_menace,1,0
3290157529.0,rank_episode_i_the_phantom_menace,2.0,Episode I: The Phantom Menace,the_phantom_menace,1,1
3290149698.0,rank_episode_i_the_phantom_menace,5.0,Episode I: The Phantom Menace,the_phantom_menace,1,1
3290148834.0,rank_episode_i_the_phantom_menace,3.0,Episode I: The Phantom Menace,the_phantom_menace,1,1
3290145517.0,rank_episode_i_the_phantom_menace,4.0,Episode I: The Phantom Menace,the_phantom_menace,1,1
3290142232.0,rank_episode_i_the_phantom_menace,4.0,Episode I: The Phantom Menace,the_phantom_menace,1,1
3290139192.0,rank_episode_i_the_phantom_menace,1.0,Episode I: The Phantom Menace,the_phantom_menace,1,1
3290137793.0,rank_episode_i_the_phantom_menace,3.0,Episode I: The Phantom Menace,the_phantom_menace,1,1
3290128978.0,rank_episode_i_the_phantom_menace,,Episode I: The Phantom Menace,the_phantom_menace,1,0
3290128468.0,rank_episode_i_the_phantom_menace,1.0,Episode I: The Phantom Menace,the_phantom_menace,1,1
3290127670.0,rank_episode_i_the_phantom_menace,,Episode I: The Phantom Menace,the_phantom_menace,1,0
3290125801.0,rank_episode_i_the_phantom_menace,2.0,Episode I: The Phantom Menace,the_phantom_menace,1,1
3290125784.0,rank_episode_i_the_phantom_menace,5.0,Episode I: The Phantom Menace,the_phantom_menace,1,1
3290125550.0,rank_episode_i_the_phantom_menace,6.0,Episode I: The Phantom Menace,the_phantom_menace,1,1
3290125357.0,rank_episode_i_the_phantom_menace,6.0,Episode I: The Phantom Menace,the_phantom_menace,1,1
3290124259.0,rank_episode_i_the_phantom_menace,2.0,Episode I: The Phantom Menace,the_phantom_menace,1,1
3290116629.0,rank_episode_i_the_phantom_menace,,Episode I: The Phantom Menace,the_phantom_menace,1,0
3290116182.0,rank_episode_i_the_phantom_menace,4.0,Episode I: The Phantom Menace,the_phantom_menace,1,1
3290109779.0,rank_episode_i_the_phantom_menace,4.0,Episode I: The Phantom Menace,the_phantom_menace,1,1
3290103593.0,rank_episode_i_the_phantom_menace,4.0,Episode I: The Phantom Menace,the_phantom_menace,1,1
3290099797.0,rank_episode_i_the_phantom_menace,3.0,Episode I: The Phantom Menace,the_phantom_menace,1,1
3290097546.0,rank_episode_i_the_phantom_menace,3.0,Episode I: The Phantom Menace,the_phantom_menace,1,1
3290097268.0,rank_episode_i_the_phantom_menace,,Episode I: The Phantom Menace,the_phantom_menace,1,0
3290095220.0,rank_episode_i_the_phantom_menace,,Episode I: The Phantom Menace,the_phantom_menace,1,0
3290094384.0,rank_episode_i_the_phantom_menace,,Episode I: The Phantom Menace,the_phantom_menace,1,0
3290083352.0,rank_episode_i_the_phantom_menace,,Episode I: The Phantom Menace,the_phantom_menace,1,0
3290082468.0,rank_episode_i_the_phantom_menace,,Episode I: The Phantom Menace,the_phantom_menace,1,0
3290081504.0,rank_episode_i_the_phantom_menace,,Episode I: The Phantom Menace,the_phantom_menace,1,0
3290081040.0,rank_episode_i_the_phantom_menace,,Episode I: The Phantom Menace,the_phantom_menace,1,0
3290076587.0,rank_episode_i_the_phantom_menace,,Episode I: The Phantom Menace,the_phantom_menace,1,0
3290071379.0,rank_episode_i_the_phantom_menace,,Episode I: The Phantom Menace,the_phantom_menace,1,0
3290070395.0,rank_episode_i_the_phantom_menace,6.0,Episode I: The Phantom Menace,the_phantom_menace,1,1
3290068892.0,rank_episode_i_the_phantom_menace,1.0,Episode I: The Phantom Menace,the_phantom_menace,1,1
3290068765.0,rank_episode_i_the_phantom_menace,6.0,Episode I: The Phantom Menace,the_phantom_menace,1,1
3290063543.0,rank_episode_i_the_phantom_menace,4.0,Episode I: The Phantom Menace,the_phantom_menace,1,1
3290062936.0,rank_episode_i_the_phantom_menace,,Episode I: The Phantom Menace,the_phantom_menace,1,0
3290061815.0,rank_episode_i_the_phantom_menace,4.0,Episode I: The Phantom Menace,the_phantom_menace,1,1
3290058506.0,rank_episode_i_the_phantom_menace,2.0,Episode I: The Phantom Menace,the_phantom_menace,1,1
3290058216.0,rank_episode_i_the_phantom_menace,2.0,Episode I: The Phantom Menace,the_phantom_menace,1,1
3290050695.0,rank_episode_i_the_phantom_menace,,Episode I: The Phantom Menace,the_phantom_menace,1,0
3290049932.0,rank_episode_i_the_phantom_menace,,Episode I: The Phantom Menace,the_phantom_menace,1,0
3290049231.0,rank_episode_i_the_phantom_menace,4.0,Episode I: The Phantom Menace,the_phantom_menace,1,1
3290048884.0,rank_episode_i_the_phantom_menace,5.0,Episode I: The Phantom Menace,the_phantom_menace,1,1
3290047842.0,rank_episode_i_the_phantom_menace,6.0,Episode I: The Phantom Menace,the_phantom_menace,1,1
3290047689.0,rank_episode_i_the_phantom_menace,,Episode I: The Phantom Menace,the_phantom_menace,1,0
3290047483.0,rank_episode_i_the_phantom_menace,2.0,Episode I: The Phantom Menace,the_phantom_menace,1,1
3290046627.0,rank_episode_i_the_phantom_menace,6.0,Episode I: The Phantom Menace,the_phantom_menace,1,1
3290042369.0,rank_episode_i_the_phantom_menace,3.0,Episode I: The Phantom Menace,the_phantom_menace,1,1
3290038794.0,rank_episode_i_the_phantom_menace,3.0,Episode I: The Phantom Menace,the_phantom_menace,1,1
3290034196.0,rank_episode_i_the_phantom_menace,3.0,Episode I: The Phantom Menace,the_phantom_menace,1,1
3290032864.0,rank_episode_i_the_phantom_menace,3.0,Episode I: The Phantom Menace,the_phantom_menace,1,1
3290029531.0,rank_episode_i_the_phantom_menace,2.0,Episode I: The Phantom Menace,the_phantom_menace,1,1
3290024333.0,rank_episode_i_the_phantom_menace,4.0,Episode I: The Phantom Menace,the_phantom_menace,1,1
3290022302.0,rank_episode_i_the_phantom_menace,4.0,Episode I: The Phantom Menace,the_phantom_menace,1,1
3290019869.0,rank_episode_i_the_phantom_menace,2.0,Episode I: The Phantom Menace,the_phantom_menace,1,1
3290019779.0,rank_episode_i_the_phantom_menace,,Episode I: The Phantom Menace,the_phantom_menace,1,0
3290018381.0,rank_episode_i_the_phantom_menace,4.0,Episode I: The Phantom Menace,the_phantom_menace,1,1
3290017901.0,rank_episode_i_the_phantom_menace,,Episode I: The Phantom Menace,the_phantom_menace,1,0
3290014606.0,rank_episode_i_the_phantom_menace,,Episode I: The Phantom Menace,the_phantom_menace,1,0
3290013239.0,rank_episode_i_the_phantom_menace,,Episode I: The Phantom Menace,the_phantom_menace,1,0
3290011286.0,rank_episode_i_the_phantom_menace,3.0,Episode I: The Phantom Menace,the_phantom_menace,1,1
3290010419.0,rank_episode_i_the_phantom_menace,3.0,Episode I: The Phantom Menace,the_phantom_menace,1,1
3290008538.0,rank_episode_i_the_phantom_menace,,Episode I: The Phantom Menace,the_phantom_menace,1,0
3290005674.0,rank_episode_i_the_phantom_menace,1.0,Episode I: The Phantom Menace,the_phantom_menace,1,1
3290002601.0,rank_episode_i_the_phantom_menace,2.0,Episode I: The Phantom Menace,the_phantom_menace,1,1
3289997713.0,rank_episode_i_the_phantom_menace,4.0,Episode I: The Phantom Menace,the_phantom_menace,1,1
3289997196.0,rank_episode_i_the_phantom_menace,6.0,Episode I: The Phantom Menace,the_phantom_menace,1,1
3289996800.0,rank_episode_i_the_phantom_menace,4.0,Episode I: The Phantom Menace,the_phantom_menace,1,1
3289996025.0,rank_episode_i_the_phantom_menace,6.0,Episode I: The Phantom Menace,the_phantom_menace,1,1
3289995352.0,rank_episode_i_the_phantom_menace,2.0,Episode I: The Phantom Menace,the_phantom_menace,1,1
3289993284.0,rank_episode_i_the_phantom_menace,3.0,Episode I: The Phantom Menace,the_phantom_menace,1,1
3289991708.0,rank_episode_i_the_phantom_menace,,Episode I: The Phantom Menace,the_phantom_menace,1,0
3289989311.0,rank_episode_i_the_phantom_menace,,Episode I: The Phantom Menace,the_phantom_menace,1,0
3289988393.0,rank_episode_i_the_phantom_menace,2.0,Episode I: The Phantom Menace,the_phantom_menace,1,1
3289987865.0,rank_episode_i_the_phantom_menace,,Episode I: The Phantom Menace,the_phantom_menace,1,0
3289986698.0,rank_episode_i_the_phantom_menace,2.0,Episode I: The Phantom Menace,the_phantom_menace,1,1
3289985995.0,rank_episode_i_the_phantom_menace,3.0,Episode I: The Phantom Menace,the_phantom_menace,1,1
3289980534.0,rank_episode_i_the_phantom_menace,1.0,Episode I: The Phantom Menace,the_phantom_menace,1,1
3289973506.0,rank_episode_i_the_phantom_menace,4.0,Episode I: The Phantom Menace,the_phantom_menace,1,1
3289972382.0,rank_episode_i_the_phantom_menace,,Episode I: The Phantom Menace,the_phantom_menace,1,0
3289971452.0,rank_episode_i_the_phantom_menace,,Episode I: The Phantom Menace,the_phantom_menace,1,0
3289971256.0,rank_episode_i_the_phantom_menace,5.0,Episode I: The Phantom Menace,the_phantom_menace,1,1
3289963393.0,rank_episode_i_the_phantom_menace,3.0,Episode I: The Phantom Menace,the_phantom_menace,1,1
3289962839.0,rank_episode_i_the_phantom_menace,,Episode I: The Phantom Menace,the_phantom_menace,1,0
3289962614.0,rank_episode_i_the_phantom_menace,4.0,Episode I: The Phantom Menace,the_phantom_menace,1,1
3289956408.0,rank_episode_i_the_phantom_menace,,Episode I: The Phantom Menace,the_phantom_menace,1,0
3289955364.0,rank_episode_i_the_phantom_menace,4.0,Episode I: The Phantom Menace,the_phantom_menace,1,1
3289952496.0,rank_episode_i_the_phantom_menace,5.0,Episode I: The Phantom Menace,the_phantom_menace,1,1
3289951011.0,rank_episode_i_the_phantom_menace,4.0,Episode I: The Phantom Menace,the_phantom_menace,1,1
3289949516.0,rank_episode_i_the_phantom_menace,3.0,Episode I: The Phantom Menace,the_phantom_menace,1,1
3289949409.0,rank_episode_i_the_phantom_menace,4.0,Episode I: The Phantom Menace,the_phantom_menace,1,1
3289943405.0,rank_episode_i_the_phantom_menace,5.0,Episode I: The Phantom Menace,the_phantom_menace,1,1
3289943097.0,rank_episode_i_the_phantom_menace,4.0,Episode I: The Phantom Menace,the_phantom_menace,1,1
3289942520.0,rank_episode_i_the_phantom_menace,,Episode I: The Phantom Menace,the_phantom_menace,1,0
3289933137.0,rank_episode_i_the_phantom_menace,1.0,Episode I: The Phantom Menace,the_phantom_menace,1,1
3289927404.0,rank_episode_i_the_phantom_menace,4.0,Episode I: The Phantom Menace,the_phantom_menace,1,1
3289924943.0,rank_episode_i_the_phantom_menace,3.0,Episode I: The Phantom Menace,the_phantom_menace,1,1
3289923980.0,rank_episode_i_the_phantom_menace,6.0,Episode I: The Phantom Menace,the_phantom_menace,1,1
3289920249.0,rank_episode_i_the_phantom_menace,5.0,Episode I: The Phantom Menace,the_phantom_menace,1,1
3289919285.0,rank_episode_i_the_phantom_menace,,Episode I: The Phantom Menace,the_phantom_menace,1,0
3289918842.0,rank_episode_i_the_phantom_menace,1.0,Episode I: The Phantom Menace,the_phantom_menace,1,1
3289914533.0,rank_episode_i_the_phantom_menace,2.0,Episode I: The Phantom Menace,the_phantom_menace,1,1
3289914097.0,rank_episode_i_the_phantom_menace,4.0,Episode I: The Phantom Menace,the_phantom_menace,1,1
3289913649.0,rank_episode_i_the_phantom_menace,1.0,Episode I: The Phantom Menace,the_phantom_menace,1,1
3289911175.0,rank_episode_i_the_phantom_menace,5.0,Episode I: The Phantom Menace,the_phantom_menace,1,1
3289909917.0,rank_episode_i_the_phantom_menace,4.0,Episode I: The Phantom Menace,the_phantom_menace,1,1
3289907541.0,rank_episode_i_the_phantom_menace,1.0,Episode I: The Phantom Menace,the_phantom_menace,1,1
3289905986.0,rank_episode_i_the_phantom_menace,1.0,Episode I: The Phantom Menace,the_phantom_menace,1,1
3289905819.0,rank_episode_i_the_phantom_menace,,Episode I: The Phantom Menace,the_phantom_menace,1,0
3289905044.0,rank_episode_i_the_phantom_menace,6.0,Episode I: The Phantom Menace,the_phantom_menace,1,1
3289903380.0,rank_episode_i_the_phantom_menace,,Episode I: The Phantom Menace,the_phantom_menace,1,0
3289902920.0,rank_episode_i_the_phantom_menace,6.0,Episode I: The Phantom Menace,the_phantom_menace,1,1
3289902115.0,rank_episode_i_the_phantom_menace,2.0,Episode I: The Phantom Menace,the_phantom_menace,1,1
3289901820.0,rank_episode_i_the_phantom_menace,5.0,Episode I: The Phantom Menace,the_phantom_menace,1,1
3289901633.0,rank_episode_i_the_phantom_menace,5.0,Episode I: The Phantom Menace,the_phantom_menace,1,1
3289897826.0,rank_episode_i_the_phantom_menace,5.0,Episode I: The Phantom Menace,the_phantom_menace,1,1
3289896565.0,rank_episode_i_the_phantom_menace,6.0,Episode I: The Phantom Menace,the_phantom_menace,1,1
3289895732.0,rank_episode_i_the_phantom_menace,6.0,Episode I: The Phantom Menace,the_phantom_menace,1,1
3289894873.0,rank_episode_i_the_phantom_menace,,Episode I: The Phantom Menace,the_phantom_menace,1,0
3289891069.0,rank_episode_i_the_phantom_menace,,Episode I: The Phantom Menace,the_phantom_menace,1,0
3289890495.0,rank_episode_i_the_phantom_menace,,Episode I: The Phantom Menace,the_phantom_menace,1,0
3289888113.0,rank_episode_i_the_phantom_menace,,Episode I: The Phantom Menace,the_phantom_menace,1,0
3289888015.0,rank_episode_i_the_phantom_menace,6.0,Episode I: The Phantom Menace,the_phantom_menace,1,1
3289885747.0,rank_episode_i_the_phantom_menace,3.0,Episode I: The Phantom Menace,the_phantom_menace,1,1
3289878528.0,rank_episode_i_the_phantom_menace,6.0,Episode I: The Phantom Menace,the_phantom_menace,1,1
3289877093.0,rank_episode_i_the_phantom_menace,4.0,Episode I: The Phantom Menace,the_phantom_menace,1,1
3289874408.0,rank_episode_i_the_phantom_menace,6.0,Episode I: The Phantom Menace,the_phantom_menace,1,1
3289873978.0,rank_episode_i_the_phantom_menace,4.0,Episode I: The Phantom Menace,the_phantom_menace,1,1
3289870772.0,rank_episode_i_the_phantom_menace,3.0,Episode I: The Phantom Menace,the_phantom_menace,1,1
3289868197.0,rank_episode_i_the_phantom_menace,3.0,Episode I: The Phantom Menace,the_phantom_menace,1,1
3289866531.0,rank_episode_i_the_phantom_menace,3.0,Episode I: The Phantom Menace,the_phantom_menace,1,1
3289866259.0,rank_episode_i_the_phantom_menace,,Episode I: The Phantom Menace,the_phantom_menace,1,0
3289865550.0,rank_episode_i_the_phantom_menace,3.0,Episode I: The Phantom Menace,the_phantom_menace,1,1
3289864687.0,rank_episode_i_the_phantom_menace,4.0,Episode I: The Phantom Menace,the_phantom_menace,1,1
3289862004.0,rank_episode_i_the_phantom_menace,,Episode I: The Phantom Menace,the_phantom_menace,1,0
3289861464.0,rank_episode_i_the_phantom_menace,4.0,Episode I: The Phantom Menace,the_phantom_menace,1,1
3289857817.0,rank_episode_i_the_phantom_menace,6.0,Episode I: The Phantom Menace,the_phantom_menace,1,1
3289856887.0,rank_episode_i_the_phantom_menace,4.0,Episode I: The Phantom Menace,the_phantom_menace,1,1
3289856557.0,rank_episode_i_the_phantom_menace,,Episode I: The Phantom Menace,the_phantom_menace,1,0
3289855873.0,rank_episode_i_the_phantom_menace,5.0,Episode I: The Phantom Menace,the_phantom_menace,1,1
3289854601.0,rank_episode_i_the_phantom_menace,1.0,Episode I: The Phantom Menace,the_phantom_menace,1,1
3289848909.0,rank_episode_i_the_phantom_menace,,Episode I: The Phantom Menace,the_phantom_menace,1,0
3289847932.0,rank_episode_i_the_phantom_menace,5.0,Episode I: The Phantom Menace,the_phantom_menace,1,1
3289844139.0,rank_episode_i_the_phantom_menace,6.0,Episode I: The Phantom Menace,the_phantom_menace,1,1
3289843973.0,rank_episode_i_the_phantom_menace,6.0,Episode I: The Phantom Menace,the_phantom_menace,1,1
3289837359.0,rank_episode_i_the_phantom_menace,,Episode I: The Phantom Menace,the_phantom_menace,1,0
3289835282.0,rank_episode_i_the_phantom_menace,3.0,Episode I: The Phantom Menace,the_phantom_menace,1,1
3289834572.0,rank_episode_i_the_phantom_menace,,Episode I: The Phantom Menace,the_phantom_menace,1,0
3289831274.0,rank_episode_i_the_phantom_menace,,Episode I: The Phantom Menace,the_phantom_menace,1,0
3289830199.0,rank_episode_i_the_phantom_menace,,Episode I: The Phantom Menace,the_phantom_menace,1,0
3289829982.0,rank_episode_i_the_phantom_menace,6.0,Episode I: The Phantom Menace,the_phantom_menace,1,1
3289822005.0,rank_episode_i_the_phantom_menace,3.0,Episode I: The Phantom Menace,the_phantom_menace,1,1
3289821310.0,rank_episode_i_the_phantom_menace,1.0,Episode I: The Phantom Menace,the_phantom_menace,1,1
3289815685.0,rank_episode_i_the_phantom_menace,6.0,Episode I: The Phantom Menace,the_phantom_menace,1,1
3289813977.0,rank_episode_i_the_phantom_menace,3.0,Episode I: The Phantom Menace,the_phantom_menace,1,1
3289812188.0,rank_episode_i_the_phantom_menace,1.0,Episode I: The Phantom Menace,the_phantom_menace,1,1
3289809469.0,rank_episode_i_the_phantom_menace,4.0,Episode I: The Phantom Menace,the_phantom_menace,1,1
3289809255.0,rank_episode_i_the_phantom_menace,,Episode I: The Phantom Menace,the_phantom_menace,1,0
3289808310.0,rank_episode_i_the_phantom_menace,,Episode I: The Phantom Menace,the_phantom_menace,1,0
3289805753.0,rank_episode_i_the_phantom_menace,,Episode I: The Phantom Menace,the_phantom_menace,1,0
3289805745.0,rank_episode_i_the_phantom_menace,,Episode I: The Phantom Menace,the_phantom_menace,1,0
3289804908.0,rank_episode_i_the_phantom_menace,1.0,Episode I: The Phantom Menace,the_phantom_menace,1,1
3289804326.0,rank_episode_i_the_phantom_menace,5.0,Episode I: The Phantom Menace,the_phantom_menace,1,1
3289804031.0,rank_episode_i_the_phantom_menace,5.0,Episode I: The Phantom Menace,the_phantom_menace,1,1
3289802847.0,rank_episode_i_the_phantom_menace,4.0,Episode I: The Phantom Menace,the_phantom_menace,1,1
3289799650.0,rank_episode_i_the_phantom_menace,1.0,Episode I: The Phantom Menace,the_phantom_menace,1,1
3289799581.0,rank_episode_i_the_phantom_menace,4.0,Episode I: The Phantom Menace,the_phantom_menace,1,1
3289798968.0,rank_episode_i_the_phantom_menace,5.0,Episode I: The Phantom Menace,the_phantom_menace,1,1
3289798759.0,rank_episode_i_the_phantom_menace,6.0,Episode I: The Phantom Menace,the_phantom_menace,1,1
3289797876.0,rank_episode_i_the_phantom_menace,,Episode I: The Phantom Menace,the_phantom_menace,1,0
3289795859.0,rank_episode_i_the_phantom_menace,,Episode I: The Phantom Menace,the_phantom_menace,1,0
3289790475.0,rank_episode_i_the_phantom_menace,,Episode I: The Phantom Menace,the_phantom_menace,1,0
3289790146.0,rank_episode_i_the_phantom_menace,3.0,Episode I: The Phantom Menace,the_phantom_menace,1,1
3289786719.0,rank_episode_i_the_phantom_menace,3.0,Episode I: The Phantom Menace,the_phantom_menace,1,1
3289781705.0,rank_episode_i_the_phantom_menace,2.0,Episode I: The Phantom Menace,the_phantom_menace,1,1
3289779434.0,rank_episode_i_the_phantom_menace,,Episode I: The Phantom Menace,the_phantom_menace,1,0
3289764515.0,rank_episode_i_the_phantom_menace,,Episode I: The Phantom Menace,the_phantom_menace,1,0
3289758800.0,rank_episode_i_the_phantom_menace,6.0,Episode I: The Phantom Menace,the_phantom_menace,1,1
3289757385.0,rank_episode_i_the_phantom_menace,3.0,Episode I: The Phantom Menace,the_phantom_menace,1,1
3289757163.0,rank_episode_i_the_phantom_menace,5.0,Episode I: The Phantom Menace,the_phantom_menace,1,1
3289753279.0,rank_episode_i_the_phantom_menace,,Episode I: The Phantom Menace,the_phantom_menace,1,0
3289752347.0,rank_episode_i_the_phantom_menace,4.0,Episode I: The Phantom Menace,the_phantom_menace,1,1
3289751464.0,rank_episode_i_the_phantom_menace,4.0,Episode I: The Phantom Menace,the_phantom_menace,1,1
3289745316.0,rank_episode_i_the_phantom_menace,,Episode I: The Phantom Menace,the_phantom_menace,1,0
3289745063.0,rank_episode_i_the_phantom_menace,2.0,Episode I: The Phantom Menace,the_phantom_menace,1,1
3289737236.0,rank_episode_i_the_phantom_menace,4.0,Episode I: The Phantom Menace,the_phantom_menace,1,1
3289735954.0,rank_episode_i_the_phantom_menace,1.0,Episode I: The Phantom Menace,the_phantom_menace,1,1
3289733444.0,rank_episode_i_the_phantom_menace,1.0,Episode I: The Phantom Menace,the_phantom_menace,1,1
3289730973.0,rank_episode_i_the_phantom_menace,4.0,Episode I: The Phantom Menace,the_phantom_menace,1,1
3289727014.0,rank_episode_i_the_phantom_menace,4.0,Episode I: The Phantom Menace,the_phantom_menace,1,1
3289725827.0,rank_episode_i_the_phantom_menace,6.0,Episode I: The Phantom Menace,the_phantom_menace,1,1
3289725605.0,rank_episode_i_the_phantom_menace,4.0,Episode I: The Phantom Menace,the_phantom_menace,1,1
3289722110.0,rank_episode_i_the_phantom_menace,1.0,Episode I: The Phantom Menace,the_phantom_menace,1,1
3289713384.0,rank_episode_i_the_phantom_menace,,Episode I: The Phantom Menace,the_phantom_menace,1,0
3289711817.0,rank_episode_i_the_phantom_menace,6.0,Episode I: The Phantom Menace,the_phantom_menace,1,1
3289710382.0,rank_episode_i_the_phantom_menace,,Episode I: The Phantom Menace,the_phantom_menace,1,0
3289706727.0,rank_episode_i_the_phantom_menace,3.0,Episode I: The Phantom Menace,the_phantom_menace,1,1
3289706550.0,rank_episode_i_the_phantom_menace,,Episode I: The Phantom Menace,the_phantom_menace,1,0
3289705195.0,rank_episode_i_the_phantom_menace,4.0,Episode I: The Phantom Menace,the_phantom_menace,1,1
3289700288.0,rank_episode_i_the_phantom_menace,5.0,Episode I: The Phantom Menace,the_phantom_menace,1,1
3289695941.0,rank_episode_i_the_phantom_menace,4.0,Episode I: The Phantom Menace,the_phantom_menace,1,1
3289693023.0,rank_episode_i_the_phantom_menace,5.0,Episode I: The Phantom Menace,the_phantom_menace,1,1
3289692258.0,rank_episode_i_the_phantom_menace,4.0,Episode I: The Phantom Menace,the_phantom_menace,1,1
3289689591.0,rank_episode_i_the_phantom_menace,,Episode I: The Phantom Menace,the_phantom_menace,1,0
3289689331.0,rank_episode_i_the_phantom_menace,1.0,Episode I: The Phantom Menace,the_phantom_menace,1,1
3289688885.0,rank_episode_i_the_phantom_menace,1.0,Episode I: The Phantom Menace,the_phantom_menace,1,1
3289686202.0,rank_episode_i_the_phantom_menace,,Episode I: The Phantom Menace,the_phantom_menace,1,0
3289685200.0,rank_episode_i_the_phantom_menace,,Episode I: The Phantom Menace,the_phantom_menace,1,0
3289684323.0,rank_episode_i_the_phantom_menace,6.0,Episode I: The Phantom Menace,the_phantom_menace,1,1
3289681765.0,rank_episode_i_the_phantom_menace,3.0,Episode I: The Phantom Menace,the_phantom_menace,1,1
3289680108.0,rank_episode_i_the_phantom_menace,3.0,Episode I: The Phantom Menace,the_phantom_menace,1,1
3289673695.0,rank_episode_i_the_phantom_menace,1.0,Episode I: The Phantom Menace,the_phantom_menace,1,1
3289666523.0,rank_episode_i_the_phantom_menace,,Episode I: The Phantom Menace,the_phantom_menace,1,0
3289664241.0,rank_episode_i_the_phantom_menace,6.0,Episode I: The Phantom Menace,the_phantom_menace,1,1
3289653763.0,rank_episode_i_the_phantom_menace,3.0,Episode I: The Phantom Menace,the_phantom_menace,1,1
3289653664.0,rank_episode_i_the_phantom_menace,,Episode I: The Phantom Menace,the_phantom_menace,1,0
3289652167.0,rank_episode_i_the_phantom_menace,2.0,Episode I: The Phantom Menace,the_phantom_menace,1,1
3289649402.0,rank_episode_i_the_phantom_menace,,Episode I: The Phantom Menace,the_phantom_menace,1,0
3289648154.0,rank_episode_i_the_phantom_menace,,Episode I: The Phantom Menace,the_phantom_menace,1,0
3289646833.0,rank_episode_i_the_phantom_menace,,Episode I: The Phantom Menace,the_phantom_menace,1,0
3289645505.0,rank_episode_i_the_phantom_menace,1.0,Episode I: The Phantom Menace,the_phantom_menace,1,1
3289644365.0,rank_episode_i_the_phantom_menace,4.0,Episode I: The Phantom Menace,the_phantom_menace,1,1
3289641241.0,rank_episode_i_the_phantom_menace,3.0,Episode I: The Phantom Menace,the_phantom_menace,1,1
3289640516.0,rank_episode_i_the_phantom_menace,,Episode I: The Phantom Menace,the_phantom_menace,1,0
3289638367.0,rank_episode_i_the_phantom_menace,4.0,Episode I: The Phantom Menace,the_phantom_menace,1,1
3289633176.0,rank_episode_i_the_phantom_menace,1.0,Episode I: The Phantom Menace,the_phantom_menace,1,1
3289628791.0,rank_episode_i_the_phantom_menace,1.0,Episode I: The Phantom Menace,the_phantom_menace,1,1
3289627503.0,rank_episode_i_the_phantom_menace,,Episode I: The Phantom Menace,the_phantom_menace,1,0
3289625918.0,rank_episode_i_the_phantom_menace,,Episode I: The Phantom Menace,the_phantom_menace,1,0
3289625905.0,rank_episode_i_the_phantom_menace,,Episode I: The Phantom Menace,the_phantom_menace,1,0
3289625071.0,rank_episode_i_the_phantom_menace,4.0,Episode I: The Phantom Menace,the_phantom_menace,1,1
3289621004.0,rank_episode_i_the_phantom_menace,4.0,Episode I: The Phantom Menace,the_phantom_menace,1,1
3289619487.0,rank_episode_i_the_phantom_menace,1.0,Episode I: The Phantom Menace,the_phantom_menace,1,1
3289618781.0,rank_episode_i_the_phantom_menace,,Episode I: The Phantom Menace,the_phantom_menace,1,0
3289618768.0,rank_episode_i_the_phantom_menace,,Episode I: The Phantom Menace,the_phantom_menace,1,0
3289618355.0,rank_episode_i_the_phantom_menace,,Episode I: The Phantom Menace,the_phantom_menace,1,0
3289616064.0,rank_episode_i_the_phantom_menace,,Episode I: The Phantom Menace,the_phantom_menace,1,0
3289610618.0,rank_episode_i_the_phantom_menace,,Episode I: The Phantom Menace,the_phantom_menace,1,0
3289610391.0,rank_episode_i_the_phantom_menace,1.0,Episode I: The Phantom Menace,the_phantom_menace,1,1
3289600885.0,rank_episode_i_the_phantom_menace,4.0,Episode I: The Phantom Menace,the_phantom_menace,1,1
3289598419.0,rank_episode_i_the_phantom_menace,3.0,Episode I: The Phantom Menace,the_phantom_menace,1,1
3289597768.0,rank_episode_i_the_phantom_menace,,Episode I: The Phantom Menace,the_phantom_menace,1,0
3289597035.0,rank_episode_i_the_phantom_menace,4.0,Episode I: The Phantom Menace,the_phantom_menace,1,1
3289588064.0,rank_episode_i_the_phantom_menace,1.0,Episode I: The Phantom Menace,the_phantom_menace,1,1
3289582868.0,rank_episode_i_the_phantom_menace,6.0,Episode I: The Phantom Menace,the_phantom_menace,1,1
3289582774.0,rank_episode_i_the_phantom_menace,3.0,Episode I: The Phantom Menace,the_phantom_menace,1,1
3289582090.0,rank_episode_i_the_phantom_menace,4.0,Episode I: The Phantom Menace,the_phantom_menace,1,1
3289573606.0,rank_episode_i_the_phantom_menace,6.0,Episode I: The Phantom Menace,the_phantom_menace,1,1
3289572808.0,rank_episode_i_the_phantom_menace,1.0,Episode I: The Phantom Menace,the_phantom_menace,1,1
3289569955.0,rank_episode_i_the_phantom_menace,,Episode I: The Phantom Menace,the_phantom_menace,1,0
3289567355.0,rank_episode_i_the_phantom_menace,5.0,Episode I: The Phantom Menace,the_phantom_menace,1,1
3289564387.0,rank_episode_i_the_phantom_menace,6.0,Episode I: The Phantom Menace,the_phantom_menace,1,1
3289563102.0,rank_episode_i_the_phantom_menace,,Episode I: The Phantom Menace,the_phantom_menace,1,0
3289561190.0,rank_episode_i_the_phantom_menace,,Episode I: The Phantom Menace,the_phantom_menace,1,0
3289560376.0,rank_episode_i_the_phantom_menace,4.0,Episode I: The Phantom Menace,the_phantom_menace,1,1
3289555540.0,rank_episode_i_the_phantom_menace,,Episode I: The Phantom Menace,the_phantom_menace,1,0
3289553574.0,rank_episode_i_the_phantom_menace,,Episode I: The Phantom Menace,the_phantom_menace,1,0
3289553473.0,rank_episode_i_the_phantom_menace,6.0,Episode I: The Phantom Menace,the_phantom_menace,1,1
3289552996.0,rank_episode_i_the_phantom_menace,6.0,Episode I: The Phantom Menace,the_phantom_menace,1,1
3289552625.0,rank_episode_i_the_phantom_menace,1.0,Episode I: The Phantom Menace,the_phantom_menace,1,1
3289543778.0,rank_episode_i_the_phantom_menace,4.0,Episode I: The Phantom Menace,the_phantom_menace,1,1
3289540349.0,rank_episode_i_the_phantom_menace,6.0,Episode I: The Phantom Menace,the_phantom_menace,1,1
3289539921.0,rank_episode_i_the_phantom_menace,6.0,Episode I: The Phantom Menace,the_phantom_menace,1,1
3289537363.0,rank_episode_i_the_phantom_menace,4.0,Episode I: The Phantom Menace,the_phantom_menace,1,1
3289537293.0,rank_episode_i_the_phantom_menace,4.0,Episode I: The Phantom Menace,the_phantom_menace,1,1
3289536171.0,rank_episode_i_the_phantom_menace,1.0,Episode I: The Phantom Menace,the_phantom_menace,1,1
3289533753.0,rank_episode_i_the_phantom_menace,1.0,Episode I: The Phantom Menace,the_phantom_menace,1,1
3289531711.0,rank_episode_i_the_phantom_menace,4.0,Episode I: The Phantom Menace,the_phantom_menace,1,1
3289530269.0,rank_episode_i_the_phantom_menace,,Episode I: The Phantom Menace,the_phantom_menace,1,0
3289530042.0,rank_episode_i_the_phantom_menace,6.0,Episode I: The Phantom Menace,the_phantom_menace,1,1
3289529064.0,rank_episode_i_the_phantom_menace,1.0,Episode I: The Phantom Menace,the_phantom_menace,1,1
3289528214.0,rank_episode_i_the_phantom_menace,,Episode I: The Phantom Menace,the_phantom_menace,1,0
3289526845.0,rank_episode_i_the_phantom_menace,5.0,Episode I: The Phantom Menace,the_phantom_menace,1,1
3289526048.0,rank_episode_i_the_phantom_menace,4.0,Episode I: The Phantom Menace,the_phantom_menace,1,1
3289522048.0,rank_episode_i_the_phantom_menace,4.0,Episode I: The Phantom Menace,the_phantom_menace,1,1
3289512650.0,rank_episode_i_the_phantom_menace,,Episode I: The Phantom Menace,the_phantom_menace,1,0
3289510637.0,rank_episode_i_the_phantom_menace,4.0,Episode I: The Phantom Menace,the_phantom_menace,1,1
3289510083.0,rank_episode_i_the_phantom_menace,,Episode I: The Phantom Menace,the_phantom_menace,1,0
3289508774.0,rank_episode_i_the_phantom_menace,4.0,Episode I: The Phantom Menace,the_phantom_menace,1,1
3289505557.0,rank_episode_i_the_phantom_menace,1.0,Episode I: The Phantom Menace,the_phantom_menace,1,1
3289498676.0,rank_episode_i_the_phantom_menace,2.0,Episode I: The Phantom Menace,the_phantom_menace,1,1
3289498263.0,rank_episode_i_the_phantom_menace,3.0,Episode I: The Phantom Menace,the_phantom_menace,1,1
3289498064.0,rank_episode_i_the_phantom_menace,5.0,Episode I: The Phantom Menace,the_phantom_menace,1,1
3289494245.0,rank_episode_i_the_phantom_menace,,Episode I: The Phantom Menace,the_phantom_menace,1,0
3289492759.0,rank_episode_i_the_phantom_menace,,Episode I: The Phantom Menace,the_phantom_menace,1,0
3289492075.0,rank_episode_i_the_phantom_menace,3.0,Episode I: The Phantom Menace,the_phantom_menace,1,1
3289489736.0,rank_episode_i_the_phantom_menace,3.0,Episode I: The Phantom Menace,the_phantom_menace,1,1
3289485680.0,rank_episode_i_the_phantom_menace,,Episode I: The Phantom Menace,the_phantom_menace,1,0
3289484757.0,rank_episode_i_the_phantom_menace,3.0,Episode I: The Phantom Menace,the_phantom_menace,1,1
3289481873.0,rank_episode_i_the_phantom_menace,,Episode I: The Phantom Menace,the_phantom_menace,1,0
3289481310.0,rank_episode_i_the_phantom_menace,1.0,Episode I: The Phantom Menace,the_phantom_menace,1,1
3289472648.0,rank_episode_i_the_phantom_menace,1.0,Episode I: The Phantom Menace,the_phantom_menace,1,1
3289469330.0,rank_episode_i_the_phantom_menace,,Episode I: The Phantom Menace,the_phantom_menace,1,0
3289467778.0,rank_episode_i_the_phantom_menace,4.0,Episode I: The Phantom Menace,the_phantom_menace,1,1
3289467324.0,rank_episode_i_the_phantom_menace,4.0,Episode I: The Phantom Menace,the_phantom_menace,1,1
3289463626.0,rank_episode_i_the_phantom_menace,,Episode I: The Phantom Menace,the_phantom_menace,1,0
3289463066.0,rank_episode_i_the_phantom_menace,1.0,Episode I: The Phantom Menace,the_phantom_menace,1,1
3289459695.0,rank_episode_i_the_phantom_menace,,Episode I: The Phantom Menace,the_phantom_menace,1,0
3289458608.0,rank_episode_i_the_phantom_menace,5.0,Episode I: The Phantom Menace,the_phantom_menace,1,1
3289453110.0,rank_episode_i_the_phantom_menace,1.0,Episode I: The Phantom Menace,the_phantom_menace,1,1
3289450247.0,rank_episode_i_the_phantom_menace,,Episode I: The Phantom Menace,the_phantom_menace,1,0
3289450050.0,rank_episode_i_the_phantom_menace,6.0,Episode I: The Phantom Menace,the_phantom_menace,1,1
3289449176.0,rank_episode_i_the_phantom_menace,3.0,Episode I: The Phantom Menace,the_phantom_menace,1,1
3289448435.0,rank_episode_i_the_phantom_menace,4.0,Episode I: The Phantom Menace,the_phantom_menace,1,1
3289445841.0,rank_episode_i_the_phantom_menace,2.0,Episode I: The Phantom Menace,the_phantom_menace,1,1
3289437997.0,rank_episode_i_the_phantom_menace,,Episode I: The Phantom Menace,the_phantom_menace,1,0
3289436437.0,rank_episode_i_the_phantom_menace,4.0,Episode I: The Phantom Menace,the_phantom_menace,1,1
3289434297.0,rank_episode_i_the_phantom_menace,6.0,Episode I: The Phantom Menace,the_phantom_menace,1,1
3289425578.0,rank_episode_i_the_phantom_menace,6.0,Episode I: The Phantom Menace,the_phantom_menace,1,1
3289423303.0,rank_episode_i_the_phantom_menace,5.0,Episode I: The Phantom Menace,the_phantom_menace,1,1
3289419064.0,rank_episode_i_the_phantom_menace,,Episode I: The Phantom Menace,the_phantom_menace,1,0
3289418012.0,rank_episode_i_the_phantom_menace,,Episode I: The Phantom Menace,the_phantom_menace,1,0
3289416615.0,rank_episode_i_the_phantom_menace,4.0,Episode I: The Phantom Menace,the_phantom_menace,1,1
3289415200.0,rank_episode_i_the_phantom_menace,,Episode I: The Phantom Menace,the_phantom_menace,1,0
3289414959.0,rank_episode_i_the_phantom_menace,6.0,Episode I: The Phantom Menace,the_phantom_menace,1,1
3289414036.0,rank_episode_i_the_phantom_menace,2.0,Episode I: The Phantom Menace,the_phantom_menace,1,1
3289410507.0,rank_episode_i_the_phantom_menace,5.0,Episode I: The Phantom Menace,the_phantom_menace,1,1
3289410455.0,rank_episode_i_the_phantom_menace,5.0,Episode I: The Phantom Menace,the_phantom_menace,1,1
3289398157.0,rank_episode_i_the_phantom_menace,1.0,Episode I: The Phantom Menace,the_phantom_menace,1,1
3289394268.0,rank_episode_i_the_phantom_menace,4.0,Episode I: The Phantom Menace,the_phantom_menace,1,1
3289393495.0,rank_episode_i_the_phantom_menace,3.0,Episode I: The Phantom Menace,the_phantom_menace,1,1
3289392497.0,rank_episode_i_the_phantom_menace,6.0,Episode I: The Phantom Menace,the_phantom_menace,1,1
3289383220.0,rank_episode_i_the_phantom_menace,1.0,Episode I: The Phantom Menace,the_phantom_menace,1,1
3289381739.0,rank_episode_i_the_phantom_menace,6.0,Episode I: The Phantom Menace,the_phantom_menace,1,1
3289374653.0,rank_episode_i_the_phantom_menace,,Episode I: The Phantom Menace,the_phantom_menace,1,0
3289370623.0,rank_episode_i_the_phantom_menace,5.0,Episode I: The Phantom Menace,the_phantom_menace,1,1
3289369318.0,rank_episode_i_the_phantom_menace,6.0,Episode I: The Phantom Menace,the_phantom_menace,1,1
3289363684.0,rank_episode_i_the_phantom_menace,6.0,Episode I: The Phantom Menace,the_phantom_menace,1,1
3289358306.0,rank_episode_i_the_phantom_menace,1.0,Episode I: The Phantom Menace,the_phantom_menace,1,1
3289354975.0,rank_episode_i_the_phantom_menace,5.0,Episode I: The Phantom Menace,the_phantom_menace,1,1
3289351950.0,rank_episode_i_the_phantom_menace,1.0,Episode I: The Phantom Menace,the_phantom_menace,1,1
3289351379.0,rank_episode_i_the_phantom_menace,4.0,Episode I: The Phantom Menace,the_phantom_menace,1,1
3289341349.0,rank_episode_i_the_phantom_menace,,Episode I: The Phantom Menace,the_phantom_menace,1,0
3289334585.0,rank_episode_i_the_phantom_menace,,Episode I: The Phantom Menace,the_phantom_menace,1,0
3289334511.0,rank_episode_i_the_phantom_menace,,Episode I: The Phantom Menace,the_phantom_menace,1,0
3289322178.0,rank_episode_i_the_phantom_menace,2.0,Episode I: The Phantom Menace,the_phantom_menace,1,1
3289321600.0,rank_episode_i_the_phantom_menace,1.0,Episode I: The Phantom Menace,the_phantom_menace,1,1
3289317542.0,rank_episode_i_the_phantom_menace,4.0,Episode I: The Phantom Menace,the_phantom_menace,1,1
3289316592.0,rank_episode_i_the_phantom_menace,,Episode I: The Phantom Menace,the_phantom_menace,1,0
3289311086.0,rank_episode_i_the_phantom_menace,3.0,Episode I: The Phantom Menace,the_phantom_menace,1,1
3289305272.0,rank_episode_i_the_phantom_menace,,Episode I: The Phantom Menace,the_phantom_menace,1,0
3289302743.0,rank_episode_i_the_phantom_menace,,Episode I: The Phantom Menace,the_phantom_menace,1,0
3289301976.0,rank_episode_i_the_phantom_menace,,Episode I: The Phantom Menace,the_phantom_menace,1,0
3289282741.0,rank_episode_i_the_phantom_menace,,Episode I: The Phantom Menace,the_phantom_menace,1,0
3289281855.0,rank_episode_i_the_phantom_menace,,Episode I: The Phantom Menace,the_phantom_menace,1,0
3289279767.0,rank_episode_i_the_phantom_menace,,Episode I: The Phantom Menace,the_phantom_menace,1,0
3289274314.0,rank_episode_i_the_phantom_menace,6.0,Episode I: The Phantom Menace,the_phantom_menace,1,1
3289274207.0,rank_episode_i_the_phantom_menace,,Episode I: The Phantom Menace,the_phantom_menace,1,0
3289262699.0,rank_episode_i_the_phantom_menace,4.0,Episode I: The Phantom Menace,the_phantom_menace,1,1
3289262511.0,rank_episode_i_the_phantom_menace,1.0,Episode I: The Phantom Menace,the_phantom_menace,1,1
3289242777.0,rank_episode_i_the_phantom_menace,,Episode I: The Phantom Menace,the_phantom_menace,1,0
3289236782.0,rank_episode_i_the_phantom_menace,5.0,Episode I: The Phantom Menace,the_phantom_menace,1,1
3289198607.0,rank_episode_i_the_phantom_menace,2.0,Episode I: The Phantom Menace,the_phantom_menace,1,1
3289179421.0,rank_episode_i_the_phantom_menace,,Episode I: The Phantom Menace,the_phantom_menace,1,0
3289178815.0,rank_episode_i_the_phantom_menace,,Episode I: The Phantom Menace,the_phantom_menace,1,0
3289177383.0,rank_episode_i_the_phantom_menace,6.0,Episode I: The Phantom Menace,the_phantom_menace,1,1
3289172932.0,rank_episode_i_the_phantom_menace,,Episode I: The Phantom Menace,the_phantom_menace,1,0
3289156917.0,rank_episode_i_the_phantom_menace,6.0,Episode I: The Phantom Menace,the_phantom_menace,1,1
3289153001.0,rank_episode_i_the_phantom_menace,1.0,Episode I: The Phantom Menace,the_phantom_menace,1,1
3289148779.0,rank_episode_i_the_phantom_menace,1.0,Episode I: The Phantom Menace,the_phantom_menace,1,1
3289112999.0,rank_episode_i_the_phantom_menace,4.0,Episode I: The Phantom Menace,the_phantom_menace,1,1
3289095873.0,rank_episode_i_the_phantom_menace,1.0,Episode I: The Phantom Menace,the_phantom_menace,1,1
3289069642.0,rank_episode_i_the_phantom_menace,4.0,Episode I: The Phantom Menace,the_phantom_menace,1,1
3289064086.0,rank_episode_i_the_phantom_menace,3.0,Episode I: The Phantom Menace,the_phantom_menace,1,1
3289054324.0,rank_episode_i_the_phantom_menace,1.0,Episode I: The Phantom Menace,the_phantom_menace,1,1
3289049751.0,rank_episode_i_the_phantom_menace,1.0,Episode I: The Phantom Menace,the_phantom_menace,1,1
3289032654.0,rank_episode_i_the_phantom_menace,,Episode I: The Phantom Menace,the_phantom_menace,1,0
3288941294.0,rank_episode_i_the_phantom_menace,3.0,Episode I: The Phantom Menace,the_phantom_menace,1,1
3288846487.0,rank_episode_i_the_phantom_menace,4.0,Episode I: The Phantom Menace,the_phantom_menace,1,1
3288826742.0,rank_episode_i_the_phantom_menace,,Episode I: The Phantom Menace,the_phantom_menace,1,0
3288823234.0,rank_episode_i_the_phantom_menace,,Episode I: The Phantom Menace,the_phantom_menace,1,0
3288802482.0,rank_episode_i_the_phantom_menace,3.0,Episode I: The Phantom Menace,the_phantom_menace,1,1
3288793006.0,rank_episode_i_the_phantom_menace,1.0,Episode I: The Phantom Menace,the_phantom_menace,1,1
3288777560.0,rank_episode_i_the_phantom_menace,1.0,Episode I: The Phantom Menace,the_phantom_menace,1,1
3288772244.0,rank_episode_i_the_phantom_menace,4.0,Episode I: The Phantom Menace,the_phantom_menace,1,1
3288771826.0,rank_episode_i_the_phantom_menace,5.0,Episode I: The Phantom Menace,the_phantom_menace,1,1
3288750443.0,rank_episode_i_the_phantom_menace,6.0,Episode I: The Phantom Menace,the_phantom_menace,1,1
3288741236.0,rank_episode_i_the_phantom_menace,3.0,Episode I: The Phantom Menace,the_phantom_menace,1,1
3288740386.0,rank_episode_i_the_phantom_menace,2.0,Episode I: The Phantom Menace,the_phantom_menace,1,1
3288728912.0,rank_episode_i_the_phantom_menace,4.0,Episode I: The Phantom Menace,the_phantom_menace,1,1
3288723253.0,rank_episode_i_the_phantom_menace,,Episode I: The Phantom Menace,the_phantom_menace,1,0
3288722710.0,rank_episode_i_the_phantom_menace,4.0,Episode I: The Phantom Menace,the_phantom_menace,1,1
3288719090.0,rank_episode_i_the_phantom_menace,3.0,Episode I: The Phantom Menace,the_phantom_menace,1,1
3288718743.0,rank_episode_i_the_phantom_menace,4.0,Episode I: The Phantom Menace,the_phantom_menace,1,1
3288714827.0,rank_episode_i_the_phantom_menace,4.0,Episode I: The Phantom Menace,the_phantom_menace,1,1
3288714697.0,rank_episode_i_the_phantom_menace,3.0,Episode I: The Phantom Menace,the_phantom_menace,1,1
3288713721.0,rank_episode_i_the_phantom_menace,5.0,Episode I: The Phantom Menace,the_phantom_menace,1,1
3288713570.0,rank_episode_i_the_phantom_menace,4.0,Episode I: The Phantom Menace,the_phantom_menace,1,1
3288712832.0,rank_episode_i_the_phantom_menace,1.0,Episode I: The Phantom Menace,the_phantom_menace,1,1
3288704807.0,rank_episode_i_the_phantom_menace,6.0,Episode I: The Phantom Menace,the_phantom_menace,1,1
3288702291.0,rank_episode_i_the_phantom_menace,6.0,Episode I: The Phantom Menace,the_phantom_menace,1,1
3288700554.0,rank_episode_i_the_phantom_menace,2.0,Episode I: The Phantom Menace,the_phantom_menace,1,1
3288699973.0,rank_episode_i_the_phantom_menace,,Episode I: The Phantom Menace,the_phantom_menace,1,0
3288698545.0,rank_episode_i_the_phantom_menace,,Episode I: The Phantom Menace,the_phantom_menace,1,0
3288698085.0,rank_episode_i_the_phantom_menace,1.0,Episode I: The Phantom Menace,the_phantom_menace,1,1
3288697760.0,rank_episode_i_the_phantom_menace,1.0,Episode I: The Phantom Menace,the_phantom_menace,1,1
3288696158.0,rank_episode_i_the_phantom_menace,,Episode I: The Phantom Menace,the_phantom_menace,1,0
3288694272.0,rank_episode_i_the_phantom_menace,,Episode I: The Phantom Menace,the_phantom_menace,1,0
3288690295.0,rank_episode_i_the_phantom_menace,4.0,Episode I: The Phantom Menace,the_phantom_menace,1,1
3288689621.0,rank_episode_i_the_phantom_menace,,Episode I: The Phantom Menace,the_phantom_menace,1,0
3288687502.0,rank_episode_i_the_phantom_menace,1.0,Episode I: The Phantom Menace,the_phantom_menace,1,1
3288685641.0,rank_episode_i_the_phantom_menace,3.0,Episode I: The Phantom Menace,the_phantom_menace,1,1
3288683262.0,rank_episode_i_the_phantom_menace,,Episode I: The Phantom Menace,the_phantom_menace,1,0
3288683105.0,rank_episode_i_the_phantom_menace,5.0,Episode I: The Phantom Menace,the_phantom_menace,1,1
3288682774.0,rank_episode_i_the_phantom_menace,,Episode I: The Phantom Menace,the_phantom_menace,1,0
3288682656.0,rank_episode_i_the_phantom_menace,6.0,Episode I: The Phantom Menace,the_phantom_menace,1,1
3288678886.0,rank_episode_i_the_phantom_menace,3.0,Episode I: The Phantom Menace,the_phantom_menace,1,1
3288675923.0,rank_episode_i_the_phantom_menace,2.0,Episode I: The Phantom Menace,the_phantom_menace,1,1
3288672490.0,rank_episode_i_the_phantom_menace,3.0,Episode I: The Phantom Menace,the_phantom_menace,1,1
3288672409.0,rank_episode_i_the_phantom_menace,4.0,Episode I: The Phantom Menace,the_phantom_menace,1,1
3288672197.0,rank_episode_i_the_phantom_menace,,Episode I: The Phantom Menace,the_phantom_menace,1,0
3288671359.0,rank_episode_i_the_phantom_menace,1.0,Episode I: The Phantom Menace,the_phantom_menace,1,1
3288671328.0,rank_episode_i_the_phantom_menace,6.0,Episode I: The Phantom Menace,the_phantom_menace,1,1
3288670345.0,rank_episode_i_the_phantom_menace,5.0,Episode I: The Phantom Menace,the_phantom_menace,1,1
3288668791.0,rank_episode_i_the_phantom_menace,2.0,Episode I: The Phantom Menace,the_phantom_menace,1,1
3288668404.0,rank_episode_i_the_phantom_menace,,Episode I: The Phantom Menace,the_phantom_menace,1,0
3288668176.0,rank_episode_i_the_phantom_menace,5.0,Episode I: The Phantom Menace,the_phantom_menace,1,1
3288666429.0,rank_episode_i_the_phantom_menace,,Episode I: The Phantom Menace,the_phantom_menace,1,0
3288665797.0,rank_episode_i_the_phantom_menace,,Episode I: The Phantom Menace,the_phantom_menace,1,0
3288665355.0,rank_episode_i_the_phantom_menace,,Episode I: The Phantom Menace,the_phantom_menace,1,0
3288662617.0,rank_episode_i_the_phantom_menace,,Episode I: The Phantom Menace,the_phantom_menace,1,0
3288660175.0,rank_episode_i_the_phantom_menace,6.0,Episode I: The Phantom Menace,the_phantom_menace,1,1
3288657866.0,rank_episode_i_the_phantom_menace,2.0,Episode I: The Phantom Menace,the_phantom_menace,1,1
3288657113.0,rank_episode_i_the_phantom_menace,4.0,Episode I: The Phantom Menace,the_phantom_menace,1,1
3288653945.0,rank_episode_i_the_phantom_menace,,Episode I: The Phantom Menace,the_phantom_menace,1,0
3288653548.0,rank_episode_i_the_phantom_menace,1.0,Episode I: The Phantom Menace,the_phantom_menace,1,1
3288653332.0,rank_episode_i_the_phantom_menace,,Episode I: The Phantom Menace,the_phantom_menace,1,0
3288653149.0,rank_episode_i_the_phantom_menace,3.0,Episode I: The Phantom Menace,the_phantom_menace,1,1
3288650455.0,rank_episode_i_the_phantom_menace,6.0,Episode I: The Phantom Menace,the_phantom_menace,1,1
3288649171.0,rank_episode_i_the_phantom_menace,,Episode I: The Phantom Menace,the_phantom_menace,1,0
3288647913.0,rank_episode_i_the_phantom_menace,2.0,Episode I: The Phantom Menace,the_phantom_menace,1,1
3288647623.0,rank_episode_i_the_phantom_menace,4.0,Episode I: The Phantom Menace,the_phantom_menace,1,1
3288644592.0,rank_episode_i_the_phantom_menace,2.0,Episode I: The Phantom Menace,the_phantom_menace,1,1
3288644163.0,rank_episode_i_the_phantom_menace,5.0,Episode I: The Phantom Menace,the_phantom_menace,1,1
3288641278.0,rank_episode_i_the_phantom_menace,,Episode I: The Phantom Menace,the_phantom_menace,1,0
3288639879.0,rank_episode_i_the_phantom_menace,,Episode I: The Phantom Menace,the_phantom_menace,1,0
3288639732.0,rank_episode_i_the_phantom_menace,,Episode I: The Phantom Menace,the_phantom_menace,1,0
3288639377.0,rank_episode_i_the_phantom_menace,2.0,Episode I: The Phantom Menace,the_phantom_menace,1,1
3288638640.0,rank_episode_i_the_phantom_menace,,Episode I: The Phantom Menace,the_phantom_menace,1,0
3288635451.0,rank_episode_i_the_phantom_menace,1.0,Episode I: The Phantom Menace,the_phantom_menace,1,1
3288633861.0,rank_episode_i_the_phantom_menace,,Episode I: The Phantom Menace,the_phantom_menace,1,0
3288629979.0,rank_episode_i_the_phantom_menace,3.0,Episode I: The Phantom Menace,the_phantom_menace,1,1
3288627180.0,rank_episode_i_the_phantom_menace,,Episode I: The Phantom Menace,the_phantom_menace,1,0
3288625580.0,rank_episode_i_the_phantom_menace,3.0,Episode I: The Phantom Menace,the_phantom_menace,1,1
3288623870.0,rank_episode_i_the_phantom_menace,2.0,Episode I: The Phantom Menace,the_phantom_menace,1,1
3288623420.0,rank_episode_i_the_phantom_menace,,Episode I: The Phantom Menace,the_phantom_menace,1,0
3288623033.0,rank_episode_i_the_phantom_menace,5.0,Episode I: The Phantom Menace,the_phantom_menace,1,1
3288620198.0,rank_episode_i_the_phantom_menace,4.0,Episode I: The Phantom Menace,the_phantom_menace,1,1
3288618459.0,rank_episode_i_the_phantom_menace,3.0,Episode I: The Phantom Menace,the_phantom_menace,1,1
3288617343.0,rank_episode_i_the_phantom_menace,,Episode I: The Phantom Menace,the_phantom_menace,1,0
3288617091.0,rank_episode_i_the_phantom_menace,4.0,Episode I: The Phantom Menace,the_phantom_menace,1,1
3288614671.0,rank_episode_i_the_phantom_menace,5.0,Episode I: The Phantom Menace,the_phantom_menace,1,1
3288614539.0,rank_episode_i_the_phantom_menace,6.0,Episode I: The Phantom Menace,the_phantom_menace,1,1
3288614195.0,rank_episode_i_the_phantom_menace,2.0,Episode I: The Phantom Menace,the_phantom_menace,1,1
3288613051.0,rank_episode_i_the_phantom_menace,,Episode I: The Phantom Menace,the_phantom_menace,1,0
3288609566.0,rank_episode_i_the_phantom_menace,6.0,Episode I: The Phantom Menace,the_phantom_menace,1,1
3288608965.0,rank_episode_i_the_phantom_menace,,Episode I: The Phantom Menace,the_phantom_menace,1,0
3288604946.0,rank_episode_i_the_phantom_menace,3.0,Episode I: The Phantom Menace,the_phantom_menace,1,1
3288602883.0,rank_episode_i_the_phantom_menace,4.0,Episode I: The Phantom Menace,the_phantom_menace,1,1
3288601847.0,rank_episode_i_the_phantom_menace,5.0,Episode I: The Phantom Menace,the_phantom_menace,1,1
3288601827.0,rank_episode_i_the_phantom_menace,,Episode I: The Phantom Menace,the_phantom_menace,1,0
3288599799.0,rank_episode_i_the_phantom_menace,5.0,Episode I: The Phantom Menace,the_phantom_menace,1,1
3288599067.0,rank_episode_i_the_phantom_menace,4.0,Episode I: The Phantom Menace,the_phantom_menace,1,1
3288593331.0,rank_episode_i_the_phantom_menace,,Episode I: The Phantom Menace,the_phantom_menace,1,0
3288590836.0,rank_episode_i_the_phantom_menace,,Episode I: The Phantom Menace,the_phantom_menace,1,0
3288588424.0,rank_episode_i_the_phantom_menace,,Episode I: The Phantom Menace,the_phantom_menace,1,0
3288587373.0,rank_episode_i_the_phantom_menace,6.0,Episode I: The Phantom Menace,the_phantom_menace,1,1
3288586178.0,rank_episode_i_the_phantom_menace,4.0,Episode I: The Phantom Menace,the_phantom_menace,1,1
3288585053.0,rank_episode_i_the_phantom_menace,6.0,Episode I: The Phantom Menace,the_phantom_menace,1,1
3288584578.0,rank_episode_i_the_phantom_menace,6.0,Episode I: The Phantom Menace,the_phantom_menace,1,1
3288583884.0,rank_episode_i_the_phantom_menace,4.0,Episode I: The Phantom Menace,the_phantom_menace,1,1
3288583591.0,rank_episode_i_the_phantom_menace,,Episode I: The Phantom Menace,the_phantom_menace,1,0
3288581774.0,rank_episode_i_the_phantom_menace,,Episode I: The Phantom Menace,the_phantom_menace,1,0
3288580684.0,rank_episode_i_the_phantom_menace,,Episode I: The Phantom Menace,the_phantom_menace,1,0
3288580145.0,rank_episode_i_the_phantom_menace,,Episode I: The Phantom Menace,the_phantom_menace,1,0
3288579719.0,rank_episode_i_the_phantom_menace,,Episode I: The Phantom Menace,the_phantom_menace,1,0
3288579445.0,rank_episode_i_the_phantom_menace,,Episode I: The Phantom Menace,the_phantom_menace,1,0
3288578983.0,rank_episode_i_the_phantom_menace,5.0,Episode I: The Phantom Menace,the_phantom_menace,1,1
3288578072.0,rank_episode_i_the_phantom_menace,4.0,Episode I: The Phantom Menace,the_phantom_menace,1,1
3288576462.0,rank_episode_i_the_phantom_menace,4.0,Episode I: The Phantom Menace,the_phantom_menace,1,1
3288574703.0,rank_episode_i_the_phantom_menace,6.0,Episode I: The Phantom Menace,the_phantom_menace,1,1
3288571196.0,rank_episode_i_the_phantom_menace,2.0,Episode I: The Phantom Menace,the_phantom_menace,1,1
3288568534.0,rank_episode_i_the_phantom_menace,5.0,Episode I: The Phantom Menace,the_phantom_menace,1,1
3288567242.0,rank_episode_i_the_phantom_menace,4.0,Episode I: The Phantom Menace,the_phantom_menace,1,1
3288567154.0,rank_episode_i_the_phantom_menace,6.0,Episode I: The Phantom Menace,the_phantom_menace,1,1
3288563970.0,rank_episode_i_the_phantom_menace,,Episode I: The Phantom Menace,the_phantom_menace,1,0
3288563342.0,rank_episode_i_the_phantom_menace,,Episode I: The Phantom Menace,the_phantom_menace,1,0
3288563065.0,rank_episode_i_the_phantom_menace,4.0,Episode I: The Phantom Menace,the_phantom_menace,1,1
3288559700.0,rank_episode_i_the_phantom_menace,,Episode I: The Phantom Menace,the_phantom_menace,1,0
3288559015.0,rank_episode_i_the_phantom_menace,1.0,Episode I: The Phantom Menace,the_phantom_menace,1,1
3288558131.0,rank_episode_i_the_phantom_menace,4.0,Episode I: The Phantom Menace,the_phantom_menace,1,1
3288557322.0,rank_episode_i_the_phantom_menace,,Episode I: The Phantom Menace,the_phantom_menace,1,0
3288553903.0,rank_episode_i_the_phantom_menace,6.0,Episode I: The Phantom Menace,the_phantom_menace,1,1
3288553457.0,rank_episode_i_the_phantom_menace,,Episode I: The Phantom Menace,the_phantom_menace,1,0
3288552984.0,rank_episode_i_the_phantom_menace,4.0,Episode I: The Phantom Menace,the_phantom_menace,1,1
3288551156.0,rank_episode_i_the_phantom_menace,,Episode I: The Phantom Menace,the_phantom_menace,1,0
3288549677.0,rank_episode_i_the_phantom_menace,,Episode I: The Phantom Menace,the_phantom_menace,1,0
3288547379.0,rank_episode_i_the_phantom_menace,3.0,Episode I: The Phantom Menace,the_phantom_menace,1,1
3288545527.0,rank_episode_i_the_phantom_menace,3.0,Episode I: The Phantom Menace,the_phantom_menace,1,1
3288544295.0,rank_episode_i_the_phantom_menace,3.0,Episode I: The Phantom Menace,the_phantom_menace,1,1
3288539645.0,rank_episode_i_the_phantom_menace,,Episode I: The Phantom Menace,the_phantom_menace,1,0
3288538248.0,rank_episode_i_the_phantom_menace,4.0,Episode I: The Phantom Menace,the_phantom_menace,1,1
3288536532.0,rank_episode_i_the_phantom_menace,4.0,Episode I: The Phantom Menace,the_phantom_menace,1,1
3288534023.0,rank_episode_i_the_phantom_menace,2.0,Episode I: The Phantom Menace,the_phantom_menace,1,1
3288532773.0,rank_episode_i_the_phantom_menace,,Episode I: The Phantom Menace,the_phantom_menace,1,0
3288532255.0,rank_episode_i_the_phantom_menace,,Episode I: The Phantom Menace,the_phantom_menace,1,0
3288526244.0,rank_episode_i_the_phantom_menace,,Episode I: The Phantom Menace,the_phantom_menace,1,0
3288524042.0,rank_episode_i_the_phantom_menace,4.0,Episode I: The Phantom Menace,the_phantom_menace,1,1
3288523874.0,rank_episode_i_the_phantom_menace,6.0,Episode I: The Phantom Menace,the_phantom_menace,1,1
3288522525.0,rank_episode_i_the_phantom_menace,4.0,Episode I: The Phantom Menace,the_phantom_menace,1,1
3288522488.0,rank_episode_i_the_phantom_menace,5.0,Episode I: The Phantom Menace,the_phantom_menace,1,1
3288521325.0,rank_episode_i_the_phantom_menace,6.0,Episode I: The Phantom Menace,the_phantom_menace,1,1
3288519037.0,rank_episode_i_the_phantom_menace,1.0,Episode I: The Phantom Menace,the_phantom_menace,1,1
3288516295.0,rank_episode_i_the_phantom_menace,3.0,Episode I: The Phantom Menace,the_phantom_menace,1,1
3288515773.0,rank_episode_i_the_phantom_menace,4.0,Episode I: The Phantom Menace,the_phantom_menace,1,1
3288514217.0,rank_episode_i_the_phantom_menace,4.0,Episode I: The Phantom Menace,the_phantom_menace,1,1
3288513045.0,rank_episode_i_the_phantom_menace,,Episode I: The Phantom Menace,the_phantom_menace,1,0
3288512822.0,rank_episode_i_the_phantom_menace,3.0,Episode I: The Phantom Menace,the_phantom_menace,1,1
3288512665.0,rank_episode_i_the_phantom_menace,6.0,Episode I: The Phantom Menace,the_phantom_menace,1,1
3288512020.0,rank_episode_i_the_phantom_menace,,Episode I: The Phantom Menace,the_phantom_menace,1,0
3288511686.0,rank_episode_i_the_phantom_menace,,Episode I: The Phantom Menace,the_phantom_menace,1,0
3288511180.0,rank_episode_i_the_phantom_menace,1.0,Episode I: The Phantom Menace,the_phantom_menace,1,1
3288509415.0,rank_episode_i_the_phantom_menace,3.0,Episode I: The Phantom Menace,the_phantom_menace,1,1
3288506275.0,rank_episode_i_the_phantom_menace,5.0,Episode I: The Phantom Menace,the_phantom_menace,1,1
3288505925.0,rank_episode_i_the_phantom_menace,4.0,Episode I: The Phantom Menace,the_phantom_menace,1,1
3288505737.0,rank_episode_i_the_phantom_menace,6.0,Episode I: The Phantom Menace,the_phantom_menace,1,1
3288505216.0,rank_episode_i_the_phantom_menace,,Episode I: The Phantom Menace,the_phantom_menace,1,0
3288505151.0,rank_episode_i_the_phantom_menace,,Episode I: The Phantom Menace,the_phantom_menace,1,0
3288504398.0,rank_episode_i_the_phantom_menace,1.0,Episode I: The Phantom Menace,the_phantom_menace,1,1
3288502884.0,rank_episode_i_the_phantom_menace,4.0,Episode I: The Phantom Menace,the_phantom_menace,1,1
3288501301.0,rank_episode_i_the_phantom_menace,3.0,Episode I: The Phantom Menace,the_phantom_menace,1,1
3288499757.0,rank_episode_i_the_phantom_menace,,Episode I: The Phantom Menace,the_phantom_menace,1,0
3288498715.0,rank_episode_i_the_phantom_menace,1.0,Episode I: The Phantom Menace,the_phantom_menace,1,1
3288497532.0,rank_episode_i_the_phantom_menace,,Episode I: The Phantom Menace,the_phantom_menace,1,0
3288497228.0,rank_episode_i_the_phantom_menace,1.0,Episode I: The Phantom Menace,the_phantom_menace,1,1
3288497010.0,rank_episode_i_the_phantom_menace,,Episode I: The Phantom Menace,the_phantom_menace,1,0
3288493077.0,rank_episode_i_the_phantom_menace,1.0,Episode I: The Phantom Menace,the_phantom_menace,1,1
3288492006.0,rank_episode_i_the_phantom_menace,3.0,Episode I: The Phantom Menace,the_phantom_menace,1,1
3288484535.0,rank_episode_i_the_phantom_menace,3.0,Episode I: The Phantom Menace,the_phantom_menace,1,1
3288482717.0,rank_episode_i_the_phantom_menace,4.0,Episode I: The Phantom Menace,the_phantom_menace,1,1
3288482581.0,rank_episode_i_the_phantom_menace,5.0,Episode I: The Phantom Menace,the_phantom_menace,1,1
3288482369.0,rank_episode_i_the_phantom_menace,1.0,Episode I: The Phantom Menace,the_phantom_menace,1,1
3288479368.0,rank_episode_i_the_phantom_menace,4.0,Episode I: The Phantom Menace,the_phantom_menace,1,1
3288479074.0,rank_episode_i_the_phantom_menace,,Episode I: The Phantom Menace,the_phantom_menace,1,0
3288477753.0,rank_episode_i_the_phantom_menace,1.0,Episode I: The Phantom Menace,the_phantom_menace,1,1
3288476971.0,rank_episode_i_the_phantom_menace,6.0,Episode I: The Phantom Menace,the_phantom_menace,1,1
3288472373.0,rank_episode_i_the_phantom_menace,,Episode I: The Phantom Menace,the_phantom_menace,1,0
3288471192.0,rank_episode_i_the_phantom_menace,,Episode I: The Phantom Menace,the_phantom_menace,1,0
3288469670.0,rank_episode_i_the_phantom_menace,,Episode I: The Phantom Menace,the_phantom_menace,1,0
3288469047.0,rank_episode_i_the_phantom_menace,4.0,Episode I: The Phantom Menace,the_phantom_menace,1,1
3288460192.0,rank_episode_i_the_phantom_menace,,Episode I: The Phantom Menace,the_phantom_menace,1,0
3288459190.0,rank_episode_i_the_phantom_menace,1.0,Episode I: The Phantom Menace,the_phantom_menace,1,1
3288458873.0,rank_episode_i_the_phantom_menace,,Episode I: The Phantom Menace,the_phantom_menace,1,0
3288456946.0,rank_episode_i_the_phantom_menace,4.0,Episode I: The Phantom Menace,the_phantom_menace,1,1
3288455900.0,rank_episode_i_the_phantom_menace,,Episode I: The Phantom Menace,the_phantom_menace,1,0
3288453555.0,rank_episode_i_the_phantom_menace,1.0,Episode I: The Phantom Menace,the_phantom_menace,1,1
3288446700.0,rank_episode_i_the_phantom_menace,3.0,Episode I: The Phantom Menace,the_phantom_menace,1,1
3288446529.0,rank_episode_i_the_phantom_menace,4.0,Episode I: The Phantom Menace,the_phantom_menace,1,1
3288445926.0,rank_episode_i_the_phantom_menace,6.0,Episode I: The Phantom Menace,the_phantom_menace,1,1
3288444784.0,rank_episode_i_the_phantom_menace,5.0,Episode I: The Phantom Menace,the_phantom_menace,1,1
3288442728.0,rank_episode_i_the_phantom_menace,3.0,Episode I: The Phantom Menace,the_phantom_menace,1,1
3288436226.0,rank_episode_i_the_phantom_menace,,Episode I: The Phantom Menace,the_phantom_menace,1,0
3288432395.0,rank_episode_i_the_phantom_menace,,Episode I: The Phantom Menace,the_phantom_menace,1,0
3288429451.0,rank_episode_i_the_phantom_menace,6.0,Episode I: The Phantom Menace,the_phantom_menace,1,1
3288429390.0,rank_episode_i_the_phantom_menace,,Episode I: The Phantom Menace,the_phantom_menace,1,0
3288429092.0,rank_episode_i_the_phantom_menace,6.0,Episode I: The Phantom Menace,the_phantom_menace,1,1
3288428243.0,rank_episode_i_the_phantom_menace,4.0,Episode I: The Phantom Menace,the_phantom_menace,1,1
3288425859.0,rank_episode_i_the_phantom_menace,3.0,Episode I: The Phantom Menace,the_phantom_menace,1,1
3288423088.0,rank_episode_i_the_phantom_menace,,Episode I: The Phantom Menace,the_phantom_menace,1,0
3288423045.0,rank_episode_i_the_phantom_menace,2.0,Episode I: The Phantom Menace,the_phantom_menace,1,1
3288421819.0,rank_episode_i_the_phantom_menace,,Episode I: The Phantom Menace,the_phantom_menace,1,0
3288420798.0,rank_episode_i_the_phantom_menace,3.0,Episode I: The Phantom Menace,the_phantom_menace,1,1
3288417782.0,rank_episode_i_the_phantom_menace,3.0,Episode I: The Phantom Menace,the_phantom_menace,1,1
3288417641.0,rank_episode_i_the_phantom_menace,4.0,Episode I: The Phantom Menace,the_phantom_menace,1,1
3288416959.0,rank_episode_i_the_phantom_menace,5.0,Episode I: The Phantom Menace,the_phantom_menace,1,1
3288415166.0,rank_episode_i_the_phantom_menace,5.0,Episode I: The Phantom Menace,the_phantom_menace,1,1
3288414025.0,rank_episode_i_the_phantom_menace,5.0,Episode I: The Phantom Menace,the_phantom_menace,1,1
3288413441.0,rank_episode_i_the_phantom_menace,6.0,Episode I: The Phantom Menace,the_phantom_menace,1,1
3288410348.0,rank_episode_i_the_phantom_menace,3.0,Episode I: The Phantom Menace,the_phantom_menace,1,1
3288410073.0,rank_episode_i_the_phantom_menace,,Episode I: The Phantom Menace,the_phantom_menace,1,0
3288408698.0,rank_episode_i_the_phantom_menace,4.0,Episode I: The Phantom Menace,the_phantom_menace,1,1
3288402717.0,rank_episode_i_the_phantom_menace,,Episode I: The Phantom Menace,the_phantom_menace,1,0
3288402643.0,rank_episode_i_the_phantom_menace,6.0,Episode I: The Phantom Menace,the_phantom_menace,1,1
3288402592.0,rank_episode_i_the_phantom_menace,2.0,Episode I: The Phantom Menace,the_phantom_menace,1,1
3288402511.0,rank_episode_i_the_phantom_menace,5.0,Episode I: The Phantom Menace,the_phantom_menace,1,1
3288401681.0,rank_episode_i_the_phantom_menace,1.0,Episode I: The Phantom Menace,the_phantom_menace,1,1
3288401136.0,rank_episode_i_the_phantom_menace,1.0,Episode I: The Phantom Menace,the_phantom_menace,1,1
3288398062.0,rank_episode_i_the_phantom_menace,2.0,Episode I: The Phantom Menace,the_phantom_menace,1,1
3288396374.0,rank_episode_i_the_phantom_menace,1.0,Episode I: The Phantom Menace,the_phantom_menace,1,1
3288395255.0,rank_episode_i_the_phantom_menace,,Episode I: The Phantom Menace,the_phantom_menace,1,0
3288391812.0,rank_episode_i_the_phantom_menace,3.0,Episode I: The Phantom Menace,the_phantom_menace,1,1
3288389603.0,rank_episode_i_the_phantom_menace,3.0,Episode I: The Phantom Menace,the_phantom_menace,1,1
3288388730.0,rank_episode_i_the_phantom_menace,5.0,Episode I: The Phantom Menace,the_phantom_menace,1,1
3288378779.0,rank_episode_i_the_phantom_menace,4.0,Episode I: The Phantom Menace,the_phantom_menace,1,1
3288375286.0,rank_episode_i_the_phantom_menace,,Episode I: The Phantom Menace,the_phantom_menace,1,0
3288373068.0,rank_episode_i_the_phantom_menace,4.0,Episode I: The Phantom Menace,the_phantom_menace,1,1
3288372923.0,rank_episode_i_the_phantom_menace,6.0,Episode I: The Phantom Menace,the_phantom_menace,1,1
3292879998.0,rank_episode_ii_attack_of_the_clones,2.0,Episode II: Attack of the Clones,attack_of_the_clones,2,1
3292879538.0,rank_episode_ii_attack_of_the_clones,,Episode II: Attack of the Clones,attack_of_the_clones,2,0
3292765271.0,rank_episode_ii_attack_of_the_clones,2.0,Episode II: Attack of the Clones,attack_of_the_clones,2,1
3292763116.0,rank_episode_ii_attack_of_the_clones,6.0,Episode II: Attack of the Clones,attack_of_the_clones,2,1
3292731220.0,rank_episode_ii_attack_of_the_clones,4.0,Episode II: Attack of the Clones,attack_of_the_clones,2,1
3292719380.0,rank_episode_ii_attack_of_the_clones,4.0,Episode II: Attack of the Clones,attack_of_the_clones,2,1
3292684787.0,rank_episode_ii_attack_of_the_clones,5.0,Episode II: Attack of the Clones,attack_of_the_clones,2,1
3292663732.0,rank_episode_ii_attack_of_the_clones,5.0,Episode II: Attack of the Clones,attack_of_the_clones,2,1
3292654043.0,rank_episode_ii_attack_of_the_clones,4.0,Episode II: Attack of the Clones,attack_of_the_clones,2,1
3292640424.0,rank_episode_ii_attack_of_the_clones,2.0,Episode II: Attack of the Clones,attack_of_the_clones,2,1
3292637870.0,rank_episode_ii_attack_of_the_clones,,Episode II: Attack of the Clones,attack_of_the_clones,2,0
3292635062.0,rank_episode_ii_attack_of_the_clones,,Episode II: Attack of the Clones,attack_of_the_clones,2,0
3292609214.0,rank_episode_ii_attack_of_the_clones,4.0,Episode II: Attack of the Clones,attack_of_the_clones,2,1
3292596911.0,rank_episode_ii_attack_of_the_clones,5.0,Episode II: Attack of the Clones,attack_of_the_clones,2,1
3292587240.0,rank_episode_ii_attack_of_the_clones,2.0,Episode II: Attack of the Clones,attack_of_the_clones,2,1
3292583038.0,rank_episode_ii_attack_of_the_clones,6.0,Episode II: Attack of the Clones,attack_of_the_clones,2,1
3292580516.0,rank_episode_ii_attack_of_the_clones,1.0,Episode II: Attack of the Clones,attack_of_the_clones,2,1
3292572872.0,rank_episode_ii_attack_of_the_clones,2.0,Episode II: Attack of the Clones,attack_of_the_clones,2,1
3292565282.0,rank_episode_ii_attack_of_the_clones,5.0,Episode II: Attack of the Clones,attack_of_the_clones,2,1
3292562297.0,rank_episode_ii_attack_of_the_clones,5.0,Episode II: Attack of the Clones,attack_of_the_clones,2,1
3292522349.0,rank_episode_ii_attack_of_the_clones,5.0,Episode II: Attack of the Clones,attack_of_the_clones,2,1
3292521066.0,rank_episode_ii_attack_of_the_clones,4.0,Episode II: Attack of the Clones,attack_of_the_clones,2,1
3292511801.0,rank_episode_ii_attack_of_the_clones,5.0,Episode II: Attack of the Clones,attack_of_the_clones,2,1
3292483200.0,rank_episode_ii_attack_of_the_clones,1.0,Episode II: Attack of the Clones,attack_of_the_clones,2,1
3292465491.0,rank_episode_ii_attack_of_the_clones,2.0,Episode II: Attack of the Clones,attack_of_the_clones,2,1
3292447974.0,rank_episode_ii_attack_of_the_clones,,Episode II: Attack of the Clones,attack_of_the_clones,2,0
3292420123.0,rank_episode_ii_attack_of_the_clones,6.0,Episode II: Attack of the Clones,attack_of_the_clones,2,1
3292384040.0,rank_episode_ii_attack_of_the_clones,5.0,Episode II: Attack of the Clones,attack_of_the_clones,2,1
3292380493.0,rank_episode_ii_attack_of_the_clones,5.0,Episode II: Attack of the Clones,attack_of_the_clones,2,1
3292376985.0,rank_episode_ii_attack_of_the_clones,6.0,Episode II: Attack of the Clones,attack_of_the_clones,2,1
3292366792.0,rank_episode_ii_attack_of_the_clones,3.0,Episode II: Attack of the Clones,attack_of_the_clones,2,1
3292339379.0,rank_episode_ii_attack_of_the_clones,5.0,Episode II: Attack of the Clones,attack_of_the_clones,2,1
3292330840.0,rank_episode_ii_attack_of_the_clones,1.0,Episode II: Attack of the Clones,attack_of_the_clones,2,1
3292318652.0,rank_episode_ii_attack_of_the_clones,1.0,Episode II: Attack of the Clones,attack_of_the_clones,2,1
3292297848.0,rank_episode_ii_attack_of_the_clones,,Episode II: Attack of the Clones,attack_of_the_clones,2,0
3292290677.0,rank_episode_ii_attack_of_the_clones,3.0,Episode II: Attack of the Clones,attack_of_the_clones,2,1
3292281095.0,rank_episode_ii_attack_of_the_clones,2.0,Episode II: Attack of the Clones,attack_of_the_clones,2,1
3292279889.0,rank_episode_ii_attack_of_the_clones,4.0,Episode II: Attack of the Clones,attack_of_the_clones,2,1
3292264069.0,rank_episode_ii_attack_of_the_clones,3.0,Episode II: Attack of the Clones,attack_of_the_clones,2,1
3292257520.0,rank_episode_ii_attack_of_the_clones,5.0,Episode II: Attack of the Clones,attack_of_the_clones,2,1
3292249492.0,rank_episode_ii_attack_of_the_clones,6.0,Episode II: Attack of the Clones,attack_of_the_clones,2,1
3292222729.0,rank_episode_ii_attack_of_the_clones,5.0,Episode II: Attack of the Clones,attack_of_the_clones,2,1
3292221635.0,rank_episode_ii_attack_of_the_clones,6.0,Episode II: Attack of the Clones,attack_of_the_clones,2,1
3292218251.0,rank_episode_ii_attack_of_the_clones,5.0,Episode II: Attack of the Clones,attack_of_the_clones,2,1
3292214307.0,rank_episode_ii_attack_of_the_clones,6.0,Episode II: Attack of the Clones,attack_of_the_clones,2,1
3292210606.0,rank_episode_ii_attack_of_the_clones,5.0,Episode II: Attack of the Clones,attack_of_the_clones,2,1
3292202220.0,rank_episode_ii_attack_of_the_clones,,Episode II: Attack of the Clones,attack_of_the_clones,2,0
3292189580.0,rank_episode_ii_attack_of_the_clones,4.0,Episode II: Attack of the Clones,attack_of_the_clones,2,1
3292187343.0,rank_episode_ii_attack_of_the_clones,5.0,Episode II: Attack of the Clones,attack_of_the_clones,2,1
3292186608.0,rank_episode_ii_attack_of_the_clones,,Episode II: Attack of the Clones,attack_of_the_clones,2,0
3292178389.0,rank_episode_ii_attack_of_the_clones,6.0,Episode II: Attack of the Clones,attack_of_the_clones,2,1
3292176862.0,rank_episode_ii_attack_of_the_clones,4.0,Episode II: Attack of the Clones,attack_of_the_clones,2,1
3292173922.0,rank_episode_ii_attack_of_the_clones,5.0,Episode II: Attack of the Clones,attack_of_the_clones,2,1
3292167131.0,rank_episode_ii_attack_of_the_clones,6.0,Episode II: Attack of the Clones,attack_of_the_clones,2,1
3292162057.0,rank_episode_ii_attack_of_the_clones,5.0,Episode II: Attack of the Clones,attack_of_the_clones,2,1
3292161407.0,rank_episode_ii_attack_of_the_clones,,Episode II: Attack of the Clones,attack_of_the_clones,2,0
3292156614.0,rank_episode_ii_attack_of_the_clones,6.0,Episode II: Attack of the Clones,attack_of_the_clones,2,1
3292148570.0,rank_episode_ii_attack_of_the_clones,4.0,Episode II: Attack of the Clones,attack_of_the_clones,2,1
3292144665.0,rank_episode_ii_attack_of_the_clones,4.0,Episode II: Attack of the Clones,attack_of_the_clones,2,1
3292143503.0,rank_episode_ii_attack_of_the_clones,4.0,Episode II: Attack of the Clones,attack_of_the_clones,2,1
3292131636.0,rank_episode_ii_attack_of_the_clones,6.0,Episode II: Attack of the Clones,attack_of_the_clones,2,1
3292125068.0,rank_episode_ii_attack_of_the_clones,2.0,Episode II: Attack of the Clones,attack_of_the_clones,2,1
3292120160.0,rank_episode_ii_attack_of_the_clones,5.0,Episode II: Attack of the Clones,attack_of_the_clones,2,1
3292103680.0,rank_episode_ii_attack_of_the_clones,5.0,Episode II: Attack of the Clones,attack_of_the_clones,2,1
3292050153.0,rank_episode_ii_attack_of_the_clones,2.0,Episode II: Attack of the Clones,attack_of_the_clones,2,1
3292041365.0,rank_episode_ii_attack_of_the_clones,5.0,Episode II: Attack of the Clones,attack_of_the_clones,2,1
3292033243.0,rank_episode_ii_attack_of_the_clones,1.0,Episode II: Attack of the Clones,attack_of_the_clones,2,1
3292031637.0,rank_episode_ii_attack_of_the_clones,5.0,Episode II: Attack of the Clones,attack_of_the_clones,2,1
3292008762.0,rank_episode_ii_attack_of_the_clones,6.0,Episode II: Attack of the Clones,attack_of_the_clones,2,1
3291992352.0,rank_episode_ii_attack_of_the_clones,5.0,Episode II: Attack of the Clones,attack_of_the_clones,2,1
3291945498.0,rank_episode_ii_attack_of_the_clones,4.0,Episode II: Attack of the Clones,attack_of_the_clones,2,1
3291940517.0,rank_episode_ii_attack_of_the_clones,5.0,Episode II: Attack of the Clones,attack_of_the_clones,2,1
3291871486.0,rank_episode_ii_attack_of_the_clones,6.0,Episode II: Attack of the Clones,attack_of_the_clones,2,1
3291778150.0,rank_episode_ii_attack_of_the_clones,5.0,Episode II: Attack of the Clones,attack_of_the_clones,2,1
3291766314.0,rank_episode_ii_attack_of_the_clones,5.0,Episode II: Attack of the Clones,attack_of_the_clones,2,1
3291762799.0,rank_episode_ii_attack_of_the_clones,4.0,Episode II: Attack of the Clones,attack_of_the_clones,2,1
3291707153.0,rank_episode_ii_attack_of_the_clones,4.0,Episode II: Attack of the Clones,attack_of_the_clones,2,1
3291701619.0,rank_episode_ii_attack_of_the_clones,5.0,Episode II: Attack of the Clones,attack_of_the_clones,2,1
3291696391.0,rank_episode_ii_attack_of_the_clones,4.0,Episode II: Attack of the Clones,attack_of_the_clones,2,1
3291684768.0,rank_episode_ii_attack_of_the_clones,5.0,Episode II: Attack of the Clones,attack_of_the_clones,2,1
3291669388.0,rank_episode_ii_attack_of_the_clones,,Episode II: Attack of the Clones,attack_of_the_clones,2,0
3291661584.0,rank_episode_ii_attack_of_the_clones,5.0,Episode II: Attack of the Clones,attack_of_the_clones,2,1
3291658046.0,rank_episode_ii_attack_of_the_clones,4.0,Episode II: Attack of the Clones,attack_of_the_clones,2,1
3291654919.0,rank_episode_ii_attack_of_the_clones,5.0,Episode II: Attack of the Clones,attack_of_the_clones,2,1
3291653882.0,rank_episode_ii_attack_of_the_clones,,Episode II: Attack of the Clones,attack_of_the_clones,2,0
3291650311.0,rank_episode_ii_attack_of_the_clones,5.0,Episode II: Attack of the Clones,attack_of_the_clones,2,1
3291649780.0,rank_episode_ii_attack_of_the_clones,,Episode II: Attack of the Clones,attack_of_the_clones,2,0
3291648660.0,rank_episode_ii_attack_of_the_clones,,Episode II: Attack of the Clones,attack_of_the_clones,2,0
3291641416.0,rank_episode_ii_attack_of_the_clones,4.0,Episode II: Attack of the Clones,attack_of_the_clones,2,1
3291635934.0,rank_episode_ii_attack_of_the_clones,,Episode II: Attack of the Clones,attack_of_the_clones,2,0
3291634205.0,rank_episode_ii_attack_of_the_clones,4.0,Episode II: Attack of the Clones,attack_of_the_clones,2,1
3291618031.0,rank_episode_ii_attack_of_the_clones,5.0,Episode II: Attack of the Clones,attack_of_the_clones,2,1
3291603688.0,rank_episode_ii_attack_of_the_clones,,Episode II: Attack of the Clones,attack_of_the_clones,2,0
3291602842.0,rank_episode_ii_attack_of_the_clones,2.0,Episode II: Attack of the Clones,attack_of_the_clones,2,1
3291598188.0,rank_episode_ii_attack_of_the_clones,5.0,Episode II: Attack of the Clones,attack_of_the_clones,2,1
3291588139.0,rank_episode_ii_attack_of_the_clones,4.0,Episode II: Attack of the Clones,attack_of_the_clones,2,1
3291570206.0,rank_episode_ii_attack_of_the_clones,,Episode II: Attack of the Clones,attack_of_the_clones,2,0
3291548852.0,rank_episode_ii_attack_of_the_clones,5.0,Episode II: Attack of the Clones,attack_of_the_clones,2,1
3291529925.0,rank_episode_ii_attack_of_the_clones,5.0,Episode II: Attack of the Clones,attack_of_the_clones,2,1
3291524547.0,rank_episode_ii_attack_of_the_clones,2.0,Episode II: Attack of the Clones,attack_of_the_clones,2,1
3291502449.0,rank_episode_ii_attack_of_the_clones,3.0,Episode II: Attack of the Clones,attack_of_the_clones,2,1
3291497337.0,rank_episode_ii_attack_of_the_clones,5.0,Episode II: Attack of the Clones,attack_of_the_clones,2,1
3291482197.0,rank_episode_ii_attack_of_the_clones,3.0,Episode II: Attack of the Clones,attack_of_the_clones,2,1
3291476650.0,rank_episode_ii_attack_of_the_clones,,Episode II: Attack of the Clones,attack_of_the_clones,2,0
3291470613.0,rank_episode_ii_attack_of_the_clones,,Episode II: Attack of the Clones,attack_of_the_clones,2,0
3291469991.0,rank_episode_ii_attack_of_the_clones,,Episode II: Attack of the Clones,attack_of_the_clones,2,0
3291468155.0,rank_episode_ii_attack_of_the_clones,5.0,Episode II: Attack of the Clones,attack_of_the_clones,2,1
3291461574.0,rank_episode_ii_attack_of_the_clones,5.0,Episode II: Attack of the Clones,attack_of_the_clones,2,1
3291455642.0,rank_episode_ii_attack_of_the_clones,3.0,Episode II: Attack of the Clones,attack_of_the_clones,2,1
3291446474.0,rank_episode_ii_attack_of_the_clones,4.0,Episode II: Attack of the Clones,attack_of_the_clones,2,1
3291446275.0,rank_episode_ii_attack_of_the_clones,5.0,Episode II: Attack of the Clones,attack_of_the_clones,2,1
3291439708.0,rank_episode_ii_attack_of_the_clones,4.0,Episode II: Attack of the Clones,attack_of_the_clones,2,1
3291439404.0,rank_episode_ii_attack_of_the_clones,2.0,Episode II: Attack of the Clones,attack_of_the_clones,2,1
3291437345.0,rank_episode_ii_attack_of_the_clones,5.0,Episode II: Attack of the Clones,attack_of_the_clones,2,1
3291435787.0,rank_episode_ii_attack_of_the_clones,4.0,Episode II: Attack of the Clones,attack_of_the_clones,2,1
3291435056.0,rank_episode_ii_attack_of_the_clones,,Episode II: Attack of the Clones,attack_of_the_clones,2,0
3291433636.0,rank_episode_ii_attack_of_the_clones,4.0,Episode II: Attack of the Clones,attack_of_the_clones,2,1
3291431939.0,rank_episode_ii_attack_of_the_clones,6.0,Episode II: Attack of the Clones,attack_of_the_clones,2,1
3291430239.0,rank_episode_ii_attack_of_the_clones,,Episode II: Attack of the Clones,attack_of_the_clones,2,0
3291430193.0,rank_episode_ii_attack_of_the_clones,,Episode II: Attack of the Clones,attack_of_the_clones,2,0
3291428174.0,rank_episode_ii_attack_of_the_clones,5.0,Episode II: Attack of the Clones,attack_of_the_clones,2,1
3291427761.0,rank_episode_ii_attack_of_the_clones,,Episode II: Attack of the Clones,attack_of_the_clones,2,0
3291425110.0,rank_episode_ii_attack_of_the_clones,4.0,Episode II: Attack of the Clones,attack_of_the_clones,2,1
3291424127.0,rank_episode_ii_attack_of_the_clones,5.0,Episode II: Attack of the Clones,attack_of_the_clones,2,1
3291424006.0,rank_episode_ii_attack_of_the_clones,,Episode II: Attack of the Clones,attack_of_the_clones,2,0
3291422637.0,rank_episode_ii_attack_of_the_clones,5.0,Episode II: Attack of the Clones,attack_of_the_clones,2,1
3291421381.0,rank_episode_ii_attack_of_the_clones,,Episode II: Attack of the Clones,attack_of_the_clones,2,0
3291420030.0,rank_episode_ii_attack_of_the_clones,,Episode II: Attack of the Clones,attack_of_the_clones,2,0
3291410155.0,rank_episode_ii_attack_of_the_clones,,Episode II: Attack of the Clones,attack_of_the_clones,2,0
3291405943.0,rank_episode_ii_attack_of_the_clones,,Episode II: Attack of the Clones,attack_of_the_clones,2,0
3291402264.0,rank_episode_ii_attack_of_the_clones,,Episode II: Attack of the Clones,attack_of_the_clones,2,0
3291401326.0,rank_episode_ii_attack_of_the_clones,3.0,Episode II: Attack of the Clones,attack_of_the_clones,2,1
3291395512.0,rank_episode_ii_attack_of_the_clones,5.0,Episode II: Attack of the Clones,attack_of_the_clones,2,1
3291394022.0,rank_episode_ii_attack_of_the_clones,4.0,Episode II: Attack of the Clones,attack_of_the_clones,2,1
3291391717.0,rank_episode_ii_attack_of_the_clones,,Episode II: Attack of the Clones,attack_of_the_clones,2,0
3291391446.0,rank_episode_ii_attack_of_the_clones,5.0,Episode II: Attack of the Clones,attack_of_the_clones,2,1
3291391033.0,rank_episode_ii_attack_of_the_clones,,Episode II: Attack of the Clones,attack_of_the_clones,2,0
3291390734.0,rank_episode_ii_attack_of_the_clones,,Episode II: Attack of the Clones,attack_of_the_clones,2,0
3291388906.0,rank_episode_ii_attack_of_the_clones,,Episode II: Attack of the Clones,attack_of_the_clones,2,0
3291388180.0,rank_episode_ii_attack_of_the_clones,6.0,Episode II: Attack of the Clones,attack_of_the_clones,2,1
3291380973.0,rank_episode_ii_attack_of_the_clones,6.0,Episode II: Attack of the Clones,attack_of_the_clones,2,1
3291378572.0,rank_episode_ii_attack_of_the_clones,2.0,Episode II: Attack of the Clones,attack_of_the_clones,2,1
3291375306.0,rank_episode_ii_attack_of_the_clones,3.0,Episode II: Attack of the Clones,attack_of_the_clones,2,1
3291364062.0,rank_episode_ii_attack_of_the_clones,3.0,Episode II: Attack of the Clones,attack_of_the_clones,2,1
3291345427.0,rank_episode_ii_attack_of_the_clones,5.0,Episode II: Attack of the Clones,attack_of_the_clones,2,1
3291341186.0,rank_episode_ii_attack_of_the_clones,,Episode II: Attack of the Clones,attack_of_the_clones,2,0
3291330710.0,rank_episode_ii_attack_of_the_clones,5.0,Episode II: Attack of the Clones,attack_of_the_clones,2,1
3291327304.0,rank_episode_ii_attack_of_the_clones,2.0,Episode II: Attack of the Clones,attack_of_the_clones,2,1
3291320154.0,rank_episode_ii_attack_of_the_clones,5.0,Episode II: Attack of the Clones,attack_of_the_clones,2,1
3291312980.0,rank_episode_ii_attack_of_the_clones,2.0,Episode II: Attack of the Clones,attack_of_the_clones,2,1
3291290675.0,rank_episode_ii_attack_of_the_clones,,Episode II: Attack of the Clones,attack_of_the_clones,2,0
3291288174.0,rank_episode_ii_attack_of_the_clones,5.0,Episode II: Attack of the Clones,attack_of_the_clones,2,1
3291271932.0,rank_episode_ii_attack_of_the_clones,5.0,Episode II: Attack of the Clones,attack_of_the_clones,2,1
3291267852.0,rank_episode_ii_attack_of_the_clones,6.0,Episode II: Attack of the Clones,attack_of_the_clones,2,1
3291262515.0,rank_episode_ii_attack_of_the_clones,5.0,Episode II: Attack of the Clones,attack_of_the_clones,2,1
3291233218.0,rank_episode_ii_attack_of_the_clones,3.0,Episode II: Attack of the Clones,attack_of_the_clones,2,1
3291206864.0,rank_episode_ii_attack_of_the_clones,1.0,Episode II: Attack of the Clones,attack_of_the_clones,2,1
3291203531.0,rank_episode_ii_attack_of_the_clones,,Episode II: Attack of the Clones,attack_of_the_clones,2,0
3291184745.0,rank_episode_ii_attack_of_the_clones,5.0,Episode II: Attack of the Clones,attack_of_the_clones,2,1
3291181010.0,rank_episode_ii_attack_of_the_clones,5.0,Episode II: Attack of the Clones,attack_of_the_clones,2,1
3291159863.0,rank_episode_ii_attack_of_the_clones,5.0,Episode II: Attack of the Clones,attack_of_the_clones,2,1
3291145258.0,rank_episode_ii_attack_of_the_clones,3.0,Episode II: Attack of the Clones,attack_of_the_clones,2,1
3291141478.0,rank_episode_ii_attack_of_the_clones,2.0,Episode II: Attack of the Clones,attack_of_the_clones,2,1
3291139156.0,rank_episode_ii_attack_of_the_clones,5.0,Episode II: Attack of the Clones,attack_of_the_clones,2,1
3291121359.0,rank_episode_ii_attack_of_the_clones,5.0,Episode II: Attack of the Clones,attack_of_the_clones,2,1
3291119656.0,rank_episode_ii_attack_of_the_clones,1.0,Episode II: Attack of the Clones,attack_of_the_clones,2,1
3291101925.0,rank_episode_ii_attack_of_the_clones,4.0,Episode II: Attack of the Clones,attack_of_the_clones,2,1
3291094347.0,rank_episode_ii_attack_of_the_clones,3.0,Episode II: Attack of the Clones,attack_of_the_clones,2,1
3291092094.0,rank_episode_ii_attack_of_the_clones,1.0,Episode II: Attack of the Clones,attack_of_the_clones,2,1
3291077381.0,rank_episode_ii_attack_of_the_clones,6.0,Episode II: Attack of the Clones,attack_of_the_clones,2,1
3291075212.0,rank_episode_ii_attack_of_the_clones,5.0,Episode II: Attack of the Clones,attack_of_the_clones,2,1
3291064417.0,rank_episode_ii_attack_of_the_clones,,Episode II: Attack of the Clones,attack_of_the_clones,2,0
3291063226.0,rank_episode_ii_attack_of_the_clones,6.0,Episode II: Attack of the Clones,attack_of_the_clones,2,1
3291060156.0,rank_episode_ii_attack_of_the_clones,5.0,Episode II: Attack of the Clones,attack_of_the_clones,2,1
3291056296.0,rank_episode_ii_attack_of_the_clones,6.0,Episode II: Attack of the Clones,attack_of_the_clones,2,1
3291052728.0,rank_episode_ii_attack_of_the_clones,6.0,Episode II: Attack of the Clones,attack_of_the_clones,2,1
3291051343.0,rank_episode_ii_attack_of_the_clones,6.0,Episode II: Attack of the Clones,attack_of_the_clones,2,1
3291045360.0,rank_episode_ii_attack_of_the_clones,5.0,Episode II: Attack of the Clones,attack_of_the_clones,2,1
3291043176.0,rank_episode_ii_attack_of_the_clones,5.0,Episode II: Attack of the Clones,attack_of_the_clones,2,1
3291042516.0,rank_episode_ii_attack_of_the_clones,4.0,Episode II: Attack of the Clones,attack_of_the_clones,2,1
3291037640.0,rank_episode_ii_attack_of_the_clones,,Episode II: Attack of the Clones,attack_of_the_clones,2,0
3291034202.0,rank_episode_ii_attack_of_the_clones,5.0,Episode II: Attack of the Clones,attack_of_the_clones,2,1
3291033668.0,rank_episode_ii_attack_of_the_clones,,Episode II: Attack of the Clones,attack_of_the_clones,2,0
3291032418.0,rank_episode_ii_attack_of_the_clones,5.0,Episode II: Attack of the Clones,attack_of_the_clones,2,1
3291029281.0,rank_episode_ii_attack_of_the_clones,,Episode II: Attack of the Clones,attack_of_the_clones,2,0
3291028446.0,rank_episode_ii_attack_of_the_clones,5.0,Episode II: Attack of the Clones,attack_of_the_clones,2,1
3291024297.0,rank_episode_ii_attack_of_the_clones,5.0,Episode II: Attack of the Clones,attack_of_the_clones,2,1
3291023456.0,rank_episode_ii_attack_of_the_clones,2.0,Episode II: Attack of the Clones,attack_of_the_clones,2,1
3291022655.0,rank_episode_ii_attack_of_the_clones,3.0,Episode II: Attack of the Clones,attack_of_the_clones,2,1
3291022275.0,rank_episode_ii_attack_of_the_clones,,Episode II: Attack of the Clones,attack_of_the_clones,2,0
3291022013.0,rank_episode_ii_attack_of_the_clones,,Episode II: Attack of the Clones,attack_of_the_clones,2,0
3291019033.0,rank_episode_ii_attack_of_the_clones,5.0,Episode II: Attack of the Clones,attack_of_the_clones,2,1
3291018581.0,rank_episode_ii_attack_of_the_clones,,Episode II: Attack of the Clones,attack_of_the_clones,2,0
3291015347.0,rank_episode_ii_attack_of_the_clones,,Episode II: Attack of the Clones,attack_of_the_clones,2,0
3291014757.0,rank_episode_ii_attack_of_the_clones,3.0,Episode II: Attack of the Clones,attack_of_the_clones,2,1
3291009055.0,rank_episode_ii_attack_of_the_clones,,Episode II: Attack of the Clones,attack_of_the_clones,2,0
3291007877.0,rank_episode_ii_attack_of_the_clones,6.0,Episode II: Attack of the Clones,attack_of_the_clones,2,1
3291006540.0,rank_episode_ii_attack_of_the_clones,,Episode II: Attack of the Clones,attack_of_the_clones,2,0
3291002672.0,rank_episode_ii_attack_of_the_clones,4.0,Episode II: Attack of the Clones,attack_of_the_clones,2,1
3291001879.0,rank_episode_ii_attack_of_the_clones,,Episode II: Attack of the Clones,attack_of_the_clones,2,0
3290999912.0,rank_episode_ii_attack_of_the_clones,3.0,Episode II: Attack of the Clones,attack_of_the_clones,2,1
3290998457.0,rank_episode_ii_attack_of_the_clones,,Episode II: Attack of the Clones,attack_of_the_clones,2,0
3290996933.0,rank_episode_ii_attack_of_the_clones,5.0,Episode II: Attack of the Clones,attack_of_the_clones,2,1
3290994001.0,rank_episode_ii_attack_of_the_clones,3.0,Episode II: Attack of the Clones,attack_of_the_clones,2,1
3290992477.0,rank_episode_ii_attack_of_the_clones,5.0,Episode II: Attack of the Clones,attack_of_the_clones,2,1
3290992371.0,rank_episode_ii_attack_of_the_clones,,Episode II: Attack of the Clones,attack_of_the_clones,2,0
3290987996.0,rank_episode_ii_attack_of_the_clones,2.0,Episode II: Attack of the Clones,attack_of_the_clones,2,1
3290984063.0,rank_episode_ii_attack_of_the_clones,3.0,Episode II: Attack of the Clones,attack_of_the_clones,2,1
3290980789.0,rank_episode_ii_attack_of_the_clones,,Episode II: Attack of the Clones,attack_of_the_clones,2,0
3290977827.0,rank_episode_ii_attack_of_the_clones,4.0,Episode II: Attack of the Clones,attack_of_the_clones,2,1
3290976539.0,rank_episode_ii_attack_of_the_clones,,Episode II: Attack of the Clones,attack_of_the_clones,2,0
3290975724.0,rank_episode_ii_attack_of_the_clones,2.0,Episode II: Attack of the Clones,attack_of_the_clones,2,1
3290973695.0,rank_episode_ii_attack_of_the_clones,4.0,Episode II: Attack of the Clones,attack_of_the_clones,2,1
3290973177.0,rank_episode_ii_attack_of_the_clones,,Episode II: Attack of the Clones,attack_of_the_clones,2,0
3290973120.0,rank_episode_ii_attack_of_the_clones,,Episode II: Attack of the Clones,attack_of_the_clones,2,0
3290972257.0,rank_episode_ii_attack_of_the_clones,5.0,Episode II: Attack of the Clones,attack_of_the_clones,2,1
3290971794.0,rank_episode_ii_attack_of_the_clones,6.0,Episode II: Attack of the Clones,attack_of_the_clones,2,1
3290971358.0,rank_episode_ii_attack_of_the_clones,1.0,Episode II: Attack of the Clones,attack_of_the_clones,2,1
3290965482.0,rank_episode_ii_attack_of_the_clones,,Episode II: Attack of the Clones,attack_of_the_clones,2,0
3290961855.0,rank_episode_ii_attack_of_the_clones,,Episode II: Attack of the Clones,attack_of_the_clones,2,0
3290961497.0,rank_episode_ii_attack_of_the_clones,1.0,Episode II: Attack of the Clones,attack_of_the_clones,2,1
3290953060.0,rank_episode_ii_attack_of_the_clones,,Episode II: Attack of the Clones,attack_of_the_clones,2,0
3290949606.0,rank_episode_ii_attack_of_the_clones,,Episode II: Attack of the Clones,attack_of_the_clones,2,0
3290948002.0,rank_episode_ii_attack_of_the_clones,4.0,Episode II: Attack of the Clones,attack_of_the_clones,2,1
3290947136.0,rank_episode_ii_attack_of_the_clones,2.0,Episode II: Attack of the Clones,attack_of_the_clones,2,1
3290947011.0,rank_episode_ii_attack_of_the_clones,2.0,Episode II: Attack of the Clones,attack_of_the_clones,2,1
3290946211.0,rank_episode_ii_attack_of_the_clones,,Episode II: Attack of the Clones,attack_of_the_clones,2,0
3290944858.0,rank_episode_ii_attack_of_the_clones,1.0,Episode II: Attack of the Clones,attack_of_the_clones,2,1
3290944288.0,rank_episode_ii_attack_of_the_clones,5.0,Episode II: Attack of the Clones,attack_of_the_clones,2,1
3290941824.0,rank_episode_ii_attack_of_the_clones,5.0,Episode II: Attack of the Clones,attack_of_the_clones,2,1
3290939696.0,rank_episode_ii_attack_of_the_clones,,Episode II: Attack of the Clones,attack_of_the_clones,2,0
3290934328.0,rank_episode_ii_attack_of_the_clones,6.0,Episode II: Attack of the Clones,attack_of_the_clones,2,1
3290929229.0,rank_episode_ii_attack_of_the_clones,5.0,Episode II: Attack of the Clones,attack_of_the_clones,2,1
3290927126.0,rank_episode_ii_attack_of_the_clones,,Episode II: Attack of the Clones,attack_of_the_clones,2,0
3290926407.0,rank_episode_ii_attack_of_the_clones,,Episode II: Attack of the Clones,attack_of_the_clones,2,0
3290922858.0,rank_episode_ii_attack_of_the_clones,5.0,Episode II: Attack of the Clones,attack_of_the_clones,2,1
3290920752.0,rank_episode_ii_attack_of_the_clones,2.0,Episode II: Attack of the Clones,attack_of_the_clones,2,1
3290919823.0,rank_episode_ii_attack_of_the_clones,5.0,Episode II: Attack of the Clones,attack_of_the_clones,2,1
3290919419.0,rank_episode_ii_attack_of_the_clones,6.0,Episode II: Attack of the Clones,attack_of_the_clones,2,1
3290917153.0,rank_episode_ii_attack_of_the_clones,6.0,Episode II: Attack of the Clones,attack_of_the_clones,2,1
3290917131.0,rank_episode_ii_attack_of_the_clones,5.0,Episode II: Attack of the Clones,attack_of_the_clones,2,1
3290916554.0,rank_episode_ii_attack_of_the_clones,3.0,Episode II: Attack of the Clones,attack_of_the_clones,2,1
3290915885.0,rank_episode_ii_attack_of_the_clones,6.0,Episode II: Attack of the Clones,attack_of_the_clones,2,1
3290912485.0,rank_episode_ii_attack_of_the_clones,,Episode II: Attack of the Clones,attack_of_the_clones,2,0
3290912014.0,rank_episode_ii_attack_of_the_clones,5.0,Episode II: Attack of the Clones,attack_of_the_clones,2,1
3290910069.0,rank_episode_ii_attack_of_the_clones,4.0,Episode II: Attack of the Clones,attack_of_the_clones,2,1
3290906086.0,rank_episode_ii_attack_of_the_clones,3.0,Episode II: Attack of the Clones,attack_of_the_clones,2,1
3290906022.0,rank_episode_ii_attack_of_the_clones,5.0,Episode II: Attack of the Clones,attack_of_the_clones,2,1
3290903423.0,rank_episode_ii_attack_of_the_clones,4.0,Episode II: Attack of the Clones,attack_of_the_clones,2,1
3290902880.0,rank_episode_ii_attack_of_the_clones,6.0,Episode II: Attack of the Clones,attack_of_the_clones,2,1
3290901027.0,rank_episode_ii_attack_of_the_clones,5.0,Episode II: Attack of the Clones,attack_of_the_clones,2,1
3290896982.0,rank_episode_ii_attack_of_the_clones,,Episode II: Attack of the Clones,attack_of_the_clones,2,0
3290893301.0,rank_episode_ii_attack_of_the_clones,,Episode II: Attack of the Clones,attack_of_the_clones,2,0
3290889443.0,rank_episode_ii_attack_of_the_clones,2.0,Episode II: Attack of the Clones,attack_of_the_clones,2,1
3290888715.0,rank_episode_ii_attack_of_the_clones,,Episode II: Attack of the Clones,attack_of_the_clones,2,0
3290888303.0,rank_episode_ii_attack_of_the_clones,6.0,Episode II: Attack of the Clones,attack_of_the_clones,2,1
3290888102.0,rank_episode_ii_attack_of_the_clones,5.0,Episode II: Attack of the Clones,attack_of_the_clones,2,1
3290888079.0,rank_episode_ii_attack_of_the_clones,3.0,Episode II: Attack of the Clones,attack_of_the_clones,2,1
3290884427.0,rank_episode_ii_attack_of_the_clones,4.0,Episode II: Attack of the Clones,attack_of_the_clones,2,1
3290881566.0,rank_episode_ii_attack_of_the_clones,5.0,Episode II: Attack of the Clones,attack_of_the_clones,2,1
3290879019.0,rank_episode_ii_attack_of_the_clones,5.0,Episode II: Attack of the Clones,attack_of_the_clones,2,1
3290878766.0,rank_episode_ii_attack_of_the_clones,5.0,Episode II: Attack of the Clones,attack_of_the_clones,2,1
3290874545.0,rank_episode_ii_attack_of_the_clones,,Episode II: Attack of the Clones,attack_of_the_clones,2,0
3290873342.0,rank_episode_ii_attack_of_the_clones,2.0,Episode II: Attack of the Clones,attack_of_the_clones,2,1
3290871307.0,rank_episode_ii_attack_of_the_clones,4.0,Episode II: Attack of the Clones,attack_of_the_clones,2,1
3290869696.0,rank_episode_ii_attack_of_the_clones,,Episode II: Attack of the Clones,attack_of_the_clones,2,0
3290863729.0,rank_episode_ii_attack_of_the_clones,6.0,Episode II: Attack of the Clones,attack_of_the_clones,2,1
3290863193.0,rank_episode_ii_attack_of_the_clones,6.0,Episode II: Attack of the Clones,attack_of_the_clones,2,1
3290862050.0,rank_episode_ii_attack_of_the_clones,,Episode II: Attack of the Clones,attack_of_the_clones,2,0
3290860908.0,rank_episode_ii_attack_of_the_clones,5.0,Episode II: Attack of the Clones,attack_of_the_clones,2,1
3290860842.0,rank_episode_ii_attack_of_the_clones,4.0,Episode II: Attack of the Clones,attack_of_the_clones,2,1
3290860558.0,rank_episode_ii_attack_of_the_clones,4.0,Episode II: Attack of the Clones,attack_of_the_clones,2,1
3290858689.0,rank_episode_ii_attack_of_the_clones,,Episode II: Attack of the Clones,attack_of_the_clones,2,0
3290858543.0,rank_episode_ii_attack_of_the_clones,3.0,Episode II: Attack of the Clones,attack_of_the_clones,2,1
3290855818.0,rank_episode_ii_attack_of_the_clones,6.0,Episode II: Attack of the Clones,attack_of_the_clones,2,1
3290854802.0,rank_episode_ii_attack_of_the_clones,5.0,Episode II: Attack of the Clones,attack_of_the_clones,2,1
3290853559.0,rank_episode_ii_attack_of_the_clones,3.0,Episode II: Attack of the Clones,attack_of_the_clones,2,1
3290853267.0,rank_episode_ii_attack_of_the_clones,,Episode II: Attack of the Clones,attack_of_the_clones,2,0
3290852271.0,rank_episode_ii_attack_of_the_clones,,Episode II: Attack of the Clones,attack_of_the_clones,2,0
3290848617.0,rank_episode_ii_attack_of_the_clones,5.0,Episode II: Attack of the Clones,attack_of_the_clones,2,1
3290846848.0,rank_episode_ii_attack_of_the_clones,2.0,Episode II: Attack of the Clones,attack_of_the_clones,2,1
3290846769.0,rank_episode_ii_attack_of_the_clones,4.0,Episode II: Attack of the Clones,attack_of_the_clones,2,1
3290846466.0,rank_episode_ii_attack_of_the_clones,6.0,Episode II: Attack of the Clones,attack_of_the_clones,2,1
3290845752.0,rank_episode_ii_attack_of_the_clones,5.0,Episode II: Attack of the Clones,attack_of_the_clones,2,1
3290845367.0,rank_episode_ii_attack_of_the_clones,4.0,Episode II: Attack of the Clones,attack_of_the_clones,2,1
3290845046.0,rank_episode_ii_attack_of_the_clones,5.0,Episode II: Attack of the Clones,attack_of_the_clones,2,1
3290844577.0,rank_episode_ii_attack_of_the_clones,,Episode II: Attack of the Clones,attack_of_the_clones,2,0
3290841815.0,rank_episode_ii_attack_of_the_clones,5.0,Episode II: Attack of the Clones,attack_of_the_clones,2,1
3290840905.0,rank_episode_ii_attack_of_the_clones,,Episode II: Attack of the Clones,attack_of_the_clones,2,0
3290836653.0,rank_episode_ii_attack_of_the_clones,3.0,Episode II: Attack of the Clones,attack_of_the_clones,2,1
3290834007.0,rank_episode_ii_attack_of_the_clones,2.0,Episode II: Attack of the Clones,attack_of_the_clones,2,1
3290829888.0,rank_episode_ii_attack_of_the_clones,4.0,Episode II: Attack of the Clones,attack_of_the_clones,2,1
3290828902.0,rank_episode_ii_attack_of_the_clones,,Episode II: Attack of the Clones,attack_of_the_clones,2,0
3290824340.0,rank_episode_ii_attack_of_the_clones,,Episode II: Attack of the Clones,attack_of_the_clones,2,0
3290821620.0,rank_episode_ii_attack_of_the_clones,4.0,Episode II: Attack of the Clones,attack_of_the_clones,2,1
3290819415.0,rank_episode_ii_attack_of_the_clones,5.0,Episode II: Attack of the Clones,attack_of_the_clones,2,1
3290815080.0,rank_episode_ii_attack_of_the_clones,,Episode II: Attack of the Clones,attack_of_the_clones,2,0
3290812610.0,rank_episode_ii_attack_of_the_clones,4.0,Episode II: Attack of the Clones,attack_of_the_clones,2,1
3290810177.0,rank_episode_ii_attack_of_the_clones,5.0,Episode II: Attack of the Clones,attack_of_the_clones,2,1
3290810023.0,rank_episode_ii_attack_of_the_clones,2.0,Episode II: Attack of the Clones,attack_of_the_clones,2,1
3290807769.0,rank_episode_ii_attack_of_the_clones,,Episode II: Attack of the Clones,attack_of_the_clones,2,0
3290806200.0,rank_episode_ii_attack_of_the_clones,5.0,Episode II: Attack of the Clones,attack_of_the_clones,2,1
3290805125.0,rank_episode_ii_attack_of_the_clones,2.0,Episode II: Attack of the Clones,attack_of_the_clones,2,1
3290804128.0,rank_episode_ii_attack_of_the_clones,,Episode II: Attack of the Clones,attack_of_the_clones,2,0
3290804008.0,rank_episode_ii_attack_of_the_clones,2.0,Episode II: Attack of the Clones,attack_of_the_clones,2,1
3290799403.0,rank_episode_ii_attack_of_the_clones,2.0,Episode II: Attack of the Clones,attack_of_the_clones,2,1
3290798641.0,rank_episode_ii_attack_of_the_clones,,Episode II: Attack of the Clones,attack_of_the_clones,2,0
3290798064.0,rank_episode_ii_attack_of_the_clones,3.0,Episode II: Attack of the Clones,attack_of_the_clones,2,1
3290796650.0,rank_episode_ii_attack_of_the_clones,4.0,Episode II: Attack of the Clones,attack_of_the_clones,2,1
3290792507.0,rank_episode_ii_attack_of_the_clones,5.0,Episode II: Attack of the Clones,attack_of_the_clones,2,1
3290787286.0,rank_episode_ii_attack_of_the_clones,5.0,Episode II: Attack of the Clones,attack_of_the_clones,2,1
3290785928.0,rank_episode_ii_attack_of_the_clones,1.0,Episode II: Attack of the Clones,attack_of_the_clones,2,1
3290782952.0,rank_episode_ii_attack_of_the_clones,,Episode II: Attack of the Clones,attack_of_the_clones,2,0
3290781544.0,rank_episode_ii_attack_of_the_clones,6.0,Episode II: Attack of the Clones,attack_of_the_clones,2,1
3290781284.0,rank_episode_ii_attack_of_the_clones,,Episode II: Attack of the Clones,attack_of_the_clones,2,0
3290781039.0,rank_episode_ii_attack_of_the_clones,5.0,Episode II: Attack of the Clones,attack_of_the_clones,2,1
3290779524.0,rank_episode_ii_attack_of_the_clones,4.0,Episode II: Attack of the Clones,attack_of_the_clones,2,1
3290779140.0,rank_episode_ii_attack_of_the_clones,3.0,Episode II: Attack of the Clones,attack_of_the_clones,2,1
3290778828.0,rank_episode_ii_attack_of_the_clones,3.0,Episode II: Attack of the Clones,attack_of_the_clones,2,1
3290777129.0,rank_episode_ii_attack_of_the_clones,,Episode II: Attack of the Clones,attack_of_the_clones,2,0
3290773277.0,rank_episode_ii_attack_of_the_clones,4.0,Episode II: Attack of the Clones,attack_of_the_clones,2,1
3290769012.0,rank_episode_ii_attack_of_the_clones,,Episode II: Attack of the Clones,attack_of_the_clones,2,0
3290767951.0,rank_episode_ii_attack_of_the_clones,,Episode II: Attack of the Clones,attack_of_the_clones,2,0
3290767535.0,rank_episode_ii_attack_of_the_clones,3.0,Episode II: Attack of the Clones,attack_of_the_clones,2,1
3290765210.0,rank_episode_ii_attack_of_the_clones,,Episode II: Attack of the Clones,attack_of_the_clones,2,0
3290762924.0,rank_episode_ii_attack_of_the_clones,3.0,Episode II: Attack of the Clones,attack_of_the_clones,2,1
3290761823.0,rank_episode_ii_attack_of_the_clones,,Episode II: Attack of the Clones,attack_of_the_clones,2,0
3290760722.0,rank_episode_ii_attack_of_the_clones,5.0,Episode II: Attack of the Clones,attack_of_the_clones,2,1
3290759512.0,rank_episode_ii_attack_of_the_clones,4.0,Episode II: Attack of the Clones,attack_of_the_clones,2,1
3290758362.0,rank_episode_ii_attack_of_the_clones,3.0,Episode II: Attack of the Clones,attack_of_the_clones,2,1
3290757230.0,rank_episode_ii_attack_of_the_clones,1.0,Episode II: Attack of the Clones,attack_of_the_clones,2,1
3290756394.0,rank_episode_ii_attack_of_the_clones,5.0,Episode II: Attack of the Clones,attack_of_the_clones,2,1
3290755451.0,rank_episode_ii_attack_of_the_clones,5.0,Episode II: Attack of the Clones,attack_of_the_clones,2,1
3290753390.0,rank_episode_ii_attack_of_the_clones,3.0,Episode II: Attack of the Clones,attack_of_the_clones,2,1
3290749764.0,rank_episode_ii_attack_of_the_clones,6.0,Episode II: Attack of the Clones,attack_of_the_clones,2,1
3290749229.0,rank_episode_ii_attack_of_the_clones,3.0,Episode II: Attack of the Clones,attack_of_the_clones,2,1
3290746853.0,rank_episode_ii_attack_of_the_clones,4.0,Episode II: Attack of the Clones,attack_of_the_clones,2,1
3290744027.0,rank_episode_ii_attack_of_the_clones,,Episode II: Attack of the Clones,attack_of_the_clones,2,0
3290741994.0,rank_episode_ii_attack_of_the_clones,5.0,Episode II: Attack of the Clones,attack_of_the_clones,2,1
3290741405.0,rank_episode_ii_attack_of_the_clones,5.0,Episode II: Attack of the Clones,attack_of_the_clones,2,1
3290740448.0,rank_episode_ii_attack_of_the_clones,5.0,Episode II: Attack of the Clones,attack_of_the_clones,2,1
3290739967.0,rank_episode_ii_attack_of_the_clones,3.0,Episode II: Attack of the Clones,attack_of_the_clones,2,1
3290739235.0,rank_episode_ii_attack_of_the_clones,4.0,Episode II: Attack of the Clones,attack_of_the_clones,2,1
3290738262.0,rank_episode_ii_attack_of_the_clones,,Episode II: Attack of the Clones,attack_of_the_clones,2,0
3290737104.0,rank_episode_ii_attack_of_the_clones,,Episode II: Attack of the Clones,attack_of_the_clones,2,0
3290736072.0,rank_episode_ii_attack_of_the_clones,6.0,Episode II: Attack of the Clones,attack_of_the_clones,2,1
3290734874.0,rank_episode_ii_attack_of_the_clones,5.0,Episode II: Attack of the Clones,attack_of_the_clones,2,1
3290733932.0,rank_episode_ii_attack_of_the_clones,2.0,Episode II: Attack of the Clones,attack_of_the_clones,2,1
3290733316.0,rank_episode_ii_attack_of_the_clones,3.0,Episode II: Attack of the Clones,attack_of_the_clones,2,1
3290732383.0,rank_episode_ii_attack_of_the_clones,5.0,Episode II: Attack of the Clones,attack_of_the_clones,2,1
3290727763.0,rank_episode_ii_attack_of_the_clones,5.0,Episode II: Attack of the Clones,attack_of_the_clones,2,1
3290726075.0,rank_episode_ii_attack_of_the_clones,5.0,Episode II: Attack of the Clones,attack_of_the_clones,2,1
3290719847.0,rank_episode_ii_attack_of_the_clones,,Episode II: Attack of the Clones,attack_of_the_clones,2,0
3290718359.0,rank_episode_ii_attack_of_the_clones,,Episode II: Attack of the Clones,attack_of_the_clones,2,0
3290717899.0,rank_episode_ii_attack_of_the_clones,5.0,Episode II: Attack of the Clones,attack_of_the_clones,2,1
3290717372.0,rank_episode_ii_attack_of_the_clones,,Episode II: Attack of the Clones,attack_of_the_clones,2,0
3290714941.0,rank_episode_ii_attack_of_the_clones,2.0,Episode II: Attack of the Clones,attack_of_the_clones,2,1
3290714484.0,rank_episode_ii_attack_of_the_clones,3.0,Episode II: Attack of the Clones,attack_of_the_clones,2,1
3290714430.0,rank_episode_ii_attack_of_the_clones,,Episode II: Attack of the Clones,attack_of_the_clones,2,0
3290714378.0,rank_episode_ii_attack_of_the_clones,4.0,Episode II: Attack of the Clones,attack_of_the_clones,2,1
3290712204.0,rank_episode_ii_attack_of_the_clones,4.0,Episode II: Attack of the Clones,attack_of_the_clones,2,1
3290711898.0,rank_episode_ii_attack_of_the_clones,,Episode II: Attack of the Clones,attack_of_the_clones,2,0
3290711882.0,rank_episode_ii_attack_of_the_clones,3.0,Episode II: Attack of the Clones,attack_of_the_clones,2,1
3290711757.0,rank_episode_ii_attack_of_the_clones,,Episode II: Attack of the Clones,attack_of_the_clones,2,0
3290711487.0,rank_episode_ii_attack_of_the_clones,4.0,Episode II: Attack of the Clones,attack_of_the_clones,2,1
3290711262.0,rank_episode_ii_attack_of_the_clones,2.0,Episode II: Attack of the Clones,attack_of_the_clones,2,1
3290708664.0,rank_episode_ii_attack_of_the_clones,2.0,Episode II: Attack of the Clones,attack_of_the_clones,2,1
3290707402.0,rank_episode_ii_attack_of_the_clones,,Episode II: Attack of the Clones,attack_of_the_clones,2,0
3290706716.0,rank_episode_ii_attack_of_the_clones,5.0,Episode II: Attack of the Clones,attack_of_the_clones,2,1
3290706611.0,rank_episode_ii_attack_of_the_clones,3.0,Episode II: Attack of the Clones,attack_of_the_clones,2,1
3290703210.0,rank_episode_ii_attack_of_the_clones,4.0,Episode II: Attack of the Clones,attack_of_the_clones,2,1
3290701442.0,rank_episode_ii_attack_of_the_clones,,Episode II: Attack of the Clones,attack_of_the_clones,2,0
3290700285.0,rank_episode_ii_attack_of_the_clones,3.0,Episode II: Attack of the Clones,attack_of_the_clones,2,1
3290700214.0,rank_episode_ii_attack_of_the_clones,2.0,Episode II: Attack of the Clones,attack_of_the_clones,2,1
3290700030.0,rank_episode_ii_attack_of_the_clones,5.0,Episode II: Attack of the Clones,attack_of_the_clones,2,1
3290699410.0,rank_episode_ii_attack_of_the_clones,6.0,Episode II: Attack of the Clones,attack_of_the_clones,2,1
3290695784.0,rank_episode_ii_attack_of_the_clones,5.0,Episode II: Attack of the Clones,attack_of_the_clones,2,1
3290695316.0,rank_episode_ii_attack_of_the_clones,,Episode II: Attack of the Clones,attack_of_the_clones,2,0
3290694269.0,rank_episode_ii_attack_of_the_clones,,Episode II: Attack of the Clones,attack_of_the_clones,2,0
3290693095.0,rank_episode_ii_attack_of_the_clones,,Episode II: Attack of the Clones,attack_of_the_clones,2,0
3290692020.0,rank_episode_ii_attack_of_the_clones,,Episode II: Attack of the Clones,attack_of_the_clones,2,0
3290691758.0,rank_episode_ii_attack_of_the_clones,2.0,Episode II: Attack of the Clones,attack_of_the_clones,2,1
3290689343.0,rank_episode_ii_attack_of_the_clones,2.0,Episode II: Attack of the Clones,attack_of_the_clones,2,1
3290687981.0,rank_episode_ii_attack_of_the_clones,5.0,Episode II: Attack of the Clones,attack_of_the_clones,2,1
3290687830.0,rank_episode_ii_attack_of_the_clones,2.0,Episode II: Attack of the Clones,attack_of_the_clones,2,1
3290686887.0,rank_episode_ii_attack_of_the_clones,,Episode II: Attack of the Clones,attack_of_the_clones,2,0
3290686362.0,rank_episode_ii_attack_of_the_clones,,Episode II: Attack of the Clones,attack_of_the_clones,2,0
3290685885.0,rank_episode_ii_attack_of_the_clones,,Episode II: Attack of the Clones,attack_of_the_clones,2,0
3290684868.0,rank_episode_ii_attack_of_the_clones,5.0,Episode II: Attack of the Clones,attack_of_the_clones,2,1
3290684287.0,rank_episode_ii_attack_of_the_clones,5.0,Episode II: Attack of the Clones,attack_of_the_clones,2,1
3290681574.0,rank_episode_ii_attack_of_the_clones,,Episode II: Attack of the Clones,attack_of_the_clones,2,0
3290678952.0,rank_episode_ii_attack_of_the_clones,4.0,Episode II: Attack of the Clones,attack_of_the_clones,2,1
3290678515.0,rank_episode_ii_attack_of_the_clones,4.0,Episode II: Attack of the Clones,attack_of_the_clones,2,1
3290676695.0,rank_episode_ii_attack_of_the_clones,5.0,Episode II: Attack of the Clones,attack_of_the_clones,2,1
3290674534.0,rank_episode_ii_attack_of_the_clones,,Episode II: Attack of the Clones,attack_of_the_clones,2,0
3290667297.0,rank_episode_ii_attack_of_the_clones,2.0,Episode II: Attack of the Clones,attack_of_the_clones,2,1
3290664543.0,rank_episode_ii_attack_of_the_clones,5.0,Episode II: Attack of the Clones,attack_of_the_clones,2,1
3290664463.0,rank_episode_ii_attack_of_the_clones,5.0,Episode II: Attack of the Clones,attack_of_the_clones,2,1
3290664069.0,rank_episode_ii_attack_of_the_clones,,Episode II: Attack of the Clones,attack_of_the_clones,2,0
3290662118.0,rank_episode_ii_attack_of_the_clones,4.0,Episode II: Attack of the Clones,attack_of_the_clones,2,1
3290661650.0,rank_episode_ii_attack_of_the_clones,5.0,Episode II: Attack of the Clones,attack_of_the_clones,2,1
3290661587.0,rank_episode_ii_attack_of_the_clones,,Episode II: Attack of the Clones,attack_of_the_clones,2,0
3290661135.0,rank_episode_ii_attack_of_the_clones,6.0,Episode II: Attack of the Clones,attack_of_the_clones,2,1
3290659818.0,rank_episode_ii_attack_of_the_clones,5.0,Episode II: Attack of the Clones,attack_of_the_clones,2,1
3290659314.0,rank_episode_ii_attack_of_the_clones,5.0,Episode II: Attack of the Clones,attack_of_the_clones,2,1
3290655784.0,rank_episode_ii_attack_of_the_clones,5.0,Episode II: Attack of the Clones,attack_of_the_clones,2,1
3290654597.0,rank_episode_ii_attack_of_the_clones,5.0,Episode II: Attack of the Clones,attack_of_the_clones,2,1
3290652558.0,rank_episode_ii_attack_of_the_clones,,Episode II: Attack of the Clones,attack_of_the_clones,2,0
3290651085.0,rank_episode_ii_attack_of_the_clones,,Episode II: Attack of the Clones,attack_of_the_clones,2,0
3290650590.0,rank_episode_ii_attack_of_the_clones,5.0,Episode II: Attack of the Clones,attack_of_the_clones,2,1
3290644326.0,rank_episode_ii_attack_of_the_clones,,Episode II: Attack of the Clones,attack_of_the_clones,2,0
3290640323.0,rank_episode_ii_attack_of_the_clones,4.0,Episode II: Attack of the Clones,attack_of_the_clones,2,1
3290638529.0,rank_episode_ii_attack_of_the_clones,3.0,Episode II: Attack of the Clones,attack_of_the_clones,2,1
3290634681.0,rank_episode_ii_attack_of_the_clones,,Episode II: Attack of the Clones,attack_of_the_clones,2,0
3290631608.0,rank_episode_ii_attack_of_the_clones,1.0,Episode II: Attack of the Clones,attack_of_the_clones,2,1
3290630470.0,rank_episode_ii_attack_of_the_clones,5.0,Episode II: Attack of the Clones,attack_of_the_clones,2,1
3290630282.0,rank_episode_ii_attack_of_the_clones,2.0,Episode II: Attack of the Clones,attack_of_the_clones,2,1
3290628419.0,rank_episode_ii_attack_of_the_clones,,Episode II: Attack of the Clones,attack_of_the_clones,2,0
3290627850.0,rank_episode_ii_attack_of_the_clones,5.0,Episode II: Attack of the Clones,attack_of_the_clones,2,1
3290627681.0,rank_episode_ii_attack_of_the_clones,6.0,Episode II: Attack of the Clones,attack_of_the_clones,2,1
3290626609.0,rank_episode_ii_attack_of_the_clones,,Episode II: Attack of the Clones,attack_of_the_clones,2,0
3290625814.0,rank_episode_ii_attack_of_the_clones,,Episode II: Attack of the Clones,attack_of_the_clones,2,0
3290624447.0,rank_episode_ii_attack_of_the_clones,5.0,Episode II: Attack of the Clones,attack_of_the_clones,2,1
3290620991.0,rank_episode_ii_attack_of_the_clones,2.0,Episode II: Attack of the Clones,attack_of_the_clones,2,1
3290617461.0,rank_episode_ii_attack_of_the_clones,3.0,Episode II: Attack of the Clones,attack_of_the_clones,2,1
3290611875.0,rank_episode_ii_attack_of_the_clones,4.0,Episode II: Attack of the Clones,attack_of_the_clones,2,1
3290611716.0,rank_episode_ii_attack_of_the_clones,5.0,Episode II: Attack of the Clones,attack_of_the_clones,2,1
3290602490.0,rank_episode_ii_attack_of_the_clones,,Episode II: Attack of the Clones,attack_of_the_clones,2,0
3290601892.0,rank_episode_ii_attack_of_the_clones,4.0,Episode II: Attack of the Clones,attack_of_the_clones,2,1
3290601518.0,rank_episode_ii_attack_of_the_clones,,Episode II: Attack of the Clones,attack_of_the_clones,2,0
3290600680.0,rank_episode_ii_attack_of_the_clones,5.0,Episode II: Attack of the Clones,attack_of_the_clones,2,1
3290600559.0,rank_episode_ii_attack_of_the_clones,4.0,Episode II: Attack of the Clones,attack_of_the_clones,2,1
3290600057.0,rank_episode_ii_attack_of_the_clones,5.0,Episode II: Attack of the Clones,attack_of_the_clones,2,1
3290598307.0,rank_episode_ii_attack_of_the_clones,2.0,Episode II: Attack of the Clones,attack_of_the_clones,2,1
3290597099.0,rank_episode_ii_attack_of_the_clones,5.0,Episode II: Attack of the Clones,attack_of_the_clones,2,1
3290593953.0,rank_episode_ii_attack_of_the_clones,5.0,Episode II: Attack of the Clones,attack_of_the_clones,2,1
3290582716.0,rank_episode_ii_attack_of_the_clones,4.0,Episode II: Attack of the Clones,attack_of_the_clones,2,1
3290572568.0,rank_episode_ii_attack_of_the_clones,4.0,Episode II: Attack of the Clones,attack_of_the_clones,2,1
3290572073.0,rank_episode_ii_attack_of_the_clones,6.0,Episode II: Attack of the Clones,attack_of_the_clones,2,1
3290569001.0,rank_episode_ii_attack_of_the_clones,4.0,Episode II: Attack of the Clones,attack_of_the_clones,2,1
3290568339.0,rank_episode_ii_attack_of_the_clones,6.0,Episode II: Attack of the Clones,attack_of_the_clones,2,1
3290565779.0,rank_episode_ii_attack_of_the_clones,5.0,Episode II: Attack of the Clones,attack_of_the_clones,2,1
3290565768.0,rank_episode_ii_attack_of_the_clones,5.0,Episode II: Attack of the Clones,attack_of_the_clones,2,1
3290565487.0,rank_episode_ii_attack_of_the_clones,,Episode II: Attack of the Clones,attack_of_the_clones,2,0
3290561583.0,rank_episode_ii_attack_of_the_clones,2.0,Episode II: Attack of the Clones,attack_of_the_clones,2,1
3290561192.0,rank_episode_ii_attack_of_the_clones,5.0,Episode II: Attack of the Clones,attack_of_the_clones,2,1
3290555153.0,rank_episode_ii_attack_of_the_clones,,Episode II: Attack of the Clones,attack_of_the_clones,2,0
3290553558.0,rank_episode_ii_attack_of_the_clones,,Episode II: Attack of the Clones,attack_of_the_clones,2,0
3290552963.0,rank_episode_ii_attack_of_the_clones,5.0,Episode II: Attack of the Clones,attack_of_the_clones,2,1
3290551809.0,rank_episode_ii_attack_of_the_clones,5.0,Episode II: Attack of the Clones,attack_of_the_clones,2,1
3290547819.0,rank_episode_ii_attack_of_the_clones,,Episode II: Attack of the Clones,attack_of_the_clones,2,0
3290544886.0,rank_episode_ii_attack_of_the_clones,,Episode II: Attack of the Clones,attack_of_the_clones,2,0
3290544865.0,rank_episode_ii_attack_of_the_clones,6.0,Episode II: Attack of the Clones,attack_of_the_clones,2,1
3290544012.0,rank_episode_ii_attack_of_the_clones,,Episode II: Attack of the Clones,attack_of_the_clones,2,0
3290539653.0,rank_episode_ii_attack_of_the_clones,5.0,Episode II: Attack of the Clones,attack_of_the_clones,2,1
3290538433.0,rank_episode_ii_attack_of_the_clones,5.0,Episode II: Attack of the Clones,attack_of_the_clones,2,1
3290536294.0,rank_episode_ii_attack_of_the_clones,,Episode II: Attack of the Clones,attack_of_the_clones,2,0
3290532429.0,rank_episode_ii_attack_of_the_clones,6.0,Episode II: Attack of the Clones,attack_of_the_clones,2,1
3290531735.0,rank_episode_ii_attack_of_the_clones,5.0,Episode II: Attack of the Clones,attack_of_the_clones,2,1
3290526356.0,rank_episode_ii_attack_of_the_clones,,Episode II: Attack of the Clones,attack_of_the_clones,2,0
3290525782.0,rank_episode_ii_attack_of_the_clones,2.0,Episode II: Attack of the Clones,attack_of_the_clones,2,1
3290524413.0,rank_episode_ii_attack_of_the_clones,2.0,Episode II: Attack of the Clones,attack_of_the_clones,2,1
3290519884.0,rank_episode_ii_attack_of_the_clones,4.0,Episode II: Attack of the Clones,attack_of_the_clones,2,1
3290515688.0,rank_episode_ii_attack_of_the_clones,2.0,Episode II: Attack of the Clones,attack_of_the_clones,2,1
3290511533.0,rank_episode_ii_attack_of_the_clones,1.0,Episode II: Attack of the Clones,attack_of_the_clones,2,1
3290506830.0,rank_episode_ii_attack_of_the_clones,3.0,Episode II: Attack of the Clones,attack_of_the_clones,2,1
3290506333.0,rank_episode_ii_attack_of_the_clones,1.0,Episode II: Attack of the Clones,attack_of_the_clones,2,1
3290505081.0,rank_episode_ii_attack_of_the_clones,5.0,Episode II: Attack of the Clones,attack_of_the_clones,2,1
3290500457.0,rank_episode_ii_attack_of_the_clones,2.0,Episode II: Attack of the Clones,attack_of_the_clones,2,1
3290499954.0,rank_episode_ii_attack_of_the_clones,4.0,Episode II: Attack of the Clones,attack_of_the_clones,2,1
3290499953.0,rank_episode_ii_attack_of_the_clones,,Episode II: Attack of the Clones,attack_of_the_clones,2,0
3290496822.0,rank_episode_ii_attack_of_the_clones,4.0,Episode II: Attack of the Clones,attack_of_the_clones,2,1
3290491807.0,rank_episode_ii_attack_of_the_clones,2.0,Episode II: Attack of the Clones,attack_of_the_clones,2,1
3290477551.0,rank_episode_ii_attack_of_the_clones,1.0,Episode II: Attack of the Clones,attack_of_the_clones,2,1
3290475079.0,rank_episode_ii_attack_of_the_clones,,Episode II: Attack of the Clones,attack_of_the_clones,2,0
3290474953.0,rank_episode_ii_attack_of_the_clones,5.0,Episode II: Attack of the Clones,attack_of_the_clones,2,1
3290471553.0,rank_episode_ii_attack_of_the_clones,4.0,Episode II: Attack of the Clones,attack_of_the_clones,2,1
3290467062.0,rank_episode_ii_attack_of_the_clones,4.0,Episode II: Attack of the Clones,attack_of_the_clones,2,1
3290467000.0,rank_episode_ii_attack_of_the_clones,3.0,Episode II: Attack of the Clones,attack_of_the_clones,2,1
3290464481.0,rank_episode_ii_attack_of_the_clones,5.0,Episode II: Attack of the Clones,attack_of_the_clones,2,1
3290463350.0,rank_episode_ii_attack_of_the_clones,,Episode II: Attack of the Clones,attack_of_the_clones,2,0
3290461599.0,rank_episode_ii_attack_of_the_clones,2.0,Episode II: Attack of the Clones,attack_of_the_clones,2,1
3290461455.0,rank_episode_ii_attack_of_the_clones,,Episode II: Attack of the Clones,attack_of_the_clones,2,0
3290448644.0,rank_episode_ii_attack_of_the_clones,4.0,Episode II: Attack of the Clones,attack_of_the_clones,2,1
3290444421.0,rank_episode_ii_attack_of_the_clones,6.0,Episode II: Attack of the Clones,attack_of_the_clones,2,1
3290439063.0,rank_episode_ii_attack_of_the_clones,4.0,Episode II: Attack of the Clones,attack_of_the_clones,2,1
3290437717.0,rank_episode_ii_attack_of_the_clones,4.0,Episode II: Attack of the Clones,attack_of_the_clones,2,1
3290432874.0,rank_episode_ii_attack_of_the_clones,,Episode II: Attack of the Clones,attack_of_the_clones,2,0
3290432121.0,rank_episode_ii_attack_of_the_clones,,Episode II: Attack of the Clones,attack_of_the_clones,2,0
3290428766.0,rank_episode_ii_attack_of_the_clones,2.0,Episode II: Attack of the Clones,attack_of_the_clones,2,1
3290427764.0,rank_episode_ii_attack_of_the_clones,4.0,Episode II: Attack of the Clones,attack_of_the_clones,2,1
3290426384.0,rank_episode_ii_attack_of_the_clones,3.0,Episode II: Attack of the Clones,attack_of_the_clones,2,1
3290426289.0,rank_episode_ii_attack_of_the_clones,,Episode II: Attack of the Clones,attack_of_the_clones,2,0
3290423155.0,rank_episode_ii_attack_of_the_clones,5.0,Episode II: Attack of the Clones,attack_of_the_clones,2,1
3290421738.0,rank_episode_ii_attack_of_the_clones,6.0,Episode II: Attack of the Clones,attack_of_the_clones,2,1
3290417966.0,rank_episode_ii_attack_of_the_clones,4.0,Episode II: Attack of the Clones,attack_of_the_clones,2,1
3290412412.0,rank_episode_ii_attack_of_the_clones,,Episode II: Attack of the Clones,attack_of_the_clones,2,0
3290411058.0,rank_episode_ii_attack_of_the_clones,4.0,Episode II: Attack of the Clones,attack_of_the_clones,2,1
3290409431.0,rank_episode_ii_attack_of_the_clones,4.0,Episode II: Attack of the Clones,attack_of_the_clones,2,1
3290409075.0,rank_episode_ii_attack_of_the_clones,6.0,Episode II: Attack of the Clones,attack_of_the_clones,2,1
3290407409.0,rank_episode_ii_attack_of_the_clones,5.0,Episode II: Attack of the Clones,attack_of_the_clones,2,1
3290401956.0,rank_episode_ii_attack_of_the_clones,3.0,Episode II: Attack of the Clones,attack_of_the_clones,2,1
3290398978.0,rank_episode_ii_attack_of_the_clones,,Episode II: Attack of the Clones,attack_of_the_clones,2,0
3290394872.0,rank_episode_ii_attack_of_the_clones,3.0,Episode II: Attack of the Clones,attack_of_the_clones,2,1
3290392454.0,rank_episode_ii_attack_of_the_clones,5.0,Episode II: Attack of the Clones,attack_of_the_clones,2,1
3290392264.0,rank_episode_ii_attack_of_the_clones,5.0,Episode II: Attack of the Clones,attack_of_the_clones,2,1
3290391985.0,rank_episode_ii_attack_of_the_clones,5.0,Episode II: Attack of the Clones,attack_of_the_clones,2,1
3290386524.0,rank_episode_ii_attack_of_the_clones,3.0,Episode II: Attack of the Clones,attack_of_the_clones,2,1
3290380140.0,rank_episode_ii_attack_of_the_clones,3.0,Episode II: Attack of the Clones,attack_of_the_clones,2,1
3290374523.0,rank_episode_ii_attack_of_the_clones,1.0,Episode II: Attack of the Clones,attack_of_the_clones,2,1
3290371734.0,rank_episode_ii_attack_of_the_clones,,Episode II: Attack of the Clones,attack_of_the_clones,2,0
3290371532.0,rank_episode_ii_attack_of_the_clones,,Episode II: Attack of the Clones,attack_of_the_clones,2,0
3290371101.0,rank_episode_ii_attack_of_the_clones,,Episode II: Attack of the Clones,attack_of_the_clones,2,0
3290365225.0,rank_episode_ii_attack_of_the_clones,4.0,Episode II: Attack of the Clones,attack_of_the_clones,2,1
3290364952.0,rank_episode_ii_attack_of_the_clones,5.0,Episode II: Attack of the Clones,attack_of_the_clones,2,1
3290359700.0,rank_episode_ii_attack_of_the_clones,,Episode II: Attack of the Clones,attack_of_the_clones,2,0
3290358751.0,rank_episode_ii_attack_of_the_clones,,Episode II: Attack of the Clones,attack_of_the_clones,2,0
3290350512.0,rank_episode_ii_attack_of_the_clones,3.0,Episode II: Attack of the Clones,attack_of_the_clones,2,1
3290347473.0,rank_episode_ii_attack_of_the_clones,4.0,Episode II: Attack of the Clones,attack_of_the_clones,2,1
3290344571.0,rank_episode_ii_attack_of_the_clones,6.0,Episode II: Attack of the Clones,attack_of_the_clones,2,1
3290343366.0,rank_episode_ii_attack_of_the_clones,5.0,Episode II: Attack of the Clones,attack_of_the_clones,2,1
3290342169.0,rank_episode_ii_attack_of_the_clones,5.0,Episode II: Attack of the Clones,attack_of_the_clones,2,1
3290342102.0,rank_episode_ii_attack_of_the_clones,4.0,Episode II: Attack of the Clones,attack_of_the_clones,2,1
3290340804.0,rank_episode_ii_attack_of_the_clones,3.0,Episode II: Attack of the Clones,attack_of_the_clones,2,1
3290337251.0,rank_episode_ii_attack_of_the_clones,1.0,Episode II: Attack of the Clones,attack_of_the_clones,2,1
3290335343.0,rank_episode_ii_attack_of_the_clones,,Episode II: Attack of the Clones,attack_of_the_clones,2,0
3290329580.0,rank_episode_ii_attack_of_the_clones,,Episode II: Attack of the Clones,attack_of_the_clones,2,0
3290328309.0,rank_episode_ii_attack_of_the_clones,5.0,Episode II: Attack of the Clones,attack_of_the_clones,2,1
3290325811.0,rank_episode_ii_attack_of_the_clones,4.0,Episode II: Attack of the Clones,attack_of_the_clones,2,1
3290324518.0,rank_episode_ii_attack_of_the_clones,5.0,Episode II: Attack of the Clones,attack_of_the_clones,2,1
3290320007.0,rank_episode_ii_attack_of_the_clones,4.0,Episode II: Attack of the Clones,attack_of_the_clones,2,1
3290318577.0,rank_episode_ii_attack_of_the_clones,2.0,Episode II: Attack of the Clones,attack_of_the_clones,2,1
3290317691.0,rank_episode_ii_attack_of_the_clones,5.0,Episode II: Attack of the Clones,attack_of_the_clones,2,1
3290316632.0,rank_episode_ii_attack_of_the_clones,5.0,Episode II: Attack of the Clones,attack_of_the_clones,2,1
3290316375.0,rank_episode_ii_attack_of_the_clones,3.0,Episode II: Attack of the Clones,attack_of_the_clones,2,1
3290315336.0,rank_episode_ii_attack_of_the_clones,4.0,Episode II: Attack of the Clones,attack_of_the_clones,2,1
3290310304.0,rank_episode_ii_attack_of_the_clones,,Episode II: Attack of the Clones,attack_of_the_clones,2,0
3290309722.0,rank_episode_ii_attack_of_the_clones,2.0,Episode II: Attack of the Clones,attack_of_the_clones,2,1
3290309711.0,rank_episode_ii_attack_of_the_clones,5.0,Episode II: Attack of the Clones,attack_of_the_clones,2,1
3290304610.0,rank_episode_ii_attack_of_the_clones,,Episode II: Attack of the Clones,attack_of_the_clones,2,0
3290297761.0,rank_episode_ii_attack_of_the_clones,,Episode II: Attack of the Clones,attack_of_the_clones,2,0
3290296317.0,rank_episode_ii_attack_of_the_clones,5.0,Episode II: Attack of the Clones,attack_of_the_clones,2,1
3290295809.0,rank_episode_ii_attack_of_the_clones,4.0,Episode II: Attack of the Clones,attack_of_the_clones,2,1
3290294922.0,rank_episode_ii_attack_of_the_clones,,Episode II: Attack of the Clones,attack_of_the_clones,2,0
3290294142.0,rank_episode_ii_attack_of_the_clones,,Episode II: Attack of the Clones,attack_of_the_clones,2,0
3290292697.0,rank_episode_ii_attack_of_the_clones,6.0,Episode II: Attack of the Clones,attack_of_the_clones,2,1
3290289176.0,rank_episode_ii_attack_of_the_clones,,Episode II: Attack of the Clones,attack_of_the_clones,2,0
3290287101.0,rank_episode_ii_attack_of_the_clones,,Episode II: Attack of the Clones,attack_of_the_clones,2,0
3290283817.0,rank_episode_ii_attack_of_the_clones,2.0,Episode II: Attack of the Clones,attack_of_the_clones,2,1
3290283139.0,rank_episode_ii_attack_of_the_clones,5.0,Episode II: Attack of the Clones,attack_of_the_clones,2,1
3290280642.0,rank_episode_ii_attack_of_the_clones,,Episode II: Attack of the Clones,attack_of_the_clones,2,0
3290279732.0,rank_episode_ii_attack_of_the_clones,5.0,Episode II: Attack of the Clones,attack_of_the_clones,2,1
3290269777.0,rank_episode_ii_attack_of_the_clones,3.0,Episode II: Attack of the Clones,attack_of_the_clones,2,1
3290268027.0,rank_episode_ii_attack_of_the_clones,,Episode II: Attack of the Clones,attack_of_the_clones,2,0
3290266084.0,rank_episode_ii_attack_of_the_clones,3.0,Episode II: Attack of the Clones,attack_of_the_clones,2,1
3290262568.0,rank_episode_ii_attack_of_the_clones,4.0,Episode II: Attack of the Clones,attack_of_the_clones,2,1
3290257673.0,rank_episode_ii_attack_of_the_clones,4.0,Episode II: Attack of the Clones,attack_of_the_clones,2,1
3290249464.0,rank_episode_ii_attack_of_the_clones,,Episode II: Attack of the Clones,attack_of_the_clones,2,0
3290248279.0,rank_episode_ii_attack_of_the_clones,,Episode II: Attack of the Clones,attack_of_the_clones,2,0
3290248167.0,rank_episode_ii_attack_of_the_clones,,Episode II: Attack of the Clones,attack_of_the_clones,2,0
3290229579.0,rank_episode_ii_attack_of_the_clones,4.0,Episode II: Attack of the Clones,attack_of_the_clones,2,1
3290227264.0,rank_episode_ii_attack_of_the_clones,3.0,Episode II: Attack of the Clones,attack_of_the_clones,2,1
3290225128.0,rank_episode_ii_attack_of_the_clones,,Episode II: Attack of the Clones,attack_of_the_clones,2,0
3290223393.0,rank_episode_ii_attack_of_the_clones,3.0,Episode II: Attack of the Clones,attack_of_the_clones,2,1
3290216970.0,rank_episode_ii_attack_of_the_clones,6.0,Episode II: Attack of the Clones,attack_of_the_clones,2,1
3290213089.0,rank_episode_ii_attack_of_the_clones,5.0,Episode II: Attack of the Clones,attack_of_the_clones,2,1
3290210801.0,rank_episode_ii_attack_of_the_clones,5.0,Episode II: Attack of the Clones,attack_of_the_clones,2,1
3290209773.0,rank_episode_ii_attack_of_the_clones,4.0,Episode II: Attack of the Clones,attack_of_the_clones,2,1
3290209744.0,rank_episode_ii_attack_of_the_clones,5.0,Episode II: Attack of the Clones,attack_of_the_clones,2,1
3290206907.0,rank_episode_ii_attack_of_the_clones,4.0,Episode II: Attack of the Clones,attack_of_the_clones,2,1
3290203063.0,rank_episode_ii_attack_of_the_clones,3.0,Episode II: Attack of the Clones,attack_of_the_clones,2,1
3290201752.0,rank_episode_ii_attack_of_the_clones,4.0,Episode II: Attack of the Clones,attack_of_the_clones,2,1
3290196296.0,rank_episode_ii_attack_of_the_clones,1.0,Episode II: Attack of the Clones,attack_of_the_clones,2,1
3290193368.0,rank_episode_ii_attack_of_the_clones,,Episode II: Attack of the Clones,attack_of_the_clones,2,0
3290191566.0,rank_episode_ii_attack_of_the_clones,5.0,Episode II: Attack of the Clones,attack_of_the_clones,2,1
3290188213.0,rank_episode_ii_attack_of_the_clones,5.0,Episode II: Attack of the Clones,attack_of_the_clones,2,1
3290185244.0,rank_episode_ii_attack_of_the_clones,3.0,Episode II: Attack of the Clones,attack_of_the_clones,2,1
3290184813.0,rank_episode_ii_attack_of_the_clones,,Episode II: Attack of the Clones,attack_of_the_clones,2,0
3290182531.0,rank_episode_ii_attack_of_the_clones,,Episode II: Attack of the Clones,attack_of_the_clones,2,0
3290180442.0,rank_episode_ii_attack_of_the_clones,,Episode II: Attack of the Clones,attack_of_the_clones,2,0
3290176915.0,rank_episode_ii_attack_of_the_clones,,Episode II: Attack of the Clones,attack_of_the_clones,2,0
3290176563.0,rank_episode_ii_attack_of_the_clones,1.0,Episode II: Attack of the Clones,attack_of_the_clones,2,1
3290174629.0,rank_episode_ii_attack_of_the_clones,,Episode II: Attack of the Clones,attack_of_the_clones,2,0
3290174048.0,rank_episode_ii_attack_of_the_clones,,Episode II: Attack of the Clones,attack_of_the_clones,2,0
3290173775.0,rank_episode_ii_attack_of_the_clones,2.0,Episode II: Attack of the Clones,attack_of_the_clones,2,1
3290173176.0,rank_episode_ii_attack_of_the_clones,5.0,Episode II: Attack of the Clones,attack_of_the_clones,2,1
3290167473.0,rank_episode_ii_attack_of_the_clones,4.0,Episode II: Attack of the Clones,attack_of_the_clones,2,1
3290164098.0,rank_episode_ii_attack_of_the_clones,,Episode II: Attack of the Clones,attack_of_the_clones,2,0
3290159455.0,rank_episode_ii_attack_of_the_clones,,Episode II: Attack of the Clones,attack_of_the_clones,2,0
3290159056.0,rank_episode_ii_attack_of_the_clones,,Episode II: Attack of the Clones,attack_of_the_clones,2,0
3290157529.0,rank_episode_ii_attack_of_the_clones,1.0,Episode II: Attack of the Clones,attack_of_the_clones,2,1
3290149698.0,rank_episode_ii_attack_of_the_clones,4.0,Episode II: Attack of the Clones,attack_of_the_clones,2,1
3290148834.0,rank_episode_ii_attack_of_the_clones,4.0,Episode II: Attack of the Clones,attack_of_the_clones,2,1
3290145517.0,rank_episode_ii_attack_of_the_clones,6.0,Episode II: Attack of the Clones,attack_of_the_clones,2,1
3290142232.0,rank_episode_ii_attack_of_the_clones,6.0,Episode II: Attack of the Clones,attack_of_the_clones,2,1
3290139192.0,rank_episode_ii_attack_of_the_clones,2.0,Episode II: Attack of the Clones,attack_of_the_clones,2,1
3290137793.0,rank_episode_ii_attack_of_the_clones,4.0,Episode II: Attack of the Clones,attack_of_the_clones,2,1
3290128978.0,rank_episode_ii_attack_of_the_clones,,Episode II: Attack of the Clones,attack_of_the_clones,2,0
3290128468.0,rank_episode_ii_attack_of_the_clones,2.0,Episode II: Attack of the Clones,attack_of_the_clones,2,1
3290127670.0,rank_episode_ii_attack_of_the_clones,,Episode II: Attack of the Clones,attack_of_the_clones,2,0
3290125801.0,rank_episode_ii_attack_of_the_clones,3.0,Episode II: Attack of the Clones,attack_of_the_clones,2,1
3290125784.0,rank_episode_ii_attack_of_the_clones,6.0,Episode II: Attack of the Clones,attack_of_the_clones,2,1
3290125550.0,rank_episode_ii_attack_of_the_clones,1.0,Episode II: Attack of the Clones,attack_of_the_clones,2,1
3290125357.0,rank_episode_ii_attack_of_the_clones,4.0,Episode II: Attack of the Clones,attack_of_the_clones,2,1
3290124259.0,rank_episode_ii_attack_of_the_clones,3.0,Episode II: Attack of the Clones,attack_of_the_clones,2,1
3290116629.0,rank_episode_ii_attack_of_the_clones,,Episode II: Attack of the Clones,attack_of_the_clones,2,0
3290116182.0,rank_episode_ii_attack_of_the_clones,5.0,Episode II: Attack of the Clones,attack_of_the_clones,2,1
3290109779.0,rank_episode_ii_attack_of_the_clones,5.0,Episode II: Attack of the Clones,attack_of_the_clones,2,1
3290103593.0,rank_episode_ii_attack_of_the_clones,5.0,Episode II: Attack of the Clones,attack_of_the_clones,2,1
3290099797.0,rank_episode_ii_attack_of_the_clones,4.0,Episode II: Attack of the Clones,attack_of_the_clones,2,1
3290097546.0,rank_episode_ii_attack_of_the_clones,4.0,Episode II: Attack of the Clones,attack_of_the_clones,2,1
3290097268.0,rank_episode_ii_attack_of_the_clones,,Episode II: Attack of the Clones,attack_of_the_clones,2,0
3290095220.0,rank_episode_ii_attack_of_the_clones,,Episode II: Attack of the Clones,attack_of_the_clones,2,0
3290094384.0,rank_episode_ii_attack_of_the_clones,,Episode II: Attack of the Clones,attack_of_the_clones,2,0
3290083352.0,rank_episode_ii_attack_of_the_clones,,Episode II: Attack of the Clones,attack_of_the_clones,2,0
3290082468.0,rank_episode_ii_attack_of_the_clones,,Episode II: Attack of the Clones,attack_of_the_clones,2,0
3290081504.0,rank_episode_ii_attack_of_the_clones,,Episode II: Attack of the Clones,attack_of_the_clones,2,0
3290081040.0,rank_episode_ii_attack_of_the_clones,,Episode II: Attack of the Clones,attack_of_the_clones,2,0
3290076587.0,rank_episode_ii_attack_of_the_clones,,Episode II: Attack of the Clones,attack_of_the_clones,2,0
3290071379.0,rank_episode_ii_attack_of_the_clones,,Episode II: Attack of the Clones,attack_of_the_clones,2,0
3290070395.0,rank_episode_ii_attack_of_the_clones,4.0,Episode II: Attack of the Clones,attack_of_the_clones,2,1
3290068892.0,rank_episode_ii_attack_of_the_clones,2.0,Episode II: Attack of the Clones,attack_of_the_clones,2,1
3290068765.0,rank_episode_ii_attack_of_the_clones,4.0,Episode II: Attack of the Clones,attack_of_the_clones,2,1
3290063543.0,rank_episode_ii_attack_of_the_clones,6.0,Episode II: Attack of the Clones,attack_of_the_clones,2,1
3290062936.0,rank_episode_ii_attack_of_the_clones,,Episode II: Attack of the Clones,attack_of_the_clones,2,0
3290061815.0,rank_episode_ii_attack_of_the_clones,5.0,Episode II: Attack of the Clones,attack_of_the_clones,2,1
3290058506.0,rank_episode_ii_attack_of_the_clones,3.0,Episode II: Attack of the Clones,attack_of_the_clones,2,1
3290058216.0,rank_episode_ii_attack_of_the_clones,3.0,Episode II: Attack of the Clones,attack_of_the_clones,2,1
3290050695.0,rank_episode_ii_attack_of_the_clones,,Episode II: Attack of the Clones,attack_of_the_clones,2,0
3290049932.0,rank_episode_ii_attack_of_the_clones,,Episode II: Attack of the Clones,attack_of_the_clones,2,0
3290049231.0,rank_episode_ii_attack_of_the_clones,5.0,Episode II: Attack of the Clones,attack_of_the_clones,2,1
3290048884.0,rank_episode_ii_attack_of_the_clones,4.0,Episode II: Attack of the Clones,attack_of_the_clones,2,1
3290047842.0,rank_episode_ii_attack_of_the_clones,5.0,Episode II: Attack of the Clones,attack_of_the_clones,2,1
3290047689.0,rank_episode_ii_attack_of_the_clones,,Episode II: Attack of the Clones,attack_of_the_clones,2,0
3290047483.0,rank_episode_ii_attack_of_the_clones,3.0,Episode II: Attack of the Clones,attack_of_the_clones,2,1
3290046627.0,rank_episode_ii_attack_of_the_clones,5.0,Episode II: Attack of the Clones,attack_of_the_clones,2,1
3290042369.0,rank_episode_ii_attack_of_the_clones,4.0,Episode II: Attack of the Clones,attack_of_the_clones,2,1
3290038794.0,rank_episode_ii_attack_of_the_clones,4.0,Episode II: Attack of the Clones,attack_of_the_clones,2,1
3290034196.0,rank_episode_ii_attack_of_the_clones,2.0,Episode II: Attack of the Clones,attack_of_the_clones,2,1
3290032864.0,rank_episode_ii_attack_of_the_clones,4.0,Episode II: Attack of the Clones,attack_of_the_clones,2,1
3290029531.0,rank_episode_ii_attack_of_the_clones,3.0,Episode II: Attack of the Clones,attack_of_the_clones,2,1
3290024333.0,rank_episode_ii_attack_of_the_clones,5.0,Episode II: Attack of the Clones,attack_of_the_clones,2,1
3290022302.0,rank_episode_ii_attack_of_the_clones,5.0,Episode II: Attack of the Clones,attack_of_the_clones,2,1
3290019869.0,rank_episode_ii_attack_of_the_clones,4.0,Episode II: Attack of the Clones,attack_of_the_clones,2,1
3290019779.0,rank_episode_ii_attack_of_the_clones,,Episode II: Attack of the Clones,attack_of_the_clones,2,0
3290018381.0,rank_episode_ii_attack_of_the_clones,6.0,Episode II: Attack of the Clones,attack_of_the_clones,2,1
3290017901.0,rank_episode_ii_attack_of_the_clones,,Episode II: Attack of the Clones,attack_of_the_clones,2,0
3290014606.0,rank_episode_ii_attack_of_the_clones,,Episode II: Attack of the Clones,attack_of_the_clones,2,0
3290013239.0,rank_episode_ii_attack_of_the_clones,,Episode II: Attack of the Clones,attack_of_the_clones,2,0
3290011286.0,rank_episode_ii_attack_of_the_clones,4.0,Episode II: Attack of the Clones,attack_of_the_clones,2,1
3290010419.0,rank_episode_ii_attack_of_the_clones,4.0,Episode II: Attack of the Clones,attack_of_the_clones,2,1
3290008538.0,rank_episode_ii_attack_of_the_clones,,Episode II: Attack of the Clones,attack_of_the_clones,2,0
3290005674.0,rank_episode_ii_attack_of_the_clones,2.0,Episode II: Attack of the Clones,attack_of_the_clones,2,1
3290002601.0,rank_episode_ii_attack_of_the_clones,6.0,Episode II: Attack of the Clones,attack_of_the_clones,2,1
3289997713.0,rank_episode_ii_attack_of_the_clones,5.0,Episode II: Attack of the Clones,attack_of_the_clones,2,1
3289997196.0,rank_episode_ii_attack_of_the_clones,3.0,Episode II: Attack of the Clones,attack_of_the_clones,2,1
3289996800.0,rank_episode_ii_attack_of_the_clones,3.0,Episode II: Attack of the Clones,attack_of_the_clones,2,1
3289996025.0,rank_episode_ii_attack_of_the_clones,4.0,Episode II: Attack of the Clones,attack_of_the_clones,2,1
3289995352.0,rank_episode_ii_attack_of_the_clones,3.0,Episode II: Attack of the Clones,attack_of_the_clones,2,1
3289993284.0,rank_episode_ii_attack_of_the_clones,4.0,Episode II: Attack of the Clones,attack_of_the_clones,2,1
3289991708.0,rank_episode_ii_attack_of_the_clones,,Episode II: Attack of the Clones,attack_of_the_clones,2,0
3289989311.0,rank_episode_ii_attack_of_the_clones,,Episode II: Attack of the Clones,attack_of_the_clones,2,0
3289988393.0,rank_episode_ii_attack_of_the_clones,3.0,Episode II: Attack of the Clones,attack_of_the_clones,2,1
3289987865.0,rank_episode_ii_attack_of_the_clones,,Episode II: Attack of the Clones,attack_of_the_clones,2,0
3289986698.0,rank_episode_ii_attack_of_the_clones,3.0,Episode II: Attack of the Clones,attack_of_the_clones,2,1
3289985995.0,rank_episode_ii_attack_of_the_clones,4.0,Episode II: Attack of the Clones,attack_of_the_clones,2,1
3289980534.0,rank_episode_ii_attack_of_the_clones,2.0,Episode II: Attack of the Clones,attack_of_the_clones,2,1
3289973506.0,rank_episode_ii_attack_of_the_clones,5.0,Episode II: Attack of the Clones,attack_of_the_clones,2,1
3289972382.0,rank_episode_ii_attack_of_the_clones,,Episode II: Attack of the Clones,attack_of_the_clones,2,0
3289971452.0,rank_episode_ii_attack_of_the_clones,,Episode II: Attack of the Clones,attack_of_the_clones,2,0
3289971256.0,rank_episode_ii_attack_of_the_clones,6.0,Episode II: Attack of the Clones,attack_of_the_clones,2,1
3289963393.0,rank_episode_ii_attack_of_the_clones,2.0,Episode II: Attack of the Clones,attack_of_the_clones,2,1
3289962839.0,rank_episode_ii_attack_of_the_clones,,Episode II: Attack of the Clones,attack_of_the_clones,2,0
3289962614.0,rank_episode_ii_attack_of_the_clones,5.0,Episode II: Attack of the Clones,attack_of_the_clones,2,1
3289956408.0,rank_episode_ii_attack_of_the_clones,,Episode II: Attack of the Clones,attack_of_the_clones,2,0
3289955364.0,rank_episode_ii_attack_of_the_clones,5.0,Episode II: Attack of the Clones,attack_of_the_clones,2,1
3289952496.0,rank_episode_ii_attack_of_the_clones,2.0,Episode II: Attack of the Clones,attack_of_the_clones,2,1
3289951011.0,rank_episode_ii_attack_of_the_clones,5.0,Episode II: Attack of the Clones,attack_of_the_clones,2,1
3289949516.0,rank_episode_ii_attack_of_the_clones,4.0,Episode II: Attack of the Clones,attack_of_the_clones,2,1
3289949409.0,rank_episode_ii_attack_of_the_clones,5.0,Episode II: Attack of the Clones,attack_of_the_clones,2,1
3289943405.0,rank_episode_ii_attack_of_the_clones,6.0,Episode II: Attack of the Clones,attack_of_the_clones,2,1
3289943097.0,rank_episode_ii_attack_of_the_clones,5.0,Episode II: Attack of the Clones,attack_of_the_clones,2,1
3289942520.0,rank_episode_ii_attack_of_the_clones,,Episode II: Attack of the Clones,attack_of_the_clones,2,0
3289933137.0,rank_episode_ii_attack_of_the_clones,2.0,Episode II: Attack of the Clones,attack_of_the_clones,2,1
3289927404.0,rank_episode_ii_attack_of_the_clones,5.0,Episode II: Attack of the Clones,attack_of_the_clones,2,1
3289924943.0,rank_episode_ii_attack_of_the_clones,4.0,Episode II: Attack of the Clones,attack_of_the_clones,2,1
3289923980.0,rank_episode_ii_attack_of_the_clones,5.0,Episode II: Attack of the Clones,attack_of_the_clones,2,1
3289920249.0,rank_episode_ii_attack_of_the_clones,4.0,Episode II: Attack of the Clones,attack_of_the_clones,2,1
3289919285.0,rank_episode_ii_attack_of_the_clones,,Episode II: Attack of the Clones,attack_of_the_clones,2,0
3289918842.0,rank_episode_ii_attack_of_the_clones,2.0,Episode II: Attack of the Clones,attack_of_the_clones,2,1
3289914533.0,rank_episode_ii_attack_of_the_clones,3.0,Episode II: Attack of the Clones,attack_of_the_clones,2,1
3289914097.0,rank_episode_ii_attack_of_the_clones,5.0,Episode II: Attack of the Clones,attack_of_the_clones,2,1
3289913649.0,rank_episode_ii_attack_of_the_clones,2.0,Episode II: Attack of the Clones,attack_of_the_clones,2,1
3289911175.0,rank_episode_ii_attack_of_the_clones,6.0,Episode II: Attack of the Clones,attack_of_the_clones,2,1
3289909917.0,rank_episode_ii_attack_of_the_clones,6.0,Episode II: Attack of the Clones,attack_of_the_clones,2,1
3289907541.0,rank_episode_ii_attack_of_the_clones,4.0,Episode II: Attack of the Clones,attack_of_the_clones,2,1
3289905986.0,rank_episode_ii_attack_of_the_clones,2.0,Episode II: Attack of the Clones,attack_of_the_clones,2,1
3289905819.0,rank_episode_ii_attack_of_the_clones,,Episode II: Attack of the Clones,attack_of_the_clones,2,0
3289905044.0,rank_episode_ii_attack_of_the_clones,5.0,Episode II: Attack of the Clones,attack_of_the_clones,2,1
3289903380.0,rank_episode_ii_attack_of_the_clones,,Episode II: Attack of the Clones,attack_of_the_clones,2,0
3289902920.0,rank_episode_ii_attack_of_the_clones,5.0,Episode II: Attack of the Clones,attack_of_the_clones,2,1
3289902115.0,rank_episode_ii_attack_of_the_clones,3.0,Episode II: Attack of the Clones,attack_of_the_clones,2,1
3289901820.0,rank_episode_ii_attack_of_the_clones,6.0,Episode II: Attack of the Clones,attack_of_the_clones,2,1
3289901633.0,rank_episode_ii_attack_of_the_clones,4.0,Episode II: Attack of the Clones,attack_of_the_clones,2,1
3289897826.0,rank_episode_ii_attack_of_the_clones,4.0,Episode II: Attack of the Clones,attack_of_the_clones,2,1
3289896565.0,rank_episode_ii_attack_of_the_clones,5.0,Episode II: Attack of the Clones,attack_of_the_clones,2,1
3289895732.0,rank_episode_ii_attack_of_the_clones,5.0,Episode II: Attack of the Clones,attack_of_the_clones,2,1
3289894873.0,rank_episode_ii_attack_of_the_clones,,Episode II: Attack of the Clones,attack_of_the_clones,2,0
3289891069.0,rank_episode_ii_attack_of_the_clones,,Episode II: Attack of the Clones,attack_of_the_clones,2,0
3289890495.0,rank_episode_ii_attack_of_the_clones,,Episode II: Attack of the Clones,attack_of_the_clones,2,0
3289888113.0,rank_episode_ii_attack_of_the_clones,,Episode II: Attack of the Clones,attack_of_the_clones,2,0
3289888015.0,rank_episode_ii_attack_of_the_clones,4.0,Episode II: Attack of the Clones,attack_of_the_clones,2,1
3289885747.0,rank_episode_ii_attack_of_the_clones,4.0,Episode II: Attack of the Clones,attack_of_the_clones,2,1
3289878528.0,rank_episode_ii_attack_of_the_clones,4.0,Episode II: Attack of the Clones,attack_of_the_clones,2,1
3289877093.0,rank_episode_ii_attack_of_the_clones,5.0,Episode II: Attack of the Clones,attack_of_the_clones,2,1
3289874408.0,rank_episode_ii_attack_of_the_clones,5.0,Episode II: Attack of the Clones,attack_of_the_clones,2,1
3289873978.0,rank_episode_ii_attack_of_the_clones,5.0,Episode II: Attack of the Clones,attack_of_the_clones,2,1
3289870772.0,rank_episode_ii_attack_of_the_clones,4.0,Episode II: Attack of the Clones,attack_of_the_clones,2,1
3289868197.0,rank_episode_ii_attack_of_the_clones,4.0,Episode II: Attack of the Clones,attack_of_the_clones,2,1
3289866531.0,rank_episode_ii_attack_of_the_clones,5.0,Episode II: Attack of the Clones,attack_of_the_clones,2,1
3289866259.0,rank_episode_ii_attack_of_the_clones,,Episode II: Attack of the Clones,attack_of_the_clones,2,0
3289865550.0,rank_episode_ii_attack_of_the_clones,4.0,Episode II: Attack of the Clones,attack_of_the_clones,2,1
3289864687.0,rank_episode_ii_attack_of_the_clones,5.0,Episode II: Attack of the Clones,attack_of_the_clones,2,1
3289862004.0,rank_episode_ii_attack_of_the_clones,,Episode II: Attack of the Clones,attack_of_the_clones,2,0
3289861464.0,rank_episode_ii_attack_of_the_clones,5.0,Episode II: Attack of the Clones,attack_of_the_clones,2,1
3289857817.0,rank_episode_ii_attack_of_the_clones,5.0,Episode II: Attack of the Clones,attack_of_the_clones,2,1
3289856887.0,rank_episode_ii_attack_of_the_clones,6.0,Episode II: Attack of the Clones,attack_of_the_clones,2,1
3289856557.0,rank_episode_ii_attack_of_the_clones,,Episode II: Attack of the Clones,attack_of_the_clones,2,0
3289855873.0,rank_episode_ii_attack_of_the_clones,4.0,Episode II: Attack of the Clones,attack_of_the_clones,2,1
3289854601.0,rank_episode_ii_attack_of_the_clones,5.0,Episode II: Attack of the Clones,attack_of_the_clones,2,1
3289848909.0,rank_episode_ii_attack_of_the_clones,,Episode II: Attack of the Clones,attack_of_the_clones,2,0
3289847932.0,rank_episode_ii_attack_of_the_clones,2.0,Episode II: Attack of the Clones,attack_of_the_clones,2,1
3289844139.0,rank_episode_ii_attack_of_the_clones,3.0,Episode II: Attack of the Clones,attack_of_the_clones,2,1
3289843973.0,rank_episode_ii_attack_of_the_clones,3.0,Episode II: Attack of the Clones,attack_of_the_clones,2,1
3289837359.0,rank_episode_ii_attack_of_the_clones,,Episode II: Attack of the Clones,attack_of_the_clones,2,0
3289835282.0,rank_episode_ii_attack_of_the_clones,6.0,Episode II: Attack of the Clones,attack_of_the_clones,2,1
3289834572.0,rank_episode_ii_attack_of_the_clones,,Episode II: Attack of the Clones,attack_of_the_clones,2,0
3289831274.0,rank_episode_ii_attack_of_the_clones,,Episode II: Attack of the Clones,attack_of_the_clones,2,0
3289830199.0,rank_episode_ii_attack_of_the_clones,,Episode II: Attack of the Clones,attack_of_the_clones,2,0
3289829982.0,rank_episode_ii_attack_of_the_clones,5.0,Episode II: Attack of the Clones,attack_of_the_clones,2,1
3289822005.0,rank_episode_ii_attack_of_the_clones,4.0,Episode II: Attack of the Clones,attack_of_the_clones,2,1
3289821310.0,rank_episode_ii_attack_of_the_clones,2.0,Episode II: Attack of the Clones,attack_of_the_clones,2,1
3289815685.0,rank_episode_ii_attack_of_the_clones,4.0,Episode II: Attack of the Clones,attack_of_the_clones,2,1
3289813977.0,rank_episode_ii_attack_of_the_clones,4.0,Episode II: Attack of the Clones,attack_of_the_clones,2,1
3289812188.0,rank_episode_ii_attack_of_the_clones,4.0,Episode II: Attack of the Clones,attack_of_the_clones,2,1
3289809469.0,rank_episode_ii_attack_of_the_clones,5.0,Episode II: Attack of the Clones,attack_of_the_clones,2,1
3289809255.0,rank_episode_ii_attack_of_the_clones,,Episode II: Attack of the Clones,attack_of_the_clones,2,0
3289808310.0,rank_episode_ii_attack_of_the_clones,,Episode II: Attack of the Clones,attack_of_the_clones,2,0
3289805753.0,rank_episode_ii_attack_of_the_clones,,Episode II: Attack of the Clones,attack_of_the_clones,2,0
3289805745.0,rank_episode_ii_attack_of_the_clones,,Episode II: Attack of the Clones,attack_of_the_clones,2,0
3289804908.0,rank_episode_ii_attack_of_the_clones,4.0,Episode II: Attack of the Clones,attack_of_the_clones,2,1
3289804326.0,rank_episode_ii_attack_of_the_clones,6.0,Episode II: Attack of the Clones,attack_of_the_clones,2,1
3289804031.0,rank_episode_ii_attack_of_the_clones,4.0,Episode II: Attack of the Clones,attack_of_the_clones,2,1
3289802847.0,rank_episode_ii_attack_of_the_clones,5.0,Episode II: Attack of the Clones,attack_of_the_clones,2,1
3289799650.0,rank_episode_ii_attack_of_the_clones,4.0,Episode II: Attack of the Clones,attack_of_the_clones,2,1
3289799581.0,rank_episode_ii_attack_of_the_clones,5.0,Episode II: Attack of the Clones,attack_of_the_clones,2,1
3289798968.0,rank_episode_ii_attack_of_the_clones,6.0,Episode II: Attack of the Clones,attack_of_the_clones,2,1
3289798759.0,rank_episode_ii_attack_of_the_clones,4.0,Episode II: Attack of the Clones,attack_of_the_clones,2,1
3289797876.0,rank_episode_ii_attack_of_the_clones,,Episode II: Attack of the Clones,attack_of_the_clones,2,0
3289795859.0,rank_episode_ii_attack_of_the_clones,,Episode II: Attack of the Clones,attack_of_the_clones,2,0
3289790475.0,rank_episode_ii_attack_of_the_clones,,Episode II: Attack of the Clones,attack_of_the_clones,2,0
3289790146.0,rank_episode_ii_attack_of_the_clones,4.0,Episode II: Attack of the Clones,attack_of_the_clones,2,1
3289786719.0,rank_episode_ii_attack_of_the_clones,4.0,Episode II: Attack of the Clones,attack_of_the_clones,2,1
3289781705.0,rank_episode_ii_attack_of_the_clones,4.0,Episode II: Attack of the Clones,attack_of_the_clones,2,1
3289779434.0,rank_episode_ii_attack_of_the_clones,,Episode II: Attack of the Clones,attack_of_the_clones,2,0
3289764515.0,rank_episode_ii_attack_of_the_clones,,Episode II: Attack of the Clones,attack_of_the_clones,2,0
3289758800.0,rank_episode_ii_attack_of_the_clones,2.0,Episode II: Attack of the Clones,attack_of_the_clones,2,1
3289757385.0,rank_episode_ii_attack_of_the_clones,4.0,Episode II: Attack of the Clones,attack_of_the_clones,2,1
3289757163.0,rank_episode_ii_attack_of_the_clones,6.0,Episode II: Attack of the Clones,attack_of_the_clones,2,1
3289753279.0,rank_episode_ii_attack_of_the_clones,,Episode II: Attack of the Clones,attack_of_the_clones,2,0
3289752347.0,rank_episode_ii_attack_of_the_clones,5.0,Episode II: Attack of the Clones,attack_of_the_clones,2,1
3289751464.0,rank_episode_ii_attack_of_the_clones,5.0,Episode II: Attack of the Clones,attack_of_the_clones,2,1
3289745316.0,rank_episode_ii_attack_of_the_clones,,Episode II: Attack of the Clones,attack_of_the_clones,2,0
3289745063.0,rank_episode_ii_attack_of_the_clones,3.0,Episode II: Attack of the Clones,attack_of_the_clones,2,1
3289737236.0,rank_episode_ii_attack_of_the_clones,5.0,Episode II: Attack of the Clones,attack_of_the_clones,2,1
3289735954.0,rank_episode_ii_attack_of_the_clones,2.0,Episode II: Attack of the Clones,attack_of_the_clones,2,1
3289733444.0,rank_episode_ii_attack_of_the_clones,2.0,Episode II: Attack of the Clones,attack_of_the_clones,2,1
3289730973.0,rank_episode_ii_attack_of_the_clones,5.0,Episode II: Attack of the Clones,attack_of_the_clones,2,1
3289727014.0,rank_episode_ii_attack_of_the_clones,5.0,Episode II: Attack of the Clones,attack_of_the_clones,2,1
3289725827.0,rank_episode_ii_attack_of_the_clones,5.0,Episode II: Attack of the Clones,attack_of_the_clones,2,1
3289725605.0,rank_episode_ii_attack_of_the_clones,5.0,Episode II: Attack of the Clones,attack_of_the_clones,2,1
3289722110.0,rank_episode_ii_attack_of_the_clones,3.0,Episode II: Attack of the Clones,attack_of_the_clones,2,1
3289713384.0,rank_episode_ii_attack_of_the_clones,,Episode II: Attack of the Clones,attack_of_the_clones,2,0
3289711817.0,rank_episode_ii_attack_of_the_clones,5.0,Episode II: Attack of the Clones,attack_of_the_clones,2,1
3289710382.0,rank_episode_ii_attack_of_the_clones,,Episode II: Attack of the Clones,attack_of_the_clones,2,0
3289706727.0,rank_episode_ii_attack_of_the_clones,6.0,Episode II: Attack of the Clones,attack_of_the_clones,2,1
3289706550.0,rank_episode_ii_attack_of_the_clones,,Episode II: Attack of the Clones,attack_of_the_clones,2,0
3289705195.0,rank_episode_ii_attack_of_the_clones,5.0,Episode II: Attack of the Clones,attack_of_the_clones,2,1
3289700288.0,rank_episode_ii_attack_of_the_clones,6.0,Episode II: Attack of the Clones,attack_of_the_clones,2,1
3289695941.0,rank_episode_ii_attack_of_the_clones,5.0,Episode II: Attack of the Clones,attack_of_the_clones,2,1
3289693023.0,rank_episode_ii_attack_of_the_clones,6.0,Episode II: Attack of the Clones,attack_of_the_clones,2,1
3289692258.0,rank_episode_ii_attack_of_the_clones,5.0,Episode II: Attack of the Clones,attack_of_the_clones,2,1
3289689591.0,rank_episode_ii_attack_of_the_clones,,Episode II: Attack of the Clones,attack_of_the_clones,2,0
3289689331.0,rank_episode_ii_attack_of_the_clones,2.0,Episode II: Attack of the Clones,attack_of_the_clones,2,1
3289688885.0,rank_episode_ii_attack_of_the_clones,6.0,Episode II: Attack of the Clones,attack_of_the_clones,2,1
3289686202.0,rank_episode_ii_attack_of_the_clones,,Episode II: Attack of the Clones,attack_of_the_clones,2,0
3289685200.0,rank_episode_ii_attack_of_the_clones,,Episode II: Attack of the Clones,attack_of_the_clones,2,0
3289684323.0,rank_episode_ii_attack_of_the_clones,3.0,Episode II: Attack of the Clones,attack_of_the_clones,2,1
3289681765.0,rank_episode_ii_attack_of_the_clones,4.0,Episode II: Attack of the Clones,attack_of_the_clones,2,1
3289680108.0,rank_episode_ii_attack_of_the_clones,4.0,Episode II: Attack of the Clones,attack_of_the_clones,2,1
3289673695.0,rank_episode_ii_attack_of_the_clones,2.0,Episode II: Attack of the Clones,attack_of_the_clones,2,1
3289666523.0,rank_episode_ii_attack_of_the_clones,,Episode II: Attack of the Clones,attack_of_the_clones,2,0
3289664241.0,rank_episode_ii_attack_of_the_clones,4.0,Episode II: Attack of the Clones,attack_of_the_clones,2,1
3289653763.0,rank_episode_ii_attack_of_the_clones,6.0,Episode II: Attack of the Clones,attack_of_the_clones,2,1
3289653664.0,rank_episode_ii_attack_of_the_clones,,Episode II: Attack of the Clones,attack_of_the_clones,2,0
3289652167.0,rank_episode_ii_attack_of_the_clones,1.0,Episode II: Attack of the Clones,attack_of_the_clones,2,1
3289649402.0,rank_episode_ii_attack_of_the_clones,,Episode II: Attack of the Clones,attack_of_the_clones,2,0
3289648154.0,rank_episode_ii_attack_of_the_clones,,Episode II: Attack of the Clones,attack_of_the_clones,2,0
3289646833.0,rank_episode_ii_attack_of_the_clones,,Episode II: Attack of the Clones,attack_of_the_clones,2,0
3289645505.0,rank_episode_ii_attack_of_the_clones,2.0,Episode II: Attack of the Clones,attack_of_the_clones,2,1
3289644365.0,rank_episode_ii_attack_of_the_clones,5.0,Episode II: Attack of the Clones,attack_of_the_clones,2,1
3289641241.0,rank_episode_ii_attack_of_the_clones,4.0,Episode II: Attack of the Clones,attack_of_the_clones,2,1
3289640516.0,rank_episode_ii_attack_of_the_clones,,Episode II: Attack of the Clones,attack_of_the_clones,2,0
3289638367.0,rank_episode_ii_attack_of_the_clones,5.0,Episode II: Attack of the Clones,attack_of_the_clones,2,1
3289633176.0,rank_episode_ii_attack_of_the_clones,4.0,Episode II: Attack of the Clones,attack_of_the_clones,2,1
3289628791.0,rank_episode_ii_attack_of_the_clones,2.0,Episode II: Attack of the Clones,attack_of_the_clones,2,1
3289627503.0,rank_episode_ii_attack_of_the_clones,,Episode II: Attack of the Clones,attack_of_the_clones,2,0
3289625918.0,rank_episode_ii_attack_of_the_clones,,Episode II: Attack of the Clones,attack_of_the_clones,2,0
3289625905.0,rank_episode_ii_attack_of_the_clones,,Episode II: Attack of the Clones,attack_of_the_clones,2,0
3289625071.0,rank_episode_ii_attack_of_the_clones,5.0,Episode II: Attack of the Clones,attack_of_the_clones,2,1
3289621004.0,rank_episode_ii_attack_of_the_clones,5.0,Episode II: Attack of the Clones,attack_of_the_clones,2,1
3289619487.0,rank_episode_ii_attack_of_the_clones,2.0,Episode II: Attack of the Clones,attack_of_the_clones,2,1
3289618781.0,rank_episode_ii_attack_of_the_clones,,Episode II: Attack of the Clones,attack_of_the_clones,2,0
3289618768.0,rank_episode_ii_attack_of_the_clones,,Episode II: Attack of the Clones,attack_of_the_clones,2,0
3289618355.0,rank_episode_ii_attack_of_the_clones,,Episode II: Attack of the Clones,attack_of_the_clones,2,0
3289616064.0,rank_episode_ii_attack_of_the_clones,,Episode II: Attack of the Clones,attack_of_the_clones,2,0
3289610618.0,rank_episode_ii_attack_of_the_clones,,Episode II: Attack of the Clones,attack_of_the_clones,2,0
3289610391.0,rank_episode_ii_attack_of_the_clones,2.0,Episode II: Attack of the Clones,attack_of_the_clones,2,1
3289600885.0,rank_episode_ii_attack_of_the_clones,2.0,Episode II: Attack of the Clones,attack_of_the_clones,2,1
3289598419.0,rank_episode_ii_attack_of_the_clones,4.0,Episode II: Attack of the Clones,attack_of_the_clones,2,1
3289597768.0,rank_episode_ii_attack_of_the_clones,,Episode II: Attack of the Clones,attack_of_the_clones,2,0
3289597035.0,rank_episode_ii_attack_of_the_clones,6.0,Episode II: Attack of the Clones,attack_of_the_clones,2,1
3289588064.0,rank_episode_ii_attack_of_the_clones,2.0,Episode II: Attack of the Clones,attack_of_the_clones,2,1
3289582868.0,rank_episode_ii_attack_of_the_clones,2.0,Episode II: Attack of the Clones,attack_of_the_clones,2,1
3289582774.0,rank_episode_ii_attack_of_the_clones,4.0,Episode II: Attack of the Clones,attack_of_the_clones,2,1
3289582090.0,rank_episode_ii_attack_of_the_clones,5.0,Episode II: Attack of the Clones,attack_of_the_clones,2,1
3289573606.0,rank_episode_ii_attack_of_the_clones,5.0,Episode II: Attack of the Clones,attack_of_the_clones,2,1
3289572808.0,rank_episode_ii_attack_of_the_clones,2.0,Episode II: Attack of the Clones,attack_of_the_clones,2,1
3289569955.0,rank_episode_ii_attack_of_the_clones,,Episode II: Attack of the Clones,attack_of_the_clones,2,0
3289567355.0,rank_episode_ii_attack_of_the_clones,6.0,Episode II: Attack of the Clones,attack_of_the_clones,2,1
3289564387.0,rank_episode_ii_attack_of_the_clones,5.0,Episode II: Attack of the Clones,attack_of_the_clones,2,1
3289563102.0,rank_episode_ii_attack_of_the_clones,,Episode II: Attack of the Clones,attack_of_the_clones,2,0
3289561190.0,rank_episode_ii_attack_of_the_clones,,Episode II: Attack of the Clones,attack_of_the_clones,2,0
3289560376.0,rank_episode_ii_attack_of_the_clones,5.0,Episode II: Attack of the Clones,attack_of_the_clones,2,1
3289555540.0,rank_episode_ii_attack_of_the_clones,,Episode II: Attack of the Clones,attack_of_the_clones,2,0
3289553574.0,rank_episode_ii_attack_of_the_clones,,Episode II: Attack of the Clones,attack_of_the_clones,2,0
3289553473.0,rank_episode_ii_attack_of_the_clones,5.0,Episode II: Attack of the Clones,attack_of_the_clones,2,1
3289552996.0,rank_episode_ii_attack_of_the_clones,4.0,Episode II: Attack of the Clones,attack_of_the_clones,2,1
3289552625.0,rank_episode_ii_attack_of_the_clones,2.0,Episode II: Attack of the Clones,attack_of_the_clones,2,1
3289543778.0,rank_episode_ii_attack_of_the_clones,5.0,Episode II: Attack of the Clones,attack_of_the_clones,2,1
3289540349.0,rank_episode_ii_attack_of_the_clones,4.0,Episode II: Attack of the Clones,attack_of_the_clones,2,1
3289539921.0,rank_episode_ii_attack_of_the_clones,5.0,Episode II: Attack of the Clones,attack_of_the_clones,2,1
3289537363.0,rank_episode_ii_attack_of_the_clones,5.0,Episode II: Attack of the Clones,attack_of_the_clones,2,1
3289537293.0,rank_episode_ii_attack_of_the_clones,5.0,Episode II: Attack of the Clones,attack_of_the_clones,2,1
3289536171.0,rank_episode_ii_attack_of_the_clones,2.0,Episode II: Attack of the Clones,attack_of_the_clones,2,1
3289533753.0,rank_episode_ii_attack_of_the_clones,2.0,Episode II: Attack of the Clones,attack_of_the_clones,2,1
3289531711.0,rank_episode_ii_attack_of_the_clones,5.0,Episode II: Attack of the Clones,attack_of_the_clones,2,1
3289530269.0,rank_episode_ii_attack_of_the_clones,,Episode II: Attack of the Clones,attack_of_the_clones,2,0
3289530042.0,rank_episode_ii_attack_of_the_clones,5.0,Episode II: Attack of the Clones,attack_of_the_clones,2,1
3289529064.0,rank_episode_ii_attack_of_the_clones,2.0,Episode II: Attack of the Clones,attack_of_the_clones,2,1
3289528214.0,rank_episode_ii_attack_of_the_clones,,Episode II: Attack of the Clones,attack_of_the_clones,2,0
3289526845.0,rank_episode_ii_attack_of_the_clones,2.0,Episode II: Attack of the Clones,attack_of_the_clones,2,1
3289526048.0,rank_episode_ii_attack_of_the_clones,5.0,Episode II: Attack of the Clones,attack_of_the_clones,2,1
3289522048.0,rank_episode_ii_attack_of_the_clones,5.0,Episode II: Attack of the Clones,attack_of_the_clones,2,1
3289512650.0,rank_episode_ii_attack_of_the_clones,,Episode II: Attack of the Clones,attack_of_the_clones,2,0
3289510637.0,rank_episode_ii_attack_of_the_clones,5.0,Episode II: Attack of the Clones,attack_of_the_clones,2,1
3289510083.0,rank_episode_ii_attack_of_the_clones,,Episode II: Attack of the Clones,attack_of_the_clones,2,0
3289508774.0,rank_episode_ii_attack_of_the_clones,5.0,Episode II: Attack of the Clones,attack_of_the_clones,2,1
3289505557.0,rank_episode_ii_attack_of_the_clones,3.0,Episode II: Attack of the Clones,attack_of_the_clones,2,1
3289498676.0,rank_episode_ii_attack_of_the_clones,3.0,Episode II: Attack of the Clones,attack_of_the_clones,2,1
3289498263.0,rank_episode_ii_attack_of_the_clones,6.0,Episode II: Attack of the Clones,attack_of_the_clones,2,1
3289498064.0,rank_episode_ii_attack_of_the_clones,6.0,Episode II: Attack of the Clones,attack_of_the_clones,2,1
3289494245.0,rank_episode_ii_attack_of_the_clones,,Episode II: Attack of the Clones,attack_of_the_clones,2,0
3289492759.0,rank_episode_ii_attack_of_the_clones,,Episode II: Attack of the Clones,attack_of_the_clones,2,0
3289492075.0,rank_episode_ii_attack_of_the_clones,4.0,Episode II: Attack of the Clones,attack_of_the_clones,2,1
3289489736.0,rank_episode_ii_attack_of_the_clones,4.0,Episode II: Attack of the Clones,attack_of_the_clones,2,1
3289485680.0,rank_episode_ii_attack_of_the_clones,,Episode II: Attack of the Clones,attack_of_the_clones,2,0
3289484757.0,rank_episode_ii_attack_of_the_clones,4.0,Episode II: Attack of the Clones,attack_of_the_clones,2,1
3289481873.0,rank_episode_ii_attack_of_the_clones,,Episode II: Attack of the Clones,attack_of_the_clones,2,0
3289481310.0,rank_episode_ii_attack_of_the_clones,2.0,Episode II: Attack of the Clones,attack_of_the_clones,2,1
3289472648.0,rank_episode_ii_attack_of_the_clones,5.0,Episode II: Attack of the Clones,attack_of_the_clones,2,1
3289469330.0,rank_episode_ii_attack_of_the_clones,,Episode II: Attack of the Clones,attack_of_the_clones,2,0
3289467778.0,rank_episode_ii_attack_of_the_clones,5.0,Episode II: Attack of the Clones,attack_of_the_clones,2,1
3289467324.0,rank_episode_ii_attack_of_the_clones,5.0,Episode II: Attack of the Clones,attack_of_the_clones,2,1
3289463626.0,rank_episode_ii_attack_of_the_clones,,Episode II: Attack of the Clones,attack_of_the_clones,2,0
3289463066.0,rank_episode_ii_attack_of_the_clones,3.0,Episode II: Attack of the Clones,attack_of_the_clones,2,1
3289459695.0,rank_episode_ii_attack_of_the_clones,,Episode II: Attack of the Clones,attack_of_the_clones,2,0
3289458608.0,rank_episode_ii_attack_of_the_clones,6.0,Episode II: Attack of the Clones,attack_of_the_clones,2,1
3289453110.0,rank_episode_ii_attack_of_the_clones,3.0,Episode II: Attack of the Clones,attack_of_the_clones,2,1
3289450247.0,rank_episode_ii_attack_of_the_clones,3.0,Episode II: Attack of the Clones,attack_of_the_clones,2,1
3289450050.0,rank_episode_ii_attack_of_the_clones,2.0,Episode II: Attack of the Clones,attack_of_the_clones,2,1
3289449176.0,rank_episode_ii_attack_of_the_clones,5.0,Episode II: Attack of the Clones,attack_of_the_clones,2,1
3289448435.0,rank_episode_ii_attack_of_the_clones,5.0,Episode II: Attack of the Clones,attack_of_the_clones,2,1
3289445841.0,rank_episode_ii_attack_of_the_clones,1.0,Episode II: Attack of the Clones,attack_of_the_clones,2,1
3289437997.0,rank_episode_ii_attack_of_the_clones,,Episode II: Attack of the Clones,attack_of_the_clones,2,0
3289436437.0,rank_episode_ii_attack_of_the_clones,6.0,Episode II: Attack of the Clones,attack_of_the_clones,2,1
3289434297.0,rank_episode_ii_attack_of_the_clones,5.0,Episode II: Attack of the Clones,attack_of_the_clones,2,1
3289425578.0,rank_episode_ii_attack_of_the_clones,5.0,Episode II: Attack of the Clones,attack_of_the_clones,2,1
3289423303.0,rank_episode_ii_attack_of_the_clones,6.0,Episode II: Attack of the Clones,attack_of_the_clones,2,1
3289419064.0,rank_episode_ii_attack_of_the_clones,,Episode II: Attack of the Clones,attack_of_the_clones,2,0
3289418012.0,rank_episode_ii_attack_of_the_clones,,Episode II: Attack of the Clones,attack_of_the_clones,2,0
3289416615.0,rank_episode_ii_attack_of_the_clones,6.0,Episode II: Attack of the Clones,attack_of_the_clones,2,1
3289415200.0,rank_episode_ii_attack_of_the_clones,,Episode II: Attack of the Clones,attack_of_the_clones,2,0
3289414959.0,rank_episode_ii_attack_of_the_clones,5.0,Episode II: Attack of the Clones,attack_of_the_clones,2,1
3289414036.0,rank_episode_ii_attack_of_the_clones,3.0,Episode II: Attack of the Clones,attack_of_the_clones,2,1
3289410507.0,rank_episode_ii_attack_of_the_clones,6.0,Episode II: Attack of the Clones,attack_of_the_clones,2,1
3289410455.0,rank_episode_ii_attack_of_the_clones,6.0,Episode II: Attack of the Clones,attack_of_the_clones,2,1
3289398157.0,rank_episode_ii_attack_of_the_clones,2.0,Episode II: Attack of the Clones,attack_of_the_clones,2,1
3289394268.0,rank_episode_ii_attack_of_the_clones,5.0,Episode II: Attack of the Clones,attack_of_the_clones,2,1
3289393495.0,rank_episode_ii_attack_of_the_clones,4.0,Episode II: Attack of the Clones,attack_of_the_clones,2,1
3289392497.0,rank_episode_ii_attack_of_the_clones,4.0,Episode II: Attack of the Clones,attack_of_the_clones,2,1
3289383220.0,rank_episode_ii_attack_of_the_clones,4.0,Episode II: Attack of the Clones,attack_of_the_clones,2,1
3289381739.0,rank_episode_ii_attack_of_the_clones,1.0,Episode II: Attack of the Clones,attack_of_the_clones,2,1
3289374653.0,rank_episode_ii_attack_of_the_clones,,Episode II: Attack of the Clones,attack_of_the_clones,2,0
3289370623.0,rank_episode_ii_attack_of_the_clones,3.0,Episode II: Attack of the Clones,attack_of_the_clones,2,1
3289369318.0,rank_episode_ii_attack_of_the_clones,4.0,Episode II: Attack of the Clones,attack_of_the_clones,2,1
3289363684.0,rank_episode_ii_attack_of_the_clones,1.0,Episode II: Attack of the Clones,attack_of_the_clones,2,1
3289358306.0,rank_episode_ii_attack_of_the_clones,2.0,Episode II: Attack of the Clones,attack_of_the_clones,2,1
3289354975.0,rank_episode_ii_attack_of_the_clones,6.0,Episode II: Attack of the Clones,attack_of_the_clones,2,1
3289351950.0,rank_episode_ii_attack_of_the_clones,3.0,Episode II: Attack of the Clones,attack_of_the_clones,2,1
3289351379.0,rank_episode_ii_attack_of_the_clones,5.0,Episode II: Attack of the Clones,attack_of_the_clones,2,1
3289341349.0,rank_episode_ii_attack_of_the_clones,,Episode II: Attack of the Clones,attack_of_the_clones,2,0
3289334585.0,rank_episode_ii_attack_of_the_clones,,Episode II: Attack of the Clones,attack_of_the_clones,2,0
3289334511.0,rank_episode_ii_attack_of_the_clones,,Episode II: Attack of the Clones,attack_of_the_clones,2,0
3289322178.0,rank_episode_ii_attack_of_the_clones,3.0,Episode II: Attack of the Clones,attack_of_the_clones,2,1
3289321600.0,rank_episode_ii_attack_of_the_clones,2.0,Episode II: Attack of the Clones,attack_of_the_clones,2,1
3289317542.0,rank_episode_ii_attack_of_the_clones,6.0,Episode II: Attack of the Clones,attack_of_the_clones,2,1
3289316592.0,rank_episode_ii_attack_of_the_clones,,Episode II: Attack of the Clones,attack_of_the_clones,2,0
3289311086.0,rank_episode_ii_attack_of_the_clones,5.0,Episode II: Attack of the Clones,attack_of_the_clones,2,1
3289305272.0,rank_episode_ii_attack_of_the_clones,,Episode II: Attack of the Clones,attack_of_the_clones,2,0
3289302743.0,rank_episode_ii_attack_of_the_clones,,Episode II: Attack of the Clones,attack_of_the_clones,2,0
3289301976.0,rank_episode_ii_attack_of_the_clones,,Episode II: Attack of the Clones,attack_of_the_clones,2,0
3289282741.0,rank_episode_ii_attack_of_the_clones,,Episode II: Attack of the Clones,attack_of_the_clones,2,0
3289281855.0,rank_episode_ii_attack_of_the_clones,,Episode II: Attack of the Clones,attack_of_the_clones,2,0
3289279767.0,rank_episode_ii_attack_of_the_clones,,Episode II: Attack of the Clones,attack_of_the_clones,2,0
3289274314.0,rank_episode_ii_attack_of_the_clones,5.0,Episode II: Attack of the Clones,attack_of_the_clones,2,1
3289274207.0,rank_episode_ii_attack_of_the_clones,,Episode II: Attack of the Clones,attack_of_the_clones,2,0
3289262699.0,rank_episode_ii_attack_of_the_clones,5.0,Episode II: Attack of the Clones,attack_of_the_clones,2,1
3289262511.0,rank_episode_ii_attack_of_the_clones,3.0,Episode II: Attack of the Clones,attack_of_the_clones,2,1
3289242777.0,rank_episode_ii_attack_of_the_clones,,Episode II: Attack of the Clones,attack_of_the_clones,2,0
3289236782.0,rank_episode_ii_attack_of_the_clones,6.0,Episode II: Attack of the Clones,attack_of_the_clones,2,1
3289198607.0,rank_episode_ii_attack_of_the_clones,5.0,Episode II: Attack of the Clones,attack_of_the_clones,2,1
3289179421.0,rank_episode_ii_attack_of_the_clones,,Episode II: Attack of the Clones,attack_of_the_clones,2,0
3289178815.0,rank_episode_ii_attack_of_the_clones,,Episode II: Attack of the Clones,attack_of_the_clones,2,0
3289177383.0,rank_episode_ii_attack_of_the_clones,4.0,Episode II: Attack of the Clones,attack_of_the_clones,2,1
3289172932.0,rank_episode_ii_attack_of_the_clones,,Episode II: Attack of the Clones,attack_of_the_clones,2,0
3289156917.0,rank_episode_ii_attack_of_the_clones,3.0,Episode II: Attack of the Clones,attack_of_the_clones,2,1
3289153001.0,rank_episode_ii_attack_of_the_clones,2.0,Episode II: Attack of the Clones,attack_of_the_clones,2,1
3289148779.0,rank_episode_ii_attack_of_the_clones,2.0,Episode II: Attack of the Clones,attack_of_the_clones,2,1
3289112999.0,rank_episode_ii_attack_of_the_clones,5.0,Episode II: Attack of the Clones,attack_of_the_clones,2,1
3289095873.0,rank_episode_ii_attack_of_the_clones,2.0,Episode II: Attack of the Clones,attack_of_the_clones,2,1
3289069642.0,rank_episode_ii_attack_of_the_clones,5.0,Episode II: Attack of the Clones,attack_of_the_clones,2,1
3289064086.0,rank_episode_ii_attack_of_the_clones,4.0,Episode II: Attack of the Clones,attack_of_the_clones,2,1
3289054324.0,rank_episode_ii_attack_of_the_clones,4.0,Episode II: Attack of the Clones,attack_of_the_clones,2,1
3289049751.0,rank_episode_ii_attack_of_the_clones,2.0,Episode II: Attack of the Clones,attack_of_the_clones,2,1
3289032654.0,rank_episode_ii_attack_of_the_clones,,Episode II: Attack of the Clones,attack_of_the_clones,2,0
3288941294.0,rank_episode_ii_attack_of_the_clones,5.0,Episode II: Attack of the Clones,attack_of_the_clones,2,1
3288846487.0,rank_episode_ii_attack_of_the_clones,5.0,Episode II: Attack of the Clones,attack_of_the_clones,2,1
3288826742.0,rank_episode_ii_attack_of_the_clones,,Episode II: Attack of the Clones,attack_of_the_clones,2,0
3288823234.0,rank_episode_ii_attack_of_the_clones,,Episode II: Attack of the Clones,attack_of_the_clones,2,0
3288802482.0,rank_episode_ii_attack_of_the_clones,5.0,Episode II: Attack of the Clones,attack_of_the_clones,2,1
3288793006.0,rank_episode_ii_attack_of_the_clones,3.0,Episode II: Attack of the Clones,attack_of_the_clones,2,1
3288777560.0,rank_episode_ii_attack_of_the_clones,5.0,Episode II: Attack of the Clones,attack_of_the_clones,2,1
3288772244.0,rank_episode_ii_attack_of_the_clones,5.0,Episode II: Attack of the Clones,attack_of_the_clones,2,1
3288771826.0,rank_episode_ii_attack_of_the_clones,6.0,Episode II: Attack of the Clones,attack_of_the_clones,2,1
3288750443.0,rank_episode_ii_attack_of_the_clones,5.0,Episode II: Attack of the Clones,attack_of_the_clones,2,1
3288741236.0,rank_episode_ii_attack_of_the_clones,2.0,Episode II: Attack of the Clones,attack_of_the_clones,2,1
3288740386.0,rank_episode_ii_attack_of_the_clones,1.0,Episode II: Attack of the Clones,attack_of_the_clones,2,1
3288728912.0,rank_episode_ii_attack_of_the_clones,5.0,Episode II: Attack of the Clones,attack_of_the_clones,2,1
3288723253.0,rank_episode_ii_attack_of_the_clones,,Episode II: Attack of the Clones,attack_of_the_clones,2,0
3288722710.0,rank_episode_ii_attack_of_the_clones,5.0,Episode II: Attack of the Clones,attack_of_the_clones,2,1
3288719090.0,rank_episode_ii_attack_of_the_clones,5.0,Episode II: Attack of the Clones,attack_of_the_clones,2,1
3288718743.0,rank_episode_ii_attack_of_the_clones,5.0,Episode II: Attack of the Clones,attack_of_the_clones,2,1
3288714827.0,rank_episode_ii_attack_of_the_clones,5.0,Episode II: Attack of the Clones,attack_of_the_clones,2,1
3288714697.0,rank_episode_ii_attack_of_the_clones,4.0,Episode II: Attack of the Clones,attack_of_the_clones,2,1
3288713721.0,rank_episode_ii_attack_of_the_clones,4.0,Episode II: Attack of the Clones,attack_of_the_clones,2,1
3288713570.0,rank_episode_ii_attack_of_the_clones,6.0,Episode II: Attack of the Clones,attack_of_the_clones,2,1
3288712832.0,rank_episode_ii_attack_of_the_clones,2.0,Episode II: Attack of the Clones,attack_of_the_clones,2,1
3288704807.0,rank_episode_ii_attack_of_the_clones,4.0,Episode II: Attack of the Clones,attack_of_the_clones,2,1
3288702291.0,rank_episode_ii_attack_of_the_clones,4.0,Episode II: Attack of the Clones,attack_of_the_clones,2,1
3288700554.0,rank_episode_ii_attack_of_the_clones,3.0,Episode II: Attack of the Clones,attack_of_the_clones,2,1
3288699973.0,rank_episode_ii_attack_of_the_clones,,Episode II: Attack of the Clones,attack_of_the_clones,2,0
3288698545.0,rank_episode_ii_attack_of_the_clones,,Episode II: Attack of the Clones,attack_of_the_clones,2,0
3288698085.0,rank_episode_ii_attack_of_the_clones,2.0,Episode II: Attack of the Clones,attack_of_the_clones,2,1
3288697760.0,rank_episode_ii_attack_of_the_clones,2.0,Episode II: Attack of the Clones,attack_of_the_clones,2,1
3288696158.0,rank_episode_ii_attack_of_the_clones,,Episode II: Attack of the Clones,attack_of_the_clones,2,0
3288694272.0,rank_episode_ii_attack_of_the_clones,,Episode II: Attack of the Clones,attack_of_the_clones,2,0
3288690295.0,rank_episode_ii_attack_of_the_clones,5.0,Episode II: Attack of the Clones,attack_of_the_clones,2,1
3288689621.0,rank_episode_ii_attack_of_the_clones,,Episode II: Attack of the Clones,attack_of_the_clones,2,0
3288687502.0,rank_episode_ii_attack_of_the_clones,2.0,Episode II: Attack of the Clones,attack_of_the_clones,2,1
3288685641.0,rank_episode_ii_attack_of_the_clones,5.0,Episode II: Attack of the Clones,attack_of_the_clones,2,1
3288683262.0,rank_episode_ii_attack_of_the_clones,,Episode II: Attack of the Clones,attack_of_the_clones,2,0
3288683105.0,rank_episode_ii_attack_of_the_clones,6.0,Episode II: Attack of the Clones,attack_of_the_clones,2,1
3288682774.0,rank_episode_ii_attack_of_the_clones,,Episode II: Attack of the Clones,attack_of_the_clones,2,0
3288682656.0,rank_episode_ii_attack_of_the_clones,2.0,Episode II: Attack of the Clones,attack_of_the_clones,2,1
3288678886.0,rank_episode_ii_attack_of_the_clones,4.0,Episode II: Attack of the Clones,attack_of_the_clones,2,1
3288675923.0,rank_episode_ii_attack_of_the_clones,3.0,Episode II: Attack of the Clones,attack_of_the_clones,2,1
3288672490.0,rank_episode_ii_attack_of_the_clones,5.0,Episode II: Attack of the Clones,attack_of_the_clones,2,1
3288672409.0,rank_episode_ii_attack_of_the_clones,5.0,Episode II: Attack of the Clones,attack_of_the_clones,2,1
3288672197.0,rank_episode_ii_attack_of_the_clones,,Episode II: Attack of the Clones,attack_of_the_clones,2,0
3288671359.0,rank_episode_ii_attack_of_the_clones,2.0,Episode II: Attack of the Clones,attack_of_the_clones,2,1
3288671328.0,rank_episode_ii_attack_of_the_clones,3.0,Episode II: Attack of the Clones,attack_of_the_clones,2,1
3288670345.0,rank_episode_ii_attack_of_the_clones,6.0,Episode II: Attack of the Clones,attack_of_the_clones,2,1
3288668791.0,rank_episode_ii_attack_of_the_clones,6.0,Episode II: Attack of the Clones,attack_of_the_clones,2,1
3288668404.0,rank_episode_ii_attack_of_the_clones,,Episode II: Attack of the Clones,attack_of_the_clones,2,0
3288668176.0,rank_episode_ii_attack_of_the_clones,6.0,Episode II: Attack of the Clones,attack_of_the_clones,2,1
3288666429.0,rank_episode_ii_attack_of_the_clones,,Episode II: Attack of the Clones,attack_of_the_clones,2,0
3288665797.0,rank_episode_ii_attack_of_the_clones,,Episode II: Attack of the Clones,attack_of_the_clones,2,0
3288665355.0,rank_episode_ii_attack_of_the_clones,,Episode II: Attack of the Clones,attack_of_the_clones,2,0
3288662617.0,rank_episode_ii_attack_of_the_clones,,Episode II: Attack of the Clones,attack_of_the_clones,2,0
3288660175.0,rank_episode_ii_attack_of_the_clones,5.0,Episode II: Attack of the Clones,attack_of_the_clones,2,1
3288657866.0,rank_episode_ii_attack_of_the_clones,5.0,Episode II: Attack of the Clones,attack_of_the_clones,2,1
3288657113.0,rank_episode_ii_attack_of_the_clones,5.0,Episode II: Attack of the Clones,attack_of_the_clones,2,1
3288653945.0,rank_episode_ii_attack_of_the_clones,,Episode II: Attack of the Clones,attack_of_the_clones,2,0
3288653548.0,rank_episode_ii_attack_of_the_clones,2.0,Episode II: Attack of the Clones,attack_of_the_clones,2,1
3288653332.0,rank_episode_ii_attack_of_the_clones,,Episode II: Attack of the Clones,attack_of_the_clones,2,0
3288653149.0,rank_episode_ii_attack_of_the_clones,1.0,Episode II: Attack of the Clones,attack_of_the_clones,2,1
3288650455.0,rank_episode_ii_attack_of_the_clones,4.0,Episode II: Attack of the Clones,attack_of_the_clones,2,1
3288649171.0,rank_episode_ii_attack_of_the_clones,,Episode II: Attack of the Clones,attack_of_the_clones,2,0
3288647913.0,rank_episode_ii_attack_of_the_clones,4.0,Episode II: Attack of the Clones,attack_of_the_clones,2,1
3288647623.0,rank_episode_ii_attack_of_the_clones,5.0,Episode II: Attack of the Clones,attack_of_the_clones,2,1
3288644592.0,rank_episode_ii_attack_of_the_clones,3.0,Episode II: Attack of the Clones,attack_of_the_clones,2,1
3288644163.0,rank_episode_ii_attack_of_the_clones,6.0,Episode II: Attack of the Clones,attack_of_the_clones,2,1
3288641278.0,rank_episode_ii_attack_of_the_clones,,Episode II: Attack of the Clones,attack_of_the_clones,2,0
3288639879.0,rank_episode_ii_attack_of_the_clones,,Episode II: Attack of the Clones,attack_of_the_clones,2,0
3288639732.0,rank_episode_ii_attack_of_the_clones,,Episode II: Attack of the Clones,attack_of_the_clones,2,0
3288639377.0,rank_episode_ii_attack_of_the_clones,4.0,Episode II: Attack of the Clones,attack_of_the_clones,2,1
3288638640.0,rank_episode_ii_attack_of_the_clones,,Episode II: Attack of the Clones,attack_of_the_clones,2,0
3288635451.0,rank_episode_ii_attack_of_the_clones,2.0,Episode II: Attack of the Clones,attack_of_the_clones,2,1
3288633861.0,rank_episode_ii_attack_of_the_clones,,Episode II: Attack of the Clones,attack_of_the_clones,2,0
3288629979.0,rank_episode_ii_attack_of_the_clones,6.0,Episode II: Attack of the Clones,attack_of_the_clones,2,1
3288627180.0,rank_episode_ii_attack_of_the_clones,,Episode II: Attack of the Clones,attack_of_the_clones,2,0
3288625580.0,rank_episode_ii_attack_of_the_clones,4.0,Episode II: Attack of the Clones,attack_of_the_clones,2,1
3288623870.0,rank_episode_ii_attack_of_the_clones,5.0,Episode II: Attack of the Clones,attack_of_the_clones,2,1
3288623420.0,rank_episode_ii_attack_of_the_clones,,Episode II: Attack of the Clones,attack_of_the_clones,2,0
3288623033.0,rank_episode_ii_attack_of_the_clones,3.0,Episode II: Attack of the Clones,attack_of_the_clones,2,1
3288620198.0,rank_episode_ii_attack_of_the_clones,5.0,Episode II: Attack of the Clones,attack_of_the_clones,2,1
3288618459.0,rank_episode_ii_attack_of_the_clones,4.0,Episode II: Attack of the Clones,attack_of_the_clones,2,1
3288617343.0,rank_episode_ii_attack_of_the_clones,,Episode II: Attack of the Clones,attack_of_the_clones,2,0
3288617091.0,rank_episode_ii_attack_of_the_clones,6.0,Episode II: Attack of the Clones,attack_of_the_clones,2,1
3288614671.0,rank_episode_ii_attack_of_the_clones,4.0,Episode II: Attack of the Clones,attack_of_the_clones,2,1
3288614539.0,rank_episode_ii_attack_of_the_clones,5.0,Episode II: Attack of the Clones,attack_of_the_clones,2,1
3288614195.0,rank_episode_ii_attack_of_the_clones,3.0,Episode II: Attack of the Clones,attack_of_the_clones,2,1
3288613051.0,rank_episode_ii_attack_of_the_clones,,Episode II: Attack of the Clones,attack_of_the_clones,2,0
3288609566.0,rank_episode_ii_attack_of_the_clones,3.0,Episode II: Attack of the Clones,attack_of_the_clones,2,1
3288608965.0,rank_episode_ii_attack_of_the_clones,,Episode II: Attack of the Clones,attack_of_the_clones,2,0
3288604946.0,rank_episode_ii_attack_of_the_clones,2.0,Episode II: Attack of the Clones,attack_of_the_clones,2,1
3288602883.0,rank_episode_ii_attack_of_the_clones,3.0,Episode II: Attack of the Clones,attack_of_the_clones,2,1
3288601847.0,rank_episode_ii_attack_of_the_clones,6.0,Episode II: Attack of the Clones,attack_of_the_clones,2,1
3288601827.0,rank_episode_ii_attack_of_the_clones,,Episode II: Attack of the Clones,attack_of_the_clones,2,0
3288599799.0,rank_episode_ii_attack_of_the_clones,2.0,Episode II: Attack of the Clones,attack_of_the_clones,2,1
3288599067.0,rank_episode_ii_attack_of_the_clones,5.0,Episode II: Attack of the Clones,attack_of_the_clones,2,1
3288593331.0,rank_episode_ii_attack_of_the_clones,,Episode II: Attack of the Clones,attack_of_the_clones,2,0
3288590836.0,rank_episode_ii_attack_of_the_clones,,Episode II: Attack of the Clones,attack_of_the_clones,2,0
3288588424.0,rank_episode_ii_attack_of_the_clones,,Episode II: Attack of the Clones,attack_of_the_clones,2,0
3288587373.0,rank_episode_ii_attack_of_the_clones,5.0,Episode II: Attack of the Clones,attack_of_the_clones,2,1
3288586178.0,rank_episode_ii_attack_of_the_clones,5.0,Episode II: Attack of the Clones,attack_of_the_clones,2,1
3288585053.0,rank_episode_ii_attack_of_the_clones,5.0,Episode II: Attack of the Clones,attack_of_the_clones,2,1
3288584578.0,rank_episode_ii_attack_of_the_clones,5.0,Episode II: Attack of the Clones,attack_of_the_clones,2,1
3288583884.0,rank_episode_ii_attack_of_the_clones,6.0,Episode II: Attack of the Clones,attack_of_the_clones,2,1
3288583591.0,rank_episode_ii_attack_of_the_clones,,Episode II: Attack of the Clones,attack_of_the_clones,2,0
3288581774.0,rank_episode_ii_attack_of_the_clones,,Episode II: Attack of the Clones,attack_of_the_clones,2,0
3288580684.0,rank_episode_ii_attack_of_the_clones,,Episode II: Attack of the Clones,attack_of_the_clones,2,0
3288580145.0,rank_episode_ii_attack_of_the_clones,,Episode II: Attack of the Clones,attack_of_the_clones,2,0
3288579719.0,rank_episode_ii_attack_of_the_clones,,Episode II: Attack of the Clones,attack_of_the_clones,2,0
3288579445.0,rank_episode_ii_attack_of_the_clones,,Episode II: Attack of the Clones,attack_of_the_clones,2,0
3288578983.0,rank_episode_ii_attack_of_the_clones,4.0,Episode II: Attack of the Clones,attack_of_the_clones,2,1
3288578072.0,rank_episode_ii_attack_of_the_clones,5.0,Episode II: Attack of the Clones,attack_of_the_clones,2,1
3288576462.0,rank_episode_ii_attack_of_the_clones,6.0,Episode II: Attack of the Clones,attack_of_the_clones,2,1
3288574703.0,rank_episode_ii_attack_of_the_clones,5.0,Episode II: Attack of the Clones,attack_of_the_clones,2,1
3288571196.0,rank_episode_ii_attack_of_the_clones,3.0,Episode II: Attack of the Clones,attack_of_the_clones,2,1
3288568534.0,rank_episode_ii_attack_of_the_clones,6.0,Episode II: Attack of the Clones,attack_of_the_clones,2,1
3288567242.0,rank_episode_ii_attack_of_the_clones,5.0,Episode II: Attack of the Clones,attack_of_the_clones,2,1
3288567154.0,rank_episode_ii_attack_of_the_clones,5.0,Episode II: Attack of the Clones,attack_of_the_clones,2,1
3288563970.0,rank_episode_ii_attack_of_the_clones,,Episode II: Attack of the Clones,attack_of_the_clones,2,0
3288563342.0,rank_episode_ii_attack_of_the_clones,,Episode II: Attack of the Clones,attack_of_the_clones,2,0
3288563065.0,rank_episode_ii_attack_of_the_clones,5.0,Episode II: Attack of the Clones,attack_of_the_clones,2,1
3288559700.0,rank_episode_ii_attack_of_the_clones,,Episode II: Attack of the Clones,attack_of_the_clones,2,0
3288559015.0,rank_episode_ii_attack_of_the_clones,2.0,Episode II: Attack of the Clones,attack_of_the_clones,2,1
3288558131.0,rank_episode_ii_attack_of_the_clones,5.0,Episode II: Attack of the Clones,attack_of_the_clones,2,1
3288557322.0,rank_episode_ii_attack_of_the_clones,,Episode II: Attack of the Clones,attack_of_the_clones,2,0
3288553903.0,rank_episode_ii_attack_of_the_clones,5.0,Episode II: Attack of the Clones,attack_of_the_clones,2,1
3288553457.0,rank_episode_ii_attack_of_the_clones,,Episode II: Attack of the Clones,attack_of_the_clones,2,0
3288552984.0,rank_episode_ii_attack_of_the_clones,1.0,Episode II: Attack of the Clones,attack_of_the_clones,2,1
3288551156.0,rank_episode_ii_attack_of_the_clones,,Episode II: Attack of the Clones,attack_of_the_clones,2,0
3288549677.0,rank_episode_ii_attack_of_the_clones,,Episode II: Attack of the Clones,attack_of_the_clones,2,0
3288547379.0,rank_episode_ii_attack_of_the_clones,4.0,Episode II: Attack of the Clones,attack_of_the_clones,2,1
3288545527.0,rank_episode_ii_attack_of_the_clones,4.0,Episode II: Attack of the Clones,attack_of_the_clones,2,1
3288544295.0,rank_episode_ii_attack_of_the_clones,4.0,Episode II: Attack of the Clones,attack_of_the_clones,2,1
3288539645.0,rank_episode_ii_attack_of_the_clones,,Episode II: Attack of the Clones,attack_of_the_clones,2,0
3288538248.0,rank_episode_ii_attack_of_the_clones,5.0,Episode II: Attack of the Clones,attack_of_the_clones,2,1
3288536532.0,rank_episode_ii_attack_of_the_clones,5.0,Episode II: Attack of the Clones,attack_of_the_clones,2,1
3288534023.0,rank_episode_ii_attack_of_the_clones,3.0,Episode II: Attack of the Clones,attack_of_the_clones,2,1
3288532773.0,rank_episode_ii_attack_of_the_clones,,Episode II: Attack of the Clones,attack_of_the_clones,2,0
3288532255.0,rank_episode_ii_attack_of_the_clones,,Episode II: Attack of the Clones,attack_of_the_clones,2,0
3288526244.0,rank_episode_ii_attack_of_the_clones,,Episode II: Attack of the Clones,attack_of_the_clones,2,0
3288524042.0,rank_episode_ii_attack_of_the_clones,3.0,Episode II: Attack of the Clones,attack_of_the_clones,2,1
3288523874.0,rank_episode_ii_attack_of_the_clones,5.0,Episode II: Attack of the Clones,attack_of_the_clones,2,1
3288522525.0,rank_episode_ii_attack_of_the_clones,5.0,Episode II: Attack of the Clones,attack_of_the_clones,2,1
3288522488.0,rank_episode_ii_attack_of_the_clones,6.0,Episode II: Attack of the Clones,attack_of_the_clones,2,1
3288521325.0,rank_episode_ii_attack_of_the_clones,5.0,Episode II: Attack of the Clones,attack_of_the_clones,2,1
3288519037.0,rank_episode_ii_attack_of_the_clones,4.0,Episode II: Attack of the Clones,attack_of_the_clones,2,1
3288516295.0,rank_episode_ii_attack_of_the_clones,4.0,Episode II: Attack of the Clones,attack_of_the_clones,2,1
3288515773.0,rank_episode_ii_attack_of_the_clones,5.0,Episode II: Attack of the Clones,attack_of_the_clones,2,1
3288514217.0,rank_episode_ii_attack_of_the_clones,5.0,Episode II: Attack of the Clones,attack_of_the_clones,2,1
3288513045.0,rank_episode_ii_attack_of_the_clones,,Episode II: Attack of the Clones,attack_of_the_clones,2,0
3288512822.0,rank_episode_ii_attack_of_the_clones,4.0,Episode II: Attack of the Clones,attack_of_the_clones,2,1
3288512665.0,rank_episode_ii_attack_of_the_clones,5.0,Episode II: Attack of the Clones,attack_of_the_clones,2,1
3288512020.0,rank_episode_ii_attack_of_the_clones,,Episode II: Attack of the Clones,attack_of_the_clones,2,0
3288511686.0,rank_episode_ii_attack_of_the_clones,,Episode II: Attack of the Clones,attack_of_the_clones,2,0
3288511180.0,rank_episode_ii_attack_of_the_clones,2.0,Episode II: Attack of the Clones,attack_of_the_clones,2,1
3288509415.0,rank_episode_ii_attack_of_the_clones,5.0,Episode II: Attack of the Clones,attack_of_the_clones,2,1
3288506275.0,rank_episode_ii_attack_of_the_clones,3.0,Episode II: Attack of the Clones,attack_of_the_clones,2,1
3288505925.0,rank_episode_ii_attack_of_the_clones,6.0,Episode II: Attack of the Clones,attack_of_the_clones,2,1
3288505737.0,rank_episode_ii_attack_of_the_clones,5.0,Episode II: Attack of the Clones,attack_of_the_clones,2,1
3288505216.0,rank_episode_ii_attack_of_the_clones,,Episode II: Attack of the Clones,attack_of_the_clones,2,0
3288505151.0,rank_episode_ii_attack_of_the_clones,,Episode II: Attack of the Clones,attack_of_the_clones,2,0
3288504398.0,rank_episode_ii_attack_of_the_clones,2.0,Episode II: Attack of the Clones,attack_of_the_clones,2,1
3288502884.0,rank_episode_ii_attack_of_the_clones,5.0,Episode II: Attack of the Clones,attack_of_the_clones,2,1
3288501301.0,rank_episode_ii_attack_of_the_clones,2.0,Episode II: Attack of the Clones,attack_of_the_clones,2,1
3288499757.0,rank_episode_ii_attack_of_the_clones,,Episode II: Attack of the Clones,attack_of_the_clones,2,0
3288498715.0,rank_episode_ii_attack_of_the_clones,4.0,Episode II: Attack of the Clones,attack_of_the_clones,2,1
3288497532.0,rank_episode_ii_attack_of_the_clones,,Episode II: Attack of the Clones,attack_of_the_clones,2,0
3288497228.0,rank_episode_ii_attack_of_the_clones,5.0,Episode II: Attack of the Clones,attack_of_the_clones,2,1
3288497010.0,rank_episode_ii_attack_of_the_clones,,Episode II: Attack of the Clones,attack_of_the_clones,2,0
3288493077.0,rank_episode_ii_attack_of_the_clones,5.0,Episode II: Attack of the Clones,attack_of_the_clones,2,1
3288492006.0,rank_episode_ii_attack_of_the_clones,4.0,Episode II: Attack of the Clones,attack_of_the_clones,2,1
3288484535.0,rank_episode_ii_attack_of_the_clones,4.0,Episode II: Attack of the Clones,attack_of_the_clones,2,1
3288482717.0,rank_episode_ii_attack_of_the_clones,5.0,Episode II: Attack of the Clones,attack_of_the_clones,2,1
3288482581.0,rank_episode_ii_attack_of_the_clones,6.0,Episode II: Attack of the Clones,attack_of_the_clones,2,1
3288482369.0,rank_episode_ii_attack_of_the_clones,2.0,Episode II: Attack of the Clones,attack_of_the_clones,2,1
3288479368.0,rank_episode_ii_attack_of_the_clones,5.0,Episode II: Attack of the Clones,attack_of_the_clones,2,1
3288479074.0,rank_episode_ii_attack_of_the_clones,,Episode II: Attack of the Clones,attack_of_the_clones,2,0
3288477753.0,rank_episode_ii_attack_of_the_clones,5.0,Episode II: Attack of the Clones,attack_of_the_clones,2,1
3288476971.0,rank_episode_ii_attack_of_the_clones,4.0,Episode II: Attack of the Clones,attack_of_the_clones,2,1
3288472373.0,rank_episode_ii_attack_of_the_clones,,Episode II: Attack of the Clones,attack_of_the_clones,2,0
3288471192.0,rank_episode_ii_attack_of_the_clones,,Episode II: Attack of the Clones,attack_of_the_clones,2,0
3288469670.0,rank_episode_ii_attack_of_the_clones,,Episode II: Attack of the Clones,attack_of_the_clones,2,0
3288469047.0,rank_episode_ii_attack_of_the_clones,5.0,Episode II: Attack of the Clones,attack_of_the_clones,2,1
3288460192.0,rank_episode_ii_attack_of_the_clones,,Episode II: Attack of the Clones,attack_of_the_clones,2,0
3288459190.0,rank_episode_ii_attack_of_the_clones,4.0,Episode II: Attack of the Clones,attack_of_the_clones,2,1
3288458873.0,rank_episode_ii_attack_of_the_clones,,Episode II: Attack of the Clones,attack_of_the_clones,2,0
3288456946.0,rank_episode_ii_attack_of_the_clones,5.0,Episode II: Attack of the Clones,attack_of_the_clones,2,1
3288455900.0,rank_episode_ii_attack_of_the_clones,,Episode II: Attack of the Clones,attack_of_the_clones,2,0
3288453555.0,rank_episode_ii_attack_of_the_clones,2.0,Episode II: Attack of the Clones,attack_of_the_clones,2,1
3288446700.0,rank_episode_ii_attack_of_the_clones,5.0,Episode II: Attack of the Clones,attack_of_the_clones,2,1
3288446529.0,rank_episode_ii_attack_of_the_clones,5.0,Episode II: Attack of the Clones,attack_of_the_clones,2,1
3288445926.0,rank_episode_ii_attack_of_the_clones,4.0,Episode II: Attack of the Clones,attack_of_the_clones,2,1
3288444784.0,rank_episode_ii_attack_of_the_clones,3.0,Episode II: Attack of the Clones,attack_of_the_clones,2,1
3288442728.0,rank_episode_ii_attack_of_the_clones,2.0,Episode II: Attack of the Clones,attack_of_the_clones,2,1
3288436226.0,rank_episode_ii_attack_of_the_clones,,Episode II: Attack of the Clones,attack_of_the_clones,2,0
3288432395.0,rank_episode_ii_attack_of_the_clones,,Episode II: Attack of the Clones,attack_of_the_clones,2,0
3288429451.0,rank_episode_ii_attack_of_the_clones,5.0,Episode II: Attack of the Clones,attack_of_the_clones,2,1
3288429390.0,rank_episode_ii_attack_of_the_clones,,Episode II: Attack of the Clones,attack_of_the_clones,2,0
3288429092.0,rank_episode_ii_attack_of_the_clones,4.0,Episode II: Attack of the Clones,attack_of_the_clones,2,1
3288428243.0,rank_episode_ii_attack_of_the_clones,5.0,Episode II: Attack of the Clones,attack_of_the_clones,2,1
3288425859.0,rank_episode_ii_attack_of_the_clones,4.0,Episode II: Attack of the Clones,attack_of_the_clones,2,1
3288423088.0,rank_episode_ii_attack_of_the_clones,,Episode II: Attack of the Clones,attack_of_the_clones,2,0
3288423045.0,rank_episode_ii_attack_of_the_clones,3.0,Episode II: Attack of the Clones,attack_of_the_clones,2,1
3288421819.0,rank_episode_ii_attack_of_the_clones,,Episode II: Attack of the Clones,attack_of_the_clones,2,0
3288420798.0,rank_episode_ii_attack_of_the_clones,4.0,Episode II: Attack of the Clones,attack_of_the_clones,2,1
3288417782.0,rank_episode_ii_attack_of_the_clones,4.0,Episode II: Attack of the Clones,attack_of_the_clones,2,1
3288417641.0,rank_episode_ii_attack_of_the_clones,5.0,Episode II: Attack of the Clones,attack_of_the_clones,2,1
3288416959.0,rank_episode_ii_attack_of_the_clones,6.0,Episode II: Attack of the Clones,attack_of_the_clones,2,1
3288415166.0,rank_episode_ii_attack_of_the_clones,4.0,Episode II: Attack of the Clones,attack_of_the_clones,2,1
3288414025.0,rank_episode_ii_attack_of_the_clones,6.0,Episode II: Attack of the Clones,attack_of_the_clones,2,1
3288413441.0,rank_episode_ii_attack_of_the_clones,5.0,Episode II: Attack of the Clones,attack_of_the_clones,2,1
3288410348.0,rank_episode_ii_attack_of_the_clones,4.0,Episode II: Attack of the Clones,attack_of_the_clones,2,1
3288410073.0,rank_episode_ii_attack_of_the_clones,,Episode II: Attack of the Clones,attack_of_the_clones,2,0
3288408698.0,rank_episode_ii_attack_of_the_clones,5.0,Episode II: Attack of the Clones,attack_of_the_clones,2,1
3288402717.0,rank_episode_ii_attack_of_the_clones,,Episode II: Attack of the Clones,attack_of_the_clones,2,0
3288402643.0,rank_episode_ii_attack_of_the_clones,2.0,Episode II: Attack of the Clones,attack_of_the_clones,2,1
3288402592.0,rank_episode_ii_attack_of_the_clones,3.0,Episode II: Attack of the Clones,attack_of_the_clones,2,1
3288402511.0,rank_episode_ii_attack_of_the_clones,3.0,Episode II: Attack of the Clones,attack_of_the_clones,2,1
3288401681.0,rank_episode_ii_attack_of_the_clones,2.0,Episode II: Attack of the Clones,attack_of_the_clones,2,1
3288401136.0,rank_episode_ii_attack_of_the_clones,3.0,Episode II: Attack of the Clones,attack_of_the_clones,2,1
3288398062.0,rank_episode_ii_attack_of_the_clones,1.0,Episode II: Attack of the Clones,attack_of_the_clones,2,1
3288396374.0,rank_episode_ii_attack_of_the_clones,2.0,Episode II: Attack of the Clones,attack_of_the_clones,2,1
3288395255.0,rank_episode_ii_attack_of_the_clones,,Episode II: Attack of the Clones,attack_of_the_clones,2,0
3288391812.0,rank_episode_ii_attack_of_the_clones,4.0,Episode II: Attack of the Clones,attack_of_the_clones,2,1
3288389603.0,rank_episode_ii_attack_of_the_clones,4.0,Episode II: Attack of the Clones,attack_of_the_clones,2,1
3288388730.0,rank_episode_ii_attack_of_the_clones,4.0,Episode II: Attack of the Clones,attack_of_the_clones,2,1
3288378779.0,rank_episode_ii_attack_of_the_clones,5.0,Episode II: Attack of the Clones,attack_of_the_clones,2,1
3288375286.0,rank_episode_ii_attack_of_the_clones,,Episode II: Attack of the Clones,attack_of_the_clones,2,0
3288373068.0,rank_episode_ii_attack_of_the_clones,3.0,Episode II: Attack of the Clones,attack_of_the_clones,2,1
3288372923.0,rank_episode_ii_attack_of_the_clones,1.0,Episode II: Attack of the Clones,attack_of_the_clones,2,1
3292879998.0,rank_episode_iii_revenge_of_the_sith,1.0,Episode III: Revenge of the Sith,revenge_of_the_sith,3,1
3292879538.0,rank_episode_iii_revenge_of_the_sith,,Episode III: Revenge of the Sith,revenge_of_the_sith,3,0
3292765271.0,rank_episode_iii_revenge_of_the_sith,3.0,Episode III: Revenge of the Sith,revenge_of_the_sith,3,1
3292763116.0,rank_episode_iii_revenge_of_the_sith,1.0,Episode III: Revenge of the Sith,revenge_of_the_sith,3,1
3292731220.0,rank_episode_iii_revenge_of_the_sith,6.0,Episode III: Revenge of the Sith,revenge_of_the_sith,3,1
3292719380.0,rank_episode_iii_revenge_of_the_sith,3.0,Episode III: Revenge of the Sith,revenge_of_the_sith,3,1
3292684787.0,rank_episode_iii_revenge_of_the_sith,4.0,Episode III: Revenge of the Sith,revenge_of_the_sith,3,1
3292663732.0,rank_episode_iii_revenge_of_the_sith,6.0,Episode III: Revenge of the Sith,revenge_of_the_sith,3,1
3292654043.0,rank_episode_iii_revenge_of_the_sith,6.0,Episode III: Revenge of the Sith,revenge_of_the_sith,3,1
3292640424.0,rank_episode_iii_revenge_of_the_sith,3.0,Episode III: Revenge of the Sith,revenge_of_the_sith,3,1
3292637870.0,rank_episode_iii_revenge_of_the_sith,,Episode III: Revenge of the Sith,revenge_of_the_sith,3,0
3292635062.0,rank_episode_iii_revenge_of_the_sith,,Episode III: Revenge of the Sith,revenge_of_the_sith,3,0
3292609214.0,rank_episode_iii_revenge_of_the_sith,5.0,Episode III: Revenge of the Sith,revenge_of_the_sith,3,1
3292596911.0,rank_episode_iii_revenge_of_the_sith,6.0,Episode III: Revenge of the Sith,revenge_of_the_sith,3,1
3292587240.0,rank_episode_iii_revenge_of_the_sith,5.0,Episode III: Revenge of the Sith,revenge_of_the_sith,3,1
3292583038.0,rank_episode_iii_revenge_of_the_sith,5.0,Episode III: Revenge of the Sith,revenge_of_the_sith,3,1
3292580516.0,rank_episode_iii_revenge_of_the_sith,2.0,Episode III: Revenge of the Sith,revenge_of_the_sith,3,1
3292572872.0,rank_episode_iii_revenge_of_the_sith,3.0,Episode III: Revenge of the Sith,revenge_of_the_sith,3,1
3292565282.0,rank_episode_iii_revenge_of_the_sith,2.0,Episode III: Revenge of the Sith,revenge_of_the_sith,3,1
3292562297.0,rank_episode_iii_revenge_of_the_sith,1.0,Episode III: Revenge of the Sith,revenge_of_the_sith,3,1
3292522349.0,rank_episode_iii_revenge_of_the_sith,4.0,Episode III: Revenge of the Sith,revenge_of_the_sith,3,1
3292521066.0,rank_episode_iii_revenge_of_the_sith,5.0,Episode III: Revenge of the Sith,revenge_of_the_sith,3,1
3292511801.0,rank_episode_iii_revenge_of_the_sith,4.0,Episode III: Revenge of the Sith,revenge_of_the_sith,3,1
3292483200.0,rank_episode_iii_revenge_of_the_sith,4.0,Episode III: Revenge of the Sith,revenge_of_the_sith,3,1
3292465491.0,rank_episode_iii_revenge_of_the_sith,6.0,Episode III: Revenge of the Sith,revenge_of_the_sith,3,1
3292447974.0,rank_episode_iii_revenge_of_the_sith,,Episode III: Revenge of the Sith,revenge_of_the_sith,3,0
3292420123.0,rank_episode_iii_revenge_of_the_sith,5.0,Episode III: Revenge of the Sith,revenge_of_the_sith,3,1
3292384040.0,rank_episode_iii_revenge_of_the_sith,4.0,Episode III: Revenge of the Sith,revenge_of_the_sith,3,1
3292380493.0,rank_episode_iii_revenge_of_the_sith,4.0,Episode III: Revenge of the Sith,revenge_of_the_sith,3,1
3292376985.0,rank_episode_iii_revenge_of_the_sith,5.0,Episode III: Revenge of the Sith,revenge_of_the_sith,3,1
3292366792.0,rank_episode_iii_revenge_of_the_sith,5.0,Episode III: Revenge of the Sith,revenge_of_the_sith,3,1
3292339379.0,rank_episode_iii_revenge_of_the_sith,4.0,Episode III: Revenge of the Sith,revenge_of_the_sith,3,1
3292330840.0,rank_episode_iii_revenge_of_the_sith,2.0,Episode III: Revenge of the Sith,revenge_of_the_sith,3,1
3292318652.0,rank_episode_iii_revenge_of_the_sith,2.0,Episode III: Revenge of the Sith,revenge_of_the_sith,3,1
3292297848.0,rank_episode_iii_revenge_of_the_sith,,Episode III: Revenge of the Sith,revenge_of_the_sith,3,0
3292290677.0,rank_episode_iii_revenge_of_the_sith,4.0,Episode III: Revenge of the Sith,revenge_of_the_sith,3,1
3292281095.0,rank_episode_iii_revenge_of_the_sith,1.0,Episode III: Revenge of the Sith,revenge_of_the_sith,3,1
3292279889.0,rank_episode_iii_revenge_of_the_sith,5.0,Episode III: Revenge of the Sith,revenge_of_the_sith,3,1
3292264069.0,rank_episode_iii_revenge_of_the_sith,5.0,Episode III: Revenge of the Sith,revenge_of_the_sith,3,1
3292257520.0,rank_episode_iii_revenge_of_the_sith,6.0,Episode III: Revenge of the Sith,revenge_of_the_sith,3,1
3292249492.0,rank_episode_iii_revenge_of_the_sith,2.0,Episode III: Revenge of the Sith,revenge_of_the_sith,3,1
3292222729.0,rank_episode_iii_revenge_of_the_sith,4.0,Episode III: Revenge of the Sith,revenge_of_the_sith,3,1
3292221635.0,rank_episode_iii_revenge_of_the_sith,4.0,Episode III: Revenge of the Sith,revenge_of_the_sith,3,1
3292218251.0,rank_episode_iii_revenge_of_the_sith,4.0,Episode III: Revenge of the Sith,revenge_of_the_sith,3,1
3292214307.0,rank_episode_iii_revenge_of_the_sith,4.0,Episode III: Revenge of the Sith,revenge_of_the_sith,3,1
3292210606.0,rank_episode_iii_revenge_of_the_sith,4.0,Episode III: Revenge of the Sith,revenge_of_the_sith,3,1
3292202220.0,rank_episode_iii_revenge_of_the_sith,,Episode III: Revenge of the Sith,revenge_of_the_sith,3,0
3292189580.0,rank_episode_iii_revenge_of_the_sith,6.0,Episode III: Revenge of the Sith,revenge_of_the_sith,3,1
3292187343.0,rank_episode_iii_revenge_of_the_sith,4.0,Episode III: Revenge of the Sith,revenge_of_the_sith,3,1
3292186608.0,rank_episode_iii_revenge_of_the_sith,,Episode III: Revenge of the Sith,revenge_of_the_sith,3,0
3292178389.0,rank_episode_iii_revenge_of_the_sith,5.0,Episode III: Revenge of the Sith,revenge_of_the_sith,3,1
3292176862.0,rank_episode_iii_revenge_of_the_sith,5.0,Episode III: Revenge of the Sith,revenge_of_the_sith,3,1
3292173922.0,rank_episode_iii_revenge_of_the_sith,1.0,Episode III: Revenge of the Sith,revenge_of_the_sith,3,1
3292167131.0,rank_episode_iii_revenge_of_the_sith,4.0,Episode III: Revenge of the Sith,revenge_of_the_sith,3,1
3292162057.0,rank_episode_iii_revenge_of_the_sith,4.0,Episode III: Revenge of the Sith,revenge_of_the_sith,3,1
3292161407.0,rank_episode_iii_revenge_of_the_sith,,Episode III: Revenge of the Sith,revenge_of_the_sith,3,0
3292156614.0,rank_episode_iii_revenge_of_the_sith,5.0,Episode III: Revenge of the Sith,revenge_of_the_sith,3,1
3292148570.0,rank_episode_iii_revenge_of_the_sith,5.0,Episode III: Revenge of the Sith,revenge_of_the_sith,3,1
3292144665.0,rank_episode_iii_revenge_of_the_sith,5.0,Episode III: Revenge of the Sith,revenge_of_the_sith,3,1
3292143503.0,rank_episode_iii_revenge_of_the_sith,6.0,Episode III: Revenge of the Sith,revenge_of_the_sith,3,1
3292131636.0,rank_episode_iii_revenge_of_the_sith,2.0,Episode III: Revenge of the Sith,revenge_of_the_sith,3,1
3292125068.0,rank_episode_iii_revenge_of_the_sith,3.0,Episode III: Revenge of the Sith,revenge_of_the_sith,3,1
3292120160.0,rank_episode_iii_revenge_of_the_sith,6.0,Episode III: Revenge of the Sith,revenge_of_the_sith,3,1
3292103680.0,rank_episode_iii_revenge_of_the_sith,4.0,Episode III: Revenge of the Sith,revenge_of_the_sith,3,1
3292050153.0,rank_episode_iii_revenge_of_the_sith,3.0,Episode III: Revenge of the Sith,revenge_of_the_sith,3,1
3292041365.0,rank_episode_iii_revenge_of_the_sith,4.0,Episode III: Revenge of the Sith,revenge_of_the_sith,3,1
3292033243.0,rank_episode_iii_revenge_of_the_sith,5.0,Episode III: Revenge of the Sith,revenge_of_the_sith,3,1
3292031637.0,rank_episode_iii_revenge_of_the_sith,2.0,Episode III: Revenge of the Sith,revenge_of_the_sith,3,1
3292008762.0,rank_episode_iii_revenge_of_the_sith,4.0,Episode III: Revenge of the Sith,revenge_of_the_sith,3,1
3291992352.0,rank_episode_iii_revenge_of_the_sith,3.0,Episode III: Revenge of the Sith,revenge_of_the_sith,3,1
3291945498.0,rank_episode_iii_revenge_of_the_sith,5.0,Episode III: Revenge of the Sith,revenge_of_the_sith,3,1
3291940517.0,rank_episode_iii_revenge_of_the_sith,4.0,Episode III: Revenge of the Sith,revenge_of_the_sith,3,1
3291871486.0,rank_episode_iii_revenge_of_the_sith,2.0,Episode III: Revenge of the Sith,revenge_of_the_sith,3,1
3291778150.0,rank_episode_iii_revenge_of_the_sith,6.0,Episode III: Revenge of the Sith,revenge_of_the_sith,3,1
3291766314.0,rank_episode_iii_revenge_of_the_sith,6.0,Episode III: Revenge of the Sith,revenge_of_the_sith,3,1
3291762799.0,rank_episode_iii_revenge_of_the_sith,5.0,Episode III: Revenge of the Sith,revenge_of_the_sith,3,1
3291707153.0,rank_episode_iii_revenge_of_the_sith,5.0,Episode III: Revenge of the Sith,revenge_of_the_sith,3,1
3291701619.0,rank_episode_iii_revenge_of_the_sith,2.0,Episode III: Revenge of the Sith,revenge_of_the_sith,3,1
3291696391.0,rank_episode_iii_revenge_of_the_sith,6.0,Episode III: Revenge of the Sith,revenge_of_the_sith,3,1
3291684768.0,rank_episode_iii_revenge_of_the_sith,4.0,Episode III: Revenge of the Sith,revenge_of_the_sith,3,1
3291669388.0,rank_episode_iii_revenge_of_the_sith,,Episode III: Revenge of the Sith,revenge_of_the_sith,3,0
3291661584.0,rank_episode_iii_revenge_of_the_sith,4.0,Episode III: Revenge of the Sith,revenge_of_the_sith,3,1
3291658046.0,rank_episode_iii_revenge_of_the_sith,5.0,Episode III: Revenge of the Sith,revenge_of_the_sith,3,1
3291654919.0,rank_episode_iii_revenge_of_the_sith,4.0,Episode III: Revenge of the Sith,revenge_of_the_sith,3,1
3291653882.0,rank_episode_iii_revenge_of_the_sith,,Episode III: Revenge of the Sith,revenge_of_the_sith,3,0
3291650311.0,rank_episode_iii_revenge_of_the_sith,3.0,Episode III: Revenge of the Sith,revenge_of_the_sith,3,1
3291649780.0,rank_episode_iii_revenge_of_the_sith,,Episode III: Revenge of the Sith,revenge_of_the_sith,3,0
3291648660.0,rank_episode_iii_revenge_of_the_sith,,Episode III: Revenge of the Sith,revenge_of_the_sith,3,0
3291641416.0,rank_episode_iii_revenge_of_the_sith,3.0,Episode III: Revenge of the Sith,revenge_of_the_sith,3,1
3291635934.0,rank_episode_iii_revenge_of_the_sith,,Episode III: Revenge of the Sith,revenge_of_the_sith,3,0
3291634205.0,rank_episode_iii_revenge_of_the_sith,6.0,Episode III: Revenge of the Sith,revenge_of_the_sith,3,1
3291618031.0,rank_episode_iii_revenge_of_the_sith,4.0,Episode III: Revenge of the Sith,revenge_of_the_sith,3,1
3291603688.0,rank_episode_iii_revenge_of_the_sith,,Episode III: Revenge of the Sith,revenge_of_the_sith,3,0
3291602842.0,rank_episode_iii_revenge_of_the_sith,3.0,Episode III: Revenge of the Sith,revenge_of_the_sith,3,1
3291598188.0,rank_episode_iii_revenge_of_the_sith,4.0,Episode III: Revenge of the Sith,revenge_of_the_sith,3,1
3291588139.0,rank_episode_iii_revenge_of_the_sith,5.0,Episode III: Revenge of the Sith,revenge_of_the_sith,3,1
3291570206.0,rank_episode_iii_revenge_of_the_sith,,Episode III: Revenge of the Sith,revenge_of_the_sith,3,0
3291548852.0,rank_episode_iii_revenge_of_the_sith,4.0,Episode III: Revenge of the Sith,revenge_of_the_sith,3,1
3291529925.0,rank_episode_iii_revenge_of_the_sith,6.0,Episode III: Revenge of the Sith,revenge_of_the_sith,3,1
3291524547.0,rank_episode_iii_revenge_of_the_sith,3.0,Episode III: Revenge of the Sith,revenge_of_the_sith,3,1
3291502449.0,rank_episode_iii_revenge_of_the_sith,6.0,Episode III: Revenge of the Sith,revenge_of_the_sith,3,1
3291497337.0,rank_episode_iii_revenge_of_the_sith,4.0,Episode III: Revenge of the Sith,revenge_of_the_sith,3,1
3291482197.0,rank_episode_iii_revenge_of_the_sith,4.0,Episode III: Revenge of the Sith,revenge_of_the_sith,3,1
3291476650.0,rank_episode_iii_revenge_of_the_sith,,Episode III: Revenge of the Sith,revenge_of_the_sith,3,0
3291470613.0,rank_episode_iii_revenge_of_the_sith,,Episode III: Revenge of the Sith,revenge_of_the_sith,3,0
3291469991.0,rank_episode_iii_revenge_of_the_sith,,Episode III: Revenge of the Sith,revenge_of_the_sith,3,0
3291468155.0,rank_episode_iii_revenge_of_the_sith,6.0,Episode III: Revenge of the Sith,revenge_of_the_sith,3,1
3291461574.0,rank_episode_iii_revenge_of_the_sith,4.0,Episode III: Revenge of the Sith,revenge_of_the_sith,3,1
3291455642.0,rank_episode_iii_revenge_of_the_sith,4.0,Episode III: Revenge of the Sith,revenge_of_the_sith,3,1
3291446474.0,rank_episode_iii_revenge_of_the_sith,5.0,Episode III: Revenge of the Sith,revenge_of_the_sith,3,1
3291446275.0,rank_episode_iii_revenge_of_the_sith,6.0,Episode III: Revenge of the Sith,revenge_of_the_sith,3,1
3291439708.0,rank_episode_iii_revenge_of_the_sith,5.0,Episode III: Revenge of the Sith,revenge_of_the_sith,3,1
3291439404.0,rank_episode_iii_revenge_of_the_sith,3.0,Episode III: Revenge of the Sith,revenge_of_the_sith,3,1
3291437345.0,rank_episode_iii_revenge_of_the_sith,2.0,Episode III: Revenge of the Sith,revenge_of_the_sith,3,1
3291435787.0,rank_episode_iii_revenge_of_the_sith,5.0,Episode III: Revenge of the Sith,revenge_of_the_sith,3,1
3291435056.0,rank_episode_iii_revenge_of_the_sith,,Episode III: Revenge of the Sith,revenge_of_the_sith,3,0
3291433636.0,rank_episode_iii_revenge_of_the_sith,5.0,Episode III: Revenge of the Sith,revenge_of_the_sith,3,1
3291431939.0,rank_episode_iii_revenge_of_the_sith,4.0,Episode III: Revenge of the Sith,revenge_of_the_sith,3,1
3291430239.0,rank_episode_iii_revenge_of_the_sith,,Episode III: Revenge of the Sith,revenge_of_the_sith,3,0
3291430193.0,rank_episode_iii_revenge_of_the_sith,,Episode III: Revenge of the Sith,revenge_of_the_sith,3,0
3291428174.0,rank_episode_iii_revenge_of_the_sith,3.0,Episode III: Revenge of the Sith,revenge_of_the_sith,3,1
3291427761.0,rank_episode_iii_revenge_of_the_sith,,Episode III: Revenge of the Sith,revenge_of_the_sith,3,0
3291425110.0,rank_episode_iii_revenge_of_the_sith,5.0,Episode III: Revenge of the Sith,revenge_of_the_sith,3,1
3291424127.0,rank_episode_iii_revenge_of_the_sith,6.0,Episode III: Revenge of the Sith,revenge_of_the_sith,3,1
3291424006.0,rank_episode_iii_revenge_of_the_sith,,Episode III: Revenge of the Sith,revenge_of_the_sith,3,0
3291422637.0,rank_episode_iii_revenge_of_the_sith,6.0,Episode III: Revenge of the Sith,revenge_of_the_sith,3,1
3291421381.0,rank_episode_iii_revenge_of_the_sith,,Episode III: Revenge of the Sith,revenge_of_the_sith,3,0
3291420030.0,rank_episode_iii_revenge_of_the_sith,,Episode III: Revenge of the Sith,revenge_of_the_sith,3,0
3291410155.0,rank_episode_iii_revenge_of_the_sith,,Episode III: Revenge of the Sith,revenge_of_the_sith,3,0
3291405943.0,rank_episode_iii_revenge_of_the_sith,,Episode III: Revenge of the Sith,revenge_of_the_sith,3,0
3291402264.0,rank_episode_iii_revenge_of_the_sith,,Episode III: Revenge of the Sith,revenge_of_the_sith,3,0
3291401326.0,rank_episode_iii_revenge_of_the_sith,4.0,Episode III: Revenge of the Sith,revenge_of_the_sith,3,1
3291395512.0,rank_episode_iii_revenge_of_the_sith,4.0,Episode III: Revenge of the Sith,revenge_of_the_sith,3,1
3291394022.0,rank_episode_iii_revenge_of_the_sith,5.0,Episode III: Revenge of the Sith,revenge_of_the_sith,3,1
3291391717.0,rank_episode_iii_revenge_of_the_sith,,Episode III: Revenge of the Sith,revenge_of_the_sith,3,0
3291391446.0,rank_episode_iii_revenge_of_the_sith,6.0,Episode III: Revenge of the Sith,revenge_of_the_sith,3,1
3291391033.0,rank_episode_iii_revenge_of_the_sith,,Episode III: Revenge of the Sith,revenge_of_the_sith,3,0
3291390734.0,rank_episode_iii_revenge_of_the_sith,,Episode III: Revenge of the Sith,revenge_of_the_sith,3,0
3291388906.0,rank_episode_iii_revenge_of_the_sith,,Episode III: Revenge of the Sith,revenge_of_the_sith,3,0
3291388180.0,rank_episode_iii_revenge_of_the_sith,4.0,Episode III: Revenge of the Sith,revenge_of_the_sith,3,1
3291380973.0,rank_episode_iii_revenge_of_the_sith,3.0,Episode III: Revenge of the Sith,revenge_of_the_sith,3,1
3291378572.0,rank_episode_iii_revenge_of_the_sith,3.0,Episode III: Revenge of the Sith,revenge_of_the_sith,3,1
3291375306.0,rank_episode_iii_revenge_of_the_sith,4.0,Episode III: Revenge of the Sith,revenge_of_the_sith,3,1
3291364062.0,rank_episode_iii_revenge_of_the_sith,6.0,Episode III: Revenge of the Sith,revenge_of_the_sith,3,1
3291345427.0,rank_episode_iii_revenge_of_the_sith,6.0,Episode III: Revenge of the Sith,revenge_of_the_sith,3,1
3291341186.0,rank_episode_iii_revenge_of_the_sith,,Episode III: Revenge of the Sith,revenge_of_the_sith,3,0
3291330710.0,rank_episode_iii_revenge_of_the_sith,4.0,Episode III: Revenge of the Sith,revenge_of_the_sith,3,1
3291327304.0,rank_episode_iii_revenge_of_the_sith,4.0,Episode III: Revenge of the Sith,revenge_of_the_sith,3,1
3291320154.0,rank_episode_iii_revenge_of_the_sith,6.0,Episode III: Revenge of the Sith,revenge_of_the_sith,3,1
3291312980.0,rank_episode_iii_revenge_of_the_sith,3.0,Episode III: Revenge of the Sith,revenge_of_the_sith,3,1
3291290675.0,rank_episode_iii_revenge_of_the_sith,,Episode III: Revenge of the Sith,revenge_of_the_sith,3,0
3291288174.0,rank_episode_iii_revenge_of_the_sith,6.0,Episode III: Revenge of the Sith,revenge_of_the_sith,3,1
3291271932.0,rank_episode_iii_revenge_of_the_sith,6.0,Episode III: Revenge of the Sith,revenge_of_the_sith,3,1
3291267852.0,rank_episode_iii_revenge_of_the_sith,5.0,Episode III: Revenge of the Sith,revenge_of_the_sith,3,1
3291262515.0,rank_episode_iii_revenge_of_the_sith,6.0,Episode III: Revenge of the Sith,revenge_of_the_sith,3,1
3291233218.0,rank_episode_iii_revenge_of_the_sith,5.0,Episode III: Revenge of the Sith,revenge_of_the_sith,3,1
3291206864.0,rank_episode_iii_revenge_of_the_sith,2.0,Episode III: Revenge of the Sith,revenge_of_the_sith,3,1
3291203531.0,rank_episode_iii_revenge_of_the_sith,,Episode III: Revenge of the Sith,revenge_of_the_sith,3,0
3291184745.0,rank_episode_iii_revenge_of_the_sith,6.0,Episode III: Revenge of the Sith,revenge_of_the_sith,3,1
3291181010.0,rank_episode_iii_revenge_of_the_sith,4.0,Episode III: Revenge of the Sith,revenge_of_the_sith,3,1
3291159863.0,rank_episode_iii_revenge_of_the_sith,6.0,Episode III: Revenge of the Sith,revenge_of_the_sith,3,1
3291145258.0,rank_episode_iii_revenge_of_the_sith,4.0,Episode III: Revenge of the Sith,revenge_of_the_sith,3,1
3291141478.0,rank_episode_iii_revenge_of_the_sith,3.0,Episode III: Revenge of the Sith,revenge_of_the_sith,3,1
3291139156.0,rank_episode_iii_revenge_of_the_sith,6.0,Episode III: Revenge of the Sith,revenge_of_the_sith,3,1
3291121359.0,rank_episode_iii_revenge_of_the_sith,6.0,Episode III: Revenge of the Sith,revenge_of_the_sith,3,1
3291119656.0,rank_episode_iii_revenge_of_the_sith,2.0,Episode III: Revenge of the Sith,revenge_of_the_sith,3,1
3291101925.0,rank_episode_iii_revenge_of_the_sith,2.0,Episode III: Revenge of the Sith,revenge_of_the_sith,3,1
3291094347.0,rank_episode_iii_revenge_of_the_sith,4.0,Episode III: Revenge of the Sith,revenge_of_the_sith,3,1
3291092094.0,rank_episode_iii_revenge_of_the_sith,4.0,Episode III: Revenge of the Sith,revenge_of_the_sith,3,1
3291077381.0,rank_episode_iii_revenge_of_the_sith,4.0,Episode III: Revenge of the Sith,revenge_of_the_sith,3,1
3291075212.0,rank_episode_iii_revenge_of_the_sith,4.0,Episode III: Revenge of the Sith,revenge_of_the_sith,3,1
3291064417.0,rank_episode_iii_revenge_of_the_sith,,Episode III: Revenge of the Sith,revenge_of_the_sith,3,0
3291063226.0,rank_episode_iii_revenge_of_the_sith,4.0,Episode III: Revenge of the Sith,revenge_of_the_sith,3,1
3291060156.0,rank_episode_iii_revenge_of_the_sith,6.0,Episode III: Revenge of the Sith,revenge_of_the_sith,3,1
3291056296.0,rank_episode_iii_revenge_of_the_sith,4.0,Episode III: Revenge of the Sith,revenge_of_the_sith,3,1
3291052728.0,rank_episode_iii_revenge_of_the_sith,4.0,Episode III: Revenge of the Sith,revenge_of_the_sith,3,1
3291051343.0,rank_episode_iii_revenge_of_the_sith,4.0,Episode III: Revenge of the Sith,revenge_of_the_sith,3,1
3291045360.0,rank_episode_iii_revenge_of_the_sith,4.0,Episode III: Revenge of the Sith,revenge_of_the_sith,3,1
3291043176.0,rank_episode_iii_revenge_of_the_sith,6.0,Episode III: Revenge of the Sith,revenge_of_the_sith,3,1
3291042516.0,rank_episode_iii_revenge_of_the_sith,5.0,Episode III: Revenge of the Sith,revenge_of_the_sith,3,1
3291037640.0,rank_episode_iii_revenge_of_the_sith,,Episode III: Revenge of the Sith,revenge_of_the_sith,3,0
3291034202.0,rank_episode_iii_revenge_of_the_sith,4.0,Episode III: Revenge of the Sith,revenge_of_the_sith,3,1
3291033668.0,rank_episode_iii_revenge_of_the_sith,,Episode III: Revenge of the Sith,revenge_of_the_sith,3,0
3291032418.0,rank_episode_iii_revenge_of_the_sith,6.0,Episode III: Revenge of the Sith,revenge_of_the_sith,3,1
3291029281.0,rank_episode_iii_revenge_of_the_sith,,Episode III: Revenge of the Sith,revenge_of_the_sith,3,0
3291028446.0,rank_episode_iii_revenge_of_the_sith,4.0,Episode III: Revenge of the Sith,revenge_of_the_sith,3,1
3291024297.0,rank_episode_iii_revenge_of_the_sith,4.0,Episode III: Revenge of the Sith,revenge_of_the_sith,3,1
3291023456.0,rank_episode_iii_revenge_of_the_sith,1.0,Episode III: Revenge of the Sith,revenge_of_the_sith,3,1
3291022655.0,rank_episode_iii_revenge_of_the_sith,6.0,Episode III: Revenge of the Sith,revenge_of_the_sith,3,1
3291022275.0,rank_episode_iii_revenge_of_the_sith,,Episode III: Revenge of the Sith,revenge_of_the_sith,3,0
3291022013.0,rank_episode_iii_revenge_of_the_sith,,Episode III: Revenge of the Sith,revenge_of_the_sith,3,0
3291019033.0,rank_episode_iii_revenge_of_the_sith,2.0,Episode III: Revenge of the Sith,revenge_of_the_sith,3,1
3291018581.0,rank_episode_iii_revenge_of_the_sith,,Episode III: Revenge of the Sith,revenge_of_the_sith,3,0
3291015347.0,rank_episode_iii_revenge_of_the_sith,,Episode III: Revenge of the Sith,revenge_of_the_sith,3,0
3291014757.0,rank_episode_iii_revenge_of_the_sith,4.0,Episode III: Revenge of the Sith,revenge_of_the_sith,3,1
3291009055.0,rank_episode_iii_revenge_of_the_sith,,Episode III: Revenge of the Sith,revenge_of_the_sith,3,0
3291007877.0,rank_episode_iii_revenge_of_the_sith,4.0,Episode III: Revenge of the Sith,revenge_of_the_sith,3,1
3291006540.0,rank_episode_iii_revenge_of_the_sith,,Episode III: Revenge of the Sith,revenge_of_the_sith,3,0
3291002672.0,rank_episode_iii_revenge_of_the_sith,5.0,Episode III: Revenge of the Sith,revenge_of_the_sith,3,1
3291001879.0,rank_episode_iii_revenge_of_the_sith,,Episode III: Revenge of the Sith,revenge_of_the_sith,3,0
3290999912.0,rank_episode_iii_revenge_of_the_sith,4.0,Episode III: Revenge of the Sith,revenge_of_the_sith,3,1
3290998457.0,rank_episode_iii_revenge_of_the_sith,,Episode III: Revenge of the Sith,revenge_of_the_sith,3,0
3290996933.0,rank_episode_iii_revenge_of_the_sith,6.0,Episode III: Revenge of the Sith,revenge_of_the_sith,3,1
3290994001.0,rank_episode_iii_revenge_of_the_sith,6.0,Episode III: Revenge of the Sith,revenge_of_the_sith,3,1
3290992477.0,rank_episode_iii_revenge_of_the_sith,6.0,Episode III: Revenge of the Sith,revenge_of_the_sith,3,1
3290992371.0,rank_episode_iii_revenge_of_the_sith,,Episode III: Revenge of the Sith,revenge_of_the_sith,3,0
3290987996.0,rank_episode_iii_revenge_of_the_sith,4.0,Episode III: Revenge of the Sith,revenge_of_the_sith,3,1
3290984063.0,rank_episode_iii_revenge_of_the_sith,4.0,Episode III: Revenge of the Sith,revenge_of_the_sith,3,1
3290980789.0,rank_episode_iii_revenge_of_the_sith,,Episode III: Revenge of the Sith,revenge_of_the_sith,3,0
3290977827.0,rank_episode_iii_revenge_of_the_sith,5.0,Episode III: Revenge of the Sith,revenge_of_the_sith,3,1
3290976539.0,rank_episode_iii_revenge_of_the_sith,,Episode III: Revenge of the Sith,revenge_of_the_sith,3,0
3290975724.0,rank_episode_iii_revenge_of_the_sith,3.0,Episode III: Revenge of the Sith,revenge_of_the_sith,3,1
3290973695.0,rank_episode_iii_revenge_of_the_sith,6.0,Episode III: Revenge of the Sith,revenge_of_the_sith,3,1
3290973177.0,rank_episode_iii_revenge_of_the_sith,,Episode III: Revenge of the Sith,revenge_of_the_sith,3,0
3290973120.0,rank_episode_iii_revenge_of_the_sith,,Episode III: Revenge of the Sith,revenge_of_the_sith,3,0
3290972257.0,rank_episode_iii_revenge_of_the_sith,6.0,Episode III: Revenge of the Sith,revenge_of_the_sith,3,1
3290971794.0,rank_episode_iii_revenge_of_the_sith,4.0,Episode III: Revenge of the Sith,revenge_of_the_sith,3,1
3290971358.0,rank_episode_iii_revenge_of_the_sith,3.0,Episode III: Revenge of the Sith,revenge_of_the_sith,3,1
3290965482.0,rank_episode_iii_revenge_of_the_sith,,Episode III: Revenge of the Sith,revenge_of_the_sith,3,0
3290961855.0,rank_episode_iii_revenge_of_the_sith,,Episode III: Revenge of the Sith,revenge_of_the_sith,3,0
3290961497.0,rank_episode_iii_revenge_of_the_sith,6.0,Episode III: Revenge of the Sith,revenge_of_the_sith,3,1
3290953060.0,rank_episode_iii_revenge_of_the_sith,,Episode III: Revenge of the Sith,revenge_of_the_sith,3,0
3290949606.0,rank_episode_iii_revenge_of_the_sith,,Episode III: Revenge of the Sith,revenge_of_the_sith,3,0
3290948002.0,rank_episode_iii_revenge_of_the_sith,5.0,Episode III: Revenge of the Sith,revenge_of_the_sith,3,1
3290947136.0,rank_episode_iii_revenge_of_the_sith,3.0,Episode III: Revenge of the Sith,revenge_of_the_sith,3,1
3290947011.0,rank_episode_iii_revenge_of_the_sith,1.0,Episode III: Revenge of the Sith,revenge_of_the_sith,3,1
3290946211.0,rank_episode_iii_revenge_of_the_sith,,Episode III: Revenge of the Sith,revenge_of_the_sith,3,0
3290944858.0,rank_episode_iii_revenge_of_the_sith,2.0,Episode III: Revenge of the Sith,revenge_of_the_sith,3,1
3290944288.0,rank_episode_iii_revenge_of_the_sith,6.0,Episode III: Revenge of the Sith,revenge_of_the_sith,3,1
3290941824.0,rank_episode_iii_revenge_of_the_sith,6.0,Episode III: Revenge of the Sith,revenge_of_the_sith,3,1
3290939696.0,rank_episode_iii_revenge_of_the_sith,,Episode III: Revenge of the Sith,revenge_of_the_sith,3,0
3290934328.0,rank_episode_iii_revenge_of_the_sith,5.0,Episode III: Revenge of the Sith,revenge_of_the_sith,3,1
3290929229.0,rank_episode_iii_revenge_of_the_sith,6.0,Episode III: Revenge of the Sith,revenge_of_the_sith,3,1
3290927126.0,rank_episode_iii_revenge_of_the_sith,,Episode III: Revenge of the Sith,revenge_of_the_sith,3,0
3290926407.0,rank_episode_iii_revenge_of_the_sith,,Episode III: Revenge of the Sith,revenge_of_the_sith,3,0
3290922858.0,rank_episode_iii_revenge_of_the_sith,6.0,Episode III: Revenge of the Sith,revenge_of_the_sith,3,1
3290920752.0,rank_episode_iii_revenge_of_the_sith,3.0,Episode III: Revenge of the Sith,revenge_of_the_sith,3,1
3290919823.0,rank_episode_iii_revenge_of_the_sith,6.0,Episode III: Revenge of the Sith,revenge_of_the_sith,3,1
3290919419.0,rank_episode_iii_revenge_of_the_sith,4.0,Episode III: Revenge of the Sith,revenge_of_the_sith,3,1
3290917153.0,rank_episode_iii_revenge_of_the_sith,4.0,Episode III: Revenge of the Sith,revenge_of_the_sith,3,1
3290917131.0,rank_episode_iii_revenge_of_the_sith,6.0,Episode III: Revenge of the Sith,revenge_of_the_sith,3,1
3290916554.0,rank_episode_iii_revenge_of_the_sith,5.0,Episode III: Revenge of the Sith,revenge_of_the_sith,3,1
3290915885.0,rank_episode_iii_revenge_of_the_sith,5.0,Episode III: Revenge of the Sith,revenge_of_the_sith,3,1
3290912485.0,rank_episode_iii_revenge_of_the_sith,,Episode III: Revenge of the Sith,revenge_of_the_sith,3,0
3290912014.0,rank_episode_iii_revenge_of_the_sith,6.0,Episode III: Revenge of the Sith,revenge_of_the_sith,3,1
3290910069.0,rank_episode_iii_revenge_of_the_sith,5.0,Episode III: Revenge of the Sith,revenge_of_the_sith,3,1
3290906086.0,rank_episode_iii_revenge_of_the_sith,6.0,Episode III: Revenge of the Sith,revenge_of_the_sith,3,1
3290906022.0,rank_episode_iii_revenge_of_the_sith,6.0,Episode III: Revenge of the Sith,revenge_of_the_sith,3,1
3290903423.0,rank_episode_iii_revenge_of_the_sith,5.0,Episode III: Revenge of the Sith,revenge_of_the_sith,3,1
3290902880.0,rank_episode_iii_revenge_of_the_sith,5.0,Episode III: Revenge of the Sith,revenge_of_the_sith,3,1
3290901027.0,rank_episode_iii_revenge_of_the_sith,6.0,Episode III: Revenge of the Sith,revenge_of_the_sith,3,1
3290896982.0,rank_episode_iii_revenge_of_the_sith,,Episode III: Revenge of the Sith,revenge_of_the_sith,3,0
3290893301.0,rank_episode_iii_revenge_of_the_sith,,Episode III: Revenge of the Sith,revenge_of_the_sith,3,0
3290889443.0,rank_episode_iii_revenge_of_the_sith,3.0,Episode III: Revenge of the Sith,revenge_of_the_sith,3,1
3290888715.0,rank_episode_iii_revenge_of_the_sith,,Episode III: Revenge of the Sith,revenge_of_the_sith,3,0
3290888303.0,rank_episode_iii_revenge_of_the_sith,5.0,Episode III: Revenge of the Sith,revenge_of_the_sith,3,1
3290888102.0,rank_episode_iii_revenge_of_the_sith,3.0,Episode III: Revenge of the Sith,revenge_of_the_sith,3,1
3290888079.0,rank_episode_iii_revenge_of_the_sith,4.0,Episode III: Revenge of the Sith,revenge_of_the_sith,3,1
3290884427.0,rank_episode_iii_revenge_of_the_sith,5.0,Episode III: Revenge of the Sith,revenge_of_the_sith,3,1
3290881566.0,rank_episode_iii_revenge_of_the_sith,6.0,Episode III: Revenge of the Sith,revenge_of_the_sith,3,1
3290879019.0,rank_episode_iii_revenge_of_the_sith,6.0,Episode III: Revenge of the Sith,revenge_of_the_sith,3,1
3290878766.0,rank_episode_iii_revenge_of_the_sith,6.0,Episode III: Revenge of the Sith,revenge_of_the_sith,3,1
3290874545.0,rank_episode_iii_revenge_of_the_sith,,Episode III: Revenge of the Sith,revenge_of_the_sith,3,0
3290873342.0,rank_episode_iii_revenge_of_the_sith,3.0,Episode III: Revenge of the Sith,revenge_of_the_sith,3,1
3290871307.0,rank_episode_iii_revenge_of_the_sith,5.0,Episode III: Revenge of the Sith,revenge_of_the_sith,3,1
3290869696.0,rank_episode_iii_revenge_of_the_sith,,Episode III: Revenge of the Sith,revenge_of_the_sith,3,0
3290863729.0,rank_episode_iii_revenge_of_the_sith,2.0,Episode III: Revenge of the Sith,revenge_of_the_sith,3,1
3290863193.0,rank_episode_iii_revenge_of_the_sith,4.0,Episode III: Revenge of the Sith,revenge_of_the_sith,3,1
3290862050.0,rank_episode_iii_revenge_of_the_sith,,Episode III: Revenge of the Sith,revenge_of_the_sith,3,0
3290860908.0,rank_episode_iii_revenge_of_the_sith,3.0,Episode III: Revenge of the Sith,revenge_of_the_sith,3,1
3290860842.0,rank_episode_iii_revenge_of_the_sith,6.0,Episode III: Revenge of the Sith,revenge_of_the_sith,3,1
3290860558.0,rank_episode_iii_revenge_of_the_sith,3.0,Episode III: Revenge of the Sith,revenge_of_the_sith,3,1
3290858689.0,rank_episode_iii_revenge_of_the_sith,,Episode III: Revenge of the Sith,revenge_of_the_sith,3,0
3290858543.0,rank_episode_iii_revenge_of_the_sith,5.0,Episode III: Revenge of the Sith,revenge_of_the_sith,3,1
3290855818.0,rank_episode_iii_revenge_of_the_sith,4.0,Episode III: Revenge of the Sith,revenge_of_the_sith,3,1
3290854802.0,rank_episode_iii_revenge_of_the_sith,4.0,Episode III: Revenge of the Sith,revenge_of_the_sith,3,1
3290853559.0,rank_episode_iii_revenge_of_the_sith,4.0,Episode III: Revenge of the Sith,revenge_of_the_sith,3,1
3290853267.0,rank_episode_iii_revenge_of_the_sith,,Episode III: Revenge of the Sith,revenge_of_the_sith,3,0
3290852271.0,rank_episode_iii_revenge_of_the_sith,,Episode III: Revenge of the Sith,revenge_of_the_sith,3,0
3290848617.0,rank_episode_iii_revenge_of_the_sith,6.0,Episode III: Revenge of the Sith,revenge_of_the_sith,3,1
3290846848.0,rank_episode_iii_revenge_of_the_sith,3.0,Episode III: Revenge of the Sith,revenge_of_the_sith,3,1
3290846769.0,rank_episode_iii_revenge_of_the_sith,1.0,Episode III: Revenge of the Sith,revenge_of_the_sith,3,1
3290846466.0,rank_episode_iii_revenge_of_the_sith,5.0,Episode III: Revenge of the Sith,revenge_of_the_sith,3,1
3290845752.0,rank_episode_iii_revenge_of_the_sith,6.0,Episode III: Revenge of the Sith,revenge_of_the_sith,3,1
3290845367.0,rank_episode_iii_revenge_of_the_sith,6.0,Episode III: Revenge of the Sith,revenge_of_the_sith,3,1
3290845046.0,rank_episode_iii_revenge_of_the_sith,6.0,Episode III: Revenge of the Sith,revenge_of_the_sith,3,1
3290844577.0,rank_episode_iii_revenge_of_the_sith,,Episode III: Revenge of the Sith,revenge_of_the_sith,3,0
3290841815.0,rank_episode_iii_revenge_of_the_sith,6.0,Episode III: Revenge of the Sith,revenge_of_the_sith,3,1
3290840905.0,rank_episode_iii_revenge_of_the_sith,,Episode III: Revenge of the Sith,revenge_of_the_sith,3,0
3290836653.0,rank_episode_iii_revenge_of_the_sith,4.0,Episode III: Revenge of the Sith,revenge_of_the_sith,3,1
3290834007.0,rank_episode_iii_revenge_of_the_sith,3.0,Episode III: Revenge of the Sith,revenge_of_the_sith,3,1
3290829888.0,rank_episode_iii_revenge_of_the_sith,5.0,Episode III: Revenge of the Sith,revenge_of_the_sith,3,1
3290828902.0,rank_episode_iii_revenge_of_the_sith,,Episode III: Revenge of the Sith,revenge_of_the_sith,3,0
3290824340.0,rank_episode_iii_revenge_of_the_sith,,Episode III: Revenge of the Sith,revenge_of_the_sith,3,0
3290821620.0,rank_episode_iii_revenge_of_the_sith,5.0,Episode III: Revenge of the Sith,revenge_of_the_sith,3,1
3290819415.0,rank_episode_iii_revenge_of_the_sith,4.0,Episode III: Revenge of the Sith,revenge_of_the_sith,3,1
3290815080.0,rank_episode_iii_revenge_of_the_sith,,Episode III: Revenge of the Sith,revenge_of_the_sith,3,0
3290812610.0,rank_episode_iii_revenge_of_the_sith,5.0,Episode III: Revenge of the Sith,revenge_of_the_sith,3,1
3290810177.0,rank_episode_iii_revenge_of_the_sith,4.0,Episode III: Revenge of the Sith,revenge_of_the_sith,3,1
3290810023.0,rank_episode_iii_revenge_of_the_sith,3.0,Episode III: Revenge of the Sith,revenge_of_the_sith,3,1
3290807769.0,rank_episode_iii_revenge_of_the_sith,,Episode III: Revenge of the Sith,revenge_of_the_sith,3,0
3290806200.0,rank_episode_iii_revenge_of_the_sith,6.0,Episode III: Revenge of the Sith,revenge_of_the_sith,3,1
3290805125.0,rank_episode_iii_revenge_of_the_sith,3.0,Episode III: Revenge of the Sith,revenge_of_the_sith,3,1
3290804128.0,rank_episode_iii_revenge_of_the_sith,,Episode III: Revenge of the Sith,revenge_of_the_sith,3,0
3290804008.0,rank_episode_iii_revenge_of_the_sith,3.0,Episode III: Revenge of the Sith,revenge_of_the_sith,3,1
3290799403.0,rank_episode_iii_revenge_of_the_sith,3.0,Episode III: Revenge of the Sith,revenge_of_the_sith,3,1
3290798641.0,rank_episode_iii_revenge_of_the_sith,,Episode III: Revenge of the Sith,revenge_of_the_sith,3,0
3290798064.0,rank_episode_iii_revenge_of_the_sith,1.0,Episode III: Revenge of the Sith,revenge_of_the_sith,3,1
3290796650.0,rank_episode_iii_revenge_of_the_sith,5.0,Episode III: Revenge of the Sith,revenge_of_the_sith,3,1
3290792507.0,rank_episode_iii_revenge_of_the_sith,4.0,Episode III: Revenge of the Sith,revenge_of_the_sith,3,1
3290787286.0,rank_episode_iii_revenge_of_the_sith,6.0,Episode III: Revenge of the Sith,revenge_of_the_sith,3,1
3290785928.0,rank_episode_iii_revenge_of_the_sith,2.0,Episode III: Revenge of the Sith,revenge_of_the_sith,3,1
3290782952.0,rank_episode_iii_revenge_of_the_sith,,Episode III: Revenge of the Sith,revenge_of_the_sith,3,0
3290781544.0,rank_episode_iii_revenge_of_the_sith,3.0,Episode III: Revenge of the Sith,revenge_of_the_sith,3,1
3290781284.0,rank_episode_iii_revenge_of_the_sith,,Episode III: Revenge of the Sith,revenge_of_the_sith,3,0
3290781039.0,rank_episode_iii_revenge_of_the_sith,4.0,Episode III: Revenge of the Sith,revenge_of_the_sith,3,1
3290779524.0,rank_episode_iii_revenge_of_the_sith,5.0,Episode III: Revenge of the Sith,revenge_of_the_sith,3,1
3290779140.0,rank_episode_iii_revenge_of_the_sith,4.0,Episode III: Revenge of the Sith,revenge_of_the_sith,3,1
3290778828.0,rank_episode_iii_revenge_of_the_sith,4.0,Episode III: Revenge of the Sith,revenge_of_the_sith,3,1
3290777129.0,rank_episode_iii_revenge_of_the_sith,,Episode III: Revenge of the Sith,revenge_of_the_sith,3,0
3290773277.0,rank_episode_iii_revenge_of_the_sith,5.0,Episode III: Revenge of the Sith,revenge_of_the_sith,3,1
3290769012.0,rank_episode_iii_revenge_of_the_sith,,Episode III: Revenge of the Sith,revenge_of_the_sith,3,0
3290767951.0,rank_episode_iii_revenge_of_the_sith,,Episode III: Revenge of the Sith,revenge_of_the_sith,3,0
3290767535.0,rank_episode_iii_revenge_of_the_sith,5.0,Episode III: Revenge of the Sith,revenge_of_the_sith,3,1
3290765210.0,rank_episode_iii_revenge_of_the_sith,,Episode III: Revenge of the Sith,revenge_of_the_sith,3,0
3290762924.0,rank_episode_iii_revenge_of_the_sith,4.0,Episode III: Revenge of the Sith,revenge_of_the_sith,3,1
3290761823.0,rank_episode_iii_revenge_of_the_sith,,Episode III: Revenge of the Sith,revenge_of_the_sith,3,0
3290760722.0,rank_episode_iii_revenge_of_the_sith,6.0,Episode III: Revenge of the Sith,revenge_of_the_sith,3,1
3290759512.0,rank_episode_iii_revenge_of_the_sith,3.0,Episode III: Revenge of the Sith,revenge_of_the_sith,3,1
3290758362.0,rank_episode_iii_revenge_of_the_sith,6.0,Episode III: Revenge of the Sith,revenge_of_the_sith,3,1
3290757230.0,rank_episode_iii_revenge_of_the_sith,2.0,Episode III: Revenge of the Sith,revenge_of_the_sith,3,1
3290756394.0,rank_episode_iii_revenge_of_the_sith,6.0,Episode III: Revenge of the Sith,revenge_of_the_sith,3,1
3290755451.0,rank_episode_iii_revenge_of_the_sith,6.0,Episode III: Revenge of the Sith,revenge_of_the_sith,3,1
3290753390.0,rank_episode_iii_revenge_of_the_sith,4.0,Episode III: Revenge of the Sith,revenge_of_the_sith,3,1
3290749764.0,rank_episode_iii_revenge_of_the_sith,3.0,Episode III: Revenge of the Sith,revenge_of_the_sith,3,1
3290749229.0,rank_episode_iii_revenge_of_the_sith,4.0,Episode III: Revenge of the Sith,revenge_of_the_sith,3,1
3290746853.0,rank_episode_iii_revenge_of_the_sith,5.0,Episode III: Revenge of the Sith,revenge_of_the_sith,3,1
3290744027.0,rank_episode_iii_revenge_of_the_sith,,Episode III: Revenge of the Sith,revenge_of_the_sith,3,0
3290741994.0,rank_episode_iii_revenge_of_the_sith,6.0,Episode III: Revenge of the Sith,revenge_of_the_sith,3,1
3290741405.0,rank_episode_iii_revenge_of_the_sith,6.0,Episode III: Revenge of the Sith,revenge_of_the_sith,3,1
3290740448.0,rank_episode_iii_revenge_of_the_sith,6.0,Episode III: Revenge of the Sith,revenge_of_the_sith,3,1
3290739967.0,rank_episode_iii_revenge_of_the_sith,4.0,Episode III: Revenge of the Sith,revenge_of_the_sith,3,1
3290739235.0,rank_episode_iii_revenge_of_the_sith,5.0,Episode III: Revenge of the Sith,revenge_of_the_sith,3,1
3290738262.0,rank_episode_iii_revenge_of_the_sith,,Episode III: Revenge of the Sith,revenge_of_the_sith,3,0
3290737104.0,rank_episode_iii_revenge_of_the_sith,,Episode III: Revenge of the Sith,revenge_of_the_sith,3,0
3290736072.0,rank_episode_iii_revenge_of_the_sith,5.0,Episode III: Revenge of the Sith,revenge_of_the_sith,3,1
3290734874.0,rank_episode_iii_revenge_of_the_sith,6.0,Episode III: Revenge of the Sith,revenge_of_the_sith,3,1
3290733932.0,rank_episode_iii_revenge_of_the_sith,3.0,Episode III: Revenge of the Sith,revenge_of_the_sith,3,1
3290733316.0,rank_episode_iii_revenge_of_the_sith,4.0,Episode III: Revenge of the Sith,revenge_of_the_sith,3,1
3290732383.0,rank_episode_iii_revenge_of_the_sith,4.0,Episode III: Revenge of the Sith,revenge_of_the_sith,3,1
3290727763.0,rank_episode_iii_revenge_of_the_sith,1.0,Episode III: Revenge of the Sith,revenge_of_the_sith,3,1
3290726075.0,rank_episode_iii_revenge_of_the_sith,6.0,Episode III: Revenge of the Sith,revenge_of_the_sith,3,1
3290719847.0,rank_episode_iii_revenge_of_the_sith,,Episode III: Revenge of the Sith,revenge_of_the_sith,3,0
3290718359.0,rank_episode_iii_revenge_of_the_sith,,Episode III: Revenge of the Sith,revenge_of_the_sith,3,0
3290717899.0,rank_episode_iii_revenge_of_the_sith,3.0,Episode III: Revenge of the Sith,revenge_of_the_sith,3,1
3290717372.0,rank_episode_iii_revenge_of_the_sith,,Episode III: Revenge of the Sith,revenge_of_the_sith,3,0
3290714941.0,rank_episode_iii_revenge_of_the_sith,1.0,Episode III: Revenge of the Sith,revenge_of_the_sith,3,1
3290714484.0,rank_episode_iii_revenge_of_the_sith,5.0,Episode III: Revenge of the Sith,revenge_of_the_sith,3,1
3290714430.0,rank_episode_iii_revenge_of_the_sith,,Episode III: Revenge of the Sith,revenge_of_the_sith,3,0
3290714378.0,rank_episode_iii_revenge_of_the_sith,5.0,Episode III: Revenge of the Sith,revenge_of_the_sith,3,1
3290712204.0,rank_episode_iii_revenge_of_the_sith,5.0,Episode III: Revenge of the Sith,revenge_of_the_sith,3,1
3290711898.0,rank_episode_iii_revenge_of_the_sith,,Episode III: Revenge of the Sith,revenge_of_the_sith,3,0
3290711882.0,rank_episode_iii_revenge_of_the_sith,5.0,Episode III: Revenge of the Sith,revenge_of_the_sith,3,1
3290711757.0,rank_episode_iii_revenge_of_the_sith,,Episode III: Revenge of the Sith,revenge_of_the_sith,3,0
3290711487.0,rank_episode_iii_revenge_of_the_sith,5.0,Episode III: Revenge of the Sith,revenge_of_the_sith,3,1
3290711262.0,rank_episode_iii_revenge_of_the_sith,3.0,Episode III: Revenge of the Sith,revenge_of_the_sith,3,1
3290708664.0,rank_episode_iii_revenge_of_the_sith,3.0,Episode III: Revenge of the Sith,revenge_of_the_sith,3,1
3290707402.0,rank_episode_iii_revenge_of_the_sith,,Episode III: Revenge of the Sith,revenge_of_the_sith,3,0
3290706716.0,rank_episode_iii_revenge_of_the_sith,3.0,Episode III: Revenge of the Sith,revenge_of_the_sith,3,1
3290706611.0,rank_episode_iii_revenge_of_the_sith,4.0,Episode III: Revenge of the Sith,revenge_of_the_sith,3,1
3290703210.0,rank_episode_iii_revenge_of_the_sith,6.0,Episode III: Revenge of the Sith,revenge_of_the_sith,3,1
3290701442.0,rank_episode_iii_revenge_of_the_sith,,Episode III: Revenge of the Sith,revenge_of_the_sith,3,0
3290700285.0,rank_episode_iii_revenge_of_the_sith,6.0,Episode III: Revenge of the Sith,revenge_of_the_sith,3,1
3290700214.0,rank_episode_iii_revenge_of_the_sith,3.0,Episode III: Revenge of the Sith,revenge_of_the_sith,3,1
3290700030.0,rank_episode_iii_revenge_of_the_sith,3.0,Episode III: Revenge of the Sith,revenge_of_the_sith,3,1
3290699410.0,rank_episode_iii_revenge_of_the_sith,3.0,Episode III: Revenge of the Sith,revenge_of_the_sith,3,1
3290695784.0,rank_episode_iii_revenge_of_the_sith,4.0,Episode III: Revenge of the Sith,revenge_of_the_sith,3,1
3290695316.0,rank_episode_iii_revenge_of_the_sith,,Episode III: Revenge of the Sith,revenge_of_the_sith,3,0
3290694269.0,rank_episode_iii_revenge_of_the_sith,,Episode III: Revenge of the Sith,revenge_of_the_sith,3,0
3290693095.0,rank_episode_iii_revenge_of_the_sith,,Episode III: Revenge of the Sith,revenge_of_the_sith,3,0
3290692020.0,rank_episode_iii_revenge_of_the_sith,,Episode III: Revenge of the Sith,revenge_of_the_sith,3,0
3290691758.0,rank_episode_iii_revenge_of_the_sith,3.0,Episode III: Revenge of the Sith,revenge_of_the_sith,3,1
3290689343.0,rank_episode_iii_revenge_of_the_sith,3.0,Episode III: Revenge of the Sith,revenge_of_the_sith,3,1
3290687981.0,rank_episode_iii_revenge_of_the_sith,4.0,Episode III: Revenge of the Sith,revenge_of_the_sith,3,1
3290687830.0,rank_episode_iii_revenge_of_the_sith,,Episode III: Revenge of the Sith,revenge_of_the_sith,3,0
3290686887.0,rank_episode_iii_revenge_of_the_sith,,Episode III: Revenge of the Sith,revenge_of_the_sith,3,0
3290686362.0,rank_episode_iii_revenge_of_the_sith,,Episode III: Revenge of the Sith,revenge_of_the_sith,3,0
3290685885.0,rank_episode_iii_revenge_of_the_sith,,Episode III: Revenge of the Sith,revenge_of_the_sith,3,0
3290684868.0,rank_episode_iii_revenge_of_the_sith,6.0,Episode III: Revenge of the Sith,revenge_of_the_sith,3,1
3290684287.0,rank_episode_iii_revenge_of_the_sith,6.0,Episode III: Revenge of the Sith,revenge_of_the_sith,3,1
3290681574.0,rank_episode_iii_revenge_of_the_sith,,Episode III: Revenge of the Sith,revenge_of_the_sith,3,0
3290678952.0,rank_episode_iii_revenge_of_the_sith,5.0,Episode III: Revenge of the Sith,revenge_of_the_sith,3,1
3290678515.0,rank_episode_iii_revenge_of_the_sith,6.0,Episode III: Revenge of the Sith,revenge_of_the_sith,3,1
3290676695.0,rank_episode_iii_revenge_of_the_sith,3.0,Episode III: Revenge of the Sith,revenge_of_the_sith,3,1
3290674534.0,rank_episode_iii_revenge_of_the_sith,,Episode III: Revenge of the Sith,revenge_of_the_sith,3,0
3290667297.0,rank_episode_iii_revenge_of_the_sith,3.0,Episode III: Revenge of the Sith,revenge_of_the_sith,3,1
3290664543.0,rank_episode_iii_revenge_of_the_sith,6.0,Episode III: Revenge of the Sith,revenge_of_the_sith,3,1
3290664463.0,rank_episode_iii_revenge_of_the_sith,6.0,Episode III: Revenge of the Sith,revenge_of_the_sith,3,1
3290664069.0,rank_episode_iii_revenge_of_the_sith,,Episode III: Revenge of the Sith,revenge_of_the_sith,3,0
3290662118.0,rank_episode_iii_revenge_of_the_sith,5.0,Episode III: Revenge of the Sith,revenge_of_the_sith,3,1
3290661650.0,rank_episode_iii_revenge_of_the_sith,4.0,Episode III: Revenge of the Sith,revenge_of_the_sith,3,1
3290661587.0,rank_episode_iii_revenge_of_the_sith,,Episode III: Revenge of the Sith,revenge_of_the_sith,3,0
3290661135.0,rank_episode_iii_revenge_of_the_sith,5.0,Episode III: Revenge of the Sith,revenge_of_the_sith,3,1
3290659818.0,rank_episode_iii_revenge_of_the_sith,4.0,Episode III: Revenge of the Sith,revenge_of_the_sith,3,1
3290659314.0,rank_episode_iii_revenge_of_the_sith,6.0,Episode III: Revenge of the Sith,revenge_of_the_sith,3,1
3290655784.0,rank_episode_iii_revenge_of_the_sith,6.0,Episode III: Revenge of the Sith,revenge_of_the_sith,3,1
3290654597.0,rank_episode_iii_revenge_of_the_sith,6.0,Episode III: Revenge of the Sith,revenge_of_the_sith,3,1
3290652558.0,rank_episode_iii_revenge_of_the_sith,,Episode III: Revenge of the Sith,revenge_of_the_sith,3,0
3290651085.0,rank_episode_iii_revenge_of_the_sith,,Episode III: Revenge of the Sith,revenge_of_the_sith,3,0
3290650590.0,rank_episode_iii_revenge_of_the_sith,4.0,Episode III: Revenge of the Sith,revenge_of_the_sith,3,1
3290644326.0,rank_episode_iii_revenge_of_the_sith,,Episode III: Revenge of the Sith,revenge_of_the_sith,3,0
3290640323.0,rank_episode_iii_revenge_of_the_sith,5.0,Episode III: Revenge of the Sith,revenge_of_the_sith,3,1
3290638529.0,rank_episode_iii_revenge_of_the_sith,4.0,Episode III: Revenge of the Sith,revenge_of_the_sith,3,1
3290634681.0,rank_episode_iii_revenge_of_the_sith,,Episode III: Revenge of the Sith,revenge_of_the_sith,3,0
3290631608.0,rank_episode_iii_revenge_of_the_sith,5.0,Episode III: Revenge of the Sith,revenge_of_the_sith,3,1
3290630470.0,rank_episode_iii_revenge_of_the_sith,6.0,Episode III: Revenge of the Sith,revenge_of_the_sith,3,1
3290630282.0,rank_episode_iii_revenge_of_the_sith,3.0,Episode III: Revenge of the Sith,revenge_of_the_sith,3,1
3290628419.0,rank_episode_iii_revenge_of_the_sith,,Episode III: Revenge of the Sith,revenge_of_the_sith,3,0
3290627850.0,rank_episode_iii_revenge_of_the_sith,6.0,Episode III: Revenge of the Sith,revenge_of_the_sith,3,1
3290627681.0,rank_episode_iii_revenge_of_the_sith,5.0,Episode III: Revenge of the Sith,revenge_of_the_sith,3,1
3290626609.0,rank_episode_iii_revenge_of_the_sith,,Episode III: Revenge of the Sith,revenge_of_the_sith,3,0
3290625814.0,rank_episode_iii_revenge_of_the_sith,,Episode III: Revenge of the Sith,revenge_of_the_sith,3,0
3290624447.0,rank_episode_iii_revenge_of_the_sith,2.0,Episode III: Revenge of the Sith,revenge_of_the_sith,3,1
3290620991.0,rank_episode_iii_revenge_of_the_sith,3.0,Episode III: Revenge of the Sith,revenge_of_the_sith,3,1
3290617461.0,rank_episode_iii_revenge_of_the_sith,1.0,Episode III: Revenge of the Sith,revenge_of_the_sith,3,1
3290611875.0,rank_episode_iii_revenge_of_the_sith,5.0,Episode III: Revenge of the Sith,revenge_of_the_sith,3,1
3290611716.0,rank_episode_iii_revenge_of_the_sith,6.0,Episode III: Revenge of the Sith,revenge_of_the_sith,3,1
3290602490.0,rank_episode_iii_revenge_of_the_sith,,Episode III: Revenge of the Sith,revenge_of_the_sith,3,0
3290601892.0,rank_episode_iii_revenge_of_the_sith,3.0,Episode III: Revenge of the Sith,revenge_of_the_sith,3,1
3290601518.0,rank_episode_iii_revenge_of_the_sith,,Episode III: Revenge of the Sith,revenge_of_the_sith,3,0
3290600680.0,rank_episode_iii_revenge_of_the_sith,6.0,Episode III: Revenge of the Sith,revenge_of_the_sith,3,1
3290600559.0,rank_episode_iii_revenge_of_the_sith,5.0,Episode III: Revenge of the Sith,revenge_of_the_sith,3,1
3290600057.0,rank_episode_iii_revenge_of_the_sith,6.0,Episode III: Revenge of the Sith,revenge_of_the_sith,3,1
3290598307.0,rank_episode_iii_revenge_of_the_sith,3.0,Episode III: Revenge of the Sith,revenge_of_the_sith,3,1
3290597099.0,rank_episode_iii_revenge_of_the_sith,2.0,Episode III: Revenge of the Sith,revenge_of_the_sith,3,1
3290593953.0,rank_episode_iii_revenge_of_the_sith,3.0,Episode III: Revenge of the Sith,revenge_of_the_sith,3,1
3290582716.0,rank_episode_iii_revenge_of_the_sith,5.0,Episode III: Revenge of the Sith,revenge_of_the_sith,3,1
3290572568.0,rank_episode_iii_revenge_of_the_sith,5.0,Episode III: Revenge of the Sith,revenge_of_the_sith,3,1
3290572073.0,rank_episode_iii_revenge_of_the_sith,4.0,Episode III: Revenge of the Sith,revenge_of_the_sith,3,1
3290569001.0,rank_episode_iii_revenge_of_the_sith,1.0,Episode III: Revenge of the Sith,revenge_of_the_sith,3,1
3290568339.0,rank_episode_iii_revenge_of_the_sith,4.0,Episode III: Revenge of the Sith,revenge_of_the_sith,3,1
3290565779.0,rank_episode_iii_revenge_of_the_sith,6.0,Episode III: Revenge of the Sith,revenge_of_the_sith,3,1
3290565768.0,rank_episode_iii_revenge_of_the_sith,3.0,Episode III: Revenge of the Sith,revenge_of_the_sith,3,1
3290565487.0,rank_episode_iii_revenge_of_the_sith,,Episode III: Revenge of the Sith,revenge_of_the_sith,3,0
3290561583.0,rank_episode_iii_revenge_of_the_sith,6.0,Episode III: Revenge of the Sith,revenge_of_the_sith,3,1
3290561192.0,rank_episode_iii_revenge_of_the_sith,6.0,Episode III: Revenge of the Sith,revenge_of_the_sith,3,1
3290555153.0,rank_episode_iii_revenge_of_the_sith,,Episode III: Revenge of the Sith,revenge_of_the_sith,3,0
3290553558.0,rank_episode_iii_revenge_of_the_sith,,Episode III: Revenge of the Sith,revenge_of_the_sith,3,0
3290552963.0,rank_episode_iii_revenge_of_the_sith,4.0,Episode III: Revenge of the Sith,revenge_of_the_sith,3,1
3290551809.0,rank_episode_iii_revenge_of_the_sith,6.0,Episode III: Revenge of the Sith,revenge_of_the_sith,3,1
3290547819.0,rank_episode_iii_revenge_of_the_sith,,Episode III: Revenge of the Sith,revenge_of_the_sith,3,0
3290544886.0,rank_episode_iii_revenge_of_the_sith,,Episode III: Revenge of the Sith,revenge_of_the_sith,3,0
3290544865.0,rank_episode_iii_revenge_of_the_sith,3.0,Episode III: Revenge of the Sith,revenge_of_the_sith,3,1
3290544012.0,rank_episode_iii_revenge_of_the_sith,,Episode III: Revenge of the Sith,revenge_of_the_sith,3,0
3290539653.0,rank_episode_iii_revenge_of_the_sith,6.0,Episode III: Revenge of the Sith,revenge_of_the_sith,3,1
3290538433.0,rank_episode_iii_revenge_of_the_sith,6.0,Episode III: Revenge of the Sith,revenge_of_the_sith,3,1
3290536294.0,rank_episode_iii_revenge_of_the_sith,,Episode III: Revenge of the Sith,revenge_of_the_sith,3,0
3290532429.0,rank_episode_iii_revenge_of_the_sith,5.0,Episode III: Revenge of the Sith,revenge_of_the_sith,3,1
3290531735.0,rank_episode_iii_revenge_of_the_sith,6.0,Episode III: Revenge of the Sith,revenge_of_the_sith,3,1
3290526356.0,rank_episode_iii_revenge_of_the_sith,,Episode III: Revenge of the Sith,revenge_of_the_sith,3,0
3290525782.0,rank_episode_iii_revenge_of_the_sith,3.0,Episode III: Revenge of the Sith,revenge_of_the_sith,3,1
3290524413.0,rank_episode_iii_revenge_of_the_sith,3.0,Episode III: Revenge of the Sith,revenge_of_the_sith,3,1
3290519884.0,rank_episode_iii_revenge_of_the_sith,5.0,Episode III: Revenge of the Sith,revenge_of_the_sith,3,1
3290515688.0,rank_episode_iii_revenge_of_the_sith,3.0,Episode III: Revenge of the Sith,revenge_of_the_sith,3,1
3290511533.0,rank_episode_iii_revenge_of_the_sith,2.0,Episode III: Revenge of the Sith,revenge_of_the_sith,3,1
3290506830.0,rank_episode_iii_revenge_of_the_sith,5.0,Episode III: Revenge of the Sith,revenge_of_the_sith,3,1
3290506333.0,rank_episode_iii_revenge_of_the_sith,2.0,Episode III: Revenge of the Sith,revenge_of_the_sith,3,1
3290505081.0,rank_episode_iii_revenge_of_the_sith,6.0,Episode III: Revenge of the Sith,revenge_of_the_sith,3,1
3290500457.0,rank_episode_iii_revenge_of_the_sith,3.0,Episode III: Revenge of the Sith,revenge_of_the_sith,3,1
3290499954.0,rank_episode_iii_revenge_of_the_sith,5.0,Episode III: Revenge of the Sith,revenge_of_the_sith,3,1
3290499953.0,rank_episode_iii_revenge_of_the_sith,,Episode III: Revenge of the Sith,revenge_of_the_sith,3,0
3290496822.0,rank_episode_iii_revenge_of_the_sith,5.0,Episode III: Revenge of the Sith,revenge_of_the_sith,3,1
3290491807.0,rank_episode_iii_revenge_of_the_sith,3.0,Episode III: Revenge of the Sith,revenge_of_the_sith,3,1
3290477551.0,rank_episode_iii_revenge_of_the_sith,5.0,Episode III: Revenge of the Sith,revenge_of_the_sith,3,1
3290475079.0,rank_episode_iii_revenge_of_the_sith,,Episode III: Revenge of the Sith,revenge_of_the_sith,3,0
3290474953.0,rank_episode_iii_revenge_of_the_sith,6.0,Episode III: Revenge of the Sith,revenge_of_the_sith,3,1
3290471553.0,rank_episode_iii_revenge_of_the_sith,1.0,Episode III: Revenge of the Sith,revenge_of_the_sith,3,1
3290467062.0,rank_episode_iii_revenge_of_the_sith,6.0,Episode III: Revenge of the Sith,revenge_of_the_sith,3,1
3290467000.0,rank_episode_iii_revenge_of_the_sith,4.0,Episode III: Revenge of the Sith,revenge_of_the_sith,3,1
3290464481.0,rank_episode_iii_revenge_of_the_sith,6.0,Episode III: Revenge of the Sith,revenge_of_the_sith,3,1
3290463350.0,rank_episode_iii_revenge_of_the_sith,,Episode III: Revenge of the Sith,revenge_of_the_sith,3,0
3290461599.0,rank_episode_iii_revenge_of_the_sith,3.0,Episode III: Revenge of the Sith,revenge_of_the_sith,3,1
3290461455.0,rank_episode_iii_revenge_of_the_sith,,Episode III: Revenge of the Sith,revenge_of_the_sith,3,0
3290448644.0,rank_episode_iii_revenge_of_the_sith,5.0,Episode III: Revenge of the Sith,revenge_of_the_sith,3,1
3290444421.0,rank_episode_iii_revenge_of_the_sith,5.0,Episode III: Revenge of the Sith,revenge_of_the_sith,3,1
3290439063.0,rank_episode_iii_revenge_of_the_sith,6.0,Episode III: Revenge of the Sith,revenge_of_the_sith,3,1
3290437717.0,rank_episode_iii_revenge_of_the_sith,5.0,Episode III: Revenge of the Sith,revenge_of_the_sith,3,1
3290432874.0,rank_episode_iii_revenge_of_the_sith,,Episode III: Revenge of the Sith,revenge_of_the_sith,3,0
3290432121.0,rank_episode_iii_revenge_of_the_sith,,Episode III: Revenge of the Sith,revenge_of_the_sith,3,0
3290428766.0,rank_episode_iii_revenge_of_the_sith,3.0,Episode III: Revenge of the Sith,revenge_of_the_sith,3,1
3290427764.0,rank_episode_iii_revenge_of_the_sith,5.0,Episode III: Revenge of the Sith,revenge_of_the_sith,3,1
3290426384.0,rank_episode_iii_revenge_of_the_sith,4.0,Episode III: Revenge of the Sith,revenge_of_the_sith,3,1
3290426289.0,rank_episode_iii_revenge_of_the_sith,,Episode III: Revenge of the Sith,revenge_of_the_sith,3,0
3290423155.0,rank_episode_iii_revenge_of_the_sith,6.0,Episode III: Revenge of the Sith,revenge_of_the_sith,3,1
3290421738.0,rank_episode_iii_revenge_of_the_sith,4.0,Episode III: Revenge of the Sith,revenge_of_the_sith,3,1
3290417966.0,rank_episode_iii_revenge_of_the_sith,5.0,Episode III: Revenge of the Sith,revenge_of_the_sith,3,1
3290412412.0,rank_episode_iii_revenge_of_the_sith,,Episode III: Revenge of the Sith,revenge_of_the_sith,3,0
3290411058.0,rank_episode_iii_revenge_of_the_sith,5.0,Episode III: Revenge of the Sith,revenge_of_the_sith,3,1
3290409431.0,rank_episode_iii_revenge_of_the_sith,5.0,Episode III: Revenge of the Sith,revenge_of_the_sith,3,1
3290409075.0,rank_episode_iii_revenge_of_the_sith,5.0,Episode III: Revenge of the Sith,revenge_of_the_sith,3,1
3290407409.0,rank_episode_iii_revenge_of_the_sith,6.0,Episode III: Revenge of the Sith,revenge_of_the_sith,3,1
3290401956.0,rank_episode_iii_revenge_of_the_sith,6.0,Episode III: Revenge of the Sith,revenge_of_the_sith,3,1
3290398978.0,rank_episode_iii_revenge_of_the_sith,,Episode III: Revenge of the Sith,revenge_of_the_sith,3,0
3290394872.0,rank_episode_iii_revenge_of_the_sith,6.0,Episode III: Revenge of the Sith,revenge_of_the_sith,3,1
3290392454.0,rank_episode_iii_revenge_of_the_sith,6.0,Episode III: Revenge of the Sith,revenge_of_the_sith,3,1
3290392264.0,rank_episode_iii_revenge_of_the_sith,2.0,Episode III: Revenge of the Sith,revenge_of_the_sith,3,1
3290391985.0,rank_episode_iii_revenge_of_the_sith,6.0,Episode III: Revenge of the Sith,revenge_of_the_sith,3,1
3290386524.0,rank_episode_iii_revenge_of_the_sith,5.0,Episode III: Revenge of the Sith,revenge_of_the_sith,3,1
3290380140.0,rank_episode_iii_revenge_of_the_sith,4.0,Episode III: Revenge of the Sith,revenge_of_the_sith,3,1
3290374523.0,rank_episode_iii_revenge_of_the_sith,2.0,Episode III: Revenge of the Sith,revenge_of_the_sith,3,1
3290371734.0,rank_episode_iii_revenge_of_the_sith,,Episode III: Revenge of the Sith,revenge_of_the_sith,3,0
3290371532.0,rank_episode_iii_revenge_of_the_sith,,Episode III: Revenge of the Sith,revenge_of_the_sith,3,0
3290371101.0,rank_episode_iii_revenge_of_the_sith,,Episode III: Revenge of the Sith,revenge_of_the_sith,3,0
3290365225.0,rank_episode_iii_revenge_of_the_sith,5.0,Episode III: Revenge of the Sith,revenge_of_the_sith,3,1
3290364952.0,rank_episode_iii_revenge_of_the_sith,3.0,Episode III: Revenge of the Sith,revenge_of_the_sith,3,1
3290359700.0,rank_episode_iii_revenge_of_the_sith,,Episode III: Revenge of the Sith,revenge_of_the_sith,3,0
3290358751.0,rank_episode_iii_revenge_of_the_sith,,Episode III: Revenge of the Sith,revenge_of_the_sith,3,0
3290350512.0,rank_episode_iii_revenge_of_the_sith,4.0,Episode III: Revenge of the Sith,revenge_of_the_sith,3,1
3290347473.0,rank_episode_iii_revenge_of_the_sith,5.0,Episode III: Revenge of the Sith,revenge_of_the_sith,3,1
3290344571.0,rank_episode_iii_revenge_of_the_sith,3.0,Episode III: Revenge of the Sith,revenge_of_the_sith,3,1
3290343366.0,rank_episode_iii_revenge_of_the_sith,6.0,Episode III: Revenge of the Sith,revenge_of_the_sith,3,1
3290342169.0,rank_episode_iii_revenge_of_the_sith,3.0,Episode III: Revenge of the Sith,revenge_of_the_sith,3,1
3290342102.0,rank_episode_iii_revenge_of_the_sith,5.0,Episode III: Revenge of the Sith,revenge_of_the_sith,3,1
3290340804.0,rank_episode_iii_revenge_of_the_sith,4.0,Episode III: Revenge of the Sith,revenge_of_the_sith,3,1
3290337251.0,rank_episode_iii_revenge_of_the_sith,3.0,Episode III: Revenge of the Sith,revenge_of_the_sith,3,1
3290335343.0,rank_episode_iii_revenge_of_the_sith,,Episode III: Revenge of the Sith,revenge_of_the_sith,3,0
3290329580.0,rank_episode_iii_revenge_of_the_sith,,Episode III: Revenge of the Sith,revenge_of_the_sith,3,0
3290328309.0,rank_episode_iii_revenge_of_the_sith,6.0,Episode III: Revenge of the Sith,revenge_of_the_sith,3,1
3290325811.0,rank_episode_iii_revenge_of_the_sith,5.0,Episode III: Revenge of the Sith,revenge_of_the_sith,3,1
3290324518.0,rank_episode_iii_revenge_of_the_sith,6.0,Episode III: Revenge of the Sith,revenge_of_the_sith,3,1
3290320007.0,rank_episode_iii_revenge_of_the_sith,5.0,Episode III: Revenge of the Sith,revenge_of_the_sith,3,1
3290318577.0,rank_episode_iii_revenge_of_the_sith,3.0,Episode III: Revenge of the Sith,revenge_of_the_sith,3,1
3290317691.0,rank_episode_iii_revenge_of_the_sith,6.0,Episode III: Revenge of the Sith,revenge_of_the_sith,3,1
3290316632.0,rank_episode_iii_revenge_of_the_sith,3.0,Episode III: Revenge of the Sith,revenge_of_the_sith,3,1
3290316375.0,rank_episode_iii_revenge_of_the_sith,4.0,Episode III: Revenge of the Sith,revenge_of_the_sith,3,1
3290315336.0,rank_episode_iii_revenge_of_the_sith,5.0,Episode III: Revenge of the Sith,revenge_of_the_sith,3,1
3290310304.0,rank_episode_iii_revenge_of_the_sith,,Episode III: Revenge of the Sith,revenge_of_the_sith,3,0
3290309722.0,rank_episode_iii_revenge_of_the_sith,3.0,Episode III: Revenge of the Sith,revenge_of_the_sith,3,1
3290309711.0,rank_episode_iii_revenge_of_the_sith,2.0,Episode III: Revenge of the Sith,revenge_of_the_sith,3,1
3290304610.0,rank_episode_iii_revenge_of_the_sith,,Episode III: Revenge of the Sith,revenge_of_the_sith,3,0
3290297761.0,rank_episode_iii_revenge_of_the_sith,,Episode III: Revenge of the Sith,revenge_of_the_sith,3,0
3290296317.0,rank_episode_iii_revenge_of_the_sith,6.0,Episode III: Revenge of the Sith,revenge_of_the_sith,3,1
3290295809.0,rank_episode_iii_revenge_of_the_sith,5.0,Episode III: Revenge of the Sith,revenge_of_the_sith,3,1
3290294922.0,rank_episode_iii_revenge_of_the_sith,,Episode III: Revenge of the Sith,revenge_of_the_sith,3,0
3290294142.0,rank_episode_iii_revenge_of_the_sith,,Episode III: Revenge of the Sith,revenge_of_the_sith,3,0
3290292697.0,rank_episode_iii_revenge_of_the_sith,5.0,Episode III: Revenge of the Sith,revenge_of_the_sith,3,1
3290289176.0,rank_episode_iii_revenge_of_the_sith,,Episode III: Revenge of the Sith,revenge_of_the_sith,3,0
3290287101.0,rank_episode_iii_revenge_of_the_sith,,Episode III: Revenge of the Sith,revenge_of_the_sith,3,0
3290283817.0,rank_episode_iii_revenge_of_the_sith,3.0,Episode III: Revenge of the Sith,revenge_of_the_sith,3,1
3290283139.0,rank_episode_iii_revenge_of_the_sith,6.0,Episode III: Revenge of the Sith,revenge_of_the_sith,3,1
3290280642.0,rank_episode_iii_revenge_of_the_sith,,Episode III: Revenge of the Sith,revenge_of_the_sith,3,0
3290279732.0,rank_episode_iii_revenge_of_the_sith,6.0,Episode III: Revenge of the Sith,revenge_of_the_sith,3,1
3290269777.0,rank_episode_iii_revenge_of_the_sith,6.0,Episode III: Revenge of the Sith,revenge_of_the_sith,3,1
3290268027.0,rank_episode_iii_revenge_of_the_sith,,Episode III: Revenge of the Sith,revenge_of_the_sith,3,0
3290266084.0,rank_episode_iii_revenge_of_the_sith,6.0,Episode III: Revenge of the Sith,revenge_of_the_sith,3,1
3290262568.0,rank_episode_iii_revenge_of_the_sith,5.0,Episode III: Revenge of the Sith,revenge_of_the_sith,3,1
3290257673.0,rank_episode_iii_revenge_of_the_sith,6.0,Episode III: Revenge of the Sith,revenge_of_the_sith,3,1
3290249464.0,rank_episode_iii_revenge_of_the_sith,,Episode III: Revenge of the Sith,revenge_of_the_sith,3,0
3290248279.0,rank_episode_iii_revenge_of_the_sith,,Episode III: Revenge of the Sith,revenge_of_the_sith,3,0
3290248167.0,rank_episode_iii_revenge_of_the_sith,,Episode III: Revenge of the Sith,revenge_of_the_sith,3,0
3290229579.0,rank_episode_iii_revenge_of_the_sith,5.0,Episode III: Revenge of the Sith,revenge_of_the_sith,3,1
3290227264.0,rank_episode_iii_revenge_of_the_sith,6.0,Episode III: Revenge of the Sith,revenge_of_the_sith,3,1
3290225128.0,rank_episode_iii_revenge_of_the_sith,,Episode III: Revenge of the Sith,revenge_of_the_sith,3,0
3290223393.0,rank_episode_iii_revenge_of_the_sith,5.0,Episode III: Revenge of the Sith,revenge_of_the_sith,3,1
3290216970.0,rank_episode_iii_revenge_of_the_sith,4.0,Episode III: Revenge of the Sith,revenge_of_the_sith,3,1
3290213089.0,rank_episode_iii_revenge_of_the_sith,6.0,Episode III: Revenge of the Sith,revenge_of_the_sith,3,1
3290210801.0,rank_episode_iii_revenge_of_the_sith,6.0,Episode III: Revenge of the Sith,revenge_of_the_sith,3,1
3290209773.0,rank_episode_iii_revenge_of_the_sith,5.0,Episode III: Revenge of the Sith,revenge_of_the_sith,3,1
3290209744.0,rank_episode_iii_revenge_of_the_sith,4.0,Episode III: Revenge of the Sith,revenge_of_the_sith,3,1
3290206907.0,rank_episode_iii_revenge_of_the_sith,5.0,Episode III: Revenge of the Sith,revenge_of_the_sith,3,1
3290203063.0,rank_episode_iii_revenge_of_the_sith,4.0,Episode III: Revenge of the Sith,revenge_of_the_sith,3,1
3290201752.0,rank_episode_iii_revenge_of_the_sith,5.0,Episode III: Revenge of the Sith,revenge_of_the_sith,3,1
3290196296.0,rank_episode_iii_revenge_of_the_sith,3.0,Episode III: Revenge of the Sith,revenge_of_the_sith,3,1
3290193368.0,rank_episode_iii_revenge_of_the_sith,,Episode III: Revenge of the Sith,revenge_of_the_sith,3,0
3290191566.0,rank_episode_iii_revenge_of_the_sith,1.0,Episode III: Revenge of the Sith,revenge_of_the_sith,3,1
3290188213.0,rank_episode_iii_revenge_of_the_sith,6.0,Episode III: Revenge of the Sith,revenge_of_the_sith,3,1
3290185244.0,rank_episode_iii_revenge_of_the_sith,4.0,Episode III: Revenge of the Sith,revenge_of_the_sith,3,1
3290184813.0,rank_episode_iii_revenge_of_the_sith,,Episode III: Revenge of the Sith,revenge_of_the_sith,3,0
3290182531.0,rank_episode_iii_revenge_of_the_sith,,Episode III: Revenge of the Sith,revenge_of_the_sith,3,0
3290180442.0,rank_episode_iii_revenge_of_the_sith,,Episode III: Revenge of the Sith,revenge_of_the_sith,3,0
3290176915.0,rank_episode_iii_revenge_of_the_sith,,Episode III: Revenge of the Sith,revenge_of_the_sith,3,0
3290176563.0,rank_episode_iii_revenge_of_the_sith,5.0,Episode III: Revenge of the Sith,revenge_of_the_sith,3,1
3290174629.0,rank_episode_iii_revenge_of_the_sith,,Episode III: Revenge of the Sith,revenge_of_the_sith,3,0
3290174048.0,rank_episode_iii_revenge_of_the_sith,,Episode III: Revenge of the Sith,revenge_of_the_sith,3,0
3290173775.0,rank_episode_iii_revenge_of_the_sith,3.0,Episode III: Revenge of the Sith,revenge_of_the_sith,3,1
3290173176.0,rank_episode_iii_revenge_of_the_sith,4.0,Episode III: Revenge of the Sith,revenge_of_the_sith,3,1
3290167473.0,rank_episode_iii_revenge_of_the_sith,5.0,Episode III: Revenge of the Sith,revenge_of_the_sith,3,1
3290164098.0,rank_episode_iii_revenge_of_the_sith,,Episode III: Revenge of the Sith,revenge_of_the_sith,3,0
3290159455.0,rank_episode_iii_revenge_of_the_sith,,Episode III: Revenge of the Sith,revenge_of_the_sith,3,0
3290159056.0,rank_episode_iii_revenge_of_the_sith,,Episode III: Revenge of the Sith,revenge_of_the_sith,3,0
3290157529.0,rank_episode_iii_revenge_of_the_sith,3.0,Episode III: Revenge of the Sith,revenge_of_the_sith,3,1
3290149698.0,rank_episode_iii_revenge_of_the_sith,6.0,Episode III: Revenge of the Sith,revenge_of_the_sith,3,1
3290148834.0,rank_episode_iii_revenge_of_the_sith,1.0,Episode III: Revenge of the Sith,revenge_of_the_sith,3,1
3290145517.0,rank_episode_iii_revenge_of_the_sith,5.0,Episode III: Revenge of the Sith,revenge_of_the_sith,3,1
3290142232.0,rank_episode_iii_revenge_of_the_sith,1.0,Episode III: Revenge of the Sith,revenge_of_the_sith,3,1
3290139192.0,rank_episode_iii_revenge_of_the_sith,3.0,Episode III: Revenge of the Sith,revenge_of_the_sith,3,1
3290137793.0,rank_episode_iii_revenge_of_the_sith,5.0,Episode III: Revenge of the Sith,revenge_of_the_sith,3,1
3290128978.0,rank_episode_iii_revenge_of_the_sith,,Episode III: Revenge of the Sith,revenge_of_the_sith,3,0
3290128468.0,rank_episode_iii_revenge_of_the_sith,3.0,Episode III: Revenge of the Sith,revenge_of_the_sith,3,1
3290127670.0,rank_episode_iii_revenge_of_the_sith,,Episode III: Revenge of the Sith,revenge_of_the_sith,3,0
3290125801.0,rank_episode_iii_revenge_of_the_sith,4.0,Episode III: Revenge of the Sith,revenge_of_the_sith,3,1
3290125784.0,rank_episode_iii_revenge_of_the_sith,3.0,Episode III: Revenge of the Sith,revenge_of_the_sith,3,1
3290125550.0,rank_episode_iii_revenge_of_the_sith,3.0,Episode III: Revenge of the Sith,revenge_of_the_sith,3,1
3290125357.0,rank_episode_iii_revenge_of_the_sith,5.0,Episode III: Revenge of the Sith,revenge_of_the_sith,3,1
3290124259.0,rank_episode_iii_revenge_of_the_sith,4.0,Episode III: Revenge of the Sith,revenge_of_the_sith,3,1
3290116629.0,rank_episode_iii_revenge_of_the_sith,,Episode III: Revenge of the Sith,revenge_of_the_sith,3,0
3290116182.0,rank_episode_iii_revenge_of_the_sith,3.0,Episode III: Revenge of the Sith,revenge_of_the_sith,3,1
3290109779.0,rank_episode_iii_revenge_of_the_sith,6.0,Episode III: Revenge of the Sith,revenge_of_the_sith,3,1
3290103593.0,rank_episode_iii_revenge_of_the_sith,6.0,Episode III: Revenge of the Sith,revenge_of_the_sith,3,1
3290099797.0,rank_episode_iii_revenge_of_the_sith,5.0,Episode III: Revenge of the Sith,revenge_of_the_sith,3,1
3290097546.0,rank_episode_iii_revenge_of_the_sith,5.0,Episode III: Revenge of the Sith,revenge_of_the_sith,3,1
3290097268.0,rank_episode_iii_revenge_of_the_sith,,Episode III: Revenge of the Sith,revenge_of_the_sith,3,0
3290095220.0,rank_episode_iii_revenge_of_the_sith,,Episode III: Revenge of the Sith,revenge_of_the_sith,3,0
3290094384.0,rank_episode_iii_revenge_of_the_sith,,Episode III: Revenge of the Sith,revenge_of_the_sith,3,0
3290083352.0,rank_episode_iii_revenge_of_the_sith,,Episode III: Revenge of the Sith,revenge_of_the_sith,3,0
3290082468.0,rank_episode_iii_revenge_of_the_sith,,Episode III: Revenge of the Sith,revenge_of_the_sith,3,0
3290081504.0,rank_episode_iii_revenge_of_the_sith,,Episode III: Revenge of the Sith,revenge_of_the_sith,3,0
3290081040.0,rank_episode_iii_revenge_of_the_sith,,Episode III: Revenge of the Sith,revenge_of_the_sith,3,0
3290076587.0,rank_episode_iii_revenge_of_the_sith,,Episode III: Revenge of the Sith,revenge_of_the_sith,3,0
3290071379.0,rank_episode_iii_revenge_of_the_sith,,Episode III: Revenge of the Sith,revenge_of_the_sith,3,0
3290070395.0,rank_episode_iii_revenge_of_the_sith,5.0,Episode III: Revenge of the Sith,revenge_of_the_sith,3,1
3290068892.0,rank_episode_iii_revenge_of_the_sith,3.0,Episode III: Revenge of the Sith,revenge_of_the_sith,3,1
3290068765.0,rank_episode_iii_revenge_of_the_sith,5.0,Episode III: Revenge of the Sith,revenge_of_the_sith,3,1
3290063543.0,rank_episode_iii_revenge_of_the_sith,5.0,Episode III: Revenge of the Sith,revenge_of_the_sith,3,1
3290062936.0,rank_episode_iii_revenge_of_the_sith,,Episode III: Revenge of the Sith,revenge_of_the_sith,3,0
3290061815.0,rank_episode_iii_revenge_of_the_sith,6.0,Episode III: Revenge of the Sith,revenge_of_the_sith,3,1
3290058506.0,rank_episode_iii_revenge_of_the_sith,4.0,Episode III: Revenge of the Sith,revenge_of_the_sith,3,1
3290058216.0,rank_episode_iii_revenge_of_the_sith,1.0,Episode III: Revenge of the Sith,revenge_of_the_sith,3,1
3290050695.0,rank_episode_iii_revenge_of_the_sith,,Episode III: Revenge of the Sith,revenge_of_the_sith,3,0
3290049932.0,rank_episode_iii_revenge_of_the_sith,,Episode III: Revenge of the Sith,revenge_of_the_sith,3,0
3290049231.0,rank_episode_iii_revenge_of_the_sith,6.0,Episode III: Revenge of the Sith,revenge_of_the_sith,3,1
3290048884.0,rank_episode_iii_revenge_of_the_sith,2.0,Episode III: Revenge of the Sith,revenge_of_the_sith,3,1
3290047842.0,rank_episode_iii_revenge_of_the_sith,3.0,Episode III: Revenge of the Sith,revenge_of_the_sith,3,1
3290047689.0,rank_episode_iii_revenge_of_the_sith,,Episode III: Revenge of the Sith,revenge_of_the_sith,3,0
3290047483.0,rank_episode_iii_revenge_of_the_sith,4.0,Episode III: Revenge of the Sith,revenge_of_the_sith,3,1
3290046627.0,rank_episode_iii_revenge_of_the_sith,4.0,Episode III: Revenge of the Sith,revenge_of_the_sith,3,1
3290042369.0,rank_episode_iii_revenge_of_the_sith,5.0,Episode III: Revenge of the Sith,revenge_of_the_sith,3,1
3290038794.0,rank_episode_iii_revenge_of_the_sith,5.0,Episode III: Revenge of the Sith,revenge_of_the_sith,3,1
3290034196.0,rank_episode_iii_revenge_of_the_sith,4.0,Episode III: Revenge of the Sith,revenge_of_the_sith,3,1
3290032864.0,rank_episode_iii_revenge_of_the_sith,5.0,Episode III: Revenge of the Sith,revenge_of_the_sith,3,1
3290029531.0,rank_episode_iii_revenge_of_the_sith,4.0,Episode III: Revenge of the Sith,revenge_of_the_sith,3,1
3290024333.0,rank_episode_iii_revenge_of_the_sith,6.0,Episode III: Revenge of the Sith,revenge_of_the_sith,3,1
3290022302.0,rank_episode_iii_revenge_of_the_sith,6.0,Episode III: Revenge of the Sith,revenge_of_the_sith,3,1
3290019869.0,rank_episode_iii_revenge_of_the_sith,5.0,Episode III: Revenge of the Sith,revenge_of_the_sith,3,1
3290019779.0,rank_episode_iii_revenge_of_the_sith,,Episode III: Revenge of the Sith,revenge_of_the_sith,3,0
3290018381.0,rank_episode_iii_revenge_of_the_sith,5.0,Episode III: Revenge of the Sith,revenge_of_the_sith,3,1
3290017901.0,rank_episode_iii_revenge_of_the_sith,,Episode III: Revenge of the Sith,revenge_of_the_sith,3,0
3290014606.0,rank_episode_iii_revenge_of_the_sith,,Episode III: Revenge of the Sith,revenge_of_the_sith,3,0
3290013239.0,rank_episode_iii_revenge_of_the_sith,,Episode III: Revenge of the Sith,revenge_of_the_sith,3,0
3290011286.0,rank_episode_iii_revenge_of_the_sith,5.0,Episode III: Revenge of the Sith,revenge_of_the_sith,3,1
3290010419.0,rank_episode_iii_revenge_of_the_sith,5.0,Episode III: Revenge of the Sith,revenge_of_the_sith,3,1
3290008538.0,rank_episode_iii_revenge_of_the_sith,,Episode III: Revenge of the Sith,revenge_of_the_sith,3,0
3290005674.0,rank_episode_iii_revenge_of_the_sith,3.0,Episode III: Revenge of the Sith,revenge_of_the_sith,3,1
3290002601.0,rank_episode_iii_revenge_of_the_sith,3.0,Episode III: Revenge of the Sith,revenge_of_the_sith,3,1
3289997713.0,rank_episode_iii_revenge_of_the_sith,6.0,Episode III: Revenge of the Sith,revenge_of_the_sith,3,1
3289997196.0,rank_episode_iii_revenge_of_the_sith,4.0,Episode III: Revenge of the Sith,revenge_of_the_sith,3,1
3289996800.0,rank_episode_iii_revenge_of_the_sith,5.0,Episode III: Revenge of the Sith,revenge_of_the_sith,3,1
3289996025.0,rank_episode_iii_revenge_of_the_sith,5.0,Episode III: Revenge of the Sith,revenge_of_the_sith,3,1
3289995352.0,rank_episode_iii_revenge_of_the_sith,4.0,Episode III: Revenge of the Sith,revenge_of_the_sith,3,1
3289993284.0,rank_episode_iii_revenge_of_the_sith,5.0,Episode III: Revenge of the Sith,revenge_of_the_sith,3,1
3289991708.0,rank_episode_iii_revenge_of_the_sith,,Episode III: Revenge of the Sith,revenge_of_the_sith,3,0
3289989311.0,rank_episode_iii_revenge_of_the_sith,,Episode III: Revenge of the Sith,revenge_of_the_sith,3,0
3289988393.0,rank_episode_iii_revenge_of_the_sith,4.0,Episode III: Revenge of the Sith,revenge_of_the_sith,3,1
3289987865.0,rank_episode_iii_revenge_of_the_sith,,Episode III: Revenge of the Sith,revenge_of_the_sith,3,0
3289986698.0,rank_episode_iii_revenge_of_the_sith,4.0,Episode III: Revenge of the Sith,revenge_of_the_sith,3,1
3289985995.0,rank_episode_iii_revenge_of_the_sith,5.0,Episode III: Revenge of the Sith,revenge_of_the_sith,3,1
3289980534.0,rank_episode_iii_revenge_of_the_sith,5.0,Episode III: Revenge of the Sith,revenge_of_the_sith,3,1
3289973506.0,rank_episode_iii_revenge_of_the_sith,3.0,Episode III: Revenge of the Sith,revenge_of_the_sith,3,1
3289972382.0,rank_episode_iii_revenge_of_the_sith,,Episode III: Revenge of the Sith,revenge_of_the_sith,3,0
3289971452.0,rank_episode_iii_revenge_of_the_sith,,Episode III: Revenge of the Sith,revenge_of_the_sith,3,0
3289971256.0,rank_episode_iii_revenge_of_the_sith,3.0,Episode III: Revenge of the Sith,revenge_of_the_sith,3,1
3289963393.0,rank_episode_iii_revenge_of_the_sith,4.0,Episode III: Revenge of the Sith,revenge_of_the_sith,3,1
3289962839.0,rank_episode_iii_revenge_of_the_sith,,Episode III: Revenge of the Sith,revenge_of_the_sith,3,0
3289962614.0,rank_episode_iii_revenge_of_the_sith,6.0,Episode III: Revenge of the Sith,revenge_of_the_sith,3,1
3289956408.0,rank_episode_iii_revenge_of_the_sith,,Episode III: Revenge of the Sith,revenge_of_the_sith,3,0
3289955364.0,rank_episode_iii_revenge_of_the_sith,6.0,Episode III: Revenge of the Sith,revenge_of_the_sith,3,1
3289952496.0,rank_episode_iii_revenge_of_the_sith,3.0,Episode III: Revenge of the Sith,revenge_of_the_sith,3,1
3289951011.0,rank_episode_iii_revenge_of_the_sith,6.0,Episode III: Revenge of the Sith,revenge_of_the_sith,3,1
3289949516.0,rank_episode_iii_revenge_of_the_sith,5.0,Episode III: Revenge of the Sith,revenge_of_the_sith,3,1
3289949409.0,rank_episode_iii_revenge_of_the_sith,6.0,Episode III: Revenge of the Sith,revenge_of_the_sith,3,1
3289943405.0,rank_episode_iii_revenge_of_the_sith,1.0,Episode III: Revenge of the Sith,revenge_of_the_sith,3,1
3289943097.0,rank_episode_iii_revenge_of_the_sith,6.0,Episode III: Revenge of the Sith,revenge_of_the_sith,3,1
3289942520.0,rank_episode_iii_revenge_of_the_sith,,Episode III: Revenge of the Sith,revenge_of_the_sith,3,0
3289933137.0,rank_episode_iii_revenge_of_the_sith,3.0,Episode III: Revenge of the Sith,revenge_of_the_sith,3,1
3289927404.0,rank_episode_iii_revenge_of_the_sith,6.0,Episode III: Revenge of the Sith,revenge_of_the_sith,3,1
3289924943.0,rank_episode_iii_revenge_of_the_sith,5.0,Episode III: Revenge of the Sith,revenge_of_the_sith,3,1
3289923980.0,rank_episode_iii_revenge_of_the_sith,4.0,Episode III: Revenge of the Sith,revenge_of_the_sith,3,1
3289920249.0,rank_episode_iii_revenge_of_the_sith,6.0,Episode III: Revenge of the Sith,revenge_of_the_sith,3,1
3289919285.0,rank_episode_iii_revenge_of_the_sith,,Episode III: Revenge of the Sith,revenge_of_the_sith,3,0
3289918842.0,rank_episode_iii_revenge_of_the_sith,4.0,Episode III: Revenge of the Sith,revenge_of_the_sith,3,1
3289914533.0,rank_episode_iii_revenge_of_the_sith,1.0,Episode III: Revenge of the Sith,revenge_of_the_sith,3,1
3289914097.0,rank_episode_iii_revenge_of_the_sith,6.0,Episode III: Revenge of the Sith,revenge_of_the_sith,3,1
3289913649.0,rank_episode_iii_revenge_of_the_sith,3.0,Episode III: Revenge of the Sith,revenge_of_the_sith,3,1
3289911175.0,rank_episode_iii_revenge_of_the_sith,4.0,Episode III: Revenge of the Sith,revenge_of_the_sith,3,1
3289909917.0,rank_episode_iii_revenge_of_the_sith,5.0,Episode III: Revenge of the Sith,revenge_of_the_sith,3,1
3289907541.0,rank_episode_iii_revenge_of_the_sith,5.0,Episode III: Revenge of the Sith,revenge_of_the_sith,3,1
3289905986.0,rank_episode_iii_revenge_of_the_sith,3.0,Episode III: Revenge of the Sith,revenge_of_the_sith,3,1
3289905819.0,rank_episode_iii_revenge_of_the_sith,,Episode III: Revenge of the Sith,revenge_of_the_sith,3,0
3289905044.0,rank_episode_iii_revenge_of_the_sith,2.0,Episode III: Revenge of the Sith,revenge_of_the_sith,3,1
3289903380.0,rank_episode_iii_revenge_of_the_sith,,Episode III: Revenge of the Sith,revenge_of_the_sith,3,0
3289902920.0,rank_episode_iii_revenge_of_the_sith,4.0,Episode III: Revenge of the Sith,revenge_of_the_sith,3,1
3289902115.0,rank_episode_iii_revenge_of_the_sith,4.0,Episode III: Revenge of the Sith,revenge_of_the_sith,3,1
3289901820.0,rank_episode_iii_revenge_of_the_sith,3.0,Episode III: Revenge of the Sith,revenge_of_the_sith,3,1
3289901633.0,rank_episode_iii_revenge_of_the_sith,6.0,Episode III: Revenge of the Sith,revenge_of_the_sith,3,1
3289897826.0,rank_episode_iii_revenge_of_the_sith,6.0,Episode III: Revenge of the Sith,revenge_of_the_sith,3,1
3289896565.0,rank_episode_iii_revenge_of_the_sith,4.0,Episode III: Revenge of the Sith,revenge_of_the_sith,3,1
3289895732.0,rank_episode_iii_revenge_of_the_sith,1.0,Episode III: Revenge of the Sith,revenge_of_the_sith,3,1
3289894873.0,rank_episode_iii_revenge_of_the_sith,,Episode III: Revenge of the Sith,revenge_of_the_sith,3,0
3289891069.0,rank_episode_iii_revenge_of_the_sith,,Episode III: Revenge of the Sith,revenge_of_the_sith,3,0
3289890495.0,rank_episode_iii_revenge_of_the_sith,,Episode III: Revenge of the Sith,revenge_of_the_sith,3,0
3289888113.0,rank_episode_iii_revenge_of_the_sith,,Episode III: Revenge of the Sith,revenge_of_the_sith,3,0
3289888015.0,rank_episode_iii_revenge_of_the_sith,5.0,Episode III: Revenge of the Sith,revenge_of_the_sith,3,1
3289885747.0,rank_episode_iii_revenge_of_the_sith,5.0,Episode III: Revenge of the Sith,revenge_of_the_sith,3,1
3289878528.0,rank_episode_iii_revenge_of_the_sith,5.0,Episode III: Revenge of the Sith,revenge_of_the_sith,3,1
3289877093.0,rank_episode_iii_revenge_of_the_sith,6.0,Episode III: Revenge of the Sith,revenge_of_the_sith,3,1
3289874408.0,rank_episode_iii_revenge_of_the_sith,3.0,Episode III: Revenge of the Sith,revenge_of_the_sith,3,1
3289873978.0,rank_episode_iii_revenge_of_the_sith,6.0,Episode III: Revenge of the Sith,revenge_of_the_sith,3,1
3289870772.0,rank_episode_iii_revenge_of_the_sith,5.0,Episode III: Revenge of the Sith,revenge_of_the_sith,3,1
3289868197.0,rank_episode_iii_revenge_of_the_sith,5.0,Episode III: Revenge of the Sith,revenge_of_the_sith,3,1
3289866531.0,rank_episode_iii_revenge_of_the_sith,6.0,Episode III: Revenge of the Sith,revenge_of_the_sith,3,1
3289866259.0,rank_episode_iii_revenge_of_the_sith,,Episode III: Revenge of the Sith,revenge_of_the_sith,3,0
3289865550.0,rank_episode_iii_revenge_of_the_sith,5.0,Episode III: Revenge of the Sith,revenge_of_the_sith,3,1
3289864687.0,rank_episode_iii_revenge_of_the_sith,6.0,Episode III: Revenge of the Sith,revenge_of_the_sith,3,1
3289862004.0,rank_episode_iii_revenge_of_the_sith,,Episode III: Revenge of the Sith,revenge_of_the_sith,3,0
3289861464.0,rank_episode_iii_revenge_of_the_sith,6.0,Episode III: Revenge of the Sith,revenge_of_the_sith,3,1
3289857817.0,rank_episode_iii_revenge_of_the_sith,4.0,Episode III: Revenge of the Sith,revenge_of_the_sith,3,1
3289856887.0,rank_episode_iii_revenge_of_the_sith,5.0,Episode III: Revenge of the Sith,revenge_of_the_sith,3,1
3289856557.0,rank_episode_iii_revenge_of_the_sith,,Episode III: Revenge of the Sith,revenge_of_the_sith,3,0
3289855873.0,rank_episode_iii_revenge_of_the_sith,3.0,Episode III: Revenge of the Sith,revenge_of_the_sith,3,1
3289854601.0,rank_episode_iii_revenge_of_the_sith,6.0,Episode III: Revenge of the Sith,revenge_of_the_sith,3,1
3289848909.0,rank_episode_iii_revenge_of_the_sith,,Episode III: Revenge of the Sith,revenge_of_the_sith,3,0
3289847932.0,rank_episode_iii_revenge_of_the_sith,1.0,Episode III: Revenge of the Sith,revenge_of_the_sith,3,1
3289844139.0,rank_episode_iii_revenge_of_the_sith,4.0,Episode III: Revenge of the Sith,revenge_of_the_sith,3,1
3289843973.0,rank_episode_iii_revenge_of_the_sith,2.0,Episode III: Revenge of the Sith,revenge_of_the_sith,3,1
3289837359.0,rank_episode_iii_revenge_of_the_sith,,Episode III: Revenge of the Sith,revenge_of_the_sith,3,0
3289835282.0,rank_episode_iii_revenge_of_the_sith,5.0,Episode III: Revenge of the Sith,revenge_of_the_sith,3,1
3289834572.0,rank_episode_iii_revenge_of_the_sith,,Episode III: Revenge of the Sith,revenge_of_the_sith,3,0
3289831274.0,rank_episode_iii_revenge_of_the_sith,,Episode III: Revenge of the Sith,revenge_of_the_sith,3,0
3289830199.0,rank_episode_iii_revenge_of_the_sith,,Episode III: Revenge of the Sith,revenge_of_the_sith,3,0
3289829982.0,rank_episode_iii_revenge_of_the_sith,4.0,Episode III: Revenge of the Sith,revenge_of_the_sith,3,1
3289822005.0,rank_episode_iii_revenge_of_the_sith,5.0,Episode III: Revenge of the Sith,revenge_of_the_sith,3,1
3289821310.0,rank_episode_iii_revenge_of_the_sith,3.0,Episode III: Revenge of the Sith,revenge_of_the_sith,3,1
3289815685.0,rank_episode_iii_revenge_of_the_sith,5.0,Episode III: Revenge of the Sith,revenge_of_the_sith,3,1
3289813977.0,rank_episode_iii_revenge_of_the_sith,5.0,Episode III: Revenge of the Sith,revenge_of_the_sith,3,1
3289812188.0,rank_episode_iii_revenge_of_the_sith,5.0,Episode III: Revenge of the Sith,revenge_of_the_sith,3,1
3289809469.0,rank_episode_iii_revenge_of_the_sith,6.0,Episode III: Revenge of the Sith,revenge_of_the_sith,3,1
3289809255.0,rank_episode_iii_revenge_of_the_sith,,Episode III: Revenge of the Sith,revenge_of_the_sith,3,0
3289808310.0,rank_episode_iii_revenge_of_the_sith,,Episode III: Revenge of the Sith,revenge_of_the_sith,3,0
3289805753.0,rank_episode_iii_revenge_of_the_sith,,Episode III: Revenge of the Sith,revenge_of_the_sith,3,0
3289805745.0,rank_episode_iii_revenge_of_the_sith,,Episode III: Revenge of the Sith,revenge_of_the_sith,3,0
3289804908.0,rank_episode_iii_revenge_of_the_sith,5.0,Episode III: Revenge of the Sith,revenge_of_the_sith,3,1
3289804326.0,rank_episode_iii_revenge_of_the_sith,4.0,Episode III: Revenge of the Sith,revenge_of_the_sith,3,1
3289804031.0,rank_episode_iii_revenge_of_the_sith,1.0,Episode III: Revenge of the Sith,revenge_of_the_sith,3,1
3289802847.0,rank_episode_iii_revenge_of_the_sith,6.0,Episode III: Revenge of the Sith,revenge_of_the_sith,3,1
3289799650.0,rank_episode_iii_revenge_of_the_sith,5.0,Episode III: Revenge of the Sith,revenge_of_the_sith,3,1
3289799581.0,rank_episode_iii_revenge_of_the_sith,6.0,Episode III: Revenge of the Sith,revenge_of_the_sith,3,1
3289798968.0,rank_episode_iii_revenge_of_the_sith,1.0,Episode III: Revenge of the Sith,revenge_of_the_sith,3,1
3289798759.0,rank_episode_iii_revenge_of_the_sith,5.0,Episode III: Revenge of the Sith,revenge_of_the_sith,3,1
3289797876.0,rank_episode_iii_revenge_of_the_sith,,Episode III: Revenge of the Sith,revenge_of_the_sith,3,0
3289795859.0,rank_episode_iii_revenge_of_the_sith,,Episode III: Revenge of the Sith,revenge_of_the_sith,3,0
3289790475.0,rank_episode_iii_revenge_of_the_sith,,Episode III: Revenge of the Sith,revenge_of_the_sith,3,0
3289790146.0,rank_episode_iii_revenge_of_the_sith,5.0,Episode III: Revenge of the Sith,revenge_of_the_sith,3,1
3289786719.0,rank_episode_iii_revenge_of_the_sith,5.0,Episode III: Revenge of the Sith,revenge_of_the_sith,3,1
3289781705.0,rank_episode_iii_revenge_of_the_sith,6.0,Episode III: Revenge of the Sith,revenge_of_the_sith,3,1
3289779434.0,rank_episode_iii_revenge_of_the_sith,,Episode III: Revenge of the Sith,revenge_of_the_sith,3,0
3289764515.0,rank_episode_iii_revenge_of_the_sith,,Episode III: Revenge of the Sith,revenge_of_the_sith,3,0
3289758800.0,rank_episode_iii_revenge_of_the_sith,3.0,Episode III: Revenge of the Sith,revenge_of_the_sith,3,1
3289757385.0,rank_episode_iii_revenge_of_the_sith,5.0,Episode III: Revenge of the Sith,revenge_of_the_sith,3,1
3289757163.0,rank_episode_iii_revenge_of_the_sith,4.0,Episode III: Revenge of the Sith,revenge_of_the_sith,3,1
3289753279.0,rank_episode_iii_revenge_of_the_sith,,Episode III: Revenge of the Sith,revenge_of_the_sith,3,0
3289752347.0,rank_episode_iii_revenge_of_the_sith,6.0,Episode III: Revenge of the Sith,revenge_of_the_sith,3,1
3289751464.0,rank_episode_iii_revenge_of_the_sith,6.0,Episode III: Revenge of the Sith,revenge_of_the_sith,3,1
3289745316.0,rank_episode_iii_revenge_of_the_sith,,Episode III: Revenge of the Sith,revenge_of_the_sith,3,0
3289745063.0,rank_episode_iii_revenge_of_the_sith,6.0,Episode III: Revenge of the Sith,revenge_of_the_sith,3,1
3289737236.0,rank_episode_iii_revenge_of_the_sith,6.0,Episode III: Revenge of the Sith,revenge_of_the_sith,3,1
3289735954.0,rank_episode_iii_revenge_of_the_sith,3.0,Episode III: Revenge of the Sith,revenge_of_the_sith,3,1
3289733444.0,rank_episode_iii_revenge_of_the_sith,3.0,Episode III: Revenge of the Sith,revenge_of_the_sith,3,1
3289730973.0,rank_episode_iii_revenge_of_the_sith,6.0,Episode III: Revenge of the Sith,revenge_of_the_sith,3,1
3289727014.0,rank_episode_iii_revenge_of_the_sith,6.0,Episode III: Revenge of the Sith,revenge_of_the_sith,3,1
3289725827.0,rank_episode_iii_revenge_of_the_sith,4.0,Episode III: Revenge of the Sith,revenge_of_the_sith,3,1
3289725605.0,rank_episode_iii_revenge_of_the_sith,6.0,Episode III: Revenge of the Sith,revenge_of_the_sith,3,1
3289722110.0,rank_episode_iii_revenge_of_the_sith,2.0,Episode III: Revenge of the Sith,revenge_of_the_sith,3,1
3289713384.0,rank_episode_iii_revenge_of_the_sith,,Episode III: Revenge of the Sith,revenge_of_the_sith,3,0
3289711817.0,rank_episode_iii_revenge_of_the_sith,4.0,Episode III: Revenge of the Sith,revenge_of_the_sith,3,1
3289710382.0,rank_episode_iii_revenge_of_the_sith,,Episode III: Revenge of the Sith,revenge_of_the_sith,3,0
3289706727.0,rank_episode_iii_revenge_of_the_sith,5.0,Episode III: Revenge of the Sith,revenge_of_the_sith,3,1
3289706550.0,rank_episode_iii_revenge_of_the_sith,,Episode III: Revenge of the Sith,revenge_of_the_sith,3,0
3289705195.0,rank_episode_iii_revenge_of_the_sith,6.0,Episode III: Revenge of the Sith,revenge_of_the_sith,3,1
3289700288.0,rank_episode_iii_revenge_of_the_sith,1.0,Episode III: Revenge of the Sith,revenge_of_the_sith,3,1
3289695941.0,rank_episode_iii_revenge_of_the_sith,6.0,Episode III: Revenge of the Sith,revenge_of_the_sith,3,1
3289693023.0,rank_episode_iii_revenge_of_the_sith,4.0,Episode III: Revenge of the Sith,revenge_of_the_sith,3,1
3289692258.0,rank_episode_iii_revenge_of_the_sith,3.0,Episode III: Revenge of the Sith,revenge_of_the_sith,3,1
3289689591.0,rank_episode_iii_revenge_of_the_sith,,Episode III: Revenge of the Sith,revenge_of_the_sith,3,0
3289689331.0,rank_episode_iii_revenge_of_the_sith,3.0,Episode III: Revenge of the Sith,revenge_of_the_sith,3,1
3289688885.0,rank_episode_iii_revenge_of_the_sith,4.0,Episode III: Revenge of the Sith,revenge_of_the_sith,3,1
3289686202.0,rank_episode_iii_revenge_of_the_sith,,Episode III: Revenge of the Sith,revenge_of_the_sith,3,0
3289685200.0,rank_episode_iii_revenge_of_the_sith,,Episode III: Revenge of the Sith,revenge_of_the_sith,3,0
3289684323.0,rank_episode_iii_revenge_of_the_sith,4.0,Episode III: Revenge of the Sith,revenge_of_the_sith,3,1
3289681765.0,rank_episode_iii_revenge_of_the_sith,5.0,Episode III: Revenge of the Sith,revenge_of_the_sith,3,1
3289680108.0,rank_episode_iii_revenge_of_the_sith,5.0,Episode III: Revenge of the Sith,revenge_of_the_sith,3,1
3289673695.0,rank_episode_iii_revenge_of_the_sith,3.0,Episode III: Revenge of the Sith,revenge_of_the_sith,3,1
3289666523.0,rank_episode_iii_revenge_of_the_sith,,Episode III: Revenge of the Sith,revenge_of_the_sith,3,0
3289664241.0,rank_episode_iii_revenge_of_the_sith,5.0,Episode III: Revenge of the Sith,revenge_of_the_sith,3,1
3289653763.0,rank_episode_iii_revenge_of_the_sith,4.0,Episode III: Revenge of the Sith,revenge_of_the_sith,3,1
3289653664.0,rank_episode_iii_revenge_of_the_sith,,Episode III: Revenge of the Sith,revenge_of_the_sith,3,0
3289652167.0,rank_episode_iii_revenge_of_the_sith,3.0,Episode III: Revenge of the Sith,revenge_of_the_sith,3,1
3289649402.0,rank_episode_iii_revenge_of_the_sith,,Episode III: Revenge of the Sith,revenge_of_the_sith,3,0
3289648154.0,rank_episode_iii_revenge_of_the_sith,,Episode III: Revenge of the Sith,revenge_of_the_sith,3,0
3289646833.0,rank_episode_iii_revenge_of_the_sith,,Episode III: Revenge of the Sith,revenge_of_the_sith,3,0
3289645505.0,rank_episode_iii_revenge_of_the_sith,3.0,Episode III: Revenge of the Sith,revenge_of_the_sith,3,1
3289644365.0,rank_episode_iii_revenge_of_the_sith,3.0,Episode III: Revenge of the Sith,revenge_of_the_sith,3,1
3289641241.0,rank_episode_iii_revenge_of_the_sith,5.0,Episode III: Revenge of the Sith,revenge_of_the_sith,3,1
3289640516.0,rank_episode_iii_revenge_of_the_sith,,Episode III: Revenge of the Sith,revenge_of_the_sith,3,0
3289638367.0,rank_episode_iii_revenge_of_the_sith,6.0,Episode III: Revenge of the Sith,revenge_of_the_sith,3,1
3289633176.0,rank_episode_iii_revenge_of_the_sith,6.0,Episode III: Revenge of the Sith,revenge_of_the_sith,3,1
3289628791.0,rank_episode_iii_revenge_of_the_sith,3.0,Episode III: Revenge of the Sith,revenge_of_the_sith,3,1
3289627503.0,rank_episode_iii_revenge_of_the_sith,,Episode III: Revenge of the Sith,revenge_of_the_sith,3,0
3289625918.0,rank_episode_iii_revenge_of_the_sith,,Episode III: Revenge of the Sith,revenge_of_the_sith,3,0
3289625905.0,rank_episode_iii_revenge_of_the_sith,,Episode III: Revenge of the Sith,revenge_of_the_sith,3,0
3289625071.0,rank_episode_iii_revenge_of_the_sith,3.0,Episode III: Revenge of the Sith,revenge_of_the_sith,3,1
3289621004.0,rank_episode_iii_revenge_of_the_sith,6.0,Episode III: Revenge of the Sith,revenge_of_the_sith,3,1
3289619487.0,rank_episode_iii_revenge_of_the_sith,3.0,Episode III: Revenge of the Sith,revenge_of_the_sith,3,1
3289618781.0,rank_episode_iii_revenge_of_the_sith,,Episode III: Revenge of the Sith,revenge_of_the_sith,3,0
3289618768.0,rank_episode_iii_revenge_of_the_sith,,Episode III: Revenge of the Sith,revenge_of_the_sith,3,0
3289618355.0,rank_episode_iii_revenge_of_the_sith,,Episode III: Revenge of the Sith,revenge_of_the_sith,3,0
3289616064.0,rank_episode_iii_revenge_of_the_sith,,Episode III: Revenge of the Sith,revenge_of_the_sith,3,0
3289610618.0,rank_episode_iii_revenge_of_the_sith,,Episode III: Revenge of the Sith,revenge_of_the_sith,3,0
3289610391.0,rank_episode_iii_revenge_of_the_sith,3.0,Episode III: Revenge of the Sith,revenge_of_the_sith,3,1
3289600885.0,rank_episode_iii_revenge_of_the_sith,5.0,Episode III: Revenge of the Sith,revenge_of_the_sith,3,1
3289598419.0,rank_episode_iii_revenge_of_the_sith,5.0,Episode III: Revenge of the Sith,revenge_of_the_sith,3,1
3289597768.0,rank_episode_iii_revenge_of_the_sith,,Episode III: Revenge of the Sith,revenge_of_the_sith,3,0
3289597035.0,rank_episode_iii_revenge_of_the_sith,5.0,Episode III: Revenge of the Sith,revenge_of_the_sith,3,1
3289588064.0,rank_episode_iii_revenge_of_the_sith,3.0,Episode III: Revenge of the Sith,revenge_of_the_sith,3,1
3289582868.0,rank_episode_iii_revenge_of_the_sith,5.0,Episode III: Revenge of the Sith,revenge_of_the_sith,3,1
3289582774.0,rank_episode_iii_revenge_of_the_sith,5.0,Episode III: Revenge of the Sith,revenge_of_the_sith,3,1
3289582090.0,rank_episode_iii_revenge_of_the_sith,6.0,Episode III: Revenge of the Sith,revenge_of_the_sith,3,1
3289573606.0,rank_episode_iii_revenge_of_the_sith,4.0,Episode III: Revenge of the Sith,revenge_of_the_sith,3,1
3289572808.0,rank_episode_iii_revenge_of_the_sith,4.0,Episode III: Revenge of the Sith,revenge_of_the_sith,3,1
3289569955.0,rank_episode_iii_revenge_of_the_sith,,Episode III: Revenge of the Sith,revenge_of_the_sith,3,0
3289567355.0,rank_episode_iii_revenge_of_the_sith,3.0,Episode III: Revenge of the Sith,revenge_of_the_sith,3,1
3289564387.0,rank_episode_iii_revenge_of_the_sith,4.0,Episode III: Revenge of the Sith,revenge_of_the_sith,3,1
3289563102.0,rank_episode_iii_revenge_of_the_sith,,Episode III: Revenge of the Sith,revenge_of_the_sith,3,0
3289561190.0,rank_episode_iii_revenge_of_the_sith,,Episode III: Revenge of the Sith,revenge_of_the_sith,3,0
3289560376.0,rank_episode_iii_revenge_of_the_sith,6.0,Episode III: Revenge of the Sith,revenge_of_the_sith,3,1
3289555540.0,rank_episode_iii_revenge_of_the_sith,,Episode III: Revenge of the Sith,revenge_of_the_sith,3,0
3289553574.0,rank_episode_iii_revenge_of_the_sith,,Episode III: Revenge of the Sith,revenge_of_the_sith,3,0
3289553473.0,rank_episode_iii_revenge_of_the_sith,4.0,Episode III: Revenge of the Sith,revenge_of_the_sith,3,1
3289552996.0,rank_episode_iii_revenge_of_the_sith,5.0,Episode III: Revenge of the Sith,revenge_of_the_sith,3,1
3289552625.0,rank_episode_iii_revenge_of_the_sith,3.0,Episode III: Revenge of the Sith,revenge_of_the_sith,3,1
3289543778.0,rank_episode_iii_revenge_of_the_sith,2.0,Episode III: Revenge of the Sith,revenge_of_the_sith,3,1
3289540349.0,rank_episode_iii_revenge_of_the_sith,5.0,Episode III: Revenge of the Sith,revenge_of_the_sith,3,1
3289539921.0,rank_episode_iii_revenge_of_the_sith,3.0,Episode III: Revenge of the Sith,revenge_of_the_sith,3,1
3289537363.0,rank_episode_iii_revenge_of_the_sith,6.0,Episode III: Revenge of the Sith,revenge_of_the_sith,3,1
3289537293.0,rank_episode_iii_revenge_of_the_sith,6.0,Episode III: Revenge of the Sith,revenge_of_the_sith,3,1
3289536171.0,rank_episode_iii_revenge_of_the_sith,3.0,Episode III: Revenge of the Sith,revenge_of_the_sith,3,1
3289533753.0,rank_episode_iii_revenge_of_the_sith,3.0,Episode III: Revenge of the Sith,revenge_of_the_sith,3,1
3289531711.0,rank_episode_iii_revenge_of_the_sith,3.0,Episode III: Revenge of the Sith,revenge_of_the_sith,3,1
3289530269.0,rank_episode_iii_revenge_of_the_sith,,Episode III: Revenge of the Sith,revenge_of_the_sith,3,0
3289530042.0,rank_episode_iii_revenge_of_the_sith,4.0,Episode III: Revenge of the Sith,revenge_of_the_sith,3,1
3289529064.0,rank_episode_iii_revenge_of_the_sith,3.0,Episode III: Revenge of the Sith,revenge_of_the_sith,3,1
3289528214.0,rank_episode_iii_revenge_of_the_sith,,Episode III: Revenge of the Sith,revenge_of_the_sith,3,0
3289526845.0,rank_episode_iii_revenge_of_the_sith,4.0,Episode III: Revenge of the Sith,revenge_of_the_sith,3,1
3289526048.0,rank_episode_iii_revenge_of_the_sith,6.0,Episode III: Revenge of the Sith,revenge_of_the_sith,3,1
3289522048.0,rank_episode_iii_revenge_of_the_sith,6.0,Episode III: Revenge of the Sith,revenge_of_the_sith,3,1
3289512650.0,rank_episode_iii_revenge_of_the_sith,,Episode III: Revenge of the Sith,revenge_of_the_sith,3,0
3289510637.0,rank_episode_iii_revenge_of_the_sith,6.0,Episode III: Revenge of the Sith,revenge_of_the_sith,3,1
3289510083.0,rank_episode_iii_revenge_of_the_sith,,Episode III: Revenge of the Sith,revenge_of_the_sith,3,0
3289508774.0,rank_episode_iii_revenge_of_the_sith,6.0,Episode III: Revenge of the Sith,revenge_of_the_sith,3,1
3289505557.0,rank_episode_iii_revenge_of_the_sith,4.0,Episode III: Revenge of the Sith,revenge_of_the_sith,3,1
3289498676.0,rank_episode_iii_revenge_of_the_sith,4.0,Episode III: Revenge of the Sith,revenge_of_the_sith,3,1
3289498263.0,rank_episode_iii_revenge_of_the_sith,4.0,Episode III: Revenge of the Sith,revenge_of_the_sith,3,1
3289498064.0,rank_episode_iii_revenge_of_the_sith,4.0,Episode III: Revenge of the Sith,revenge_of_the_sith,3,1
3289494245.0,rank_episode_iii_revenge_of_the_sith,,Episode III: Revenge of the Sith,revenge_of_the_sith,3,0
3289492759.0,rank_episode_iii_revenge_of_the_sith,,Episode III: Revenge of the Sith,revenge_of_the_sith,3,0
3289492075.0,rank_episode_iii_revenge_of_the_sith,5.0,Episode III: Revenge of the Sith,revenge_of_the_sith,3,1
3289489736.0,rank_episode_iii_revenge_of_the_sith,5.0,Episode III: Revenge of the Sith,revenge_of_the_sith,3,1
3289485680.0,rank_episode_iii_revenge_of_the_sith,,Episode III: Revenge of the Sith,revenge_of_the_sith,3,0
3289484757.0,rank_episode_iii_revenge_of_the_sith,5.0,Episode III: Revenge of the Sith,revenge_of_the_sith,3,1
3289481873.0,rank_episode_iii_revenge_of_the_sith,,Episode III: Revenge of the Sith,revenge_of_the_sith,3,0
3289481310.0,rank_episode_iii_revenge_of_the_sith,3.0,Episode III: Revenge of the Sith,revenge_of_the_sith,3,1
3289472648.0,rank_episode_iii_revenge_of_the_sith,2.0,Episode III: Revenge of the Sith,revenge_of_the_sith,3,1
3289469330.0,rank_episode_iii_revenge_of_the_sith,,Episode III: Revenge of the Sith,revenge_of_the_sith,3,0
3289467778.0,rank_episode_iii_revenge_of_the_sith,6.0,Episode III: Revenge of the Sith,revenge_of_the_sith,3,1
3289467324.0,rank_episode_iii_revenge_of_the_sith,3.0,Episode III: Revenge of the Sith,revenge_of_the_sith,3,1
3289463626.0,rank_episode_iii_revenge_of_the_sith,,Episode III: Revenge of the Sith,revenge_of_the_sith,3,0
3289463066.0,rank_episode_iii_revenge_of_the_sith,2.0,Episode III: Revenge of the Sith,revenge_of_the_sith,3,1
3289459695.0,rank_episode_iii_revenge_of_the_sith,,Episode III: Revenge of the Sith,revenge_of_the_sith,3,0
3289458608.0,rank_episode_iii_revenge_of_the_sith,4.0,Episode III: Revenge of the Sith,revenge_of_the_sith,3,1
3289453110.0,rank_episode_iii_revenge_of_the_sith,2.0,Episode III: Revenge of the Sith,revenge_of_the_sith,3,1
3289450247.0,rank_episode_iii_revenge_of_the_sith,2.0,Episode III: Revenge of the Sith,revenge_of_the_sith,3,1
3289450050.0,rank_episode_iii_revenge_of_the_sith,1.0,Episode III: Revenge of the Sith,revenge_of_the_sith,3,1
3289449176.0,rank_episode_iii_revenge_of_the_sith,6.0,Episode III: Revenge of the Sith,revenge_of_the_sith,3,1
3289448435.0,rank_episode_iii_revenge_of_the_sith,6.0,Episode III: Revenge of the Sith,revenge_of_the_sith,3,1
3289445841.0,rank_episode_iii_revenge_of_the_sith,3.0,Episode III: Revenge of the Sith,revenge_of_the_sith,3,1
3289437997.0,rank_episode_iii_revenge_of_the_sith,,Episode III: Revenge of the Sith,revenge_of_the_sith,3,0
3289436437.0,rank_episode_iii_revenge_of_the_sith,5.0,Episode III: Revenge of the Sith,revenge_of_the_sith,3,1
3289434297.0,rank_episode_iii_revenge_of_the_sith,4.0,Episode III: Revenge of the Sith,revenge_of_the_sith,3,1
3289425578.0,rank_episode_iii_revenge_of_the_sith,2.0,Episode III: Revenge of the Sith,revenge_of_the_sith,3,1
3289423303.0,rank_episode_iii_revenge_of_the_sith,4.0,Episode III: Revenge of the Sith,revenge_of_the_sith,3,1
3289419064.0,rank_episode_iii_revenge_of_the_sith,,Episode III: Revenge of the Sith,revenge_of_the_sith,3,0
3289418012.0,rank_episode_iii_revenge_of_the_sith,,Episode III: Revenge of the Sith,revenge_of_the_sith,3,0
3289416615.0,rank_episode_iii_revenge_of_the_sith,5.0,Episode III: Revenge of the Sith,revenge_of_the_sith,3,1
3289415200.0,rank_episode_iii_revenge_of_the_sith,,Episode III: Revenge of the Sith,revenge_of_the_sith,3,0
3289414959.0,rank_episode_iii_revenge_of_the_sith,4.0,Episode III: Revenge of the Sith,revenge_of_the_sith,3,1
3289414036.0,rank_episode_iii_revenge_of_the_sith,4.0,Episode III: Revenge of the Sith,revenge_of_the_sith,3,1
3289410507.0,rank_episode_iii_revenge_of_the_sith,4.0,Episode III: Revenge of the Sith,revenge_of_the_sith,3,1
3289410455.0,rank_episode_iii_revenge_of_the_sith,4.0,Episode III: Revenge of the Sith,revenge_of_the_sith,3,1
3289398157.0,rank_episode_iii_revenge_of_the_sith,3.0,Episode III: Revenge of the Sith,revenge_of_the_sith,3,1
3289394268.0,rank_episode_iii_revenge_of_the_sith,3.0,Episode III: Revenge of the Sith,revenge_of_the_sith,3,1
3289393495.0,rank_episode_iii_revenge_of_the_sith,5.0,Episode III: Revenge of the Sith,revenge_of_the_sith,3,1
3289392497.0,rank_episode_iii_revenge_of_the_sith,5.0,Episode III: Revenge of the Sith,revenge_of_the_sith,3,1
3289383220.0,rank_episode_iii_revenge_of_the_sith,5.0,Episode III: Revenge of the Sith,revenge_of_the_sith,3,1
3289381739.0,rank_episode_iii_revenge_of_the_sith,2.0,Episode III: Revenge of the Sith,revenge_of_the_sith,3,1
3289374653.0,rank_episode_iii_revenge_of_the_sith,,Episode III: Revenge of the Sith,revenge_of_the_sith,3,0
3289370623.0,rank_episode_iii_revenge_of_the_sith,6.0,Episode III: Revenge of the Sith,revenge_of_the_sith,3,1
3289369318.0,rank_episode_iii_revenge_of_the_sith,5.0,Episode III: Revenge of the Sith,revenge_of_the_sith,3,1
3289363684.0,rank_episode_iii_revenge_of_the_sith,3.0,Episode III: Revenge of the Sith,revenge_of_the_sith,3,1
3289358306.0,rank_episode_iii_revenge_of_the_sith,3.0,Episode III: Revenge of the Sith,revenge_of_the_sith,3,1
3289354975.0,rank_episode_iii_revenge_of_the_sith,4.0,Episode III: Revenge of the Sith,revenge_of_the_sith,3,1
3289351950.0,rank_episode_iii_revenge_of_the_sith,5.0,Episode III: Revenge of the Sith,revenge_of_the_sith,3,1
3289351379.0,rank_episode_iii_revenge_of_the_sith,6.0,Episode III: Revenge of the Sith,revenge_of_the_sith,3,1
3289341349.0,rank_episode_iii_revenge_of_the_sith,,Episode III: Revenge of the Sith,revenge_of_the_sith,3,0
3289334585.0,rank_episode_iii_revenge_of_the_sith,,Episode III: Revenge of the Sith,revenge_of_the_sith,3,0
3289334511.0,rank_episode_iii_revenge_of_the_sith,,Episode III: Revenge of the Sith,revenge_of_the_sith,3,0
3289322178.0,rank_episode_iii_revenge_of_the_sith,4.0,Episode III: Revenge of the Sith,revenge_of_the_sith,3,1
3289321600.0,rank_episode_iii_revenge_of_the_sith,3.0,Episode III: Revenge of the Sith,revenge_of_the_sith,3,1
3289317542.0,rank_episode_iii_revenge_of_the_sith,5.0,Episode III: Revenge of the Sith,revenge_of_the_sith,3,1
3289316592.0,rank_episode_iii_revenge_of_the_sith,,Episode III: Revenge of the Sith,revenge_of_the_sith,3,0
3289311086.0,rank_episode_iii_revenge_of_the_sith,2.0,Episode III: Revenge of the Sith,revenge_of_the_sith,3,1
3289305272.0,rank_episode_iii_revenge_of_the_sith,,Episode III: Revenge of the Sith,revenge_of_the_sith,3,0
3289302743.0,rank_episode_iii_revenge_of_the_sith,,Episode III: Revenge of the Sith,revenge_of_the_sith,3,0
3289301976.0,rank_episode_iii_revenge_of_the_sith,,Episode III: Revenge of the Sith,revenge_of_the_sith,3,0
3289282741.0,rank_episode_iii_revenge_of_the_sith,,Episode III: Revenge of the Sith,revenge_of_the_sith,3,0
3289281855.0,rank_episode_iii_revenge_of_the_sith,,Episode III: Revenge of the Sith,revenge_of_the_sith,3,0
3289279767.0,rank_episode_iii_revenge_of_the_sith,,Episode III: Revenge of the Sith,revenge_of_the_sith,3,0
3289274314.0,rank_episode_iii_revenge_of_the_sith,4.0,Episode III: Revenge of the Sith,revenge_of_the_sith,3,1
3289274207.0,rank_episode_iii_revenge_of_the_sith,,Episode III: Revenge of the Sith,revenge_of_the_sith,3,0
3289262699.0,rank_episode_iii_revenge_of_the_sith,6.0,Episode III: Revenge of the Sith,revenge_of_the_sith,3,1
3289262511.0,rank_episode_iii_revenge_of_the_sith,2.0,Episode III: Revenge of the Sith,revenge_of_the_sith,3,1
3289242777.0,rank_episode_iii_revenge_of_the_sith,,Episode III: Revenge of the Sith,revenge_of_the_sith,3,0
3289236782.0,rank_episode_iii_revenge_of_the_sith,2.0,Episode III: Revenge of the Sith,revenge_of_the_sith,3,1
3289198607.0,rank_episode_iii_revenge_of_the_sith,6.0,Episode III: Revenge of the Sith,revenge_of_the_sith,3,1
3289179421.0,rank_episode_iii_revenge_of_the_sith,,Episode III: Revenge of the Sith,revenge_of_the_sith,3,0
3289178815.0,rank_episode_iii_revenge_of_the_sith,,Episode III: Revenge of the Sith,revenge_of_the_sith,3,0
3289177383.0,rank_episode_iii_revenge_of_the_sith,5.0,Episode III: Revenge of the Sith,revenge_of_the_sith,3,1
3289172932.0,rank_episode_iii_revenge_of_the_sith,,Episode III: Revenge of the Sith,revenge_of_the_sith,3,0
3289156917.0,rank_episode_iii_revenge_of_the_sith,5.0,Episode III: Revenge of the Sith,revenge_of_the_sith,3,1
3289153001.0,rank_episode_iii_revenge_of_the_sith,3.0,Episode III: Revenge of the Sith,revenge_of_the_sith,3,1
3289148779.0,rank_episode_iii_revenge_of_the_sith,3.0,Episode III: Revenge of the Sith,revenge_of_the_sith,3,1
3289112999.0,rank_episode_iii_revenge_of_the_sith,6.0,Episode III: Revenge of the Sith,revenge_of_the_sith,3,1
3289095873.0,rank_episode_iii_revenge_of_the_sith,3.0,Episode III: Revenge of the Sith,revenge_of_the_sith,3,1
3289069642.0,rank_episode_iii_revenge_of_the_sith,6.0,Episode III: Revenge of the Sith,revenge_of_the_sith,3,1
3289064086.0,rank_episode_iii_revenge_of_the_sith,5.0,Episode III: Revenge of the Sith,revenge_of_the_sith,3,1
3289054324.0,rank_episode_iii_revenge_of_the_sith,5.0,Episode III: Revenge of the Sith,revenge_of_the_sith,3,1
3289049751.0,rank_episode_iii_revenge_of_the_sith,3.0,Episode III: Revenge of the Sith,revenge_of_the_sith,3,1
3289032654.0,rank_episode_iii_revenge_of_the_sith,,Episode III: Revenge of the Sith,revenge_of_the_sith,3,0
3288941294.0,rank_episode_iii_revenge_of_the_sith,4.0,Episode III: Revenge of the Sith,revenge_of_the_sith,3,1
3288846487.0,rank_episode_iii_revenge_of_the_sith,6.0,Episode III: Revenge of the Sith,revenge_of_the_sith,3,1
3288826742.0,rank_episode_iii_revenge_of_the_sith,,Episode III: Revenge of the Sith,revenge_of_the_sith,3,0
3288823234.0,rank_episode_iii_revenge_of_the_sith,,Episode III: Revenge of the Sith,revenge_of_the_sith,3,0
3288802482.0,rank_episode_iii_revenge_of_the_sith,6.0,Episode III: Revenge of the Sith,revenge_of_the_sith,3,1
3288793006.0,rank_episode_iii_revenge_of_the_sith,4.0,Episode III: Revenge of the Sith,revenge_of_the_sith,3,1
3288777560.0,rank_episode_iii_revenge_of_the_sith,4.0,Episode III: Revenge of the Sith,revenge_of_the_sith,3,1
3288772244.0,rank_episode_iii_revenge_of_the_sith,6.0,Episode III: Revenge of the Sith,revenge_of_the_sith,3,1
3288771826.0,rank_episode_iii_revenge_of_the_sith,4.0,Episode III: Revenge of the Sith,revenge_of_the_sith,3,1
3288750443.0,rank_episode_iii_revenge_of_the_sith,4.0,Episode III: Revenge of the Sith,revenge_of_the_sith,3,1
3288741236.0,rank_episode_iii_revenge_of_the_sith,1.0,Episode III: Revenge of the Sith,revenge_of_the_sith,3,1
3288740386.0,rank_episode_iii_revenge_of_the_sith,3.0,Episode III: Revenge of the Sith,revenge_of_the_sith,3,1
3288728912.0,rank_episode_iii_revenge_of_the_sith,6.0,Episode III: Revenge of the Sith,revenge_of_the_sith,3,1
3288723253.0,rank_episode_iii_revenge_of_the_sith,,Episode III: Revenge of the Sith,revenge_of_the_sith,3,0
3288722710.0,rank_episode_iii_revenge_of_the_sith,6.0,Episode III: Revenge of the Sith,revenge_of_the_sith,3,1
3288719090.0,rank_episode_iii_revenge_of_the_sith,6.0,Episode III: Revenge of the Sith,revenge_of_the_sith,3,1
3288718743.0,rank_episode_iii_revenge_of_the_sith,6.0,Episode III: Revenge of the Sith,revenge_of_the_sith,3,1
3288714827.0,rank_episode_iii_revenge_of_the_sith,6.0,Episode III: Revenge of the Sith,revenge_of_the_sith,3,1
3288714697.0,rank_episode_iii_revenge_of_the_sith,5.0,Episode III: Revenge of the Sith,revenge_of_the_sith,3,1
3288713721.0,rank_episode_iii_revenge_of_the_sith,6.0,Episode III: Revenge of the Sith,revenge_of_the_sith,3,1
3288713570.0,rank_episode_iii_revenge_of_the_sith,5.0,Episode III: Revenge of the Sith,revenge_of_the_sith,3,1
3288712832.0,rank_episode_iii_revenge_of_the_sith,3.0,Episode III: Revenge of the Sith,revenge_of_the_sith,3,1
3288704807.0,rank_episode_iii_revenge_of_the_sith,3.0,Episode III: Revenge of the Sith,revenge_of_the_sith,3,1
3288702291.0,rank_episode_iii_revenge_of_the_sith,5.0,Episode III: Revenge of the Sith,revenge_of_the_sith,3,1
3288700554.0,rank_episode_iii_revenge_of_the_sith,4.0,Episode III: Revenge of the Sith,revenge_of_the_sith,3,1
3288699973.0,rank_episode_iii_revenge_of_the_sith,,Episode III: Revenge of the Sith,revenge_of_the_sith,3,0
3288698545.0,rank_episode_iii_revenge_of_the_sith,,Episode III: Revenge of the Sith,revenge_of_the_sith,3,0
3288698085.0,rank_episode_iii_revenge_of_the_sith,3.0,Episode III: Revenge of the Sith,revenge_of_the_sith,3,1
3288697760.0,rank_episode_iii_revenge_of_the_sith,3.0,Episode III: Revenge of the Sith,revenge_of_the_sith,3,1
3288696158.0,rank_episode_iii_revenge_of_the_sith,,Episode III: Revenge of the Sith,revenge_of_the_sith,3,0
3288694272.0,rank_episode_iii_revenge_of_the_sith,,Episode III: Revenge of the Sith,revenge_of_the_sith,3,0
3288690295.0,rank_episode_iii_revenge_of_the_sith,6.0,Episode III: Revenge of the Sith,revenge_of_the_sith,3,1
3288689621.0,rank_episode_iii_revenge_of_the_sith,,Episode III: Revenge of the Sith,revenge_of_the_sith,3,0
3288687502.0,rank_episode_iii_revenge_of_the_sith,5.0,Episode III: Revenge of the Sith,revenge_of_the_sith,3,1
3288685641.0,rank_episode_iii_revenge_of_the_sith,6.0,Episode III: Revenge of the Sith,revenge_of_the_sith,3,1
3288683262.0,rank_episode_iii_revenge_of_the_sith,,Episode III: Revenge of the Sith,revenge_of_the_sith,3,0
3288683105.0,rank_episode_iii_revenge_of_the_sith,2.0,Episode III: Revenge of the Sith,revenge_of_the_sith,3,1
3288682774.0,rank_episode_iii_revenge_of_the_sith,,Episode III: Revenge of the Sith,revenge_of_the_sith,3,0
3288682656.0,rank_episode_iii_revenge_of_the_sith,3.0,Episode III: Revenge of the Sith,revenge_of_the_sith,3,1
3288678886.0,rank_episode_iii_revenge_of_the_sith,5.0,Episode III: Revenge of the Sith,revenge_of_the_sith,3,1
3288675923.0,rank_episode_iii_revenge_of_the_sith,4.0,Episode III: Revenge of the Sith,revenge_of_the_sith,3,1
3288672490.0,rank_episode_iii_revenge_of_the_sith,6.0,Episode III: Revenge of the Sith,revenge_of_the_sith,3,1
3288672409.0,rank_episode_iii_revenge_of_the_sith,6.0,Episode III: Revenge of the Sith,revenge_of_the_sith,3,1
3288672197.0,rank_episode_iii_revenge_of_the_sith,,Episode III: Revenge of the Sith,revenge_of_the_sith,3,0
3288671359.0,rank_episode_iii_revenge_of_the_sith,3.0,Episode III: Revenge of the Sith,revenge_of_the_sith,3,1
3288671328.0,rank_episode_iii_revenge_of_the_sith,2.0,Episode III: Revenge of the Sith,revenge_of_the_sith,3,1
3288670345.0,rank_episode_iii_revenge_of_the_sith,4.0,Episode III: Revenge of the Sith,revenge_of_the_sith,3,1
3288668791.0,rank_episode_iii_revenge_of_the_sith,5.0,Episode III: Revenge of the Sith,revenge_of_the_sith,3,1
3288668404.0,rank_episode_iii_revenge_of_the_sith,,Episode III: Revenge of the Sith,revenge_of_the_sith,3,0
3288668176.0,rank_episode_iii_revenge_of_the_sith,3.0,Episode III: Revenge of the Sith,revenge_of_the_sith,3,1
3288666429.0,rank_episode_iii_revenge_of_the_sith,,Episode III: Revenge of the Sith,revenge_of_the_sith,3,0
3288665797.0,rank_episode_iii_revenge_of_the_sith,,Episode III: Revenge of the Sith,revenge_of_the_sith,3,0
3288665355.0,rank_episode_iii_revenge_of_the_sith,,Episode III: Revenge of the Sith,revenge_of_the_sith,3,0
3288662617.0,rank_episode_iii_revenge_of_the_sith,,Episode III: Revenge of the Sith,revenge_of_the_sith,3,0
3288660175.0,rank_episode_iii_revenge_of_the_sith,4.0,Episode III: Revenge of the Sith,revenge_of_the_sith,3,1
3288657866.0,rank_episode_iii_revenge_of_the_sith,6.0,Episode III: Revenge of the Sith,revenge_of_the_sith,3,1
3288657113.0,rank_episode_iii_revenge_of_the_sith,6.0,Episode III: Revenge of the Sith,revenge_of_the_sith,3,1
3288653945.0,rank_episode_iii_revenge_of_the_sith,,Episode III: Revenge of the Sith,revenge_of_the_sith,3,0
3288653548.0,rank_episode_iii_revenge_of_the_sith,3.0,Episode III: Revenge of the Sith,revenge_of_the_sith,3,1
3288653332.0,rank_episode_iii_revenge_of_the_sith,,Episode III: Revenge of the Sith,revenge_of_the_sith,3,0
3288653149.0,rank_episode_iii_revenge_of_the_sith,2.0,Episode III: Revenge of the Sith,revenge_of_the_sith,3,1
3288650455.0,rank_episode_iii_revenge_of_the_sith,5.0,Episode III: Revenge of the Sith,revenge_of_the_sith,3,1
3288649171.0,rank_episode_iii_revenge_of_the_sith,,Episode III: Revenge of the Sith,revenge_of_the_sith,3,0
3288647913.0,rank_episode_iii_revenge_of_the_sith,5.0,Episode III: Revenge of the Sith,revenge_of_the_sith,3,1
3288647623.0,rank_episode_iii_revenge_of_the_sith,6.0,Episode III: Revenge of the Sith,revenge_of_the_sith,3,1
3288644592.0,rank_episode_iii_revenge_of_the_sith,4.0,Episode III: Revenge of the Sith,revenge_of_the_sith,3,1
3288644163.0,rank_episode_iii_revenge_of_the_sith,1.0,Episode III: Revenge of the Sith,revenge_of_the_sith,3,1
3288641278.0,rank_episode_iii_revenge_of_the_sith,,Episode III: Revenge of the Sith,revenge_of_the_sith,3,0
3288639879.0,rank_episode_iii_revenge_of_the_sith,,Episode III: Revenge of the Sith,revenge_of_the_sith,3,0
3288639732.0,rank_episode_iii_revenge_of_the_sith,,Episode III: Revenge of the Sith,revenge_of_the_sith,3,0
3288639377.0,rank_episode_iii_revenge_of_the_sith,3.0,Episode III: Revenge of the Sith,revenge_of_the_sith,3,1
3288638640.0,rank_episode_iii_revenge_of_the_sith,,Episode III: Revenge of the Sith,revenge_of_the_sith,3,0
3288635451.0,rank_episode_iii_revenge_of_the_sith,3.0,Episode III: Revenge of the Sith,revenge_of_the_sith,3,1
3288633861.0,rank_episode_iii_revenge_of_the_sith,,Episode III: Revenge of the Sith,revenge_of_the_sith,3,0
3288629979.0,rank_episode_iii_revenge_of_the_sith,5.0,Episode III: Revenge of the Sith,revenge_of_the_sith,3,1
3288627180.0,rank_episode_iii_revenge_of_the_sith,,Episode III: Revenge of the Sith,revenge_of_the_sith,3,0
3288625580.0,rank_episode_iii_revenge_of_the_sith,5.0,Episode III: Revenge of the Sith,revenge_of_the_sith,3,1
3288623870.0,rank_episode_iii_revenge_of_the_sith,6.0,Episode III: Revenge of the Sith,revenge_of_the_sith,3,1
3288623420.0,rank_episode_iii_revenge_of_the_sith,,Episode III: Revenge of the Sith,revenge_of_the_sith,3,0
3288623033.0,rank_episode_iii_revenge_of_the_sith,4.0,Episode III: Revenge of the Sith,revenge_of_the_sith,3,1
3288620198.0,rank_episode_iii_revenge_of_the_sith,6.0,Episode III: Revenge of the Sith,revenge_of_the_sith,3,1
3288618459.0,rank_episode_iii_revenge_of_the_sith,5.0,Episode III: Revenge of the Sith,revenge_of_the_sith,3,1
3288617343.0,rank_episode_iii_revenge_of_the_sith,,Episode III: Revenge of the Sith,revenge_of_the_sith,3,0
3288617091.0,rank_episode_iii_revenge_of_the_sith,5.0,Episode III: Revenge of the Sith,revenge_of_the_sith,3,1
3288614671.0,rank_episode_iii_revenge_of_the_sith,6.0,Episode III: Revenge of the Sith,revenge_of_the_sith,3,1
3288614539.0,rank_episode_iii_revenge_of_the_sith,4.0,Episode III: Revenge of the Sith,revenge_of_the_sith,3,1
3288614195.0,rank_episode_iii_revenge_of_the_sith,4.0,Episode III: Revenge of the Sith,revenge_of_the_sith,3,1
3288613051.0,rank_episode_iii_revenge_of_the_sith,,Episode III: Revenge of the Sith,revenge_of_the_sith,3,0
3288609566.0,rank_episode_iii_revenge_of_the_sith,1.0,Episode III: Revenge of the Sith,revenge_of_the_sith,3,1
3288608965.0,rank_episode_iii_revenge_of_the_sith,,Episode III: Revenge of the Sith,revenge_of_the_sith,3,0
3288604946.0,rank_episode_iii_revenge_of_the_sith,1.0,Episode III: Revenge of the Sith,revenge_of_the_sith,3,1
3288602883.0,rank_episode_iii_revenge_of_the_sith,5.0,Episode III: Revenge of the Sith,revenge_of_the_sith,3,1
3288601847.0,rank_episode_iii_revenge_of_the_sith,3.0,Episode III: Revenge of the Sith,revenge_of_the_sith,3,1
3288601827.0,rank_episode_iii_revenge_of_the_sith,,Episode III: Revenge of the Sith,revenge_of_the_sith,3,0
3288599799.0,rank_episode_iii_revenge_of_the_sith,3.0,Episode III: Revenge of the Sith,revenge_of_the_sith,3,1
3288599067.0,rank_episode_iii_revenge_of_the_sith,6.0,Episode III: Revenge of the Sith,revenge_of_the_sith,3,1
3288593331.0,rank_episode_iii_revenge_of_the_sith,,Episode III: Revenge of the Sith,revenge_of_the_sith,3,0
3288590836.0,rank_episode_iii_revenge_of_the_sith,,Episode III: Revenge of the Sith,revenge_of_the_sith,3,0
3288588424.0,rank_episode_iii_revenge_of_the_sith,,Episode III: Revenge of the Sith,revenge_of_the_sith,3,0
3288587373.0,rank_episode_iii_revenge_of_the_sith,4.0,Episode III: Revenge of the Sith,revenge_of_the_sith,3,1
3288586178.0,rank_episode_iii_revenge_of_the_sith,6.0,Episode III: Revenge of the Sith,revenge_of_the_sith,3,1
3288585053.0,rank_episode_iii_revenge_of_the_sith,4.0,Episode III: Revenge of the Sith,revenge_of_the_sith,3,1
3288584578.0,rank_episode_iii_revenge_of_the_sith,4.0,Episode III: Revenge of the Sith,revenge_of_the_sith,3,1
3288583884.0,rank_episode_iii_revenge_of_the_sith,5.0,Episode III: Revenge of the Sith,revenge_of_the_sith,3,1
3288583591.0,rank_episode_iii_revenge_of_the_sith,,Episode III: Revenge of the Sith,revenge_of_the_sith,3,0
3288581774.0,rank_episode_iii_revenge_of_the_sith,,Episode III: Revenge of the Sith,revenge_of_the_sith,3,0
3288580684.0,rank_episode_iii_revenge_of_the_sith,,Episode III: Revenge of the Sith,revenge_of_the_sith,3,0
3288580145.0,rank_episode_iii_revenge_of_the_sith,,Episode III: Revenge of the Sith,revenge_of_the_sith,3,0
3288579719.0,rank_episode_iii_revenge_of_the_sith,,Episode III: Revenge of the Sith,revenge_of_the_sith,3,0
3288579445.0,rank_episode_iii_revenge_of_the_sith,,Episode III: Revenge of the Sith,revenge_of_the_sith,3,0
3288578983.0,rank_episode_iii_revenge_of_the_sith,3.0,Episode III: Revenge of the Sith,revenge_of_the_sith,3,1
3288578072.0,rank_episode_iii_revenge_of_the_sith,6.0,Episode III: Revenge of the Sith,revenge_of_the_sith,3,1
3288576462.0,rank_episode_iii_revenge_of_the_sith,5.0,Episode III: Revenge of the Sith,revenge_of_the_sith,3,1
3288574703.0,rank_episode_iii_revenge_of_the_sith,4.0,Episode III: Revenge of the Sith,revenge_of_the_sith,3,1
3288571196.0,rank_episode_iii_revenge_of_the_sith,4.0,Episode III: Revenge of the Sith,revenge_of_the_sith,3,1
3288568534.0,rank_episode_iii_revenge_of_the_sith,4.0,Episode III: Revenge of the Sith,revenge_of_the_sith,3,1
3288567242.0,rank_episode_iii_revenge_of_the_sith,6.0,Episode III: Revenge of the Sith,revenge_of_the_sith,3,1
3288567154.0,rank_episode_iii_revenge_of_the_sith,4.0,Episode III: Revenge of the Sith,revenge_of_the_sith,3,1
3288563970.0,rank_episode_iii_revenge_of_the_sith,,Episode III: Revenge of the Sith,revenge_of_the_sith,3,0
3288563342.0,rank_episode_iii_revenge_of_the_sith,,Episode III: Revenge of the Sith,revenge_of_the_sith,3,0
3288563065.0,rank_episode_iii_revenge_of_the_sith,6.0,Episode III: Revenge of the Sith,revenge_of_the_sith,3,1
3288559700.0,rank_episode_iii_revenge_of_the_sith,,Episode III: Revenge of the Sith,revenge_of_the_sith,3,0
3288559015.0,rank_episode_iii_revenge_of_the_sith,3.0,Episode III: Revenge of the Sith,revenge_of_the_sith,3,1
3288558131.0,rank_episode_iii_revenge_of_the_sith,6.0,Episode III: Revenge of the Sith,revenge_of_the_sith,3,1
3288557322.0,rank_episode_iii_revenge_of_the_sith,,Episode III: Revenge of the Sith,revenge_of_the_sith,3,0
3288553903.0,rank_episode_iii_revenge_of_the_sith,4.0,Episode III: Revenge of the Sith,revenge_of_the_sith,3,1
3288553457.0,rank_episode_iii_revenge_of_the_sith,,Episode III: Revenge of the Sith,revenge_of_the_sith,3,0
3288552984.0,rank_episode_iii_revenge_of_the_sith,2.0,Episode III: Revenge of the Sith,revenge_of_the_sith,3,1
3288551156.0,rank_episode_iii_revenge_of_the_sith,,Episode III: Revenge of the Sith,revenge_of_the_sith,3,0
3288549677.0,rank_episode_iii_revenge_of_the_sith,,Episode III: Revenge of the Sith,revenge_of_the_sith,3,0
3288547379.0,rank_episode_iii_revenge_of_the_sith,5.0,Episode III: Revenge of the Sith,revenge_of_the_sith,3,1
3288545527.0,rank_episode_iii_revenge_of_the_sith,5.0,Episode III: Revenge of the Sith,revenge_of_the_sith,3,1
3288544295.0,rank_episode_iii_revenge_of_the_sith,5.0,Episode III: Revenge of the Sith,revenge_of_the_sith,3,1
3288539645.0,rank_episode_iii_revenge_of_the_sith,,Episode III: Revenge of the Sith,revenge_of_the_sith,3,0
3288538248.0,rank_episode_iii_revenge_of_the_sith,6.0,Episode III: Revenge of the Sith,revenge_of_the_sith,3,1
3288536532.0,rank_episode_iii_revenge_of_the_sith,6.0,Episode III: Revenge of the Sith,revenge_of_the_sith,3,1
3288534023.0,rank_episode_iii_revenge_of_the_sith,4.0,Episode III: Revenge of the Sith,revenge_of_the_sith,3,1
3288532773.0,rank_episode_iii_revenge_of_the_sith,,Episode III: Revenge of the Sith,revenge_of_the_sith,3,0
3288532255.0,rank_episode_iii_revenge_of_the_sith,,Episode III: Revenge of the Sith,revenge_of_the_sith,3,0
3288526244.0,rank_episode_iii_revenge_of_the_sith,,Episode III: Revenge of the Sith,revenge_of_the_sith,3,0
3288524042.0,rank_episode_iii_revenge_of_the_sith,5.0,Episode III: Revenge of the Sith,revenge_of_the_sith,3,1
3288523874.0,rank_episode_iii_revenge_of_the_sith,4.0,Episode III: Revenge of the Sith,revenge_of_the_sith,3,1
3288522525.0,rank_episode_iii_revenge_of_the_sith,6.0,Episode III: Revenge of the Sith,revenge_of_the_sith,3,1
3288522488.0,rank_episode_iii_revenge_of_the_sith,4.0,Episode III: Revenge of the Sith,revenge_of_the_sith,3,1
3288521325.0,rank_episode_iii_revenge_of_the_sith,4.0,Episode III: Revenge of the Sith,revenge_of_the_sith,3,1
3288519037.0,rank_episode_iii_revenge_of_the_sith,5.0,Episode III: Revenge of the Sith,revenge_of_the_sith,3,1
3288516295.0,rank_episode_iii_revenge_of_the_sith,5.0,Episode III: Revenge of the Sith,revenge_of_the_sith,3,1
3288515773.0,rank_episode_iii_revenge_of_the_sith,6.0,Episode III: Revenge of the Sith,revenge_of_the_sith,3,1
3288514217.0,rank_episode_iii_revenge_of_the_sith,1.0,Episode III: Revenge of the Sith,revenge_of_the_sith,3,1
3288513045.0,rank_episode_iii_revenge_of_the_sith,,Episode III: Revenge of the Sith,revenge_of_the_sith,3,0
3288512822.0,rank_episode_iii_revenge_of_the_sith,5.0,Episode III: Revenge of the Sith,revenge_of_the_sith,3,1
3288512665.0,rank_episode_iii_revenge_of_the_sith,4.0,Episode III: Revenge of the Sith,revenge_of_the_sith,3,1
3288512020.0,rank_episode_iii_revenge_of_the_sith,,Episode III: Revenge of the Sith,revenge_of_the_sith,3,0
3288511686.0,rank_episode_iii_revenge_of_the_sith,,Episode III: Revenge of the Sith,revenge_of_the_sith,3,0
3288511180.0,rank_episode_iii_revenge_of_the_sith,3.0,Episode III: Revenge of the Sith,revenge_of_the_sith,3,1
3288509415.0,rank_episode_iii_revenge_of_the_sith,4.0,Episode III: Revenge of the Sith,revenge_of_the_sith,3,1
3288506275.0,rank_episode_iii_revenge_of_the_sith,6.0,Episode III: Revenge of the Sith,revenge_of_the_sith,3,1
3288505925.0,rank_episode_iii_revenge_of_the_sith,5.0,Episode III: Revenge of the Sith,revenge_of_the_sith,3,1
3288505737.0,rank_episode_iii_revenge_of_the_sith,3.0,Episode III: Revenge of the Sith,revenge_of_the_sith,3,1
3288505216.0,rank_episode_iii_revenge_of_the_sith,,Episode III: Revenge of the Sith,revenge_of_the_sith,3,0
3288505151.0,rank_episode_iii_revenge_of_the_sith,,Episode III: Revenge of the Sith,revenge_of_the_sith,3,0
3288504398.0,rank_episode_iii_revenge_of_the_sith,3.0,Episode III: Revenge of the Sith,revenge_of_the_sith,3,1
3288502884.0,rank_episode_iii_revenge_of_the_sith,6.0,Episode III: Revenge of the Sith,revenge_of_the_sith,3,1
3288501301.0,rank_episode_iii_revenge_of_the_sith,1.0,Episode III: Revenge of the Sith,revenge_of_the_sith,3,1
3288499757.0,rank_episode_iii_revenge_of_the_sith,,Episode III: Revenge of the Sith,revenge_of_the_sith,3,0
3288498715.0,rank_episode_iii_revenge_of_the_sith,5.0,Episode III: Revenge of the Sith,revenge_of_the_sith,3,1
3288497532.0,rank_episode_iii_revenge_of_the_sith,,Episode III: Revenge of the Sith,revenge_of_the_sith,3,0
3288497228.0,rank_episode_iii_revenge_of_the_sith,6.0,Episode III: Revenge of the Sith,revenge_of_the_sith,3,1
3288497010.0,rank_episode_iii_revenge_of_the_sith,,Episode III: Revenge of the Sith,revenge_of_the_sith,3,0
3288493077.0,rank_episode_iii_revenge_of_the_sith,3.0,Episode III: Revenge of the Sith,revenge_of_the_sith,3,1
3288492006.0,rank_episode_iii_revenge_of_the_sith,5.0,Episode III: Revenge of the Sith,revenge_of_the_sith,3,1
3288484535.0,rank_episode_iii_revenge_of_the_sith,5.0,Episode III: Revenge of the Sith,revenge_of_the_sith,3,1
3288482717.0,rank_episode_iii_revenge_of_the_sith,6.0,Episode III: Revenge of the Sith,revenge_of_the_sith,3,1
3288482581.0,rank_episode_iii_revenge_of_the_sith,4.0,Episode III: Revenge of the Sith,revenge_of_the_sith,3,1
3288482369.0,rank_episode_iii_revenge_of_the_sith,3.0,Episode III: Revenge of the Sith,revenge_of_the_sith,3,1
3288479368.0,rank_episode_iii_revenge_of_the_sith,6.0,Episode III: Revenge of the Sith,revenge_of_the_sith,3,1
3288479074.0,rank_episode_iii_revenge_of_the_sith,,Episode III: Revenge of the Sith,revenge_of_the_sith,3,0
3288477753.0,rank_episode_iii_revenge_of_the_sith,2.0,Episode III: Revenge of the Sith,revenge_of_the_sith,3,1
3288476971.0,rank_episode_iii_revenge_of_the_sith,5.0,Episode III: Revenge of the Sith,revenge_of_the_sith,3,1
3288472373.0,rank_episode_iii_revenge_of_the_sith,,Episode III: Revenge of the Sith,revenge_of_the_sith,3,0
3288471192.0,rank_episode_iii_revenge_of_the_sith,,Episode III: Revenge of the Sith,revenge_of_the_sith,3,0
3288469670.0,rank_episode_iii_revenge_of_the_sith,,Episode III: Revenge of the Sith,revenge_of_the_sith,3,0
3288469047.0,rank_episode_iii_revenge_of_the_sith,1.0,Episode III: Revenge of the Sith,revenge_of_the_sith,3,1
3288460192.0,rank_episode_iii_revenge_of_the_sith,,Episode III: Revenge of the Sith,revenge_of_the_sith,3,0
3288459190.0,rank_episode_iii_revenge_of_the_sith,5.0,Episode III: Revenge of the Sith,revenge_of_the_sith,3,1
3288458873.0,rank_episode_iii_revenge_of_the_sith,,Episode III: Revenge of the Sith,revenge_of_the_sith,3,0
3288456946.0,rank_episode_iii_revenge_of_the_sith,6.0,Episode III: Revenge of the Sith,revenge_of_the_sith,3,1
3288455900.0,rank_episode_iii_revenge_of_the_sith,,Episode III: Revenge of the Sith,revenge_of_the_sith,3,0
3288453555.0,rank_episode_iii_revenge_of_the_sith,3.0,Episode III: Revenge of the Sith,revenge_of_the_sith,3,1
3288446700.0,rank_episode_iii_revenge_of_the_sith,6.0,Episode III: Revenge of the Sith,revenge_of_the_sith,3,1
3288446529.0,rank_episode_iii_revenge_of_the_sith,3.0,Episode III: Revenge of the Sith,revenge_of_the_sith,3,1
3288445926.0,rank_episode_iii_revenge_of_the_sith,5.0,Episode III: Revenge of the Sith,revenge_of_the_sith,3,1
3288444784.0,rank_episode_iii_revenge_of_the_sith,4.0,Episode III: Revenge of the Sith,revenge_of_the_sith,3,1
3288442728.0,rank_episode_iii_revenge_of_the_sith,1.0,Episode III: Revenge of the Sith,revenge_of_the_sith,3,1
3288436226.0,rank_episode_iii_revenge_of_the_sith,,Episode III: Revenge of the Sith,revenge_of_the_sith,3,0
3288432395.0,rank_episode_iii_revenge_of_the_sith,,Episode III: Revenge of the Sith,revenge_of_the_sith,3,0
3288429451.0,rank_episode_iii_revenge_of_the_sith,4.0,Episode III: Revenge of the Sith,revenge_of_the_sith,3,1
3288429390.0,rank_episode_iii_revenge_of_the_sith,,Episode III: Revenge of the Sith,revenge_of_the_sith,3,0
3288429092.0,rank_episode_iii_revenge_of_the_sith,5.0,Episode III: Revenge of the Sith,revenge_of_the_sith,3,1
3288428243.0,rank_episode_iii_revenge_of_the_sith,6.0,Episode III: Revenge of the Sith,revenge_of_the_sith,3,1
3288425859.0,rank_episode_iii_revenge_of_the_sith,5.0,Episode III: Revenge of the Sith,revenge_of_the_sith,3,1
3288423088.0,rank_episode_iii_revenge_of_the_sith,,Episode III: Revenge of the Sith,revenge_of_the_sith,3,0
3288423045.0,rank_episode_iii_revenge_of_the_sith,4.0,Episode III: Revenge of the Sith,revenge_of_the_sith,3,1
3288421819.0,rank_episode_iii_revenge_of_the_sith,,Episode III: Revenge of the Sith,revenge_of_the_sith,3,0
3288420798.0,rank_episode_iii_revenge_of_the_sith,2.0,Episode III: Revenge of the Sith,revenge_of_the_sith,3,1
3288417782.0,rank_episode_iii_revenge_of_the_sith,5.0,Episode III: Revenge of the Sith,revenge_of_the_sith,3,1
3288417641.0,rank_episode_iii_revenge_of_the_sith,6.0,Episode III: Revenge of the Sith,revenge_of_the_sith,3,1
3288416959.0,rank_episode_iii_revenge_of_the_sith,2.0,Episode III: Revenge of the Sith,revenge_of_the_sith,3,1
3288415166.0,rank_episode_iii_revenge_of_the_sith,3.0,Episode III: Revenge of the Sith,revenge_of_the_sith,3,1
3288414025.0,rank_episode_iii_revenge_of_the_sith,4.0,Episode III: Revenge of the Sith,revenge_of_the_sith,3,1
3288413441.0,rank_episode_iii_revenge_of_the_sith,1.0,Episode III: Revenge of the Sith,revenge_of_the_sith,3,1
3288410348.0,rank_episode_iii_revenge_of_the_sith,5.0,Episode III: Revenge of the Sith,revenge_of_the_sith,3,1
3288410073.0,rank_episode_iii_revenge_of_the_sith,,Episode III: Revenge of the Sith,revenge_of_the_sith,3,0
3288408698.0,rank_episode_iii_revenge_of_the_sith,6.0,Episode III: Revenge of the Sith,revenge_of_the_sith,3,1
3288402717.0,rank_episode_iii_revenge_of_the_sith,,Episode III: Revenge of the Sith,revenge_of_the_sith,3,0
3288402643.0,rank_episode_iii_revenge_of_the_sith,1.0,Episode III: Revenge of the Sith,revenge_of_the_sith,3,1
3288402592.0,rank_episode_iii_revenge_of_the_sith,4.0,Episode III: Revenge of the Sith,revenge_of_the_sith,3,1
3288402511.0,rank_episode_iii_revenge_of_the_sith,6.0,Episode III: Revenge of the Sith,revenge_of_the_sith,3,1
3288401681.0,rank_episode_iii_revenge_of_the_sith,3.0,Episode III: Revenge of the Sith,revenge_of_the_sith,3,1
3288401136.0,rank_episode_iii_revenge_of_the_sith,4.0,Episode III: Revenge of the Sith,revenge_of_the_sith,3,1
3288398062.0,rank_episode_iii_revenge_of_the_sith,3.0,Episode III: Revenge of the Sith,revenge_of_the_sith,3,1
3288396374.0,rank_episode_iii_revenge_of_the_sith,3.0,Episode III: Revenge of the Sith,revenge_of_the_sith,3,1
3288395255.0,rank_episode_iii_revenge_of_the_sith,,Episode III: Revenge of the Sith,revenge_of_the_sith,3,0
3288391812.0,rank_episode_iii_revenge_of_the_sith,5.0,Episode III: Revenge of the Sith,revenge_of_the_sith,3,1
3288389603.0,rank_episode_iii_revenge_of_the_sith,5.0,Episode III: Revenge of the Sith,revenge_of_the_sith,3,1
3288388730.0,rank_episode_iii_revenge_of_the_sith,6.0,Episode III: Revenge of the Sith,revenge_of_the_sith,3,1
3288378779.0,rank_episode_iii_revenge_of_the_sith,6.0,Episode III: Revenge of the Sith,revenge_of_the_sith,3,1
3288375286.0,rank_episode_iii_revenge_of_the_sith,,Episode III: Revenge of the Sith,revenge_of_the_sith,3,0
3288373068.0,rank_episode_iii_revenge_of_the_sith,6.0,Episode III: Revenge of the Sith,revenge_of_the_sith,3,1
3288372923.0,rank_episode_iii_revenge_of_the_sith,2.0,Episode III: Revenge of the Sith,revenge_of_the_sith,3,1
3292879998.0,rank_episode_iv_a_new_hope,4.0,Episode IV: A New Hope,a_new_hope,4,1
3292879538.0,rank_episode_iv_a_new_hope,,Episode IV: A New Hope,a_new_hope,4,0
3292765271.0,rank_episode_iv_a_new_hope,4.0,Episode IV: A New Hope,a_new_hope,4,1
3292763116.0,rank_episode_iv_a_new_hope,2.0,Episode IV: A New Hope,a_new_hope,4,1
3292731220.0,rank_episode_iv_a_new_hope,2.0,Episode IV: A New Hope,a_new_hope,4,1
3292719380.0,rank_episode_iv_a_new_hope,6.0,Episode IV: A New Hope,a_new_hope,4,1
3292684787.0,rank_episode_iv_a_new_hope,3.0,Episode IV: A New Hope,a_new_hope,4,1
3292663732.0,rank_episode_iv_a_new_hope,3.0,Episode IV: A New Hope,a_new_hope,4,1
3292654043.0,rank_episode_iv_a_new_hope,2.0,Episode IV: A New Hope,a_new_hope,4,1
3292640424.0,rank_episode_iv_a_new_hope,4.0,Episode IV: A New Hope,a_new_hope,4,1
3292637870.0,rank_episode_iv_a_new_hope,,Episode IV: A New Hope,a_new_hope,4,0
3292635062.0,rank_episode_iv_a_new_hope,,Episode IV: A New Hope,a_new_hope,4,0
3292609214.0,rank_episode_iv_a_new_hope,6.0,Episode IV: A New Hope,a_new_hope,4,1
3292596911.0,rank_episode_iv_a_new_hope,2.0,Episode IV: A New Hope,a_new_hope,4,1
3292587240.0,rank_episode_iv_a_new_hope,3.0,Episode IV: A New Hope,a_new_hope,4,1
3292583038.0,rank_episode_iv_a_new_hope,3.0,Episode IV: A New Hope,a_new_hope,4,1
3292580516.0,rank_episode_iv_a_new_hope,3.0,Episode IV: A New Hope,a_new_hope,4,1
3292572872.0,rank_episode_iv_a_new_hope,4.0,Episode IV: A New Hope,a_new_hope,4,1
3292565282.0,rank_episode_iv_a_new_hope,3.0,Episode IV: A New Hope,a_new_hope,4,1
3292562297.0,rank_episode_iv_a_new_hope,4.0,Episode IV: A New Hope,a_new_hope,4,1
3292522349.0,rank_episode_iv_a_new_hope,1.0,Episode IV: A New Hope,a_new_hope,4,1
3292521066.0,rank_episode_iv_a_new_hope,1.0,Episode IV: A New Hope,a_new_hope,4,1
3292511801.0,rank_episode_iv_a_new_hope,3.0,Episode IV: A New Hope,a_new_hope,4,1
3292483200.0,rank_episode_iv_a_new_hope,2.0,Episode IV: A New Hope,a_new_hope,4,1
3292465491.0,rank_episode_iv_a_new_hope,3.0,Episode IV: A New Hope,a_new_hope,4,1
3292447974.0,rank_episode_iv_a_new_hope,,Episode IV: A New Hope,a_new_hope,4,0
3292420123.0,rank_episode_iv_a_new_hope,2.0,Episode IV: A New Hope,a_new_hope,4,1
3292384040.0,rank_episode_iv_a_new_hope,2.0,Episode IV: A New Hope,a_new_hope,4,1
3292380493.0,rank_episode_iv_a_new_hope,2.0,Episode IV: A New Hope,a_new_hope,4,1
3292376985.0,rank_episode_iv_a_new_hope,2.0,Episode IV: A New Hope,a_new_hope,4,1
3292366792.0,rank_episode_iv_a_new_hope,6.0,Episode IV: A New Hope,a_new_hope,4,1
3292339379.0,rank_episode_iv_a_new_hope,2.0,Episode IV: A New Hope,a_new_hope,4,1
3292330840.0,rank_episode_iv_a_new_hope,3.0,Episode IV: A New Hope,a_new_hope,4,1
3292318652.0,rank_episode_iv_a_new_hope,3.0,Episode IV: A New Hope,a_new_hope,4,1
3292297848.0,rank_episode_iv_a_new_hope,,Episode IV: A New Hope,a_new_hope,4,0
3292290677.0,rank_episode_iv_a_new_hope,1.0,Episode IV: A New Hope,a_new_hope,4,1
3292281095.0,rank_episode_iv_a_new_hope,4.0,Episode IV: A New Hope,a_new_hope,4,1
3292279889.0,rank_episode_iv_a_new_hope,1.0,Episode IV: A New Hope,a_new_hope,4,1
3292264069.0,rank_episode_iv_a_new_hope,1.0,Episode IV: A New Hope,a_new_hope,4,1
3292257520.0,rank_episode_iv_a_new_hope,3.0,Episode IV: A New Hope,a_new_hope,4,1
3292249492.0,rank_episode_iv_a_new_hope,3.0,Episode IV: A New Hope,a_new_hope,4,1
3292222729.0,rank_episode_iv_a_new_hope,2.0,Episode IV: A New Hope,a_new_hope,4,1
3292221635.0,rank_episode_iv_a_new_hope,2.0,Episode IV: A New Hope,a_new_hope,4,1
3292218251.0,rank_episode_iv_a_new_hope,2.0,Episode IV: A New Hope,a_new_hope,4,1
3292214307.0,rank_episode_iv_a_new_hope,3.0,Episode IV: A New Hope,a_new_hope,4,1
3292210606.0,rank_episode_iv_a_new_hope,2.0,Episode IV: A New Hope,a_new_hope,4,1
3292202220.0,rank_episode_iv_a_new_hope,,Episode IV: A New Hope,a_new_hope,4,0
3292189580.0,rank_episode_iv_a_new_hope,3.0,Episode IV: A New Hope,a_new_hope,4,1
3292187343.0,rank_episode_iv_a_new_hope,1.0,Episode IV: A New Hope,a_new_hope,4,1
3292186608.0,rank_episode_iv_a_new_hope,,Episode IV: A New Hope,a_new_hope,4,0
3292178389.0,rank_episode_iv_a_new_hope,3.0,Episode IV: A New Hope,a_new_hope,4,1
3292176862.0,rank_episode_iv_a_new_hope,3.0,Episode IV: A New Hope,a_new_hope,4,1
3292173922.0,rank_episode_iv_a_new_hope,6.0,Episode IV: A New Hope,a_new_hope,4,1
3292167131.0,rank_episode_iv_a_new_hope,2.0,Episode IV: A New Hope,a_new_hope,4,1
3292162057.0,rank_episode_iv_a_new_hope,2.0,Episode IV: A New Hope,a_new_hope,4,1
3292161407.0,rank_episode_iv_a_new_hope,,Episode IV: A New Hope,a_new_hope,4,0
3292156614.0,rank_episode_iv_a_new_hope,2.0,Episode IV: A New Hope,a_new_hope,4,1
3292148570.0,rank_episode_iv_a_new_hope,3.0,Episode IV: A New Hope,a_new_hope,4,1
3292144665.0,rank_episode_iv_a_new_hope,3.0,Episode IV: A New Hope,a_new_hope,4,1
3292143503.0,rank_episode_iv_a_new_hope,1.0,Episode IV: A New Hope,a_new_hope,4,1
3292131636.0,rank_episode_iv_a_new_hope,3.0,Episode IV: A New Hope,a_new_hope,4,1
3292125068.0,rank_episode_iv_a_new_hope,4.0,Episode IV: A New Hope,a_new_hope,4,1
3292120160.0,rank_episode_iv_a_new_hope,2.0,Episode IV: A New Hope,a_new_hope,4,1
3292103680.0,rank_episode_iv_a_new_hope,2.0,Episode IV: A New Hope,a_new_hope,4,1
3292050153.0,rank_episode_iv_a_new_hope,4.0,Episode IV: A New Hope,a_new_hope,4,1
3292041365.0,rank_episode_iv_a_new_hope,2.0,Episode IV: A New Hope,a_new_hope,4,1
3292033243.0,rank_episode_iv_a_new_hope,3.0,Episode IV: A New Hope,a_new_hope,4,1
3292031637.0,rank_episode_iv_a_new_hope,4.0,Episode IV: A New Hope,a_new_hope,4,1
3292008762.0,rank_episode_iv_a_new_hope,2.0,Episode IV: A New Hope,a_new_hope,4,1
3291992352.0,rank_episode_iv_a_new_hope,6.0,Episode IV: A New Hope,a_new_hope,4,1
3291945498.0,rank_episode_iv_a_new_hope,2.0,Episode IV: A New Hope,a_new_hope,4,1
3291940517.0,rank_episode_iv_a_new_hope,3.0,Episode IV: A New Hope,a_new_hope,4,1
3291871486.0,rank_episode_iv_a_new_hope,4.0,Episode IV: A New Hope,a_new_hope,4,1
3291778150.0,rank_episode_iv_a_new_hope,1.0,Episode IV: A New Hope,a_new_hope,4,1
3291766314.0,rank_episode_iv_a_new_hope,2.0,Episode IV: A New Hope,a_new_hope,4,1
3291762799.0,rank_episode_iv_a_new_hope,6.0,Episode IV: A New Hope,a_new_hope,4,1
3291707153.0,rank_episode_iv_a_new_hope,6.0,Episode IV: A New Hope,a_new_hope,4,1
3291701619.0,rank_episode_iv_a_new_hope,3.0,Episode IV: A New Hope,a_new_hope,4,1
3291696391.0,rank_episode_iv_a_new_hope,1.0,Episode IV: A New Hope,a_new_hope,4,1
3291684768.0,rank_episode_iv_a_new_hope,1.0,Episode IV: A New Hope,a_new_hope,4,1
3291669388.0,rank_episode_iv_a_new_hope,,Episode IV: A New Hope,a_new_hope,4,0
3291661584.0,rank_episode_iv_a_new_hope,3.0,Episode IV: A New Hope,a_new_hope,4,1
3291658046.0,rank_episode_iv_a_new_hope,1.0,Episode IV: A New Hope,a_new_hope,4,1
3291654919.0,rank_episode_iv_a_new_hope,2.0,Episode IV: A New Hope,a_new_hope,4,1
3291653882.0,rank_episode_iv_a_new_hope,,Episode IV: A New Hope,a_new_hope,4,0
3291650311.0,rank_episode_iv_a_new_hope,2.0,Episode IV: A New Hope,a_new_hope,4,1
3291649780.0,rank_episode_iv_a_new_hope,,Episode IV: A New Hope,a_new_hope,4,0
3291648660.0,rank_episode_iv_a_new_hope,,Episode IV: A New Hope,a_new_hope,4,0
3291641416.0,rank_episode_iv_a_new_hope,6.0,Episode IV: A New Hope,a_new_hope,4,1
3291635934.0,rank_episode_iv_a_new_hope,,Episode IV: A New Hope,a_new_hope,4,0
3291634205.0,rank_episode_iv_a_new_hope,2.0,Episode IV: A New Hope,a_new_hope,4,1
3291618031.0,rank_episode_iv_a_new_hope,1.0,Episode IV: A New Hope,a_new_hope,4,1
3291603688.0,rank_episode_iv_a_new_hope,,Episode IV: A New Hope,a_new_hope,4,0
3291602842.0,rank_episode_iv_a_new_hope,4.0,Episode IV: A New Hope,a_new_hope,4,1
3291598188.0,rank_episode_iv_a_new_hope,3.0,Episode IV: A New Hope,a_new_hope,4,1
3291588139.0,rank_episode_iv_a_new_hope,2.0,Episode IV: A New Hope,a_new_hope,4,1
3291570206.0,rank_episode_iv_a_new_hope,,Episode IV: A New Hope,a_new_hope,4,0
3291548852.0,rank_episode_iv_a_new_hope,1.0,Episode IV: A New Hope,a_new_hope,4,1
3291529925.0,rank_episode_iv_a_new_hope,2.0,Episode IV: A New Hope,a_new_hope,4,1
3291524547.0,rank_episode_iv_a_new_hope,4.0,Episode IV: A New Hope,a_new_hope,4,1
3291502449.0,rank_episode_iv_a_new_hope,5.0,Episode IV: A New Hope,a_new_hope,4,1
3291497337.0,rank_episode_iv_a_new_hope,1.0,Episode IV: A New Hope,a_new_hope,4,1
3291482197.0,rank_episode_iv_a_new_hope,6.0,Episode IV: A New Hope,a_new_hope,4,1
3291476650.0,rank_episode_iv_a_new_hope,,Episode IV: A New Hope,a_new_hope,4,0
3291470613.0,rank_episode_iv_a_new_hope,,Episode IV: A New Hope,a_new_hope,4,0
3291469991.0,rank_episode_iv_a_new_hope,,Episode IV: A New Hope,a_new_hope,4,0
3291468155.0,rank_episode_iv_a_new_hope,1.0,Episode IV: A New Hope,a_new_hope,4,1
3291461574.0,rank_episode_iv_a_new_hope,1.0,Episode IV: A New Hope,a_new_hope,4,1
3291455642.0,rank_episode_iv_a_new_hope,5.0,Episode IV: A New Hope,a_new_hope,4,1
3291446474.0,rank_episode_iv_a_new_hope,6.0,Episode IV: A New Hope,a_new_hope,4,1
3291446275.0,rank_episode_iv_a_new_hope,2.0,Episode IV: A New Hope,a_new_hope,4,1
3291439708.0,rank_episode_iv_a_new_hope,6.0,Episode IV: A New Hope,a_new_hope,4,1
3291439404.0,rank_episode_iv_a_new_hope,4.0,Episode IV: A New Hope,a_new_hope,4,1
3291437345.0,rank_episode_iv_a_new_hope,1.0,Episode IV: A New Hope,a_new_hope,4,1
3291435787.0,rank_episode_iv_a_new_hope,6.0,Episode IV: A New Hope,a_new_hope,4,1
3291435056.0,rank_episode_iv_a_new_hope,,Episode IV: A New Hope,a_new_hope,4,0
3291433636.0,rank_episode_iv_a_new_hope,6.0,Episode IV: A New Hope,a_new_hope,4,1
3291431939.0,rank_episode_iv_a_new_hope,1.0,Episode IV: A New Hope,a_new_hope,4,1
3291430239.0,rank_episode_iv_a_new_hope,,Episode IV: A New Hope,a_new_hope,4,0
3291430193.0,rank_episode_iv_a_new_hope,,Episode IV: A New Hope,a_new_hope,4,0
3291428174.0,rank_episode_iv_a_new_hope,6.0,Episode IV: A New Hope,a_new_hope,4,1
3291427761.0,rank_episode_iv_a_new_hope,,Episode IV: A New Hope,a_new_hope,4,0
3291425110.0,rank_episode_iv_a_new_hope,1.0,Episode IV: A New Hope,a_new_hope,4,1
3291424127.0,rank_episode_iv_a_new_hope,3.0,Episode IV: A New Hope,a_new_hope,4,1
3291424006.0,rank_episode_iv_a_new_hope,,Episode IV: A New Hope,a_new_hope,4,0
3291422637.0,rank_episode_iv_a_new_hope,2.0,Episode IV: A New Hope,a_new_hope,4,1
3291421381.0,rank_episode_iv_a_new_hope,,Episode IV: A New Hope,a_new_hope,4,0
3291420030.0,rank_episode_iv_a_new_hope,,Episode IV: A New Hope,a_new_hope,4,0
3291410155.0,rank_episode_iv_a_new_hope,,Episode IV: A New Hope,a_new_hope,4,0
3291405943.0,rank_episode_iv_a_new_hope,,Episode IV: A New Hope,a_new_hope,4,0
3291402264.0,rank_episode_iv_a_new_hope,,Episode IV: A New Hope,a_new_hope,4,0
3291401326.0,rank_episode_iv_a_new_hope,1.0,Episode IV: A New Hope,a_new_hope,4,1
3291395512.0,rank_episode_iv_a_new_hope,2.0,Episode IV: A New Hope,a_new_hope,4,1
3291394022.0,rank_episode_iv_a_new_hope,6.0,Episode IV: A New Hope,a_new_hope,4,1
3291391717.0,rank_episode_iv_a_new_hope,,Episode IV: A New Hope,a_new_hope,4,0
3291391446.0,rank_episode_iv_a_new_hope,3.0,Episode IV: A New Hope,a_new_hope,4,1
3291391033.0,rank_episode_iv_a_new_hope,,Episode IV: A New Hope,a_new_hope,4,0
3291390734.0,rank_episode_iv_a_new_hope,,Episode IV: A New Hope,a_new_hope,4,0
3291388906.0,rank_episode_iv_a_new_hope,,Episode IV: A New Hope,a_new_hope,4,0
3291388180.0,rank_episode_iv_a_new_hope,5.0,Episode IV: A New Hope,a_new_hope,4,1
3291380973.0,rank_episode_iv_a_new_hope,4.0,Episode IV: A New Hope,a_new_hope,4,1
3291378572.0,rank_episode_iv_a_new_hope,4.0,Episode IV: A New Hope,a_new_hope,4,1
3291375306.0,rank_episode_iv_a_new_hope,5.0,Episode IV: A New Hope,a_new_hope,4,1
3291364062.0,rank_episode_iv_a_new_hope,2.0,Episode IV: A New Hope,a_new_hope,4,1
3291345427.0,rank_episode_iv_a_new_hope,1.0,Episode IV: A New Hope,a_new_hope,4,1
3291341186.0,rank_episode_iv_a_new_hope,,Episode IV: A New Hope,a_new_hope,4,0
3291330710.0,rank_episode_iv_a_new_hope,2.0,Episode IV: A New Hope,a_new_hope,4,1
3291327304.0,rank_episode_iv_a_new_hope,5.0,Episode IV: A New Hope,a_new_hope,4,1
3291320154.0,rank_episode_iv_a_new_hope,2.0,Episode IV: A New Hope,a_new_hope,4,1
3291312980.0,rank_episode_iv_a_new_hope,5.0,Episode IV: A New Hope,a_new_hope,4,1
3291290675.0,rank_episode_iv_a_new_hope,,Episode IV: A New Hope,a_new_hope,4,0
3291288174.0,rank_episode_iv_a_new_hope,2.0,Episode IV: A New Hope,a_new_hope,4,1
3291271932.0,rank_episode_iv_a_new_hope,1.0,Episode IV: A New Hope,a_new_hope,4,1
3291267852.0,rank_episode_iv_a_new_hope,1.0,Episode IV: A New Hope,a_new_hope,4,1
3291262515.0,rank_episode_iv_a_new_hope,3.0,Episode IV: A New Hope,a_new_hope,4,1
3291233218.0,rank_episode_iv_a_new_hope,6.0,Episode IV: A New Hope,a_new_hope,4,1
3291206864.0,rank_episode_iv_a_new_hope,4.0,Episode IV: A New Hope,a_new_hope,4,1
3291203531.0,rank_episode_iv_a_new_hope,,Episode IV: A New Hope,a_new_hope,4,0
3291184745.0,rank_episode_iv_a_new_hope,2.0,Episode IV: A New Hope,a_new_hope,4,1
3291181010.0,rank_episode_iv_a_new_hope,3.0,Episode IV: A New Hope,a_new_hope,4,1
3291159863.0,rank_episode_iv_a_new_hope,3.0,Episode IV: A New Hope,a_new_hope,4,1
3291145258.0,rank_episode_iv_a_new_hope,5.0,Episode IV: A New Hope,a_new_hope,4,1
3291141478.0,rank_episode_iv_a_new_hope,6.0,Episode IV: A New Hope,a_new_hope,4,1
3291139156.0,rank_episode_iv_a_new_hope,1.0,Episode IV: A New Hope,a_new_hope,4,1
3291121359.0,rank_episode_iv_a_new_hope,4.0,Episode IV: A New Hope,a_new_hope,4,1
3291119656.0,rank_episode_iv_a_new_hope,4.0,Episode IV: A New Hope,a_new_hope,4,1
3291101925.0,rank_episode_iv_a_new_hope,5.0,Episode IV: A New Hope,a_new_hope,4,1
3291094347.0,rank_episode_iv_a_new_hope,5.0,Episode IV: A New Hope,a_new_hope,4,1
3291092094.0,rank_episode_iv_a_new_hope,3.0,Episode IV: A New Hope,a_new_hope,4,1
3291077381.0,rank_episode_iv_a_new_hope,2.0,Episode IV: A New Hope,a_new_hope,4,1
3291075212.0,rank_episode_iv_a_new_hope,2.0,Episode IV: A New Hope,a_new_hope,4,1
3291064417.0,rank_episode_iv_a_new_hope,,Episode IV: A New Hope,a_new_hope,4,0
3291063226.0,rank_episode_iv_a_new_hope,1.0,Episode IV: A New Hope,a_new_hope,4,1
3291060156.0,rank_episode_iv_a_new_hope,1.0,Episode IV: A New Hope,a_new_hope,4,1
3291056296.0,rank_episode_iv_a_new_hope,1.0,Episode IV: A New Hope,a_new_hope,4,1
3291052728.0,rank_episode_iv_a_new_hope,1.0,Episode IV: A New Hope,a_new_hope,4,1
3291051343.0,rank_episode_iv_a_new_hope,2.0,Episode IV: A New Hope,a_new_hope,4,1
3291045360.0,rank_episode_iv_a_new_hope,1.0,Episode IV: A New Hope,a_new_hope,4,1
3291043176.0,rank_episode_iv_a_new_hope,1.0,Episode IV: A New Hope,a_new_hope,4,1
3291042516.0,rank_episode_iv_a_new_hope,6.0,Episode IV: A New Hope,a_new_hope,4,1
3291037640.0,rank_episode_iv_a_new_hope,,Episode IV: A New Hope,a_new_hope,4,0
3291034202.0,rank_episode_iv_a_new_hope,2.0,Episode IV: A New Hope,a_new_hope,4,1
3291033668.0,rank_episode_iv_a_new_hope,,Episode IV: A New Hope,a_new_hope,4,0
3291032418.0,rank_episode_iv_a_new_hope,1.0,Episode IV: A New Hope,a_new_hope,4,1
3291029281.0,rank_episode_iv_a_new_hope,,Episode IV: A New Hope,a_new_hope,4,0
3291028446.0,rank_episode_iv_a_new_hope,2.0,Episode IV: A New Hope,a_new_hope,4,1
3291024297.0,rank_episode_iv_a_new_hope,2.0,Episode IV: A New Hope,a_new_hope,4,1
3291023456.0,rank_episode_iv_a_new_hope,4.0,Episode IV: A New Hope,a_new_hope,4,1
3291022655.0,rank_episode_iv_a_new_hope,5.0,Episode IV: A New Hope,a_new_hope,4,1
3291022275.0,rank_episode_iv_a_new_hope,,Episode IV: A New Hope,a_new_hope,4,0
3291022013.0,rank_episode_iv_a_new_hope,,Episode IV: A New Hope,a_new_hope,4,0
3291019033.0,rank_episode_iv_a_new_hope,3.0,Episode IV: A New Hope,a_new_hope,4,1
3291018581.0,rank_episode_iv_a_new_hope,,Episode IV: A New Hope,a_new_hope,4,0
3291015347.0,rank_episode_iv_a_new_hope,,Episode IV: A New Hope,a_new_hope,4,0
3291014757.0,rank_episode_iv_a_new_hope,5.0,Episode IV: A New Hope,a_new_hope,4,1
3291009055.0,rank_episode_iv_a_new_hope,,Episode IV: A New Hope,a_new_hope,4,0
3291007877.0,rank_episode_iv_a_new_hope,1.0,Episode IV: A New Hope,a_new_hope,4,1
3291006540.0,rank_episode_iv_a_new_hope,,Episode IV: A New Hope,a_new_hope,4,0
3291002672.0,rank_episode_iv_a_new_hope,2.0,Episode IV: A New Hope,a_new_hope,4,1
3291001879.0,rank_episode_iv_a_new_hope,,Episode IV: A New Hope,a_new_hope,4,0
3290999912.0,rank_episode_iv_a_new_hope,5.0,Episode IV: A New Hope,a_new_hope,4,1
3290998457.0,rank_episode_iv_a_new_hope,,Episode IV: A New Hope,a_new_hope,4,0
3290996933.0,rank_episode_iv_a_new_hope,2.0,Episode IV: A New Hope,a_new_hope,4,1
3290994001.0,rank_episode_iv_a_new_hope,1.0,Episode IV: A New Hope,a_new_hope,4,1
3290992477.0,rank_episode_iv_a_new_hope,2.0,Episode IV: A New Hope,a_new_hope,4,1
3290992371.0,rank_episode_iv_a_new_hope,,Episode IV: A New Hope,a_new_hope,4,0
3290987996.0,rank_episode_iv_a_new_hope,3.0,Episode IV: A New Hope,a_new_hope,4,1
3290984063.0,rank_episode_iv_a_new_hope,5.0,Episode IV: A New Hope,a_new_hope,4,1
3290980789.0,rank_episode_iv_a_new_hope,,Episode IV: A New Hope,a_new_hope,4,0
3290977827.0,rank_episode_iv_a_new_hope,6.0,Episode IV: A New Hope,a_new_hope,4,1
3290976539.0,rank_episode_iv_a_new_hope,,Episode IV: A New Hope,a_new_hope,4,0
3290975724.0,rank_episode_iv_a_new_hope,4.0,Episode IV: A New Hope,a_new_hope,4,1
3290973695.0,rank_episode_iv_a_new_hope,2.0,Episode IV: A New Hope,a_new_hope,4,1
3290973177.0,rank_episode_iv_a_new_hope,,Episode IV: A New Hope,a_new_hope,4,0
3290973120.0,rank_episode_iv_a_new_hope,,Episode IV: A New Hope,a_new_hope,4,0
3290972257.0,rank_episode_iv_a_new_hope,1.0,Episode IV: A New Hope,a_new_hope,4,1
3290971794.0,rank_episode_iv_a_new_hope,3.0,Episode IV: A New Hope,a_new_hope,4,1
3290971358.0,rank_episode_iv_a_new_hope,4.0,Episode IV: A New Hope,a_new_hope,4,1
3290965482.0,rank_episode_iv_a_new_hope,,Episode IV: A New Hope,a_new_hope,4,0
3290961855.0,rank_episode_iv_a_new_hope,,Episode IV: A New Hope,a_new_hope,4,0
3290961497.0,rank_episode_iv_a_new_hope,2.0,Episode IV: A New Hope,a_new_hope,4,1
3290953060.0,rank_episode_iv_a_new_hope,,Episode IV: A New Hope,a_new_hope,4,0
3290949606.0,rank_episode_iv_a_new_hope,,Episode IV: A New Hope,a_new_hope,4,0
3290948002.0,rank_episode_iv_a_new_hope,6.0,Episode IV: A New Hope,a_new_hope,4,1
3290947136.0,rank_episode_iv_a_new_hope,5.0,Episode IV: A New Hope,a_new_hope,4,1
3290947011.0,rank_episode_iv_a_new_hope,4.0,Episode IV: A New Hope,a_new_hope,4,1
3290946211.0,rank_episode_iv_a_new_hope,,Episode IV: A New Hope,a_new_hope,4,0
3290944858.0,rank_episode_iv_a_new_hope,4.0,Episode IV: A New Hope,a_new_hope,4,1
3290944288.0,rank_episode_iv_a_new_hope,3.0,Episode IV: A New Hope,a_new_hope,4,1
3290941824.0,rank_episode_iv_a_new_hope,3.0,Episode IV: A New Hope,a_new_hope,4,1
3290939696.0,rank_episode_iv_a_new_hope,,Episode IV: A New Hope,a_new_hope,4,0
3290934328.0,rank_episode_iv_a_new_hope,3.0,Episode IV: A New Hope,a_new_hope,4,1
3290929229.0,rank_episode_iv_a_new_hope,1.0,Episode IV: A New Hope,a_new_hope,4,1
3290927126.0,rank_episode_iv_a_new_hope,,Episode IV: A New Hope,a_new_hope,4,0
3290926407.0,rank_episode_iv_a_new_hope,,Episode IV: A New Hope,a_new_hope,4,0
3290922858.0,rank_episode_iv_a_new_hope,1.0,Episode IV: A New Hope,a_new_hope,4,1
3290920752.0,rank_episode_iv_a_new_hope,4.0,Episode IV: A New Hope,a_new_hope,4,1
3290919823.0,rank_episode_iv_a_new_hope,3.0,Episode IV: A New Hope,a_new_hope,4,1
3290919419.0,rank_episode_iv_a_new_hope,2.0,Episode IV: A New Hope,a_new_hope,4,1
3290917153.0,rank_episode_iv_a_new_hope,2.0,Episode IV: A New Hope,a_new_hope,4,1
3290917131.0,rank_episode_iv_a_new_hope,1.0,Episode IV: A New Hope,a_new_hope,4,1
3290916554.0,rank_episode_iv_a_new_hope,2.0,Episode IV: A New Hope,a_new_hope,4,1
3290915885.0,rank_episode_iv_a_new_hope,1.0,Episode IV: A New Hope,a_new_hope,4,1
3290912485.0,rank_episode_iv_a_new_hope,,Episode IV: A New Hope,a_new_hope,4,0
3290912014.0,rank_episode_iv_a_new_hope,1.0,Episode IV: A New Hope,a_new_hope,4,1
3290910069.0,rank_episode_iv_a_new_hope,6.0,Episode IV: A New Hope,a_new_hope,4,1
3290906086.0,rank_episode_iv_a_new_hope,2.0,Episode IV: A New Hope,a_new_hope,4,1
3290906022.0,rank_episode_iv_a_new_hope,2.0,Episode IV: A New Hope,a_new_hope,4,1
3290903423.0,rank_episode_iv_a_new_hope,6.0,Episode IV: A New Hope,a_new_hope,4,1
3290902880.0,rank_episode_iv_a_new_hope,1.0,Episode IV: A New Hope,a_new_hope,4,1
3290901027.0,rank_episode_iv_a_new_hope,2.0,Episode IV: A New Hope,a_new_hope,4,1
3290896982.0,rank_episode_iv_a_new_hope,,Episode IV: A New Hope,a_new_hope,4,0
3290893301.0,rank_episode_iv_a_new_hope,,Episode IV: A New Hope,a_new_hope,4,0
3290889443.0,rank_episode_iv_a_new_hope,4.0,Episode IV: A New Hope,a_new_hope,4,1
3290888715.0,rank_episode_iv_a_new_hope,,Episode IV: A New Hope,a_new_hope,4,0
3290888303.0,rank_episode_iv_a_new_hope,2.0,Episode IV: A New Hope,a_new_hope,4,1
3290888102.0,rank_episode_iv_a_new_hope,1.0,Episode IV: A New Hope,a_new_hope,4,1
3290888079.0,rank_episode_iv_a_new_hope,5.0,Episode IV: A New Hope,a_new_hope,4,1
3290884427.0,rank_episode_iv_a_new_hope,6.0,Episode IV: A New Hope,a_new_hope,4,1
3290881566.0,rank_episode_iv_a_new_hope,1.0,Episode IV: A New Hope,a_new_hope,4,1
3290879019.0,rank_episode_iv_a_new_hope,1.0,Episode IV: A New Hope,a_new_hope,4,1
3290878766.0,rank_episode_iv_a_new_hope,1.0,Episode IV: A New Hope,a_new_hope,4,1
3290874545.0,rank_episode_iv_a_new_hope,,Episode IV: A New Hope,a_new_hope,4,0
3290873342.0,rank_episode_iv_a_new_hope,4.0,Episode IV: A New Hope,a_new_hope,4,1
3290871307.0,rank_episode_iv_a_new_hope,1.0,Episode IV: A New Hope,a_new_hope,4,1
3290869696.0,rank_episode_iv_a_new_hope,,Episode IV: A New Hope,a_new_hope,4,0
3290863729.0,rank_episode_iv_a_new_hope,4.0,Episode IV: A New Hope,a_new_hope,4,1
3290863193.0,rank_episode_iv_a_new_hope,1.0,Episode IV: A New Hope,a_new_hope,4,1
3290862050.0,rank_episode_iv_a_new_hope,,Episode IV: A New Hope,a_new_hope,4,0
3290860908.0,rank_episode_iv_a_new_hope,4.0,Episode IV: A New Hope,a_new_hope,4,1
3290860842.0,rank_episode_iv_a_new_hope,5.0,Episode IV: A New Hope,a_new_hope,4,1
3290860558.0,rank_episode_iv_a_new_hope,1.0,Episode IV: A New Hope,a_new_hope,4,1
3290858689.0,rank_episode_iv_a_new_hope,,Episode IV: A New Hope,a_new_hope,4,0
3290858543.0,rank_episode_iv_a_new_hope,2.0,Episode IV: A New Hope,a_new_hope,4,1
3290855818.0,rank_episode_iv_a_new_hope,1.0,Episode IV: A New Hope,a_new_hope,4,1
3290854802.0,rank_episode_iv_a_new_hope,3.0,Episode IV: A New Hope,a_new_hope,4,1
3290853559.0,rank_episode_iv_a_new_hope,5.0,Episode IV: A New Hope,a_new_hope,4,1
3290853267.0,rank_episode_iv_a_new_hope,,Episode IV: A New Hope,a_new_hope,4,0
3290852271.0,rank_episode_iv_a_new_hope,,Episode IV: A New Hope,a_new_hope,4,0
3290848617.0,rank_episode_iv_a_new_hope,3.0,Episode IV: A New Hope,a_new_hope,4,1
3290846848.0,rank_episode_iv_a_new_hope,4.0,Episode IV: A New Hope,a_new_hope,4,1
3290846769.0,rank_episode_iv_a_new_hope,5.0,Episode IV: A New Hope,a_new_hope,4,1
3290846466.0,rank_episode_iv_a_new_hope,2.0,Episode IV: A New Hope,a_new_hope,4,1
3290845752.0,rank_episode_iv_a_new_hope,1.0,Episode IV: A New Hope,a_new_hope,4,1
3290845367.0,rank_episode_iv_a_new_hope,1.0,Episode IV: A New Hope,a_new_hope,4,1
3290845046.0,rank_episode_iv_a_new_hope,2.0,Episode IV: A New Hope,a_new_hope,4,1
3290844577.0,rank_episode_iv_a_new_hope,,Episode IV: A New Hope,a_new_hope,4,0
3290841815.0,rank_episode_iv_a_new_hope,2.0,Episode IV: A New Hope,a_new_hope,4,1
3290840905.0,rank_episode_iv_a_new_hope,,Episode IV: A New Hope,a_new_hope,4,0
3290836653.0,rank_episode_iv_a_new_hope,5.0,Episode IV: A New Hope,a_new_hope,4,1
3290834007.0,rank_episode_iv_a_new_hope,4.0,Episode IV: A New Hope,a_new_hope,4,1
3290829888.0,rank_episode_iv_a_new_hope,1.0,Episode IV: A New Hope,a_new_hope,4,1
3290828902.0,rank_episode_iv_a_new_hope,,Episode IV: A New Hope,a_new_hope,4,0
3290824340.0,rank_episode_iv_a_new_hope,,Episode IV: A New Hope,a_new_hope,4,0
3290821620.0,rank_episode_iv_a_new_hope,6.0,Episode IV: A New Hope,a_new_hope,4,1
3290819415.0,rank_episode_iv_a_new_hope,6.0,Episode IV: A New Hope,a_new_hope,4,1
3290815080.0,rank_episode_iv_a_new_hope,,Episode IV: A New Hope,a_new_hope,4,0
3290812610.0,rank_episode_iv_a_new_hope,6.0,Episode IV: A New Hope,a_new_hope,4,1
3290810177.0,rank_episode_iv_a_new_hope,1.0,Episode IV: A New Hope,a_new_hope,4,1
3290810023.0,rank_episode_iv_a_new_hope,4.0,Episode IV: A New Hope,a_new_hope,4,1
3290807769.0,rank_episode_iv_a_new_hope,,Episode IV: A New Hope,a_new_hope,4,0
3290806200.0,rank_episode_iv_a_new_hope,3.0,Episode IV: A New Hope,a_new_hope,4,1
3290805125.0,rank_episode_iv_a_new_hope,4.0,Episode IV: A New Hope,a_new_hope,4,1
3290804128.0,rank_episode_iv_a_new_hope,,Episode IV: A New Hope,a_new_hope,4,0
3290804008.0,rank_episode_iv_a_new_hope,5.0,Episode IV: A New Hope,a_new_hope,4,1
3290799403.0,rank_episode_iv_a_new_hope,4.0,Episode IV: A New Hope,a_new_hope,4,1
3290798641.0,rank_episode_iv_a_new_hope,,Episode IV: A New Hope,a_new_hope,4,0
3290798064.0,rank_episode_iv_a_new_hope,6.0,Episode IV: A New Hope,a_new_hope,4,1
3290796650.0,rank_episode_iv_a_new_hope,6.0,Episode IV: A New Hope,a_new_hope,4,1
3290792507.0,rank_episode_iv_a_new_hope,3.0,Episode IV: A New Hope,a_new_hope,4,1
3290787286.0,rank_episode_iv_a_new_hope,3.0,Episode IV: A New Hope,a_new_hope,4,1
3290785928.0,rank_episode_iv_a_new_hope,6.0,Episode IV: A New Hope,a_new_hope,4,1
3290782952.0,rank_episode_iv_a_new_hope,,Episode IV: A New Hope,a_new_hope,4,0
3290781544.0,rank_episode_iv_a_new_hope,1.0,Episode IV: A New Hope,a_new_hope,4,1
3290781284.0,rank_episode_iv_a_new_hope,,Episode IV: A New Hope,a_new_hope,4,0
3290781039.0,rank_episode_iv_a_new_hope,6.0,Episode IV: A New Hope,a_new_hope,4,1
3290779524.0,rank_episode_iv_a_new_hope,6.0,Episode IV: A New Hope,a_new_hope,4,1
3290779140.0,rank_episode_iv_a_new_hope,5.0,Episode IV: A New Hope,a_new_hope,4,1
3290778828.0,rank_episode_iv_a_new_hope,5.0,Episode IV: A New Hope,a_new_hope,4,1
3290777129.0,rank_episode_iv_a_new_hope,,Episode IV: A New Hope,a_new_hope,4,0
3290773277.0,rank_episode_iv_a_new_hope,2.0,Episode IV: A New Hope,a_new_hope,4,1
3290769012.0,rank_episode_iv_a_new_hope,,Episode IV: A New Hope,a_new_hope,4,0
3290767951.0,rank_episode_iv_a_new_hope,,Episode IV: A New Hope,a_new_hope,4,0
3290767535.0,rank_episode_iv_a_new_hope,6.0,Episode IV: A New Hope,a_new_hope,4,1
3290765210.0,rank_episode_iv_a_new_hope,,Episode IV: A New Hope,a_new_hope,4,0
3290762924.0,rank_episode_iv_a_new_hope,5.0,Episode IV: A New Hope,a_new_hope,4,1
3290761823.0,rank_episode_iv_a_new_hope,,Episode IV: A New Hope,a_new_hope,4,0
3290760722.0,rank_episode_iv_a_new_hope,1.0,Episode IV: A New Hope,a_new_hope,4,1
3290759512.0,rank_episode_iv_a_new_hope,6.0,Episode IV: A New Hope,a_new_hope,4,1
3290758362.0,rank_episode_iv_a_new_hope,4.0,Episode IV: A New Hope,a_new_hope,4,1
3290757230.0,rank_episode_iv_a_new_hope,3.0,Episode IV: A New Hope,a_new_hope,4,1
3290756394.0,rank_episode_iv_a_new_hope,1.0,Episode IV: A New Hope,a_new_hope,4,1
3290755451.0,rank_episode_iv_a_new_hope,3.0,Episode IV: A New Hope,a_new_hope,4,1
3290753390.0,rank_episode_iv_a_new_hope,6.0,Episode IV: A New Hope,a_new_hope,4,1
3290749764.0,rank_episode_iv_a_new_hope,2.0,Episode IV: A New Hope,a_new_hope,4,1
3290749229.0,rank_episode_iv_a_new_hope,5.0,Episode IV: A New Hope,a_new_hope,4,1
3290746853.0,rank_episode_iv_a_new_hope,6.0,Episode IV: A New Hope,a_new_hope,4,1
3290744027.0,rank_episode_iv_a_new_hope,,Episode IV: A New Hope,a_new_hope,4,0
3290741994.0,rank_episode_iv_a_new_hope,1.0,Episode IV: A New Hope,a_new_hope,4,1
3290741405.0,rank_episode_iv_a_new_hope,3.0,Episode IV: A New Hope,a_new_hope,4,1
3290740448.0,rank_episode_iv_a_new_hope,1.0,Episode IV: A New Hope,a_new_hope,4,1
3290739967.0,rank_episode_iv_a_new_hope,5.0,Episode IV: A New Hope,a_new_hope,4,1
3290739235.0,rank_episode_iv_a_new_hope,6.0,Episode IV: A New Hope,a_new_hope,4,1
3290738262.0,rank_episode_iv_a_new_hope,,Episode IV: A New Hope,a_new_hope,4,0
3290737104.0,rank_episode_iv_a_new_hope,,Episode IV: A New Hope,a_new_hope,4,0
3290736072.0,rank_episode_iv_a_new_hope,3.0,Episode IV: A New Hope,a_new_hope,4,1
3290734874.0,rank_episode_iv_a_new_hope,1.0,Episode IV: A New Hope,a_new_hope,4,1
3290733932.0,rank_episode_iv_a_new_hope,4.0,Episode IV: A New Hope,a_new_hope,4,1
3290733316.0,rank_episode_iv_a_new_hope,5.0,Episode IV: A New Hope,a_new_hope,4,1
3290732383.0,rank_episode_iv_a_new_hope,3.0,Episode IV: A New Hope,a_new_hope,4,1
3290727763.0,rank_episode_iv_a_new_hope,4.0,Episode IV: A New Hope,a_new_hope,4,1
3290726075.0,rank_episode_iv_a_new_hope,3.0,Episode IV: A New Hope,a_new_hope,4,1
3290719847.0,rank_episode_iv_a_new_hope,,Episode IV: A New Hope,a_new_hope,4,0
3290718359.0,rank_episode_iv_a_new_hope,,Episode IV: A New Hope,a_new_hope,4,0
3290717899.0,rank_episode_iv_a_new_hope,6.0,Episode IV: A New Hope,a_new_hope,4,1
3290717372.0,rank_episode_iv_a_new_hope,,Episode IV: A New Hope,a_new_hope,4,0
3290714941.0,rank_episode_iv_a_new_hope,6.0,Episode IV: A New Hope,a_new_hope,4,1
3290714484.0,rank_episode_iv_a_new_hope,6.0,Episode IV: A New Hope,a_new_hope,4,1
3290714430.0,rank_episode_iv_a_new_hope,,Episode IV: A New Hope,a_new_hope,4,0
3290714378.0,rank_episode_iv_a_new_hope,1.0,Episode IV: A New Hope,a_new_hope,4,1
3290712204.0,rank_episode_iv_a_new_hope,6.0,Episode IV: A New Hope,a_new_hope,4,1
3290711898.0,rank_episode_iv_a_new_hope,,Episode IV: A New Hope,a_new_hope,4,0
3290711882.0,rank_episode_iv_a_new_hope,4.0,Episode IV: A New Hope,a_new_hope,4,1
3290711757.0,rank_episode_iv_a_new_hope,,Episode IV: A New Hope,a_new_hope,4,0
3290711487.0,rank_episode_iv_a_new_hope,6.0,Episode IV: A New Hope,a_new_hope,4,1
3290711262.0,rank_episode_iv_a_new_hope,4.0,Episode IV: A New Hope,a_new_hope,4,1
3290708664.0,rank_episode_iv_a_new_hope,4.0,Episode IV: A New Hope,a_new_hope,4,1
3290707402.0,rank_episode_iv_a_new_hope,,Episode IV: A New Hope,a_new_hope,4,0
3290706716.0,rank_episode_iv_a_new_hope,6.0,Episode IV: A New Hope,a_new_hope,4,1
3290706611.0,rank_episode_iv_a_new_hope,5.0,Episode IV: A New Hope,a_new_hope,4,1
3290703210.0,rank_episode_iv_a_new_hope,3.0,Episode IV: A New Hope,a_new_hope,4,1
3290701442.0,rank_episode_iv_a_new_hope,,Episode IV: A New Hope,a_new_hope,4,0
3290700285.0,rank_episode_iv_a_new_hope,5.0,Episode IV: A New Hope,a_new_hope,4,1
3290700214.0,rank_episode_iv_a_new_hope,4.0,Episode IV: A New Hope,a_new_hope,4,1
3290700030.0,rank_episode_iv_a_new_hope,2.0,Episode IV: A New Hope,a_new_hope,4,1
3290699410.0,rank_episode_iv_a_new_hope,5.0,Episode IV: A New Hope,a_new_hope,4,1
3290695784.0,rank_episode_iv_a_new_hope,1.0,Episode IV: A New Hope,a_new_hope,4,1
3290695316.0,rank_episode_iv_a_new_hope,,Episode IV: A New Hope,a_new_hope,4,0
3290694269.0,rank_episode_iv_a_new_hope,,Episode IV: A New Hope,a_new_hope,4,0
3290693095.0,rank_episode_iv_a_new_hope,,Episode IV: A New Hope,a_new_hope,4,0
3290692020.0,rank_episode_iv_a_new_hope,,Episode IV: A New Hope,a_new_hope,4,0
3290691758.0,rank_episode_iv_a_new_hope,4.0,Episode IV: A New Hope,a_new_hope,4,1
3290689343.0,rank_episode_iv_a_new_hope,4.0,Episode IV: A New Hope,a_new_hope,4,1
3290687981.0,rank_episode_iv_a_new_hope,2.0,Episode IV: A New Hope,a_new_hope,4,1
3290687830.0,rank_episode_iv_a_new_hope,4.0,Episode IV: A New Hope,a_new_hope,4,1
3290686887.0,rank_episode_iv_a_new_hope,,Episode IV: A New Hope,a_new_hope,4,0
3290686362.0,rank_episode_iv_a_new_hope,,Episode IV: A New Hope,a_new_hope,4,0
3290685885.0,rank_episode_iv_a_new_hope,,Episode IV: A New Hope,a_new_hope,4,0
3290684868.0,rank_episode_iv_a_new_hope,1.0,Episode IV: A New Hope,a_new_hope,4,1
3290684287.0,rank_episode_iv_a_new_hope,1.0,Episode IV: A New Hope,a_new_hope,4,1
3290681574.0,rank_episode_iv_a_new_hope,,Episode IV: A New Hope,a_new_hope,4,0
3290678952.0,rank_episode_iv_a_new_hope,6.0,Episode IV: A New Hope,a_new_hope,4,1
3290678515.0,rank_episode_iv_a_new_hope,1.0,Episode IV: A New Hope,a_new_hope,4,1
3290676695.0,rank_episode_iv_a_new_hope,6.0,Episode IV: A New Hope,a_new_hope,4,1
3290674534.0,rank_episode_iv_a_new_hope,,Episode IV: A New Hope,a_new_hope,4,0
3290667297.0,rank_episode_iv_a_new_hope,4.0,Episode IV: A New Hope,a_new_hope,4,1
3290664543.0,rank_episode_iv_a_new_hope,3.0,Episode IV: A New Hope,a_new_hope,4,1
3290664463.0,rank_episode_iv_a_new_hope,1.0,Episode IV: A New Hope,a_new_hope,4,1
3290664069.0,rank_episode_iv_a_new_hope,,Episode IV: A New Hope,a_new_hope,4,0
3290662118.0,rank_episode_iv_a_new_hope,2.0,Episode IV: A New Hope,a_new_hope,4,1
3290661650.0,rank_episode_iv_a_new_hope,1.0,Episode IV: A New Hope,a_new_hope,4,1
3290661587.0,rank_episode_iv_a_new_hope,,Episode IV: A New Hope,a_new_hope,4,0
3290661135.0,rank_episode_iv_a_new_hope,2.0,Episode IV: A New Hope,a_new_hope,4,1
3290659818.0,rank_episode_iv_a_new_hope,3.0,Episode IV: A New Hope,a_new_hope,4,1
3290659314.0,rank_episode_iv_a_new_hope,3.0,Episode IV: A New Hope,a_new_hope,4,1
3290655784.0,rank_episode_iv_a_new_hope,1.0,Episode IV: A New Hope,a_new_hope,4,1
3290654597.0,rank_episode_iv_a_new_hope,2.0,Episode IV: A New Hope,a_new_hope,4,1
3290652558.0,rank_episode_iv_a_new_hope,,Episode IV: A New Hope,a_new_hope,4,0
3290651085.0,rank_episode_iv_a_new_hope,,Episode IV: A New Hope,a_new_hope,4,0
3290650590.0,rank_episode_iv_a_new_hope,3.0,Episode IV: A New Hope,a_new_hope,4,1
3290644326.0,rank_episode_iv_a_new_hope,,Episode IV: A New Hope,a_new_hope,4,0
3290640323.0,rank_episode_iv_a_new_hope,3.0,Episode IV: A New Hope,a_new_hope,4,1
3290638529.0,rank_episode_iv_a_new_hope,1.0,Episode IV: A New Hope,a_new_hope,4,1
3290634681.0,rank_episode_iv_a_new_hope,,Episode IV: A New Hope,a_new_hope,4,0
3290631608.0,rank_episode_iv_a_new_hope,3.0,Episode IV: A New Hope,a_new_hope,4,1
3290630470.0,rank_episode_iv_a_new_hope,3.0,Episode IV: A New Hope,a_new_hope,4,1
3290630282.0,rank_episode_iv_a_new_hope,4.0,Episode IV: A New Hope,a_new_hope,4,1
3290628419.0,rank_episode_iv_a_new_hope,,Episode IV: A New Hope,a_new_hope,4,0
3290627850.0,rank_episode_iv_a_new_hope,1.0,Episode IV: A New Hope,a_new_hope,4,1
3290627681.0,rank_episode_iv_a_new_hope,3.0,Episode IV: A New Hope,a_new_hope,4,1
3290626609.0,rank_episode_iv_a_new_hope,,Episode IV: A New Hope,a_new_hope,4,0
3290625814.0,rank_episode_iv_a_new_hope,,Episode IV: A New Hope,a_new_hope,4,0
3290624447.0,rank_episode_iv_a_new_hope,6.0,Episode IV: A New Hope,a_new_hope,4,1
3290620991.0,rank_episode_iv_a_new_hope,5.0,Episode IV: A New Hope,a_new_hope,4,1
3290617461.0,rank_episode_iv_a_new_hope,4.0,Episode IV: A New Hope,a_new_hope,4,1
3290611875.0,rank_episode_iv_a_new_hope,2.0,Episode IV: A New Hope,a_new_hope,4,1
3290611716.0,rank_episode_iv_a_new_hope,1.0,Episode IV: A New Hope,a_new_hope,4,1
3290602490.0,rank_episode_iv_a_new_hope,,Episode IV: A New Hope,a_new_hope,4,0
3290601892.0,rank_episode_iv_a_new_hope,5.0,Episode IV: A New Hope,a_new_hope,4,1
3290601518.0,rank_episode_iv_a_new_hope,,Episode IV: A New Hope,a_new_hope,4,0
3290600680.0,rank_episode_iv_a_new_hope,1.0,Episode IV: A New Hope,a_new_hope,4,1
3290600559.0,rank_episode_iv_a_new_hope,6.0,Episode IV: A New Hope,a_new_hope,4,1
3290600057.0,rank_episode_iv_a_new_hope,2.0,Episode IV: A New Hope,a_new_hope,4,1
3290598307.0,rank_episode_iv_a_new_hope,4.0,Episode IV: A New Hope,a_new_hope,4,1
3290597099.0,rank_episode_iv_a_new_hope,3.0,Episode IV: A New Hope,a_new_hope,4,1
3290593953.0,rank_episode_iv_a_new_hope,2.0,Episode IV: A New Hope,a_new_hope,4,1
3290582716.0,rank_episode_iv_a_new_hope,6.0,Episode IV: A New Hope,a_new_hope,4,1
3290572568.0,rank_episode_iv_a_new_hope,6.0,Episode IV: A New Hope,a_new_hope,4,1
3290572073.0,rank_episode_iv_a_new_hope,1.0,Episode IV: A New Hope,a_new_hope,4,1
3290569001.0,rank_episode_iv_a_new_hope,3.0,Episode IV: A New Hope,a_new_hope,4,1
3290568339.0,rank_episode_iv_a_new_hope,3.0,Episode IV: A New Hope,a_new_hope,4,1
3290565779.0,rank_episode_iv_a_new_hope,2.0,Episode IV: A New Hope,a_new_hope,4,1
3290565768.0,rank_episode_iv_a_new_hope,1.0,Episode IV: A New Hope,a_new_hope,4,1
3290565487.0,rank_episode_iv_a_new_hope,,Episode IV: A New Hope,a_new_hope,4,0
3290561583.0,rank_episode_iv_a_new_hope,1.0,Episode IV: A New Hope,a_new_hope,4,1
3290561192.0,rank_episode_iv_a_new_hope,1.0,Episode IV: A New Hope,a_new_hope,4,1
3290555153.0,rank_episode_iv_a_new_hope,,Episode IV: A New Hope,a_new_hope,4,0
3290553558.0,rank_episode_iv_a_new_hope,,Episode IV: A New Hope,a_new_hope,4,0
3290552963.0,rank_episode_iv_a_new_hope,1.0,Episode IV: A New Hope,a_new_hope,4,1
3290551809.0,rank_episode_iv_a_new_hope,1.0,Episode IV: A New Hope,a_new_hope,4,1
3290547819.0,rank_episode_iv_a_new_hope,,Episode IV: A New Hope,a_new_hope,4,0
3290544886.0,rank_episode_iv_a_new_hope,,Episode IV: A New Hope,a_new_hope,4,0
3290544865.0,rank_episode_iv_a_new_hope,1.0,Episode IV: A New Hope,a_new_hope,4,1
3290544012.0,rank_episode_iv_a_new_hope,,Episode IV: A New Hope,a_new_hope,4,0
3290539653.0,rank_episode_iv_a_new_hope,1.0,Episode IV: A New Hope,a_new_hope,4,1
3290538433.0,rank_episode_iv_a_new_hope,1.0,Episode IV: A New Hope,a_new_hope,4,1
3290536294.0,rank_episode_iv_a_new_hope,,Episode IV: A New Hope,a_new_hope,4,0
3290532429.0,rank_episode_iv_a_new_hope,1.0,Episode IV: A New Hope,a_new_hope,4,1
3290531735.0,rank_episode_iv_a_new_hope,1.0,Episode IV: A New Hope,a_new_hope,4,1
3290526356.0,rank_episode_iv_a_new_hope,,Episode IV: A New Hope,a_new_hope,4,0
3290525782.0,rank_episode_iv_a_new_hope,4.0,Episode IV: A New Hope,a_new_hope,4,1
3290524413.0,rank_episode_iv_a_new_hope,5.0,Episode IV: A New Hope,a_new_hope,4,1
3290519884.0,rank_episode_iv_a_new_hope,3.0,Episode IV: A New Hope,a_new_hope,4,1
3290515688.0,rank_episode_iv_a_new_hope,4.0,Episode IV: A New Hope,a_new_hope,4,1
3290511533.0,rank_episode_iv_a_new_hope,6.0,Episode IV: A New Hope,a_new_hope,4,1
3290506830.0,rank_episode_iv_a_new_hope,2.0,Episode IV: A New Hope,a_new_hope,4,1
3290506333.0,rank_episode_iv_a_new_hope,3.0,Episode IV: A New Hope,a_new_hope,4,1
3290505081.0,rank_episode_iv_a_new_hope,1.0,Episode IV: A New Hope,a_new_hope,4,1
3290500457.0,rank_episode_iv_a_new_hope,4.0,Episode IV: A New Hope,a_new_hope,4,1
3290499954.0,rank_episode_iv_a_new_hope,6.0,Episode IV: A New Hope,a_new_hope,4,1
3290499953.0,rank_episode_iv_a_new_hope,,Episode IV: A New Hope,a_new_hope,4,0
3290496822.0,rank_episode_iv_a_new_hope,2.0,Episode IV: A New Hope,a_new_hope,4,1
3290491807.0,rank_episode_iv_a_new_hope,4.0,Episode IV: A New Hope,a_new_hope,4,1
3290477551.0,rank_episode_iv_a_new_hope,2.0,Episode IV: A New Hope,a_new_hope,4,1
3290475079.0,rank_episode_iv_a_new_hope,,Episode IV: A New Hope,a_new_hope,4,0
3290474953.0,rank_episode_iv_a_new_hope,1.0,Episode IV: A New Hope,a_new_hope,4,1
3290471553.0,rank_episode_iv_a_new_hope,3.0,Episode IV: A New Hope,a_new_hope,4,1
3290467062.0,rank_episode_iv_a_new_hope,1.0,Episode IV: A New Hope,a_new_hope,4,1
3290467000.0,rank_episode_iv_a_new_hope,5.0,Episode IV: A New Hope,a_new_hope,4,1
3290464481.0,rank_episode_iv_a_new_hope,1.0,Episode IV: A New Hope,a_new_hope,4,1
3290463350.0,rank_episode_iv_a_new_hope,,Episode IV: A New Hope,a_new_hope,4,0
3290461599.0,rank_episode_iv_a_new_hope,4.0,Episode IV: A New Hope,a_new_hope,4,1
3290461455.0,rank_episode_iv_a_new_hope,,Episode IV: A New Hope,a_new_hope,4,0
3290448644.0,rank_episode_iv_a_new_hope,6.0,Episode IV: A New Hope,a_new_hope,4,1
3290444421.0,rank_episode_iv_a_new_hope,1.0,Episode IV: A New Hope,a_new_hope,4,1
3290439063.0,rank_episode_iv_a_new_hope,3.0,Episode IV: A New Hope,a_new_hope,4,1
3290437717.0,rank_episode_iv_a_new_hope,6.0,Episode IV: A New Hope,a_new_hope,4,1
3290432874.0,rank_episode_iv_a_new_hope,,Episode IV: A New Hope,a_new_hope,4,0
3290432121.0,rank_episode_iv_a_new_hope,,Episode IV: A New Hope,a_new_hope,4,0
3290428766.0,rank_episode_iv_a_new_hope,4.0,Episode IV: A New Hope,a_new_hope,4,1
3290427764.0,rank_episode_iv_a_new_hope,6.0,Episode IV: A New Hope,a_new_hope,4,1
3290426384.0,rank_episode_iv_a_new_hope,6.0,Episode IV: A New Hope,a_new_hope,4,1
3290426289.0,rank_episode_iv_a_new_hope,,Episode IV: A New Hope,a_new_hope,4,0
3290423155.0,rank_episode_iv_a_new_hope,1.0,Episode IV: A New Hope,a_new_hope,4,1
3290421738.0,rank_episode_iv_a_new_hope,3.0,Episode IV: A New Hope,a_new_hope,4,1
3290417966.0,rank_episode_iv_a_new_hope,6.0,Episode IV: A New Hope,a_new_hope,4,1
3290412412.0,rank_episode_iv_a_new_hope,,Episode IV: A New Hope,a_new_hope,4,0
3290411058.0,rank_episode_iv_a_new_hope,6.0,Episode IV: A New Hope,a_new_hope,4,1
3290409431.0,rank_episode_iv_a_new_hope,6.0,Episode IV: A New Hope,a_new_hope,4,1
3290409075.0,rank_episode_iv_a_new_hope,2.0,Episode IV: A New Hope,a_new_hope,4,1
3290407409.0,rank_episode_iv_a_new_hope,2.0,Episode IV: A New Hope,a_new_hope,4,1
3290401956.0,rank_episode_iv_a_new_hope,5.0,Episode IV: A New Hope,a_new_hope,4,1
3290398978.0,rank_episode_iv_a_new_hope,,Episode IV: A New Hope,a_new_hope,4,0
3290394872.0,rank_episode_iv_a_new_hope,4.0,Episode IV: A New Hope,a_new_hope,4,1
3290392454.0,rank_episode_iv_a_new_hope,3.0,Episode IV: A New Hope,a_new_hope,4,1
3290392264.0,rank_episode_iv_a_new_hope,6.0,Episode IV: A New Hope,a_new_hope,4,1
3290391985.0,rank_episode_iv_a_new_hope,3.0,Episode IV: A New Hope,a_new_hope,4,1
3290386524.0,rank_episode_iv_a_new_hope,6.0,Episode IV: A New Hope,a_new_hope,4,1
3290380140.0,rank_episode_iv_a_new_hope,5.0,Episode IV: A New Hope,a_new_hope,4,1
3290374523.0,rank_episode_iv_a_new_hope,4.0,Episode IV: A New Hope,a_new_hope,4,1
3290371734.0,rank_episode_iv_a_new_hope,,Episode IV: A New Hope,a_new_hope,4,0
3290371532.0,rank_episode_iv_a_new_hope,,Episode IV: A New Hope,a_new_hope,4,0
3290371101.0,rank_episode_iv_a_new_hope,,Episode IV: A New Hope,a_new_hope,4,0
3290365225.0,rank_episode_iv_a_new_hope,6.0,Episode IV: A New Hope,a_new_hope,4,1
3290364952.0,rank_episode_iv_a_new_hope,6.0,Episode IV: A New Hope,a_new_hope,4,1
3290359700.0,rank_episode_iv_a_new_hope,,Episode IV: A New Hope,a_new_hope,4,0
3290358751.0,rank_episode_iv_a_new_hope,,Episode IV: A New Hope,a_new_hope,4,0
3290350512.0,rank_episode_iv_a_new_hope,5.0,Episode IV: A New Hope,a_new_hope,4,1
3290347473.0,rank_episode_iv_a_new_hope,3.0,Episode IV: A New Hope,a_new_hope,4,1
3290344571.0,rank_episode_iv_a_new_hope,2.0,Episode IV: A New Hope,a_new_hope,4,1
3290343366.0,rank_episode_iv_a_new_hope,1.0,Episode IV: A New Hope,a_new_hope,4,1
3290342169.0,rank_episode_iv_a_new_hope,4.0,Episode IV: A New Hope,a_new_hope,4,1
3290342102.0,rank_episode_iv_a_new_hope,6.0,Episode IV: A New Hope,a_new_hope,4,1
3290340804.0,rank_episode_iv_a_new_hope,5.0,Episode IV: A New Hope,a_new_hope,4,1
3290337251.0,rank_episode_iv_a_new_hope,6.0,Episode IV: A New Hope,a_new_hope,4,1
3290335343.0,rank_episode_iv_a_new_hope,,Episode IV: A New Hope,a_new_hope,4,0
3290329580.0,rank_episode_iv_a_new_hope,,Episode IV: A New Hope,a_new_hope,4,0
3290328309.0,rank_episode_iv_a_new_hope,2.0,Episode IV: A New Hope,a_new_hope,4,1
3290325811.0,rank_episode_iv_a_new_hope,1.0,Episode IV: A New Hope,a_new_hope,4,1
3290324518.0,rank_episode_iv_a_new_hope,1.0,Episode IV: A New Hope,a_new_hope,4,1
3290320007.0,rank_episode_iv_a_new_hope,3.0,Episode IV: A New Hope,a_new_hope,4,1
3290318577.0,rank_episode_iv_a_new_hope,4.0,Episode IV: A New Hope,a_new_hope,4,1
3290317691.0,rank_episode_iv_a_new_hope,1.0,Episode IV: A New Hope,a_new_hope,4,1
3290316632.0,rank_episode_iv_a_new_hope,4.0,Episode IV: A New Hope,a_new_hope,4,1
3290316375.0,rank_episode_iv_a_new_hope,1.0,Episode IV: A New Hope,a_new_hope,4,1
3290315336.0,rank_episode_iv_a_new_hope,6.0,Episode IV: A New Hope,a_new_hope,4,1
3290310304.0,rank_episode_iv_a_new_hope,,Episode IV: A New Hope,a_new_hope,4,0
3290309722.0,rank_episode_iv_a_new_hope,1.0,Episode IV: A New Hope,a_new_hope,4,1
3290309711.0,rank_episode_iv_a_new_hope,1.0,Episode IV: A New Hope,a_new_hope,4,1
3290304610.0,rank_episode_iv_a_new_hope,,Episode IV: A New Hope,a_new_hope,4,0
3290297761.0,rank_episode_iv_a_new_hope,,Episode IV: A New Hope,a_new_hope,4,0
3290296317.0,rank_episode_iv_a_new_hope,3.0,Episode IV: A New Hope,a_new_hope,4,1
3290295809.0,rank_episode_iv_a_new_hope,3.0,Episode IV: A New Hope,a_new_hope,4,1
3290294922.0,rank_episode_iv_a_new_hope,,Episode IV: A New Hope,a_new_hope,4,0
3290294142.0,rank_episode_iv_a_new_hope,,Episode IV: A New Hope,a_new_hope,4,0
3290292697.0,rank_episode_iv_a_new_hope,1.0,Episode IV: A New Hope,a_new_hope,4,1
3290289176.0,rank_episode_iv_a_new_hope,,Episode IV: A New Hope,a_new_hope,4,0
3290287101.0,rank_episode_iv_a_new_hope,,Episode IV: A New Hope,a_new_hope,4,0
3290283817.0,rank_episode_iv_a_new_hope,6.0,Episode IV: A New Hope,a_new_hope,4,1
3290283139.0,rank_episode_iv_a_new_hope,3.0,Episode IV: A New Hope,a_new_hope,4,1
3290280642.0,rank_episode_iv_a_new_hope,,Episode IV: A New Hope,a_new_hope,4,0
3290279732.0,rank_episode_iv_a_new_hope,3.0,Episode IV: A New Hope,a_new_hope,4,1
3290269777.0,rank_episode_iv_a_new_hope,4.0,Episode IV: A New Hope,a_new_hope,4,1
3290268027.0,rank_episode_iv_a_new_hope,,Episode IV: A New Hope,a_new_hope,4,0
3290266084.0,rank_episode_iv_a_new_hope,1.0,Episode IV: A New Hope,a_new_hope,4,1
3290262568.0,rank_episode_iv_a_new_hope,6.0,Episode IV: A New Hope,a_new_hope,4,1
3290257673.0,rank_episode_iv_a_new_hope,5.0,Episode IV: A New Hope,a_new_hope,4,1
3290249464.0,rank_episode_iv_a_new_hope,,Episode IV: A New Hope,a_new_hope,4,0
3290248279.0,rank_episode_iv_a_new_hope,,Episode IV: A New Hope,a_new_hope,4,0
3290248167.0,rank_episode_iv_a_new_hope,,Episode IV: A New Hope,a_new_hope,4,0
3290229579.0,rank_episode_iv_a_new_hope,6.0,Episode IV: A New Hope,a_new_hope,4,1
3290227264.0,rank_episode_iv_a_new_hope,4.0,Episode IV: A New Hope,a_new_hope,4,1
3290225128.0,rank_episode_iv_a_new_hope,,Episode IV: A New Hope,a_new_hope,4,0
3290223393.0,rank_episode_iv_a_new_hope,4.0,Episode IV: A New Hope,a_new_hope,4,1
3290216970.0,rank_episode_iv_a_new_hope,2.0,Episode IV: A New Hope,a_new_hope,4,1
3290213089.0,rank_episode_iv_a_new_hope,1.0,Episode IV: A New Hope,a_new_hope,4,1
3290210801.0,rank_episode_iv_a_new_hope,3.0,Episode IV: A New Hope,a_new_hope,4,1
3290209773.0,rank_episode_iv_a_new_hope,3.0,Episode IV: A New Hope,a_new_hope,4,1
3290209744.0,rank_episode_iv_a_new_hope,2.0,Episode IV: A New Hope,a_new_hope,4,1
3290206907.0,rank_episode_iv_a_new_hope,3.0,Episode IV: A New Hope,a_new_hope,4,1
3290203063.0,rank_episode_iv_a_new_hope,6.0,Episode IV: A New Hope,a_new_hope,4,1
3290201752.0,rank_episode_iv_a_new_hope,6.0,Episode IV: A New Hope,a_new_hope,4,1
3290196296.0,rank_episode_iv_a_new_hope,4.0,Episode IV: A New Hope,a_new_hope,4,1
3290193368.0,rank_episode_iv_a_new_hope,,Episode IV: A New Hope,a_new_hope,4,0
3290191566.0,rank_episode_iv_a_new_hope,6.0,Episode IV: A New Hope,a_new_hope,4,1
3290188213.0,rank_episode_iv_a_new_hope,4.0,Episode IV: A New Hope,a_new_hope,4,1
3290185244.0,rank_episode_iv_a_new_hope,5.0,Episode IV: A New Hope,a_new_hope,4,1
3290184813.0,rank_episode_iv_a_new_hope,,Episode IV: A New Hope,a_new_hope,4,0
3290182531.0,rank_episode_iv_a_new_hope,,Episode IV: A New Hope,a_new_hope,4,0
3290180442.0,rank_episode_iv_a_new_hope,,Episode IV: A New Hope,a_new_hope,4,0
3290176915.0,rank_episode_iv_a_new_hope,,Episode IV: A New Hope,a_new_hope,4,0
3290176563.0,rank_episode_iv_a_new_hope,6.0,Episode IV: A New Hope,a_new_hope,4,1
3290174629.0,rank_episode_iv_a_new_hope,,Episode IV: A New Hope,a_new_hope,4,0
3290174048.0,rank_episode_iv_a_new_hope,,Episode IV: A New Hope,a_new_hope,4,0
3290173775.0,rank_episode_iv_a_new_hope,4.0,Episode IV: A New Hope,a_new_hope,4,1
3290173176.0,rank_episode_iv_a_new_hope,2.0,Episode IV: A New Hope,a_new_hope,4,1
3290167473.0,rank_episode_iv_a_new_hope,1.0,Episode IV: A New Hope,a_new_hope,4,1
3290164098.0,rank_episode_iv_a_new_hope,,Episode IV: A New Hope,a_new_hope,4,0
3290159455.0,rank_episode_iv_a_new_hope,,Episode IV: A New Hope,a_new_hope,4,0
3290159056.0,rank_episode_iv_a_new_hope,,Episode IV: A New Hope,a_new_hope,4,0
3290157529.0,rank_episode_iv_a_new_hope,4.0,Episode IV: A New Hope,a_new_hope,4,1
3290149698.0,rank_episode_iv_a_new_hope,3.0,Episode IV: A New Hope,a_new_hope,4,1
3290148834.0,rank_episode_iv_a_new_hope,5.0,Episode IV: A New Hope,a_new_hope,4,1
3290145517.0,rank_episode_iv_a_new_hope,1.0,Episode IV: A New Hope,a_new_hope,4,1
3290142232.0,rank_episode_iv_a_new_hope,2.0,Episode IV: A New Hope,a_new_hope,4,1
3290139192.0,rank_episode_iv_a_new_hope,6.0,Episode IV: A New Hope,a_new_hope,4,1
3290137793.0,rank_episode_iv_a_new_hope,6.0,Episode IV: A New Hope,a_new_hope,4,1
3290128978.0,rank_episode_iv_a_new_hope,,Episode IV: A New Hope,a_new_hope,4,0
3290128468.0,rank_episode_iv_a_new_hope,4.0,Episode IV: A New Hope,a_new_hope,4,1
3290127670.0,rank_episode_iv_a_new_hope,,Episode IV: A New Hope,a_new_hope,4,0
3290125801.0,rank_episode_iv_a_new_hope,5.0,Episode IV: A New Hope,a_new_hope,4,1
3290125784.0,rank_episode_iv_a_new_hope,2.0,Episode IV: A New Hope,a_new_hope,4,1
3290125550.0,rank_episode_iv_a_new_hope,2.0,Episode IV: A New Hope,a_new_hope,4,1
3290125357.0,rank_episode_iv_a_new_hope,1.0,Episode IV: A New Hope,a_new_hope,4,1
3290124259.0,rank_episode_iv_a_new_hope,1.0,Episode IV: A New Hope,a_new_hope,4,1
3290116629.0,rank_episode_iv_a_new_hope,,Episode IV: A New Hope,a_new_hope,4,0
3290116182.0,rank_episode_iv_a_new_hope,6.0,Episode IV: A New Hope,a_new_hope,4,1
3290109779.0,rank_episode_iv_a_new_hope,1.0,Episode IV: A New Hope,a_new_hope,4,1
3290103593.0,rank_episode_iv_a_new_hope,2.0,Episode IV: A New Hope,a_new_hope,4,1
3290099797.0,rank_episode_iv_a_new_hope,6.0,Episode IV: A New Hope,a_new_hope,4,1
3290097546.0,rank_episode_iv_a_new_hope,6.0,Episode IV: A New Hope,a_new_hope,4,1
3290097268.0,rank_episode_iv_a_new_hope,,Episode IV: A New Hope,a_new_hope,4,0
3290095220.0,rank_episode_iv_a_new_hope,,Episode IV: A New Hope,a_new_hope,4,0
3290094384.0,rank_episode_iv_a_new_hope,,Episode IV: A New Hope,a_new_hope,4,0
3290083352.0,rank_episode_iv_a_new_hope,,Episode IV: A New Hope,a_new_hope,4,0
3290082468.0,rank_episode_iv_a_new_hope,,Episode IV: A New Hope,a_new_hope,4,0
3290081504.0,rank_episode_iv_a_new_hope,,Episode IV: A New Hope,a_new_hope,4,0
3290081040.0,rank_episode_iv_a_new_hope,,Episode IV: A New Hope,a_new_hope,4,0
3290076587.0,rank_episode_iv_a_new_hope,,Episode IV: A New Hope,a_new_hope,4,0
3290071379.0,rank_episode_iv_a_new_hope,,Episode IV: A New Hope,a_new_hope,4,0
3290070395.0,rank_episode_iv_a_new_hope,3.0,Episode IV: A New Hope,a_new_hope,4,1
3290068892.0,rank_episode_iv_a_new_hope,4.0,Episode IV: A New Hope,a_new_hope,4,1
3290068765.0,rank_episode_iv_a_new_hope,2.0,Episode IV: A New Hope,a_new_hope,4,1
3290063543.0,rank_episode_iv_a_new_hope,3.0,Episode IV: A New Hope,a_new_hope,4,1
3290062936.0,rank_episode_iv_a_new_hope,,Episode IV: A New Hope,a_new_hope,4,0
3290061815.0,rank_episode_iv_a_new_hope,1.0,Episode IV: A New Hope,a_new_hope,4,1
3290058506.0,rank_episode_iv_a_new_hope,5.0,Episode IV: A New Hope,a_new_hope,4,1
3290058216.0,rank_episode_iv_a_new_hope,4.0,Episode IV: A New Hope,a_new_hope,4,1
3290050695.0,rank_episode_iv_a_new_hope,,Episode IV: A New Hope,a_new_hope,4,0
3290049932.0,rank_episode_iv_a_new_hope,,Episode IV: A New Hope,a_new_hope,4,0
3290049231.0,rank_episode_iv_a_new_hope,1.0,Episode IV: A New Hope,a_new_hope,4,1
3290048884.0,rank_episode_iv_a_new_hope,1.0,Episode IV: A New Hope,a_new_hope,4,1
3290047842.0,rank_episode_iv_a_new_hope,4.0,Episode IV: A New Hope,a_new_hope,4,1
3290047689.0,rank_episode_iv_a_new_hope,,Episode IV: A New Hope,a_new_hope,4,0
3290047483.0,rank_episode_iv_a_new_hope,5.0,Episode IV: A New Hope,a_new_hope,4,1
3290046627.0,rank_episode_iv_a_new_hope,3.0,Episode IV: A New Hope,a_new_hope,4,1
3290042369.0,rank_episode_iv_a_new_hope,6.0,Episode IV: A New Hope,a_new_hope,4,1
3290038794.0,rank_episode_iv_a_new_hope,6.0,Episode IV: A New Hope,a_new_hope,4,1
3290034196.0,rank_episode_iv_a_new_hope,5.0,Episode IV: A New Hope,a_new_hope,4,1
3290032864.0,rank_episode_iv_a_new_hope,6.0,Episode IV: A New Hope,a_new_hope,4,1
3290029531.0,rank_episode_iv_a_new_hope,1.0,Episode IV: A New Hope,a_new_hope,4,1
3290024333.0,rank_episode_iv_a_new_hope,1.0,Episode IV: A New Hope,a_new_hope,4,1
3290022302.0,rank_episode_iv_a_new_hope,1.0,Episode IV: A New Hope,a_new_hope,4,1
3290019869.0,rank_episode_iv_a_new_hope,6.0,Episode IV: A New Hope,a_new_hope,4,1
3290019779.0,rank_episode_iv_a_new_hope,,Episode IV: A New Hope,a_new_hope,4,0
3290018381.0,rank_episode_iv_a_new_hope,3.0,Episode IV: A New Hope,a_new_hope,4,1
3290017901.0,rank_episode_iv_a_new_hope,,Episode IV: A New Hope,a_new_hope,4,0
3290014606.0,rank_episode_iv_a_new_hope,,Episode IV: A New Hope,a_new_hope,4,0
3290013239.0,rank_episode_iv_a_new_hope,,Episode IV: A New Hope,a_new_hope,4,0
3290011286.0,rank_episode_iv_a_new_hope,6.0,Episode IV: A New Hope,a_new_hope,4,1
3290010419.0,rank_episode_iv_a_new_hope,6.0,Episode IV: A New Hope,a_new_hope,4,1
3290008538.0,rank_episode_iv_a_new_hope,,Episode IV: A New Hope,a_new_hope,4,0
3290005674.0,rank_episode_iv_a_new_hope,5.0,Episode IV: A New Hope,a_new_hope,4,1
3290002601.0,rank_episode_iv_a_new_hope,1.0,Episode IV: A New Hope,a_new_hope,4,1
3289997713.0,rank_episode_iv_a_new_hope,1.0,Episode IV: A New Hope,a_new_hope,4,1
3289997196.0,rank_episode_iv_a_new_hope,5.0,Episode IV: A New Hope,a_new_hope,4,1
3289996800.0,rank_episode_iv_a_new_hope,2.0,Episode IV: A New Hope,a_new_hope,4,1
3289996025.0,rank_episode_iv_a_new_hope,3.0,Episode IV: A New Hope,a_new_hope,4,1
3289995352.0,rank_episode_iv_a_new_hope,5.0,Episode IV: A New Hope,a_new_hope,4,1
3289993284.0,rank_episode_iv_a_new_hope,6.0,Episode IV: A New Hope,a_new_hope,4,1
3289991708.0,rank_episode_iv_a_new_hope,,Episode IV: A New Hope,a_new_hope,4,0
3289989311.0,rank_episode_iv_a_new_hope,,Episode IV: A New Hope,a_new_hope,4,0
3289988393.0,rank_episode_iv_a_new_hope,5.0,Episode IV: A New Hope,a_new_hope,4,1
3289987865.0,rank_episode_iv_a_new_hope,,Episode IV: A New Hope,a_new_hope,4,0
3289986698.0,rank_episode_iv_a_new_hope,1.0,Episode IV: A New Hope,a_new_hope,4,1
3289985995.0,rank_episode_iv_a_new_hope,6.0,Episode IV: A New Hope,a_new_hope,4,1
3289980534.0,rank_episode_iv_a_new_hope,6.0,Episode IV: A New Hope,a_new_hope,4,1
3289973506.0,rank_episode_iv_a_new_hope,6.0,Episode IV: A New Hope,a_new_hope,4,1
3289972382.0,rank_episode_iv_a_new_hope,,Episode IV: A New Hope,a_new_hope,4,0
3289971452.0,rank_episode_iv_a_new_hope,,Episode IV: A New Hope,a_new_hope,4,0
3289971256.0,rank_episode_iv_a_new_hope,4.0,Episode IV: A New Hope,a_new_hope,4,1
3289963393.0,rank_episode_iv_a_new_hope,5.0,Episode IV: A New Hope,a_new_hope,4,1
3289962839.0,rank_episode_iv_a_new_hope,,Episode IV: A New Hope,a_new_hope,4,0
3289962614.0,rank_episode_iv_a_new_hope,1.0,Episode IV: A New Hope,a_new_hope,4,1
3289956408.0,rank_episode_iv_a_new_hope,,Episode IV: A New Hope,a_new_hope,4,0
3289955364.0,rank_episode_iv_a_new_hope,2.0,Episode IV: A New Hope,a_new_hope,4,1
3289952496.0,rank_episode_iv_a_new_hope,4.0,Episode IV: A New Hope,a_new_hope,4,1
3289951011.0,rank_episode_iv_a_new_hope,3.0,Episode IV: A New Hope,a_new_hope,4,1
3289949516.0,rank_episode_iv_a_new_hope,6.0,Episode IV: A New Hope,a_new_hope,4,1
3289949409.0,rank_episode_iv_a_new_hope,2.0,Episode IV: A New Hope,a_new_hope,4,1
3289943405.0,rank_episode_iv_a_new_hope,2.0,Episode IV: A New Hope,a_new_hope,4,1
3289943097.0,rank_episode_iv_a_new_hope,2.0,Episode IV: A New Hope,a_new_hope,4,1
3289942520.0,rank_episode_iv_a_new_hope,,Episode IV: A New Hope,a_new_hope,4,0
3289933137.0,rank_episode_iv_a_new_hope,4.0,Episode IV: A New Hope,a_new_hope,4,1
3289927404.0,rank_episode_iv_a_new_hope,1.0,Episode IV: A New Hope,a_new_hope,4,1
3289924943.0,rank_episode_iv_a_new_hope,6.0,Episode IV: A New Hope,a_new_hope,4,1
3289923980.0,rank_episode_iv_a_new_hope,2.0,Episode IV: A New Hope,a_new_hope,4,1
3289920249.0,rank_episode_iv_a_new_hope,1.0,Episode IV: A New Hope,a_new_hope,4,1
3289919285.0,rank_episode_iv_a_new_hope,,Episode IV: A New Hope,a_new_hope,4,0
3289918842.0,rank_episode_iv_a_new_hope,5.0,Episode IV: A New Hope,a_new_hope,4,1
3289914533.0,rank_episode_iv_a_new_hope,4.0,Episode IV: A New Hope,a_new_hope,4,1
3289914097.0,rank_episode_iv_a_new_hope,2.0,Episode IV: A New Hope,a_new_hope,4,1
3289913649.0,rank_episode_iv_a_new_hope,4.0,Episode IV: A New Hope,a_new_hope,4,1
3289911175.0,rank_episode_iv_a_new_hope,3.0,Episode IV: A New Hope,a_new_hope,4,1
3289909917.0,rank_episode_iv_a_new_hope,1.0,Episode IV: A New Hope,a_new_hope,4,1
3289907541.0,rank_episode_iv_a_new_hope,6.0,Episode IV: A New Hope,a_new_hope,4,1
3289905986.0,rank_episode_iv_a_new_hope,4.0,Episode IV: A New Hope,a_new_hope,4,1
3289905819.0,rank_episode_iv_a_new_hope,,Episode IV: A New Hope,a_new_hope,4,0
3289905044.0,rank_episode_iv_a_new_hope,4.0,Episode IV: A New Hope,a_new_hope,4,1
3289903380.0,rank_episode_iv_a_new_hope,,Episode IV: A New Hope,a_new_hope,4,0
3289902920.0,rank_episode_iv_a_new_hope,3.0,Episode IV: A New Hope,a_new_hope,4,1
3289902115.0,rank_episode_iv_a_new_hope,5.0,Episode IV: A New Hope,a_new_hope,4,1
3289901820.0,rank_episode_iv_a_new_hope,1.0,Episode IV: A New Hope,a_new_hope,4,1
3289901633.0,rank_episode_iv_a_new_hope,2.0,Episode IV: A New Hope,a_new_hope,4,1
3289897826.0,rank_episode_iv_a_new_hope,3.0,Episode IV: A New Hope,a_new_hope,4,1
3289896565.0,rank_episode_iv_a_new_hope,3.0,Episode IV: A New Hope,a_new_hope,4,1
3289895732.0,rank_episode_iv_a_new_hope,2.0,Episode IV: A New Hope,a_new_hope,4,1
3289894873.0,rank_episode_iv_a_new_hope,,Episode IV: A New Hope,a_new_hope,4,0
3289891069.0,rank_episode_iv_a_new_hope,,Episode IV: A New Hope,a_new_hope,4,0
3289890495.0,rank_episode_iv_a_new_hope,,Episode IV: A New Hope,a_new_hope,4,0
3289888113.0,rank_episode_iv_a_new_hope,,Episode IV: A New Hope,a_new_hope,4,0
3289888015.0,rank_episode_iv_a_new_hope,2.0,Episode IV: A New Hope,a_new_hope,4,1
3289885747.0,rank_episode_iv_a_new_hope,6.0,Episode IV: A New Hope,a_new_hope,4,1
3289878528.0,rank_episode_iv_a_new_hope,1.0,Episode IV: A New Hope,a_new_hope,4,1
3289877093.0,rank_episode_iv_a_new_hope,1.0,Episode IV: A New Hope,a_new_hope,4,1
3289874408.0,rank_episode_iv_a_new_hope,2.0,Episode IV: A New Hope,a_new_hope,4,1
3289873978.0,rank_episode_iv_a_new_hope,1.0,Episode IV: A New Hope,a_new_hope,4,1
3289870772.0,rank_episode_iv_a_new_hope,6.0,Episode IV: A New Hope,a_new_hope,4,1
3289868197.0,rank_episode_iv_a_new_hope,6.0,Episode IV: A New Hope,a_new_hope,4,1
3289866531.0,rank_episode_iv_a_new_hope,1.0,Episode IV: A New Hope,a_new_hope,4,1
3289866259.0,rank_episode_iv_a_new_hope,,Episode IV: A New Hope,a_new_hope,4,0
3289865550.0,rank_episode_iv_a_new_hope,6.0,Episode IV: A New Hope,a_new_hope,4,1
3289864687.0,rank_episode_iv_a_new_hope,2.0,Episode IV: A New Hope,a_new_hope,4,1
3289862004.0,rank_episode_iv_a_new_hope,,Episode IV: A New Hope,a_new_hope,4,0
3289861464.0,rank_episode_iv_a_new_hope,3.0,Episode IV: A New Hope,a_new_hope,4,1
3289857817.0,rank_episode_iv_a_new_hope,3.0,Episode IV: A New Hope,a_new_hope,4,1
3289856887.0,rank_episode_iv_a_new_hope,1.0,Episode IV: A New Hope,a_new_hope,4,1
3289856557.0,rank_episode_iv_a_new_hope,,Episode IV: A New Hope,a_new_hope,4,0
3289855873.0,rank_episode_iv_a_new_hope,6.0,Episode IV: A New Hope,a_new_hope,4,1
3289854601.0,rank_episode_iv_a_new_hope,4.0,Episode IV: A New Hope,a_new_hope,4,1
3289848909.0,rank_episode_iv_a_new_hope,,Episode IV: A New Hope,a_new_hope,4,0
3289847932.0,rank_episode_iv_a_new_hope,6.0,Episode IV: A New Hope,a_new_hope,4,1
3289844139.0,rank_episode_iv_a_new_hope,5.0,Episode IV: A New Hope,a_new_hope,4,1
3289843973.0,rank_episode_iv_a_new_hope,5.0,Episode IV: A New Hope,a_new_hope,4,1
3289837359.0,rank_episode_iv_a_new_hope,,Episode IV: A New Hope,a_new_hope,4,0
3289835282.0,rank_episode_iv_a_new_hope,4.0,Episode IV: A New Hope,a_new_hope,4,1
3289834572.0,rank_episode_iv_a_new_hope,,Episode IV: A New Hope,a_new_hope,4,0
3289831274.0,rank_episode_iv_a_new_hope,,Episode IV: A New Hope,a_new_hope,4,0
3289830199.0,rank_episode_iv_a_new_hope,,Episode IV: A New Hope,a_new_hope,4,0
3289829982.0,rank_episode_iv_a_new_hope,1.0,Episode IV: A New Hope,a_new_hope,4,1
3289822005.0,rank_episode_iv_a_new_hope,6.0,Episode IV: A New Hope,a_new_hope,4,1
3289821310.0,rank_episode_iv_a_new_hope,4.0,Episode IV: A New Hope,a_new_hope,4,1
3289815685.0,rank_episode_iv_a_new_hope,1.0,Episode IV: A New Hope,a_new_hope,4,1
3289813977.0,rank_episode_iv_a_new_hope,6.0,Episode IV: A New Hope,a_new_hope,4,1
3289812188.0,rank_episode_iv_a_new_hope,6.0,Episode IV: A New Hope,a_new_hope,4,1
3289809469.0,rank_episode_iv_a_new_hope,2.0,Episode IV: A New Hope,a_new_hope,4,1
3289809255.0,rank_episode_iv_a_new_hope,,Episode IV: A New Hope,a_new_hope,4,0
3289808310.0,rank_episode_iv_a_new_hope,,Episode IV: A New Hope,a_new_hope,4,0
3289805753.0,rank_episode_iv_a_new_hope,,Episode IV: A New Hope,a_new_hope,4,0
3289805745.0,rank_episode_iv_a_new_hope,,Episode IV: A New Hope,a_new_hope,4,0
3289804908.0,rank_episode_iv_a_new_hope,6.0,Episode IV: A New Hope,a_new_hope,4,1
3289804326.0,rank_episode_iv_a_new_hope,1.0,Episode IV: A New Hope,a_new_hope,4,1
3289804031.0,rank_episode_iv_a_new_hope,2.0,Episode IV: A New Hope,a_new_hope,4,1
3289802847.0,rank_episode_iv_a_new_hope,1.0,Episode IV: A New Hope,a_new_hope,4,1
3289799650.0,rank_episode_iv_a_new_hope,6.0,Episode IV: A New Hope,a_new_hope,4,1
3289799581.0,rank_episode_iv_a_new_hope,1.0,Episode IV: A New Hope,a_new_hope,4,1
3289798968.0,rank_episode_iv_a_new_hope,2.0,Episode IV: A New Hope,a_new_hope,4,1
3289798759.0,rank_episode_iv_a_new_hope,1.0,Episode IV: A New Hope,a_new_hope,4,1
3289797876.0,rank_episode_iv_a_new_hope,,Episode IV: A New Hope,a_new_hope,4,0
3289795859.0,rank_episode_iv_a_new_hope,,Episode IV: A New Hope,a_new_hope,4,0
3289790475.0,rank_episode_iv_a_new_hope,,Episode IV: A New Hope,a_new_hope,4,0
3289790146.0,rank_episode_iv_a_new_hope,6.0,Episode IV: A New Hope,a_new_hope,4,1
3289786719.0,rank_episode_iv_a_new_hope,6.0,Episode IV: A New Hope,a_new_hope,4,1
3289781705.0,rank_episode_iv_a_new_hope,5.0,Episode IV: A New Hope,a_new_hope,4,1
3289779434.0,rank_episode_iv_a_new_hope,,Episode IV: A New Hope,a_new_hope,4,0
3289764515.0,rank_episode_iv_a_new_hope,,Episode IV: A New Hope,a_new_hope,4,0
3289758800.0,rank_episode_iv_a_new_hope,1.0,Episode IV: A New Hope,a_new_hope,4,1
3289757385.0,rank_episode_iv_a_new_hope,6.0,Episode IV: A New Hope,a_new_hope,4,1
3289757163.0,rank_episode_iv_a_new_hope,1.0,Episode IV: A New Hope,a_new_hope,4,1
3289753279.0,rank_episode_iv_a_new_hope,,Episode IV: A New Hope,a_new_hope,4,0
3289752347.0,rank_episode_iv_a_new_hope,1.0,Episode IV: A New Hope,a_new_hope,4,1
3289751464.0,rank_episode_iv_a_new_hope,1.0,Episode IV: A New Hope,a_new_hope,4,1
3289745316.0,rank_episode_iv_a_new_hope,,Episode IV: A New Hope,a_new_hope,4,0
3289745063.0,rank_episode_iv_a_new_hope,5.0,Episode IV: A New Hope,a_new_hope,4,1
3289737236.0,rank_episode_iv_a_new_hope,1.0,Episode IV: A New Hope,a_new_hope,4,1
3289735954.0,rank_episode_iv_a_new_hope,4.0,Episode IV: A New Hope,a_new_hope,4,1
3289733444.0,rank_episode_iv_a_new_hope,4.0,Episode IV: A New Hope,a_new_hope,4,1
3289730973.0,rank_episode_iv_a_new_hope,1.0,Episode IV: A New Hope,a_new_hope,4,1
3289727014.0,rank_episode_iv_a_new_hope,2.0,Episode IV: A New Hope,a_new_hope,4,1
3289725827.0,rank_episode_iv_a_new_hope,1.0,Episode IV: A New Hope,a_new_hope,4,1
3289725605.0,rank_episode_iv_a_new_hope,1.0,Episode IV: A New Hope,a_new_hope,4,1
3289722110.0,rank_episode_iv_a_new_hope,4.0,Episode IV: A New Hope,a_new_hope,4,1
3289713384.0,rank_episode_iv_a_new_hope,,Episode IV: A New Hope,a_new_hope,4,0
3289711817.0,rank_episode_iv_a_new_hope,1.0,Episode IV: A New Hope,a_new_hope,4,1
3289710382.0,rank_episode_iv_a_new_hope,,Episode IV: A New Hope,a_new_hope,4,0
3289706727.0,rank_episode_iv_a_new_hope,2.0,Episode IV: A New Hope,a_new_hope,4,1
3289706550.0,rank_episode_iv_a_new_hope,,Episode IV: A New Hope,a_new_hope,4,0
3289705195.0,rank_episode_iv_a_new_hope,1.0,Episode IV: A New Hope,a_new_hope,4,1
3289700288.0,rank_episode_iv_a_new_hope,2.0,Episode IV: A New Hope,a_new_hope,4,1
3289695941.0,rank_episode_iv_a_new_hope,1.0,Episode IV: A New Hope,a_new_hope,4,1
3289693023.0,rank_episode_iv_a_new_hope,2.0,Episode IV: A New Hope,a_new_hope,4,1
3289692258.0,rank_episode_iv_a_new_hope,6.0,Episode IV: A New Hope,a_new_hope,4,1
3289689591.0,rank_episode_iv_a_new_hope,,Episode IV: A New Hope,a_new_hope,4,0
3289689331.0,rank_episode_iv_a_new_hope,6.0,Episode IV: A New Hope,a_new_hope,4,1
3289688885.0,rank_episode_iv_a_new_hope,5.0,Episode IV: A New Hope,a_new_hope,4,1
3289686202.0,rank_episode_iv_a_new_hope,,Episode IV: A New Hope,a_new_hope,4,0
3289685200.0,rank_episode_iv_a_new_hope,,Episode IV: A New Hope,a_new_hope,4,0
3289684323.0,rank_episode_iv_a_new_hope,2.0,Episode IV: A New Hope,a_new_hope,4,1
3289681765.0,rank_episode_iv_a_new_hope,6.0,Episode IV: A New Hope,a_new_hope,4,1
3289680108.0,rank_episode_iv_a_new_hope,6.0,Episode IV: A New Hope,a_new_hope,4,1
3289673695.0,rank_episode_iv_a_new_hope,4.0,Episode IV: A New Hope,a_new_hope,4,1
3289666523.0,rank_episode_iv_a_new_hope,,Episode IV: A New Hope,a_new_hope,4,0
3289664241.0,rank_episode_iv_a_new_hope,1.0,Episode IV: A New Hope,a_new_hope,4,1
3289653763.0,rank_episode_iv_a_new_hope,5.0,Episode IV: A New Hope,a_new_hope,4,1
3289653664.0,rank_episode_iv_a_new_hope,,Episode IV: A New Hope,a_new_hope,4,0
3289652167.0,rank_episode_iv_a_new_hope,6.0,Episode IV: A New Hope,a_new_hope,4,1
3289649402.0,rank_episode_iv_a_new_hope,,Episode IV: A New Hope,a_new_hope,4,0
3289648154.0,rank_episode_iv_a_new_hope,,Episode IV: A New Hope,a_new_hope,4,0
3289646833.0,rank_episode_iv_a_new_hope,,Episode IV: A New Hope,a_new_hope,4,0
3289645505.0,rank_episode_iv_a_new_hope,4.0,Episode IV: A New Hope,a_new_hope,4,1
3289644365.0,rank_episode_iv_a_new_hope,6.0,Episode IV: A New Hope,a_new_hope,4,1
3289641241.0,rank_episode_iv_a_new_hope,6.0,Episode IV: A New Hope,a_new_hope,4,1
3289640516.0,rank_episode_iv_a_new_hope,,Episode IV: A New Hope,a_new_hope,4,0
3289638367.0,rank_episode_iv_a_new_hope,1.0,Episode IV: A New Hope,a_new_hope,4,1
3289633176.0,rank_episode_iv_a_new_hope,5.0,Episode IV: A New Hope,a_new_hope,4,1
3289628791.0,rank_episode_iv_a_new_hope,4.0,Episode IV: A New Hope,a_new_hope,4,1
3289627503.0,rank_episode_iv_a_new_hope,,Episode IV: A New Hope,a_new_hope,4,0
3289625918.0,rank_episode_iv_a_new_hope,,Episode IV: A New Hope,a_new_hope,4,0
3289625905.0,rank_episode_iv_a_new_hope,,Episode IV: A New Hope,a_new_hope,4,0
3289625071.0,rank_episode_iv_a_new_hope,6.0,Episode IV: A New Hope,a_new_hope,4,1
3289621004.0,rank_episode_iv_a_new_hope,1.0,Episode IV: A New Hope,a_new_hope,4,1
3289619487.0,rank_episode_iv_a_new_hope,4.0,Episode IV: A New Hope,a_new_hope,4,1
3289618781.0,rank_episode_iv_a_new_hope,,Episode IV: A New Hope,a_new_hope,4,0
3289618768.0,rank_episode_iv_a_new_hope,,Episode IV: A New Hope,a_new_hope,4,0
3289618355.0,rank_episode_iv_a_new_hope,,Episode IV: A New Hope,a_new_hope,4,0
3289616064.0,rank_episode_iv_a_new_hope,,Episode IV: A New Hope,a_new_hope,4,0
3289610618.0,rank_episode_iv_a_new_hope,,Episode IV: A New Hope,a_new_hope,4,0
3289610391.0,rank_episode_iv_a_new_hope,4.0,Episode IV: A New Hope,a_new_hope,4,1
3289600885.0,rank_episode_iv_a_new_hope,6.0,Episode IV: A New Hope,a_new_hope,4,1
3289598419.0,rank_episode_iv_a_new_hope,6.0,Episode IV: A New Hope,a_new_hope,4,1
3289597768.0,rank_episode_iv_a_new_hope,,Episode IV: A New Hope,a_new_hope,4,0
3289597035.0,rank_episode_iv_a_new_hope,1.0,Episode IV: A New Hope,a_new_hope,4,1
3289588064.0,rank_episode_iv_a_new_hope,4.0,Episode IV: A New Hope,a_new_hope,4,1
3289582868.0,rank_episode_iv_a_new_hope,3.0,Episode IV: A New Hope,a_new_hope,4,1
3289582774.0,rank_episode_iv_a_new_hope,6.0,Episode IV: A New Hope,a_new_hope,4,1
3289582090.0,rank_episode_iv_a_new_hope,1.0,Episode IV: A New Hope,a_new_hope,4,1
3289573606.0,rank_episode_iv_a_new_hope,2.0,Episode IV: A New Hope,a_new_hope,4,1
3289572808.0,rank_episode_iv_a_new_hope,5.0,Episode IV: A New Hope,a_new_hope,4,1
3289569955.0,rank_episode_iv_a_new_hope,,Episode IV: A New Hope,a_new_hope,4,0
3289567355.0,rank_episode_iv_a_new_hope,4.0,Episode IV: A New Hope,a_new_hope,4,1
3289564387.0,rank_episode_iv_a_new_hope,2.0,Episode IV: A New Hope,a_new_hope,4,1
3289563102.0,rank_episode_iv_a_new_hope,,Episode IV: A New Hope,a_new_hope,4,0
3289561190.0,rank_episode_iv_a_new_hope,,Episode IV: A New Hope,a_new_hope,4,0
3289560376.0,rank_episode_iv_a_new_hope,1.0,Episode IV: A New Hope,a_new_hope,4,1
3289555540.0,rank_episode_iv_a_new_hope,,Episode IV: A New Hope,a_new_hope,4,0
3289553574.0,rank_episode_iv_a_new_hope,,Episode IV: A New Hope,a_new_hope,4,0
3289553473.0,rank_episode_iv_a_new_hope,1.0,Episode IV: A New Hope,a_new_hope,4,1
3289552996.0,rank_episode_iv_a_new_hope,1.0,Episode IV: A New Hope,a_new_hope,4,1
3289552625.0,rank_episode_iv_a_new_hope,4.0,Episode IV: A New Hope,a_new_hope,4,1
3289543778.0,rank_episode_iv_a_new_hope,1.0,Episode IV: A New Hope,a_new_hope,4,1
3289540349.0,rank_episode_iv_a_new_hope,1.0,Episode IV: A New Hope,a_new_hope,4,1
3289539921.0,rank_episode_iv_a_new_hope,2.0,Episode IV: A New Hope,a_new_hope,4,1
3289537363.0,rank_episode_iv_a_new_hope,1.0,Episode IV: A New Hope,a_new_hope,4,1
3289537293.0,rank_episode_iv_a_new_hope,1.0,Episode IV: A New Hope,a_new_hope,4,1
3289536171.0,rank_episode_iv_a_new_hope,4.0,Episode IV: A New Hope,a_new_hope,4,1
3289533753.0,rank_episode_iv_a_new_hope,4.0,Episode IV: A New Hope,a_new_hope,4,1
3289531711.0,rank_episode_iv_a_new_hope,6.0,Episode IV: A New Hope,a_new_hope,4,1
3289530269.0,rank_episode_iv_a_new_hope,,Episode IV: A New Hope,a_new_hope,4,0
3289530042.0,rank_episode_iv_a_new_hope,3.0,Episode IV: A New Hope,a_new_hope,4,1
3289529064.0,rank_episode_iv_a_new_hope,4.0,Episode IV: A New Hope,a_new_hope,4,1
3289528214.0,rank_episode_iv_a_new_hope,,Episode IV: A New Hope,a_new_hope,4,0
3289526845.0,rank_episode_iv_a_new_hope,6.0,Episode IV: A New Hope,a_new_hope,4,1
3289526048.0,rank_episode_iv_a_new_hope,2.0,Episode IV: A New Hope,a_new_hope,4,1
3289522048.0,rank_episode_iv_a_new_hope,3.0,Episode IV: A New Hope,a_new_hope,4,1
3289512650.0,rank_episode_iv_a_new_hope,,Episode IV: A New Hope,a_new_hope,4,0
3289510637.0,rank_episode_iv_a_new_hope,1.0,Episode IV: A New Hope,a_new_hope,4,1
3289510083.0,rank_episode_iv_a_new_hope,,Episode IV: A New Hope,a_new_hope,4,0
3289508774.0,rank_episode_iv_a_new_hope,1.0,Episode IV: A New Hope,a_new_hope,4,1
3289505557.0,rank_episode_iv_a_new_hope,5.0,Episode IV: A New Hope,a_new_hope,4,1
3289498676.0,rank_episode_iv_a_new_hope,6.0,Episode IV: A New Hope,a_new_hope,4,1
3289498263.0,rank_episode_iv_a_new_hope,5.0,Episode IV: A New Hope,a_new_hope,4,1
3289498064.0,rank_episode_iv_a_new_hope,2.0,Episode IV: A New Hope,a_new_hope,4,1
3289494245.0,rank_episode_iv_a_new_hope,,Episode IV: A New Hope,a_new_hope,4,0
3289492759.0,rank_episode_iv_a_new_hope,,Episode IV: A New Hope,a_new_hope,4,0
3289492075.0,rank_episode_iv_a_new_hope,6.0,Episode IV: A New Hope,a_new_hope,4,1
3289489736.0,rank_episode_iv_a_new_hope,2.0,Episode IV: A New Hope,a_new_hope,4,1
3289485680.0,rank_episode_iv_a_new_hope,,Episode IV: A New Hope,a_new_hope,4,0
3289484757.0,rank_episode_iv_a_new_hope,6.0,Episode IV: A New Hope,a_new_hope,4,1
3289481873.0,rank_episode_iv_a_new_hope,,Episode IV: A New Hope,a_new_hope,4,0
3289481310.0,rank_episode_iv_a_new_hope,4.0,Episode IV: A New Hope,a_new_hope,4,1
3289472648.0,rank_episode_iv_a_new_hope,3.0,Episode IV: A New Hope,a_new_hope,4,1
3289469330.0,rank_episode_iv_a_new_hope,,Episode IV: A New Hope,a_new_hope,4,0
3289467778.0,rank_episode_iv_a_new_hope,3.0,Episode IV: A New Hope,a_new_hope,4,1
3289467324.0,rank_episode_iv_a_new_hope,6.0,Episode IV: A New Hope,a_new_hope,4,1
3289463626.0,rank_episode_iv_a_new_hope,,Episode IV: A New Hope,a_new_hope,4,0
3289463066.0,rank_episode_iv_a_new_hope,4.0,Episode IV: A New Hope,a_new_hope,4,1
3289459695.0,rank_episode_iv_a_new_hope,,Episode IV: A New Hope,a_new_hope,4,0
3289458608.0,rank_episode_iv_a_new_hope,1.0,Episode IV: A New Hope,a_new_hope,4,1
3289453110.0,rank_episode_iv_a_new_hope,4.0,Episode IV: A New Hope,a_new_hope,4,1
3289450247.0,rank_episode_iv_a_new_hope,5.0,Episode IV: A New Hope,a_new_hope,4,1
3289450050.0,rank_episode_iv_a_new_hope,3.0,Episode IV: A New Hope,a_new_hope,4,1
3289449176.0,rank_episode_iv_a_new_hope,1.0,Episode IV: A New Hope,a_new_hope,4,1
3289448435.0,rank_episode_iv_a_new_hope,2.0,Episode IV: A New Hope,a_new_hope,4,1
3289445841.0,rank_episode_iv_a_new_hope,4.0,Episode IV: A New Hope,a_new_hope,4,1
3289437997.0,rank_episode_iv_a_new_hope,,Episode IV: A New Hope,a_new_hope,4,0
3289436437.0,rank_episode_iv_a_new_hope,2.0,Episode IV: A New Hope,a_new_hope,4,1
3289434297.0,rank_episode_iv_a_new_hope,3.0,Episode IV: A New Hope,a_new_hope,4,1
3289425578.0,rank_episode_iv_a_new_hope,3.0,Episode IV: A New Hope,a_new_hope,4,1
3289423303.0,rank_episode_iv_a_new_hope,1.0,Episode IV: A New Hope,a_new_hope,4,1
3289419064.0,rank_episode_iv_a_new_hope,,Episode IV: A New Hope,a_new_hope,4,0
3289418012.0,rank_episode_iv_a_new_hope,,Episode IV: A New Hope,a_new_hope,4,0
3289416615.0,rank_episode_iv_a_new_hope,1.0,Episode IV: A New Hope,a_new_hope,4,1
3289415200.0,rank_episode_iv_a_new_hope,,Episode IV: A New Hope,a_new_hope,4,0
3289414959.0,rank_episode_iv_a_new_hope,1.0,Episode IV: A New Hope,a_new_hope,4,1
3289414036.0,rank_episode_iv_a_new_hope,5.0,Episode IV: A New Hope,a_new_hope,4,1
3289410507.0,rank_episode_iv_a_new_hope,1.0,Episode IV: A New Hope,a_new_hope,4,1
3289410455.0,rank_episode_iv_a_new_hope,2.0,Episode IV: A New Hope,a_new_hope,4,1
3289398157.0,rank_episode_iv_a_new_hope,4.0,Episode IV: A New Hope,a_new_hope,4,1
3289394268.0,rank_episode_iv_a_new_hope,6.0,Episode IV: A New Hope,a_new_hope,4,1
3289393495.0,rank_episode_iv_a_new_hope,6.0,Episode IV: A New Hope,a_new_hope,4,1
3289392497.0,rank_episode_iv_a_new_hope,2.0,Episode IV: A New Hope,a_new_hope,4,1
3289383220.0,rank_episode_iv_a_new_hope,2.0,Episode IV: A New Hope,a_new_hope,4,1
3289381739.0,rank_episode_iv_a_new_hope,3.0,Episode IV: A New Hope,a_new_hope,4,1
3289374653.0,rank_episode_iv_a_new_hope,,Episode IV: A New Hope,a_new_hope,4,0
3289370623.0,rank_episode_iv_a_new_hope,4.0,Episode IV: A New Hope,a_new_hope,4,1
3289369318.0,rank_episode_iv_a_new_hope,3.0,Episode IV: A New Hope,a_new_hope,4,1
3289363684.0,rank_episode_iv_a_new_hope,5.0,Episode IV: A New Hope,a_new_hope,4,1
3289358306.0,rank_episode_iv_a_new_hope,4.0,Episode IV: A New Hope,a_new_hope,4,1
3289354975.0,rank_episode_iv_a_new_hope,3.0,Episode IV: A New Hope,a_new_hope,4,1
3289351950.0,rank_episode_iv_a_new_hope,6.0,Episode IV: A New Hope,a_new_hope,4,1
3289351379.0,rank_episode_iv_a_new_hope,1.0,Episode IV: A New Hope,a_new_hope,4,1
3289341349.0,rank_episode_iv_a_new_hope,,Episode IV: A New Hope,a_new_hope,4,0
3289334585.0,rank_episode_iv_a_new_hope,,Episode IV: A New Hope,a_new_hope,4,0
3289334511.0,rank_episode_iv_a_new_hope,,Episode IV: A New Hope,a_new_hope,4,0
3289322178.0,rank_episode_iv_a_new_hope,5.0,Episode IV: A New Hope,a_new_hope,4,1
3289321600.0,rank_episode_iv_a_new_hope,4.0,Episode IV: A New Hope,a_new_hope,4,1
3289317542.0,rank_episode_iv_a_new_hope,1.0,Episode IV: A New Hope,a_new_hope,4,1
3289316592.0,rank_episode_iv_a_new_hope,,Episode IV: A New Hope,a_new_hope,4,0
3289311086.0,rank_episode_iv_a_new_hope,1.0,Episode IV: A New Hope,a_new_hope,4,1
3289305272.0,rank_episode_iv_a_new_hope,,Episode IV: A New Hope,a_new_hope,4,0
3289302743.0,rank_episode_iv_a_new_hope,,Episode IV: A New Hope,a_new_hope,4,0
3289301976.0,rank_episode_iv_a_new_hope,,Episode IV: A New Hope,a_new_hope,4,0
3289282741.0,rank_episode_iv_a_new_hope,,Episode IV: A New Hope,a_new_hope,4,0
3289281855.0,rank_episode_iv_a_new_hope,,Episode IV: A New Hope,a_new_hope,4,0
3289279767.0,rank_episode_iv_a_new_hope,,Episode IV: A New Hope,a_new_hope,4,0
3289274314.0,rank_episode_iv_a_new_hope,1.0,Episode IV: A New Hope,a_new_hope,4,1
3289274207.0,rank_episode_iv_a_new_hope,,Episode IV: A New Hope,a_new_hope,4,0
3289262699.0,rank_episode_iv_a_new_hope,1.0,Episode IV: A New Hope,a_new_hope,4,1
3289262511.0,rank_episode_iv_a_new_hope,6.0,Episode IV: A New Hope,a_new_hope,4,1
3289242777.0,rank_episode_iv_a_new_hope,,Episode IV: A New Hope,a_new_hope,4,0
3289236782.0,rank_episode_iv_a_new_hope,3.0,Episode IV: A New Hope,a_new_hope,4,1
3289198607.0,rank_episode_iv_a_new_hope,1.0,Episode IV: A New Hope,a_new_hope,4,1
3289179421.0,rank_episode_iv_a_new_hope,,Episode IV: A New Hope,a_new_hope,4,0
3289178815.0,rank_episode_iv_a_new_hope,,Episode IV: A New Hope,a_new_hope,4,0
3289177383.0,rank_episode_iv_a_new_hope,2.0,Episode IV: A New Hope,a_new_hope,4,1
3289172932.0,rank_episode_iv_a_new_hope,,Episode IV: A New Hope,a_new_hope,4,0
3289156917.0,rank_episode_iv_a_new_hope,1.0,Episode IV: A New Hope,a_new_hope,4,1
3289153001.0,rank_episode_iv_a_new_hope,4.0,Episode IV: A New Hope,a_new_hope,4,1
3289148779.0,rank_episode_iv_a_new_hope,4.0,Episode IV: A New Hope,a_new_hope,4,1
3289112999.0,rank_episode_iv_a_new_hope,3.0,Episode IV: A New Hope,a_new_hope,4,1
3289095873.0,rank_episode_iv_a_new_hope,4.0,Episode IV: A New Hope,a_new_hope,4,1
3289069642.0,rank_episode_iv_a_new_hope,1.0,Episode IV: A New Hope,a_new_hope,4,1
3289064086.0,rank_episode_iv_a_new_hope,1.0,Episode IV: A New Hope,a_new_hope,4,1
3289054324.0,rank_episode_iv_a_new_hope,3.0,Episode IV: A New Hope,a_new_hope,4,1
3289049751.0,rank_episode_iv_a_new_hope,4.0,Episode IV: A New Hope,a_new_hope,4,1
3289032654.0,rank_episode_iv_a_new_hope,,Episode IV: A New Hope,a_new_hope,4,0
3288941294.0,rank_episode_iv_a_new_hope,6.0,Episode IV: A New Hope,a_new_hope,4,1
3288846487.0,rank_episode_iv_a_new_hope,1.0,Episode IV: A New Hope,a_new_hope,4,1
3288826742.0,rank_episode_iv_a_new_hope,,Episode IV: A New Hope,a_new_hope,4,0
3288823234.0,rank_episode_iv_a_new_hope,,Episode IV: A New Hope,a_new_hope,4,0
3288802482.0,rank_episode_iv_a_new_hope,4.0,Episode IV: A New Hope,a_new_hope,4,1
3288793006.0,rank_episode_iv_a_new_hope,5.0,Episode IV: A New Hope,a_new_hope,4,1
3288777560.0,rank_episode_iv_a_new_hope,2.0,Episode IV: A New Hope,a_new_hope,4,1
3288772244.0,rank_episode_iv_a_new_hope,3.0,Episode IV: A New Hope,a_new_hope,4,1
3288771826.0,rank_episode_iv_a_new_hope,1.0,Episode IV: A New Hope,a_new_hope,4,1
3288750443.0,rank_episode_iv_a_new_hope,1.0,Episode IV: A New Hope,a_new_hope,4,1
3288741236.0,rank_episode_iv_a_new_hope,6.0,Episode IV: A New Hope,a_new_hope,4,1
3288740386.0,rank_episode_iv_a_new_hope,4.0,Episode IV: A New Hope,a_new_hope,4,1
3288728912.0,rank_episode_iv_a_new_hope,1.0,Episode IV: A New Hope,a_new_hope,4,1
3288723253.0,rank_episode_iv_a_new_hope,,Episode IV: A New Hope,a_new_hope,4,0
3288722710.0,rank_episode_iv_a_new_hope,1.0,Episode IV: A New Hope,a_new_hope,4,1
3288719090.0,rank_episode_iv_a_new_hope,1.0,Episode IV: A New Hope,a_new_hope,4,1
3288718743.0,rank_episode_iv_a_new_hope,1.0,Episode IV: A New Hope,a_new_hope,4,1
3288714827.0,rank_episode_iv_a_new_hope,2.0,Episode IV: A New Hope,a_new_hope,4,1
3288714697.0,rank_episode_iv_a_new_hope,1.0,Episode IV: A New Hope,a_new_hope,4,1
3288713721.0,rank_episode_iv_a_new_hope,3.0,Episode IV: A New Hope,a_new_hope,4,1
3288713570.0,rank_episode_iv_a_new_hope,1.0,Episode IV: A New Hope,a_new_hope,4,1
3288712832.0,rank_episode_iv_a_new_hope,4.0,Episode IV: A New Hope,a_new_hope,4,1
3288704807.0,rank_episode_iv_a_new_hope,2.0,Episode IV: A New Hope,a_new_hope,4,1
3288702291.0,rank_episode_iv_a_new_hope,2.0,Episode IV: A New Hope,a_new_hope,4,1
3288700554.0,rank_episode_iv_a_new_hope,5.0,Episode IV: A New Hope,a_new_hope,4,1
3288699973.0,rank_episode_iv_a_new_hope,,Episode IV: A New Hope,a_new_hope,4,0
3288698545.0,rank_episode_iv_a_new_hope,,Episode IV: A New Hope,a_new_hope,4,0
3288698085.0,rank_episode_iv_a_new_hope,4.0,Episode IV: A New Hope,a_new_hope,4,1
3288697760.0,rank_episode_iv_a_new_hope,4.0,Episode IV: A New Hope,a_new_hope,4,1
3288696158.0,rank_episode_iv_a_new_hope,,Episode IV: A New Hope,a_new_hope,4,0
3288694272.0,rank_episode_iv_a_new_hope,,Episode IV: A New Hope,a_new_hope,4,0
3288690295.0,rank_episode_iv_a_new_hope,1.0,Episode IV: A New Hope,a_new_hope,4,1
3288689621.0,rank_episode_iv_a_new_hope,,Episode IV: A New Hope,a_new_hope,4,0
3288687502.0,rank_episode_iv_a_new_hope,6.0,Episode IV: A New Hope,a_new_hope,4,1
3288685641.0,rank_episode_iv_a_new_hope,4.0,Episode IV: A New Hope,a_new_hope,4,1
3288683262.0,rank_episode_iv_a_new_hope,,Episode IV: A New Hope,a_new_hope,4,0
3288683105.0,rank_episode_iv_a_new_hope,3.0,Episode IV: A New Hope,a_new_hope,4,1
3288682774.0,rank_episode_iv_a_new_hope,,Episode IV: A New Hope,a_new_hope,4,0
3288682656.0,rank_episode_iv_a_new_hope,4.0,Episode IV: A New Hope,a_new_hope,4,1
3288678886.0,rank_episode_iv_a_new_hope,6.0,Episode IV: A New Hope,a_new_hope,4,1
3288675923.0,rank_episode_iv_a_new_hope,6.0,Episode IV: A New Hope,a_new_hope,4,1
3288672490.0,rank_episode_iv_a_new_hope,1.0,Episode IV: A New Hope,a_new_hope,4,1
3288672409.0,rank_episode_iv_a_new_hope,3.0,Episode IV: A New Hope,a_new_hope,4,1
3288672197.0,rank_episode_iv_a_new_hope,,Episode IV: A New Hope,a_new_hope,4,0
3288671359.0,rank_episode_iv_a_new_hope,4.0,Episode IV: A New Hope,a_new_hope,4,1
3288671328.0,rank_episode_iv_a_new_hope,1.0,Episode IV: A New Hope,a_new_hope,4,1
3288670345.0,rank_episode_iv_a_new_hope,1.0,Episode IV: A New Hope,a_new_hope,4,1
3288668791.0,rank_episode_iv_a_new_hope,4.0,Episode IV: A New Hope,a_new_hope,4,1
3288668404.0,rank_episode_iv_a_new_hope,,Episode IV: A New Hope,a_new_hope,4,0
3288668176.0,rank_episode_iv_a_new_hope,4.0,Episode IV: A New Hope,a_new_hope,4,1
3288666429.0,rank_episode_iv_a_new_hope,,Episode IV: A New Hope,a_new_hope,4,0
3288665797.0,rank_episode_iv_a_new_hope,,Episode IV: A New Hope,a_new_hope,4,0
3288665355.0,rank_episode_iv_a_new_hope,,Episode IV: A New Hope,a_new_hope,4,0
3288662617.0,rank_episode_iv_a_new_hope,,Episode IV: A New Hope,a_new_hope,4,0
3288660175.0,rank_episode_iv_a_new_hope,1.0,Episode IV: A New Hope,a_new_hope,4,1
3288657866.0,rank_episode_iv_a_new_hope,4.0,Episode IV: A New Hope,a_new_hope,4,1
3288657113.0,rank_episode_iv_a_new_hope,3.0,Episode IV: A New Hope,a_new_hope,4,1
3288653945.0,rank_episode_iv_a_new_hope,,Episode IV: A New Hope,a_new_hope,4,0
3288653548.0,rank_episode_iv_a_new_hope,5.0,Episode IV: A New Hope,a_new_hope,4,1
3288653332.0,rank_episode_iv_a_new_hope,,Episode IV: A New Hope,a_new_hope,4,0
3288653149.0,rank_episode_iv_a_new_hope,6.0,Episode IV: A New Hope,a_new_hope,4,1
3288650455.0,rank_episode_iv_a_new_hope,1.0,Episode IV: A New Hope,a_new_hope,4,1
3288649171.0,rank_episode_iv_a_new_hope,,Episode IV: A New Hope,a_new_hope,4,0
3288647913.0,rank_episode_iv_a_new_hope,6.0,Episode IV: A New Hope,a_new_hope,4,1
3288647623.0,rank_episode_iv_a_new_hope,3.0,Episode IV: A New Hope,a_new_hope,4,1
3288644592.0,rank_episode_iv_a_new_hope,5.0,Episode IV: A New Hope,a_new_hope,4,1
3288644163.0,rank_episode_iv_a_new_hope,2.0,Episode IV: A New Hope,a_new_hope,4,1
3288641278.0,rank_episode_iv_a_new_hope,,Episode IV: A New Hope,a_new_hope,4,0
3288639879.0,rank_episode_iv_a_new_hope,,Episode IV: A New Hope,a_new_hope,4,0
3288639732.0,rank_episode_iv_a_new_hope,,Episode IV: A New Hope,a_new_hope,4,0
3288639377.0,rank_episode_iv_a_new_hope,5.0,Episode IV: A New Hope,a_new_hope,4,1
3288638640.0,rank_episode_iv_a_new_hope,,Episode IV: A New Hope,a_new_hope,4,0
3288635451.0,rank_episode_iv_a_new_hope,4.0,Episode IV: A New Hope,a_new_hope,4,1
3288633861.0,rank_episode_iv_a_new_hope,,Episode IV: A New Hope,a_new_hope,4,0
3288629979.0,rank_episode_iv_a_new_hope,1.0,Episode IV: A New Hope,a_new_hope,4,1
3288627180.0,rank_episode_iv_a_new_hope,,Episode IV: A New Hope,a_new_hope,4,0
3288625580.0,rank_episode_iv_a_new_hope,6.0,Episode IV: A New Hope,a_new_hope,4,1
3288623870.0,rank_episode_iv_a_new_hope,1.0,Episode IV: A New Hope,a_new_hope,4,1
3288623420.0,rank_episode_iv_a_new_hope,,Episode IV: A New Hope,a_new_hope,4,0
3288623033.0,rank_episode_iv_a_new_hope,6.0,Episode IV: A New Hope,a_new_hope,4,1
3288620198.0,rank_episode_iv_a_new_hope,3.0,Episode IV: A New Hope,a_new_hope,4,1
3288618459.0,rank_episode_iv_a_new_hope,6.0,Episode IV: A New Hope,a_new_hope,4,1
3288617343.0,rank_episode_iv_a_new_hope,,Episode IV: A New Hope,a_new_hope,4,0
3288617091.0,rank_episode_iv_a_new_hope,1.0,Episode IV: A New Hope,a_new_hope,4,1
3288614671.0,rank_episode_iv_a_new_hope,2.0,Episode IV: A New Hope,a_new_hope,4,1
3288614539.0,rank_episode_iv_a_new_hope,2.0,Episode IV: A New Hope,a_new_hope,4,1
3288614195.0,rank_episode_iv_a_new_hope,6.0,Episode IV: A New Hope,a_new_hope,4,1
3288613051.0,rank_episode_iv_a_new_hope,,Episode IV: A New Hope,a_new_hope,4,0
3288609566.0,rank_episode_iv_a_new_hope,2.0,Episode IV: A New Hope,a_new_hope,4,1
3288608965.0,rank_episode_iv_a_new_hope,,Episode IV: A New Hope,a_new_hope,4,0
3288604946.0,rank_episode_iv_a_new_hope,4.0,Episode IV: A New Hope,a_new_hope,4,1
3288602883.0,rank_episode_iv_a_new_hope,6.0,Episode IV: A New Hope,a_new_hope,4,1
3288601847.0,rank_episode_iv_a_new_hope,2.0,Episode IV: A New Hope,a_new_hope,4,1
3288601827.0,rank_episode_iv_a_new_hope,,Episode IV: A New Hope,a_new_hope,4,0
3288599799.0,rank_episode_iv_a_new_hope,6.0,Episode IV: A New Hope,a_new_hope,4,1
3288599067.0,rank_episode_iv_a_new_hope,2.0,Episode IV: A New Hope,a_new_hope,4,1
3288593331.0,rank_episode_iv_a_new_hope,,Episode IV: A New Hope,a_new_hope,4,0
3288590836.0,rank_episode_iv_a_new_hope,,Episode IV: A New Hope,a_new_hope,4,0
3288588424.0,rank_episode_iv_a_new_hope,,Episode IV: A New Hope,a_new_hope,4,0
3288587373.0,rank_episode_iv_a_new_hope,3.0,Episode IV: A New Hope,a_new_hope,4,1
3288586178.0,rank_episode_iv_a_new_hope,3.0,Episode IV: A New Hope,a_new_hope,4,1
3288585053.0,rank_episode_iv_a_new_hope,3.0,Episode IV: A New Hope,a_new_hope,4,1
3288584578.0,rank_episode_iv_a_new_hope,1.0,Episode IV: A New Hope,a_new_hope,4,1
3288583884.0,rank_episode_iv_a_new_hope,3.0,Episode IV: A New Hope,a_new_hope,4,1
3288583591.0,rank_episode_iv_a_new_hope,,Episode IV: A New Hope,a_new_hope,4,0
3288581774.0,rank_episode_iv_a_new_hope,,Episode IV: A New Hope,a_new_hope,4,0
3288580684.0,rank_episode_iv_a_new_hope,,Episode IV: A New Hope,a_new_hope,4,0
3288580145.0,rank_episode_iv_a_new_hope,,Episode IV: A New Hope,a_new_hope,4,0
3288579719.0,rank_episode_iv_a_new_hope,,Episode IV: A New Hope,a_new_hope,4,0
3288579445.0,rank_episode_iv_a_new_hope,,Episode IV: A New Hope,a_new_hope,4,0
3288578983.0,rank_episode_iv_a_new_hope,6.0,Episode IV: A New Hope,a_new_hope,4,1
3288578072.0,rank_episode_iv_a_new_hope,3.0,Episode IV: A New Hope,a_new_hope,4,1
3288576462.0,rank_episode_iv_a_new_hope,2.0,Episode IV: A New Hope,a_new_hope,4,1
3288574703.0,rank_episode_iv_a_new_hope,3.0,Episode IV: A New Hope,a_new_hope,4,1
3288571196.0,rank_episode_iv_a_new_hope,5.0,Episode IV: A New Hope,a_new_hope,4,1
3288568534.0,rank_episode_iv_a_new_hope,3.0,Episode IV: A New Hope,a_new_hope,4,1
3288567242.0,rank_episode_iv_a_new_hope,2.0,Episode IV: A New Hope,a_new_hope,4,1
3288567154.0,rank_episode_iv_a_new_hope,1.0,Episode IV: A New Hope,a_new_hope,4,1
3288563970.0,rank_episode_iv_a_new_hope,,Episode IV: A New Hope,a_new_hope,4,0
3288563342.0,rank_episode_iv_a_new_hope,,Episode IV: A New Hope,a_new_hope,4,0
3288563065.0,rank_episode_iv_a_new_hope,1.0,Episode IV: A New Hope,a_new_hope,4,1
3288559700.0,rank_episode_iv_a_new_hope,,Episode IV: A New Hope,a_new_hope,4,0
3288559015.0,rank_episode_iv_a_new_hope,4.0,Episode IV: A New Hope,a_new_hope,4,1
3288558131.0,rank_episode_iv_a_new_hope,1.0,Episode IV: A New Hope,a_new_hope,4,1
3288557322.0,rank_episode_iv_a_new_hope,,Episode IV: A New Hope,a_new_hope,4,0
3288553903.0,rank_episode_iv_a_new_hope,3.0,Episode IV: A New Hope,a_new_hope,4,1
3288553457.0,rank_episode_iv_a_new_hope,,Episode IV: A New Hope,a_new_hope,4,0
3288552984.0,rank_episode_iv_a_new_hope,5.0,Episode IV: A New Hope,a_new_hope,4,1
3288551156.0,rank_episode_iv_a_new_hope,,Episode IV: A New Hope,a_new_hope,4,0
3288549677.0,rank_episode_iv_a_new_hope,,Episode IV: A New Hope,a_new_hope,4,0
3288547379.0,rank_episode_iv_a_new_hope,6.0,Episode IV: A New Hope,a_new_hope,4,1
3288545527.0,rank_episode_iv_a_new_hope,6.0,Episode IV: A New Hope,a_new_hope,4,1
3288544295.0,rank_episode_iv_a_new_hope,6.0,Episode IV: A New Hope,a_new_hope,4,1
3288539645.0,rank_episode_iv_a_new_hope,,Episode IV: A New Hope,a_new_hope,4,0
3288538248.0,rank_episode_iv_a_new_hope,1.0,Episode IV: A New Hope,a_new_hope,4,1
3288536532.0,rank_episode_iv_a_new_hope,1.0,Episode IV: A New Hope,a_new_hope,4,1
3288534023.0,rank_episode_iv_a_new_hope,5.0,Episode IV: A New Hope,a_new_hope,4,1
3288532773.0,rank_episode_iv_a_new_hope,,Episode IV: A New Hope,a_new_hope,4,0
3288532255.0,rank_episode_iv_a_new_hope,,Episode IV: A New Hope,a_new_hope,4,0
3288526244.0,rank_episode_iv_a_new_hope,,Episode IV: A New Hope,a_new_hope,4,0
3288524042.0,rank_episode_iv_a_new_hope,6.0,Episode IV: A New Hope,a_new_hope,4,1
3288523874.0,rank_episode_iv_a_new_hope,1.0,Episode IV: A New Hope,a_new_hope,4,1
3288522525.0,rank_episode_iv_a_new_hope,1.0,Episode IV: A New Hope,a_new_hope,4,1
3288522488.0,rank_episode_iv_a_new_hope,1.0,Episode IV: A New Hope,a_new_hope,4,1
3288521325.0,rank_episode_iv_a_new_hope,2.0,Episode IV: A New Hope,a_new_hope,4,1
3288519037.0,rank_episode_iv_a_new_hope,6.0,Episode IV: A New Hope,a_new_hope,4,1
3288516295.0,rank_episode_iv_a_new_hope,6.0,Episode IV: A New Hope,a_new_hope,4,1
3288515773.0,rank_episode_iv_a_new_hope,1.0,Episode IV: A New Hope,a_new_hope,4,1
3288514217.0,rank_episode_iv_a_new_hope,6.0,Episode IV: A New Hope,a_new_hope,4,1
3288513045.0,rank_episode_iv_a_new_hope,,Episode IV: A New Hope,a_new_hope,4,0
3288512822.0,rank_episode_iv_a_new_hope,6.0,Episode IV: A New Hope,a_new_hope,4,1
3288512665.0,rank_episode_iv_a_new_hope,3.0,Episode IV: A New Hope,a_new_hope,4,1
3288512020.0,rank_episode_iv_a_new_hope,,Episode IV: A New Hope,a_new_hope,4,0
3288511686.0,rank_episode_iv_a_new_hope,,Episode IV: A New Hope,a_new_hope,4,0
3288511180.0,rank_episode_iv_a_new_hope,4.0,Episode IV: A New Hope,a_new_hope,4,1
3288509415.0,rank_episode_iv_a_new_hope,6.0,Episode IV: A New Hope,a_new_hope,4,1
3288506275.0,rank_episode_iv_a_new_hope,1.0,Episode IV: A New Hope,a_new_hope,4,1
3288505925.0,rank_episode_iv_a_new_hope,2.0,Episode IV: A New Hope,a_new_hope,4,1
3288505737.0,rank_episode_iv_a_new_hope,4.0,Episode IV: A New Hope,a_new_hope,4,1
3288505216.0,rank_episode_iv_a_new_hope,,Episode IV: A New Hope,a_new_hope,4,0
3288505151.0,rank_episode_iv_a_new_hope,,Episode IV: A New Hope,a_new_hope,4,0
3288504398.0,rank_episode_iv_a_new_hope,4.0,Episode IV: A New Hope,a_new_hope,4,1
3288502884.0,rank_episode_iv_a_new_hope,3.0,Episode IV: A New Hope,a_new_hope,4,1
3288501301.0,rank_episode_iv_a_new_hope,5.0,Episode IV: A New Hope,a_new_hope,4,1
3288499757.0,rank_episode_iv_a_new_hope,,Episode IV: A New Hope,a_new_hope,4,0
3288498715.0,rank_episode_iv_a_new_hope,3.0,Episode IV: A New Hope,a_new_hope,4,1
3288497532.0,rank_episode_iv_a_new_hope,,Episode IV: A New Hope,a_new_hope,4,0
3288497228.0,rank_episode_iv_a_new_hope,2.0,Episode IV: A New Hope,a_new_hope,4,1
3288497010.0,rank_episode_iv_a_new_hope,,Episode IV: A New Hope,a_new_hope,4,0
3288493077.0,rank_episode_iv_a_new_hope,6.0,Episode IV: A New Hope,a_new_hope,4,1
3288492006.0,rank_episode_iv_a_new_hope,6.0,Episode IV: A New Hope,a_new_hope,4,1
3288484535.0,rank_episode_iv_a_new_hope,6.0,Episode IV: A New Hope,a_new_hope,4,1
3288482717.0,rank_episode_iv_a_new_hope,2.0,Episode IV: A New Hope,a_new_hope,4,1
3288482581.0,rank_episode_iv_a_new_hope,1.0,Episode IV: A New Hope,a_new_hope,4,1
3288482369.0,rank_episode_iv_a_new_hope,4.0,Episode IV: A New Hope,a_new_hope,4,1
3288479368.0,rank_episode_iv_a_new_hope,3.0,Episode IV: A New Hope,a_new_hope,4,1
3288479074.0,rank_episode_iv_a_new_hope,,Episode IV: A New Hope,a_new_hope,4,0
3288477753.0,rank_episode_iv_a_new_hope,6.0,Episode IV: A New Hope,a_new_hope,4,1
3288476971.0,rank_episode_iv_a_new_hope,2.0,Episode IV: A New Hope,a_new_hope,4,1
3288472373.0,rank_episode_iv_a_new_hope,,Episode IV: A New Hope,a_new_hope,4,0
3288471192.0,rank_episode_iv_a_new_hope,,Episode IV: A New Hope,a_new_hope,4,0
3288469670.0,rank_episode_iv_a_new_hope,,Episode IV: A New Hope,a_new_hope,4,0
3288469047.0,rank_episode_iv_a_new_hope,6.0,Episode IV: A New Hope,a_new_hope,4,1
3288460192.0,rank_episode_iv_a_new_hope,,Episode IV: A New Hope,a_new_hope,4,0
3288459190.0,rank_episode_iv_a_new_hope,6.0,Episode IV: A New Hope,a_new_hope,4,1
3288458873.0,rank_episode_iv_a_new_hope,,Episode IV: A New Hope,a_new_hope,4,0
3288456946.0,rank_episode_iv_a_new_hope,1.0,Episode IV: A New Hope,a_new_hope,4,1
3288455900.0,rank_episode_iv_a_new_hope,,Episode IV: A New Hope,a_new_hope,4,0
3288453555.0,rank_episode_iv_a_new_hope,4.0,Episode IV: A New Hope,a_new_hope,4,1
3288446700.0,rank_episode_iv_a_new_hope,4.0,Episode IV: A New Hope,a_new_hope,4,1
3288446529.0,rank_episode_iv_a_new_hope,6.0,Episode IV: A New Hope,a_new_hope,4,1
3288445926.0,rank_episode_iv_a_new_hope,3.0,Episode IV: A New Hope,a_new_hope,4,1
3288444784.0,rank_episode_iv_a_new_hope,6.0,Episode IV: A New Hope,a_new_hope,4,1
3288442728.0,rank_episode_iv_a_new_hope,5.0,Episode IV: A New Hope,a_new_hope,4,1
3288436226.0,rank_episode_iv_a_new_hope,,Episode IV: A New Hope,a_new_hope,4,0
3288432395.0,rank_episode_iv_a_new_hope,,Episode IV: A New Hope,a_new_hope,4,0
3288429451.0,rank_episode_iv_a_new_hope,1.0,Episode IV: A New Hope,a_new_hope,4,1
3288429390.0,rank_episode_iv_a_new_hope,,Episode IV: A New Hope,a_new_hope,4,0
3288429092.0,rank_episode_iv_a_new_hope,1.0,Episode IV: A New Hope,a_new_hope,4,1
3288428243.0,rank_episode_iv_a_new_hope,1.0,Episode IV: A New Hope,a_new_hope,4,1
3288425859.0,rank_episode_iv_a_new_hope,6.0,Episode IV: A New Hope,a_new_hope,4,1
3288423088.0,rank_episode_iv_a_new_hope,,Episode IV: A New Hope,a_new_hope,4,0
3288423045.0,rank_episode_iv_a_new_hope,5.0,Episode IV: A New Hope,a_new_hope,4,1
3288421819.0,rank_episode_iv_a_new_hope,,Episode IV: A New Hope,a_new_hope,4,0
3288420798.0,rank_episode_iv_a_new_hope,5.0,Episode IV: A New Hope,a_new_hope,4,1
3288417782.0,rank_episode_iv_a_new_hope,6.0,Episode IV: A New Hope,a_new_hope,4,1
3288417641.0,rank_episode_iv_a_new_hope,1.0,Episode IV: A New Hope,a_new_hope,4,1
3288416959.0,rank_episode_iv_a_new_hope,1.0,Episode IV: A New Hope,a_new_hope,4,1
3288415166.0,rank_episode_iv_a_new_hope,6.0,Episode IV: A New Hope,a_new_hope,4,1
3288414025.0,rank_episode_iv_a_new_hope,3.0,Episode IV: A New Hope,a_new_hope,4,1
3288413441.0,rank_episode_iv_a_new_hope,4.0,Episode IV: A New Hope,a_new_hope,4,1
3288410348.0,rank_episode_iv_a_new_hope,6.0,Episode IV: A New Hope,a_new_hope,4,1
3288410073.0,rank_episode_iv_a_new_hope,,Episode IV: A New Hope,a_new_hope,4,0
3288408698.0,rank_episode_iv_a_new_hope,3.0,Episode IV: A New Hope,a_new_hope,4,1
3288402717.0,rank_episode_iv_a_new_hope,,Episode IV: A New Hope,a_new_hope,4,0
3288402643.0,rank_episode_iv_a_new_hope,5.0,Episode IV: A New Hope,a_new_hope,4,1
3288402592.0,rank_episode_iv_a_new_hope,1.0,Episode IV: A New Hope,a_new_hope,4,1
3288402511.0,rank_episode_iv_a_new_hope,4.0,Episode IV: A New Hope,a_new_hope,4,1
3288401681.0,rank_episode_iv_a_new_hope,4.0,Episode IV: A New Hope,a_new_hope,4,1
3288401136.0,rank_episode_iv_a_new_hope,6.0,Episode IV: A New Hope,a_new_hope,4,1
3288398062.0,rank_episode_iv_a_new_hope,4.0,Episode IV: A New Hope,a_new_hope,4,1
3288396374.0,rank_episode_iv_a_new_hope,4.0,Episode IV: A New Hope,a_new_hope,4,1
3288395255.0,rank_episode_iv_a_new_hope,,Episode IV: A New Hope,a_new_hope,4,0
3288391812.0,rank_episode_iv_a_new_hope,6.0,Episode IV: A New Hope,a_new_hope,4,1
3288389603.0,rank_episode_iv_a_new_hope,2.0,Episode IV: A New Hope,a_new_hope,4,1
3288388730.0,rank_episode_iv_a_new_hope,3.0,Episode IV: A New Hope,a_new_hope,4,1
3288378779.0,rank_episode_iv_a_new_hope,2.0,Episode IV: A New Hope,a_new_hope,4,1
3288375286.0,rank_episode_iv_a_new_hope,,Episode IV: A New Hope,a_new_hope,4,0
3288373068.0,rank_episode_iv_a_new_hope,5.0,Episode IV: A New Hope,a_new_hope,4,1
3288372923.0,rank_episode_iv_a_new_hope,3.0,Episode IV: A New Hope,a_new_hope,4,1
3292879998.0,rank_episode_v_the_empire_strikes_back,5.0,Episode V: The Empire Strikes Back,the_empire_strikes_back,5,1
3292879538.0,rank_episode_v_the_empire_strikes_back,,Episode V: The Empire Strikes Back,the_empire_strikes_back,5,0
3292765271.0,rank_episode_v_the_empire_strikes_back,5.0,Episode V: The Empire Strikes Back,the_empire_strikes_back,5,1
3292763116.0,rank_episode_v_the_empire_strikes_back,4.0,Episode V: The Empire Strikes Back,the_empire_strikes_back,5,1
3292731220.0,rank_episode_v_the_empire_strikes_back,1.0,Episode V: The Empire Strikes Back,the_empire_strikes_back,5,1
3292719380.0,rank_episode_v_the_empire_strikes_back,5.0,Episode V: The Empire Strikes Back,the_empire_strikes_back,5,1
3292684787.0,rank_episode_v_the_empire_strikes_back,1.0,Episode V: The Empire Strikes Back,the_empire_strikes_back,5,1
3292663732.0,rank_episode_v_the_empire_strikes_back,2.0,Episode V: The Empire Strikes Back,the_empire_strikes_back,5,1
3292654043.0,rank_episode_v_the_empire_strikes_back,1.0,Episode V: The Empire Strikes Back,the_empire_strikes_back,5,1
3292640424.0,rank_episode_v_the_empire_strikes_back,5.0,Episode V: The Empire Strikes Back,the_empire_strikes_back,5,1
3292637870.0,rank_episode_v_the_empire_strikes_back,,Episode V: The Empire Strikes Back,the_empire_strikes_back,5,0
3292635062.0,rank_episode_v_the_empire_strikes_back,,Episode V: The Empire Strikes Back,the_empire_strikes_back,5,0
3292609214.0,rank_episode_v_the_empire_strikes_back,1.0,Episode V: The Empire Strikes Back,the_empire_strikes_back,5,1
3292596911.0,rank_episode_v_the_empire_strikes_back,3.0,Episode V: The Empire Strikes Back,the_empire_strikes_back,5,1
3292587240.0,rank_episode_v_the_empire_strikes_back,1.0,Episode V: The Empire Strikes Back,the_empire_strikes_back,5,1
3292583038.0,rank_episode_v_the_empire_strikes_back,1.0,Episode V: The Empire Strikes Back,the_empire_strikes_back,5,1
3292580516.0,rank_episode_v_the_empire_strikes_back,5.0,Episode V: The Empire Strikes Back,the_empire_strikes_back,5,1
3292572872.0,rank_episode_v_the_empire_strikes_back,5.0,Episode V: The Empire Strikes Back,the_empire_strikes_back,5,1
3292565282.0,rank_episode_v_the_empire_strikes_back,1.0,Episode V: The Empire Strikes Back,the_empire_strikes_back,5,1
3292562297.0,rank_episode_v_the_empire_strikes_back,3.0,Episode V: The Empire Strikes Back,the_empire_strikes_back,5,1
3292522349.0,rank_episode_v_the_empire_strikes_back,2.0,Episode V: The Empire Strikes Back,the_empire_strikes_back,5,1
3292521066.0,rank_episode_v_the_empire_strikes_back,2.0,Episode V: The Empire Strikes Back,the_empire_strikes_back,5,1
3292511801.0,rank_episode_v_the_empire_strikes_back,1.0,Episode V: The Empire Strikes Back,the_empire_strikes_back,5,1
3292483200.0,rank_episode_v_the_empire_strikes_back,3.0,Episode V: The Empire Strikes Back,the_empire_strikes_back,5,1
3292465491.0,rank_episode_v_the_empire_strikes_back,4.0,Episode V: The Empire Strikes Back,the_empire_strikes_back,5,1
3292447974.0,rank_episode_v_the_empire_strikes_back,,Episode V: The Empire Strikes Back,the_empire_strikes_back,5,0
3292420123.0,rank_episode_v_the_empire_strikes_back,3.0,Episode V: The Empire Strikes Back,the_empire_strikes_back,5,1
3292384040.0,rank_episode_v_the_empire_strikes_back,3.0,Episode V: The Empire Strikes Back,the_empire_strikes_back,5,1
3292380493.0,rank_episode_v_the_empire_strikes_back,1.0,Episode V: The Empire Strikes Back,the_empire_strikes_back,5,1
3292376985.0,rank_episode_v_the_empire_strikes_back,1.0,Episode V: The Empire Strikes Back,the_empire_strikes_back,5,1
3292366792.0,rank_episode_v_the_empire_strikes_back,2.0,Episode V: The Empire Strikes Back,the_empire_strikes_back,5,1
3292339379.0,rank_episode_v_the_empire_strikes_back,1.0,Episode V: The Empire Strikes Back,the_empire_strikes_back,5,1
3292330840.0,rank_episode_v_the_empire_strikes_back,4.0,Episode V: The Empire Strikes Back,the_empire_strikes_back,5,1
3292318652.0,rank_episode_v_the_empire_strikes_back,4.0,Episode V: The Empire Strikes Back,the_empire_strikes_back,5,1
3292297848.0,rank_episode_v_the_empire_strikes_back,,Episode V: The Empire Strikes Back,the_empire_strikes_back,5,0
3292290677.0,rank_episode_v_the_empire_strikes_back,2.0,Episode V: The Empire Strikes Back,the_empire_strikes_back,5,1
3292281095.0,rank_episode_v_the_empire_strikes_back,6.0,Episode V: The Empire Strikes Back,the_empire_strikes_back,5,1
3292279889.0,rank_episode_v_the_empire_strikes_back,6.0,Episode V: The Empire Strikes Back,the_empire_strikes_back,5,1
3292264069.0,rank_episode_v_the_empire_strikes_back,4.0,Episode V: The Empire Strikes Back,the_empire_strikes_back,5,1
3292257520.0,rank_episode_v_the_empire_strikes_back,2.0,Episode V: The Empire Strikes Back,the_empire_strikes_back,5,1
3292249492.0,rank_episode_v_the_empire_strikes_back,4.0,Episode V: The Empire Strikes Back,the_empire_strikes_back,5,1
3292222729.0,rank_episode_v_the_empire_strikes_back,1.0,Episode V: The Empire Strikes Back,the_empire_strikes_back,5,1
3292221635.0,rank_episode_v_the_empire_strikes_back,1.0,Episode V: The Empire Strikes Back,the_empire_strikes_back,5,1
3292218251.0,rank_episode_v_the_empire_strikes_back,1.0,Episode V: The Empire Strikes Back,the_empire_strikes_back,5,1
3292214307.0,rank_episode_v_the_empire_strikes_back,2.0,Episode V: The Empire Strikes Back,the_empire_strikes_back,5,1
3292210606.0,rank_episode_v_the_empire_strikes_back,1.0,Episode V: The Empire Strikes Back,the_empire_strikes_back,5,1
3292202220.0,rank_episode_v_the_empire_strikes_back,,Episode V: The Empire Strikes Back,the_empire_strikes_back,5,0
3292189580.0,rank_episode_v_the_empire_strikes_back,1.0,Episode V: The Empire Strikes Back,the_empire_strikes_back,5,1
3292187343.0,rank_episode_v_the_empire_strikes_back,2.0,Episode V: The Empire Strikes Back,the_empire_strikes_back,5,1
3292186608.0,rank_episode_v_the_empire_strikes_back,,Episode V: The Empire Strikes Back,the_empire_strikes_back,5,0
3292178389.0,rank_episode_v_the_empire_strikes_back,1.0,Episode V: The Empire Strikes Back,the_empire_strikes_back,5,1
3292176862.0,rank_episode_v_the_empire_strikes_back,1.0,Episode V: The Empire Strikes Back,the_empire_strikes_back,5,1
3292173922.0,rank_episode_v_the_empire_strikes_back,2.0,Episode V: The Empire Strikes Back,the_empire_strikes_back,5,1
3292167131.0,rank_episode_v_the_empire_strikes_back,1.0,Episode V: The Empire Strikes Back,the_empire_strikes_back,5,1
3292162057.0,rank_episode_v_the_empire_strikes_back,1.0,Episode V: The Empire Strikes Back,the_empire_strikes_back,5,1
3292161407.0,rank_episode_v_the_empire_strikes_back,,Episode V: The Empire Strikes Back,the_empire_strikes_back,5,0
3292156614.0,rank_episode_v_the_empire_strikes_back,1.0,Episode V: The Empire Strikes Back,the_empire_strikes_back,5,1
3292148570.0,rank_episode_v_the_empire_strikes_back,1.0,Episode V: The Empire Strikes Back,the_empire_strikes_back,5,1
3292144665.0,rank_episode_v_the_empire_strikes_back,1.0,Episode V: The Empire Strikes Back,the_empire_strikes_back,5,1
3292143503.0,rank_episode_v_the_empire_strikes_back,3.0,Episode V: The Empire Strikes Back,the_empire_strikes_back,5,1
3292131636.0,rank_episode_v_the_empire_strikes_back,1.0,Episode V: The Empire Strikes Back,the_empire_strikes_back,5,1
3292125068.0,rank_episode_v_the_empire_strikes_back,5.0,Episode V: The Empire Strikes Back,the_empire_strikes_back,5,1
3292120160.0,rank_episode_v_the_empire_strikes_back,1.0,Episode V: The Empire Strikes Back,the_empire_strikes_back,5,1
3292103680.0,rank_episode_v_the_empire_strikes_back,1.0,Episode V: The Empire Strikes Back,the_empire_strikes_back,5,1
3292050153.0,rank_episode_v_the_empire_strikes_back,5.0,Episode V: The Empire Strikes Back,the_empire_strikes_back,5,1
3292041365.0,rank_episode_v_the_empire_strikes_back,1.0,Episode V: The Empire Strikes Back,the_empire_strikes_back,5,1
3292033243.0,rank_episode_v_the_empire_strikes_back,4.0,Episode V: The Empire Strikes Back,the_empire_strikes_back,5,1
3292031637.0,rank_episode_v_the_empire_strikes_back,3.0,Episode V: The Empire Strikes Back,the_empire_strikes_back,5,1
3292008762.0,rank_episode_v_the_empire_strikes_back,1.0,Episode V: The Empire Strikes Back,the_empire_strikes_back,5,1
3291992352.0,rank_episode_v_the_empire_strikes_back,2.0,Episode V: The Empire Strikes Back,the_empire_strikes_back,5,1
3291945498.0,rank_episode_v_the_empire_strikes_back,1.0,Episode V: The Empire Strikes Back,the_empire_strikes_back,5,1
3291940517.0,rank_episode_v_the_empire_strikes_back,2.0,Episode V: The Empire Strikes Back,the_empire_strikes_back,5,1
3291871486.0,rank_episode_v_the_empire_strikes_back,1.0,Episode V: The Empire Strikes Back,the_empire_strikes_back,5,1
3291778150.0,rank_episode_v_the_empire_strikes_back,2.0,Episode V: The Empire Strikes Back,the_empire_strikes_back,5,1
3291766314.0,rank_episode_v_the_empire_strikes_back,3.0,Episode V: The Empire Strikes Back,the_empire_strikes_back,5,1
3291762799.0,rank_episode_v_the_empire_strikes_back,1.0,Episode V: The Empire Strikes Back,the_empire_strikes_back,5,1
3291707153.0,rank_episode_v_the_empire_strikes_back,1.0,Episode V: The Empire Strikes Back,the_empire_strikes_back,5,1
3291701619.0,rank_episode_v_the_empire_strikes_back,4.0,Episode V: The Empire Strikes Back,the_empire_strikes_back,5,1
3291696391.0,rank_episode_v_the_empire_strikes_back,2.0,Episode V: The Empire Strikes Back,the_empire_strikes_back,5,1
3291684768.0,rank_episode_v_the_empire_strikes_back,2.0,Episode V: The Empire Strikes Back,the_empire_strikes_back,5,1
3291669388.0,rank_episode_v_the_empire_strikes_back,,Episode V: The Empire Strikes Back,the_empire_strikes_back,5,0
3291661584.0,rank_episode_v_the_empire_strikes_back,2.0,Episode V: The Empire Strikes Back,the_empire_strikes_back,5,1
3291658046.0,rank_episode_v_the_empire_strikes_back,2.0,Episode V: The Empire Strikes Back,the_empire_strikes_back,5,1
3291654919.0,rank_episode_v_the_empire_strikes_back,3.0,Episode V: The Empire Strikes Back,the_empire_strikes_back,5,1
3291653882.0,rank_episode_v_the_empire_strikes_back,,Episode V: The Empire Strikes Back,the_empire_strikes_back,5,0
3291650311.0,rank_episode_v_the_empire_strikes_back,1.0,Episode V: The Empire Strikes Back,the_empire_strikes_back,5,1
3291649780.0,rank_episode_v_the_empire_strikes_back,,Episode V: The Empire Strikes Back,the_empire_strikes_back,5,0
3291648660.0,rank_episode_v_the_empire_strikes_back,,Episode V: The Empire Strikes Back,the_empire_strikes_back,5,0
3291641416.0,rank_episode_v_the_empire_strikes_back,5.0,Episode V: The Empire Strikes Back,the_empire_strikes_back,5,1
3291635934.0,rank_episode_v_the_empire_strikes_back,,Episode V: The Empire Strikes Back,the_empire_strikes_back,5,0
3291634205.0,rank_episode_v_the_empire_strikes_back,3.0,Episode V: The Empire Strikes Back,the_empire_strikes_back,5,1
3291618031.0,rank_episode_v_the_empire_strikes_back,3.0,Episode V: The Empire Strikes Back,the_empire_strikes_back,5,1
3291603688.0,rank_episode_v_the_empire_strikes_back,,Episode V: The Empire Strikes Back,the_empire_strikes_back,5,0
3291602842.0,rank_episode_v_the_empire_strikes_back,5.0,Episode V: The Empire Strikes Back,the_empire_strikes_back,5,1
3291598188.0,rank_episode_v_the_empire_strikes_back,2.0,Episode V: The Empire Strikes Back,the_empire_strikes_back,5,1
3291588139.0,rank_episode_v_the_empire_strikes_back,3.0,Episode V: The Empire Strikes Back,the_empire_strikes_back,5,1
3291570206.0,rank_episode_v_the_empire_strikes_back,,Episode V: The Empire Strikes Back,the_empire_strikes_back,5,0
3291548852.0,rank_episode_v_the_empire_strikes_back,3.0,Episode V: The Empire Strikes Back,the_empire_strikes_back,5,1
3291529925.0,rank_episode_v_the_empire_strikes_back,1.0,Episode V: The Empire Strikes Back,the_empire_strikes_back,5,1
3291524547.0,rank_episode_v_the_empire_strikes_back,5.0,Episode V: The Empire Strikes Back,the_empire_strikes_back,5,1
3291502449.0,rank_episode_v_the_empire_strikes_back,1.0,Episode V: The Empire Strikes Back,the_empire_strikes_back,5,1
3291497337.0,rank_episode_v_the_empire_strikes_back,3.0,Episode V: The Empire Strikes Back,the_empire_strikes_back,5,1
3291482197.0,rank_episode_v_the_empire_strikes_back,2.0,Episode V: The Empire Strikes Back,the_empire_strikes_back,5,1
3291476650.0,rank_episode_v_the_empire_strikes_back,,Episode V: The Empire Strikes Back,the_empire_strikes_back,5,0
3291470613.0,rank_episode_v_the_empire_strikes_back,,Episode V: The Empire Strikes Back,the_empire_strikes_back,5,0
3291469991.0,rank_episode_v_the_empire_strikes_back,,Episode V: The Empire Strikes Back,the_empire_strikes_back,5,0
3291468155.0,rank_episode_v_the_empire_strikes_back,2.0,Episode V: The Empire Strikes Back,the_empire_strikes_back,5,1
3291461574.0,rank_episode_v_the_empire_strikes_back,3.0,Episode V: The Empire Strikes Back,the_empire_strikes_back,5,1
3291455642.0,rank_episode_v_the_empire_strikes_back,1.0,Episode V: The Empire Strikes Back,the_empire_strikes_back,5,1
3291446474.0,rank_episode_v_the_empire_strikes_back,2.0,Episode V: The Empire Strikes Back,the_empire_strikes_back,5,1
3291446275.0,rank_episode_v_the_empire_strikes_back,4.0,Episode V: The Empire Strikes Back,the_empire_strikes_back,5,1
3291439708.0,rank_episode_v_the_empire_strikes_back,2.0,Episode V: The Empire Strikes Back,the_empire_strikes_back,5,1
3291439404.0,rank_episode_v_the_empire_strikes_back,5.0,Episode V: The Empire Strikes Back,the_empire_strikes_back,5,1
3291437345.0,rank_episode_v_the_empire_strikes_back,3.0,Episode V: The Empire Strikes Back,the_empire_strikes_back,5,1
3291435787.0,rank_episode_v_the_empire_strikes_back,1.0,Episode V: The Empire Strikes Back,the_empire_strikes_back,5,1
3291435056.0,rank_episode_v_the_empire_strikes_back,,Episode V: The Empire Strikes Back,the_empire_strikes_back,5,0
3291433636.0,rank_episode_v_the_empire_strikes_back,2.0,Episode V: The Empire Strikes Back,the_empire_strikes_back,5,1
3291431939.0,rank_episode_v_the_empire_strikes_back,2.0,Episode V: The Empire Strikes Back,the_empire_strikes_back,5,1
3291430239.0,rank_episode_v_the_empire_strikes_back,,Episode V: The Empire Strikes Back,the_empire_strikes_back,5,0
3291430193.0,rank_episode_v_the_empire_strikes_back,,Episode V: The Empire Strikes Back,the_empire_strikes_back,5,0
3291428174.0,rank_episode_v_the_empire_strikes_back,1.0,Episode V: The Empire Strikes Back,the_empire_strikes_back,5,1
3291427761.0,rank_episode_v_the_empire_strikes_back,,Episode V: The Empire Strikes Back,the_empire_strikes_back,5,0
3291425110.0,rank_episode_v_the_empire_strikes_back,2.0,Episode V: The Empire Strikes Back,the_empire_strikes_back,5,1
3291424127.0,rank_episode_v_the_empire_strikes_back,2.0,Episode V: The Empire Strikes Back,the_empire_strikes_back,5,1
3291424006.0,rank_episode_v_the_empire_strikes_back,,Episode V: The Empire Strikes Back,the_empire_strikes_back,5,0
3291422637.0,rank_episode_v_the_empire_strikes_back,3.0,Episode V: The Empire Strikes Back,the_empire_strikes_back,5,1
3291421381.0,rank_episode_v_the_empire_strikes_back,,Episode V: The Empire Strikes Back,the_empire_strikes_back,5,0
3291420030.0,rank_episode_v_the_empire_strikes_back,,Episode V: The Empire Strikes Back,the_empire_strikes_back,5,0
3291410155.0,rank_episode_v_the_empire_strikes_back,,Episode V: The Empire Strikes Back,the_empire_strikes_back,5,0
3291405943.0,rank_episode_v_the_empire_strikes_back,,Episode V: The Empire Strikes Back,the_empire_strikes_back,5,0
3291402264.0,rank_episode_v_the_empire_strikes_back,,Episode V: The Empire Strikes Back,the_empire_strikes_back,5,0
3291401326.0,rank_episode_v_the_empire_strikes_back,5.0,Episode V: The Empire Strikes Back,the_empire_strikes_back,5,1
3291395512.0,rank_episode_v_the_empire_strikes_back,3.0,Episode V: The Empire Strikes Back,the_empire_strikes_back,5,1
3291394022.0,rank_episode_v_the_empire_strikes_back,1.0,Episode V: The Empire Strikes Back,the_empire_strikes_back,5,1
3291391717.0,rank_episode_v_the_empire_strikes_back,,Episode V: The Empire Strikes Back,the_empire_strikes_back,5,0
3291391446.0,rank_episode_v_the_empire_strikes_back,2.0,Episode V: The Empire Strikes Back,the_empire_strikes_back,5,1
3291391033.0,rank_episode_v_the_empire_strikes_back,,Episode V: The Empire Strikes Back,the_empire_strikes_back,5,0
3291390734.0,rank_episode_v_the_empire_strikes_back,,Episode V: The Empire Strikes Back,the_empire_strikes_back,5,0
3291388906.0,rank_episode_v_the_empire_strikes_back,,Episode V: The Empire Strikes Back,the_empire_strikes_back,5,0
3291388180.0,rank_episode_v_the_empire_strikes_back,1.0,Episode V: The Empire Strikes Back,the_empire_strikes_back,5,1
3291380973.0,rank_episode_v_the_empire_strikes_back,1.0,Episode V: The Empire Strikes Back,the_empire_strikes_back,5,1
3291378572.0,rank_episode_v_the_empire_strikes_back,5.0,Episode V: The Empire Strikes Back,the_empire_strikes_back,5,1
3291375306.0,rank_episode_v_the_empire_strikes_back,6.0,Episode V: The Empire Strikes Back,the_empire_strikes_back,5,1
3291364062.0,rank_episode_v_the_empire_strikes_back,5.0,Episode V: The Empire Strikes Back,the_empire_strikes_back,5,1
3291345427.0,rank_episode_v_the_empire_strikes_back,2.0,Episode V: The Empire Strikes Back,the_empire_strikes_back,5,1
3291341186.0,rank_episode_v_the_empire_strikes_back,,Episode V: The Empire Strikes Back,the_empire_strikes_back,5,0
3291330710.0,rank_episode_v_the_empire_strikes_back,3.0,Episode V: The Empire Strikes Back,the_empire_strikes_back,5,1
3291327304.0,rank_episode_v_the_empire_strikes_back,6.0,Episode V: The Empire Strikes Back,the_empire_strikes_back,5,1
3291320154.0,rank_episode_v_the_empire_strikes_back,3.0,Episode V: The Empire Strikes Back,the_empire_strikes_back,5,1
3291312980.0,rank_episode_v_the_empire_strikes_back,1.0,Episode V: The Empire Strikes Back,the_empire_strikes_back,5,1
3291290675.0,rank_episode_v_the_empire_strikes_back,,Episode V: The Empire Strikes Back,the_empire_strikes_back,5,0
3291288174.0,rank_episode_v_the_empire_strikes_back,3.0,Episode V: The Empire Strikes Back,the_empire_strikes_back,5,1
3291271932.0,rank_episode_v_the_empire_strikes_back,3.0,Episode V: The Empire Strikes Back,the_empire_strikes_back,5,1
3291267852.0,rank_episode_v_the_empire_strikes_back,2.0,Episode V: The Empire Strikes Back,the_empire_strikes_back,5,1
3291262515.0,rank_episode_v_the_empire_strikes_back,1.0,Episode V: The Empire Strikes Back,the_empire_strikes_back,5,1
3291233218.0,rank_episode_v_the_empire_strikes_back,1.0,Episode V: The Empire Strikes Back,the_empire_strikes_back,5,1
3291206864.0,rank_episode_v_the_empire_strikes_back,5.0,Episode V: The Empire Strikes Back,the_empire_strikes_back,5,1
3291203531.0,rank_episode_v_the_empire_strikes_back,,Episode V: The Empire Strikes Back,the_empire_strikes_back,5,0
3291184745.0,rank_episode_v_the_empire_strikes_back,1.0,Episode V: The Empire Strikes Back,the_empire_strikes_back,5,1
3291181010.0,rank_episode_v_the_empire_strikes_back,1.0,Episode V: The Empire Strikes Back,the_empire_strikes_back,5,1
3291159863.0,rank_episode_v_the_empire_strikes_back,1.0,Episode V: The Empire Strikes Back,the_empire_strikes_back,5,1
3291145258.0,rank_episode_v_the_empire_strikes_back,6.0,Episode V: The Empire Strikes Back,the_empire_strikes_back,5,1
3291141478.0,rank_episode_v_the_empire_strikes_back,5.0,Episode V: The Empire Strikes Back,the_empire_strikes_back,5,1
3291139156.0,rank_episode_v_the_empire_strikes_back,3.0,Episode V: The Empire Strikes Back,the_empire_strikes_back,5,1
3291121359.0,rank_episode_v_the_empire_strikes_back,1.0,Episode V: The Empire Strikes Back,the_empire_strikes_back,5,1
3291119656.0,rank_episode_v_the_empire_strikes_back,5.0,Episode V: The Empire Strikes Back,the_empire_strikes_back,5,1
3291101925.0,rank_episode_v_the_empire_strikes_back,3.0,Episode V: The Empire Strikes Back,the_empire_strikes_back,5,1
3291094347.0,rank_episode_v_the_empire_strikes_back,6.0,Episode V: The Empire Strikes Back,the_empire_strikes_back,5,1
3291092094.0,rank_episode_v_the_empire_strikes_back,5.0,Episode V: The Empire Strikes Back,the_empire_strikes_back,5,1
3291077381.0,rank_episode_v_the_empire_strikes_back,1.0,Episode V: The Empire Strikes Back,the_empire_strikes_back,5,1
3291075212.0,rank_episode_v_the_empire_strikes_back,1.0,Episode V: The Empire Strikes Back,the_empire_strikes_back,5,1
3291064417.0,rank_episode_v_the_empire_strikes_back,,Episode V: The Empire Strikes Back,the_empire_strikes_back,5,0
3291063226.0,rank_episode_v_the_empire_strikes_back,2.0,Episode V: The Empire Strikes Back,the_empire_strikes_back,5,1
3291060156.0,rank_episode_v_the_empire_strikes_back,3.0,Episode V: The Empire Strikes Back,the_empire_strikes_back,5,1
3291056296.0,rank_episode_v_the_empire_strikes_back,2.0,Episode V: The Empire Strikes Back,the_empire_strikes_back,5,1
3291052728.0,rank_episode_v_the_empire_strikes_back,2.0,Episode V: The Empire Strikes Back,the_empire_strikes_back,5,1
3291051343.0,rank_episode_v_the_empire_strikes_back,1.0,Episode V: The Empire Strikes Back,the_empire_strikes_back,5,1
3291045360.0,rank_episode_v_the_empire_strikes_back,3.0,Episode V: The Empire Strikes Back,the_empire_strikes_back,5,1
3291043176.0,rank_episode_v_the_empire_strikes_back,2.0,Episode V: The Empire Strikes Back,the_empire_strikes_back,5,1
3291042516.0,rank_episode_v_the_empire_strikes_back,1.0,Episode V: The Empire Strikes Back,the_empire_strikes_back,5,1
3291037640.0,rank_episode_v_the_empire_strikes_back,,Episode V: The Empire Strikes Back,the_empire_strikes_back,5,0
3291034202.0,rank_episode_v_the_empire_strikes_back,1.0,Episode V: The Empire Strikes Back,the_empire_strikes_back,5,1
3291033668.0,rank_episode_v_the_empire_strikes_back,,Episode V: The Empire Strikes Back,the_empire_strikes_back,5,0
3291032418.0,rank_episode_v_the_empire_strikes_back,2.0,Episode V: The Empire Strikes Back,the_empire_strikes_back,5,1
3291029281.0,rank_episode_v_the_empire_strikes_back,,Episode V: The Empire Strikes Back,the_empire_strikes_back,5,0
3291028446.0,rank_episode_v_the_empire_strikes_back,1.0,Episode V: The Empire Strikes Back,the_empire_strikes_back,5,1
3291024297.0,rank_episode_v_the_empire_strikes_back,1.0,Episode V: The Empire Strikes Back,the_empire_strikes_back,5,1
3291023456.0,rank_episode_v_the_empire_strikes_back,5.0,Episode V: The Empire Strikes Back,the_empire_strikes_back,5,1
3291022655.0,rank_episode_v_the_empire_strikes_back,1.0,Episode V: The Empire Strikes Back,the_empire_strikes_back,5,1
3291022275.0,rank_episode_v_the_empire_strikes_back,,Episode V: The Empire Strikes Back,the_empire_strikes_back,5,0
3291022013.0,rank_episode_v_the_empire_strikes_back,,Episode V: The Empire Strikes Back,the_empire_strikes_back,5,0
3291019033.0,rank_episode_v_the_empire_strikes_back,4.0,Episode V: The Empire Strikes Back,the_empire_strikes_back,5,1
3291018581.0,rank_episode_v_the_empire_strikes_back,,Episode V: The Empire Strikes Back,the_empire_strikes_back,5,0
3291015347.0,rank_episode_v_the_empire_strikes_back,,Episode V: The Empire Strikes Back,the_empire_strikes_back,5,0
3291014757.0,rank_episode_v_the_empire_strikes_back,2.0,Episode V: The Empire Strikes Back,the_empire_strikes_back,5,1
3291009055.0,rank_episode_v_the_empire_strikes_back,,Episode V: The Empire Strikes Back,the_empire_strikes_back,5,0
3291007877.0,rank_episode_v_the_empire_strikes_back,2.0,Episode V: The Empire Strikes Back,the_empire_strikes_back,5,1
3291006540.0,rank_episode_v_the_empire_strikes_back,,Episode V: The Empire Strikes Back,the_empire_strikes_back,5,0
3291002672.0,rank_episode_v_the_empire_strikes_back,6.0,Episode V: The Empire Strikes Back,the_empire_strikes_back,5,1
3291001879.0,rank_episode_v_the_empire_strikes_back,,Episode V: The Empire Strikes Back,the_empire_strikes_back,5,0
3290999912.0,rank_episode_v_the_empire_strikes_back,1.0,Episode V: The Empire Strikes Back,the_empire_strikes_back,5,1
3290998457.0,rank_episode_v_the_empire_strikes_back,,Episode V: The Empire Strikes Back,the_empire_strikes_back,5,0
3290996933.0,rank_episode_v_the_empire_strikes_back,1.0,Episode V: The Empire Strikes Back,the_empire_strikes_back,5,1
3290994001.0,rank_episode_v_the_empire_strikes_back,2.0,Episode V: The Empire Strikes Back,the_empire_strikes_back,5,1
3290992477.0,rank_episode_v_the_empire_strikes_back,1.0,Episode V: The Empire Strikes Back,the_empire_strikes_back,5,1
3290992371.0,rank_episode_v_the_empire_strikes_back,,Episode V: The Empire Strikes Back,the_empire_strikes_back,5,0
3290987996.0,rank_episode_v_the_empire_strikes_back,1.0,Episode V: The Empire Strikes Back,the_empire_strikes_back,5,1
3290984063.0,rank_episode_v_the_empire_strikes_back,6.0,Episode V: The Empire Strikes Back,the_empire_strikes_back,5,1
3290980789.0,rank_episode_v_the_empire_strikes_back,,Episode V: The Empire Strikes Back,the_empire_strikes_back,5,0
3290977827.0,rank_episode_v_the_empire_strikes_back,1.0,Episode V: The Empire Strikes Back,the_empire_strikes_back,5,1
3290976539.0,rank_episode_v_the_empire_strikes_back,,Episode V: The Empire Strikes Back,the_empire_strikes_back,5,0
3290975724.0,rank_episode_v_the_empire_strikes_back,5.0,Episode V: The Empire Strikes Back,the_empire_strikes_back,5,1
3290973695.0,rank_episode_v_the_empire_strikes_back,3.0,Episode V: The Empire Strikes Back,the_empire_strikes_back,5,1
3290973177.0,rank_episode_v_the_empire_strikes_back,,Episode V: The Empire Strikes Back,the_empire_strikes_back,5,0
3290973120.0,rank_episode_v_the_empire_strikes_back,,Episode V: The Empire Strikes Back,the_empire_strikes_back,5,0
3290972257.0,rank_episode_v_the_empire_strikes_back,3.0,Episode V: The Empire Strikes Back,the_empire_strikes_back,5,1
3290971794.0,rank_episode_v_the_empire_strikes_back,1.0,Episode V: The Empire Strikes Back,the_empire_strikes_back,5,1
3290971358.0,rank_episode_v_the_empire_strikes_back,5.0,Episode V: The Empire Strikes Back,the_empire_strikes_back,5,1
3290965482.0,rank_episode_v_the_empire_strikes_back,,Episode V: The Empire Strikes Back,the_empire_strikes_back,5,0
3290961855.0,rank_episode_v_the_empire_strikes_back,,Episode V: The Empire Strikes Back,the_empire_strikes_back,5,0
3290961497.0,rank_episode_v_the_empire_strikes_back,3.0,Episode V: The Empire Strikes Back,the_empire_strikes_back,5,1
3290953060.0,rank_episode_v_the_empire_strikes_back,,Episode V: The Empire Strikes Back,the_empire_strikes_back,5,0
3290949606.0,rank_episode_v_the_empire_strikes_back,,Episode V: The Empire Strikes Back,the_empire_strikes_back,5,0
3290948002.0,rank_episode_v_the_empire_strikes_back,1.0,Episode V: The Empire Strikes Back,the_empire_strikes_back,5,1
3290947136.0,rank_episode_v_the_empire_strikes_back,6.0,Episode V: The Empire Strikes Back,the_empire_strikes_back,5,1
3290947011.0,rank_episode_v_the_empire_strikes_back,3.0,Episode V: The Empire Strikes Back,the_empire_strikes_back,5,1
3290946211.0,rank_episode_v_the_empire_strikes_back,,Episode V: The Empire Strikes Back,the_empire_strikes_back,5,0
3290944858.0,rank_episode_v_the_empire_strikes_back,5.0,Episode V: The Empire Strikes Back,the_empire_strikes_back,5,1
3290944288.0,rank_episode_v_the_empire_strikes_back,2.0,Episode V: The Empire Strikes Back,the_empire_strikes_back,5,1
3290941824.0,rank_episode_v_the_empire_strikes_back,2.0,Episode V: The Empire Strikes Back,the_empire_strikes_back,5,1
3290939696.0,rank_episode_v_the_empire_strikes_back,,Episode V: The Empire Strikes Back,the_empire_strikes_back,5,0
3290934328.0,rank_episode_v_the_empire_strikes_back,2.0,Episode V: The Empire Strikes Back,the_empire_strikes_back,5,1
3290929229.0,rank_episode_v_the_empire_strikes_back,2.0,Episode V: The Empire Strikes Back,the_empire_strikes_back,5,1
3290927126.0,rank_episode_v_the_empire_strikes_back,,Episode V: The Empire Strikes Back,the_empire_strikes_back,5,0
3290926407.0,rank_episode_v_the_empire_strikes_back,,Episode V: The Empire Strikes Back,the_empire_strikes_back,5,0
3290922858.0,rank_episode_v_the_empire_strikes_back,2.0,Episode V: The Empire Strikes Back,the_empire_strikes_back,5,1
3290920752.0,rank_episode_v_the_empire_strikes_back,5.0,Episode V: The Empire Strikes Back,the_empire_strikes_back,5,1
3290919823.0,rank_episode_v_the_empire_strikes_back,2.0,Episode V: The Empire Strikes Back,the_empire_strikes_back,5,1
3290919419.0,rank_episode_v_the_empire_strikes_back,3.0,Episode V: The Empire Strikes Back,the_empire_strikes_back,5,1
3290917153.0,rank_episode_v_the_empire_strikes_back,1.0,Episode V: The Empire Strikes Back,the_empire_strikes_back,5,1
3290917131.0,rank_episode_v_the_empire_strikes_back,2.0,Episode V: The Empire Strikes Back,the_empire_strikes_back,5,1
3290916554.0,rank_episode_v_the_empire_strikes_back,6.0,Episode V: The Empire Strikes Back,the_empire_strikes_back,5,1
3290915885.0,rank_episode_v_the_empire_strikes_back,4.0,Episode V: The Empire Strikes Back,the_empire_strikes_back,5,1
3290912485.0,rank_episode_v_the_empire_strikes_back,,Episode V: The Empire Strikes Back,the_empire_strikes_back,5,0
3290912014.0,rank_episode_v_the_empire_strikes_back,3.0,Episode V: The Empire Strikes Back,the_empire_strikes_back,5,1
3290910069.0,rank_episode_v_the_empire_strikes_back,1.0,Episode V: The Empire Strikes Back,the_empire_strikes_back,5,1
3290906086.0,rank_episode_v_the_empire_strikes_back,4.0,Episode V: The Empire Strikes Back,the_empire_strikes_back,5,1
3290906022.0,rank_episode_v_the_empire_strikes_back,3.0,Episode V: The Empire Strikes Back,the_empire_strikes_back,5,1
3290903423.0,rank_episode_v_the_empire_strikes_back,1.0,Episode V: The Empire Strikes Back,the_empire_strikes_back,5,1
3290902880.0,rank_episode_v_the_empire_strikes_back,2.0,Episode V: The Empire Strikes Back,the_empire_strikes_back,5,1
3290901027.0,rank_episode_v_the_empire_strikes_back,1.0,Episode V: The Empire Strikes Back,the_empire_strikes_back,5,1
3290896982.0,rank_episode_v_the_empire_strikes_back,,Episode V: The Empire Strikes Back,the_empire_strikes_back,5,0
3290893301.0,rank_episode_v_the_empire_strikes_back,,Episode V: The Empire Strikes Back,the_empire_strikes_back,5,0
3290889443.0,rank_episode_v_the_empire_strikes_back,5.0,Episode V: The Empire Strikes Back,the_empire_strikes_back,5,1
3290888715.0,rank_episode_v_the_empire_strikes_back,,Episode V: The Empire Strikes Back,the_empire_strikes_back,5,0
3290888303.0,rank_episode_v_the_empire_strikes_back,3.0,Episode V: The Empire Strikes Back,the_empire_strikes_back,5,1
3290888102.0,rank_episode_v_the_empire_strikes_back,4.0,Episode V: The Empire Strikes Back,the_empire_strikes_back,5,1
3290888079.0,rank_episode_v_the_empire_strikes_back,6.0,Episode V: The Empire Strikes Back,the_empire_strikes_back,5,1
3290884427.0,rank_episode_v_the_empire_strikes_back,1.0,Episode V: The Empire Strikes Back,the_empire_strikes_back,5,1
3290881566.0,rank_episode_v_the_empire_strikes_back,2.0,Episode V: The Empire Strikes Back,the_empire_strikes_back,5,1
3290879019.0,rank_episode_v_the_empire_strikes_back,2.0,Episode V: The Empire Strikes Back,the_empire_strikes_back,5,1
3290878766.0,rank_episode_v_the_empire_strikes_back,2.0,Episode V: The Empire Strikes Back,the_empire_strikes_back,5,1
3290874545.0,rank_episode_v_the_empire_strikes_back,,Episode V: The Empire Strikes Back,the_empire_strikes_back,5,0
3290873342.0,rank_episode_v_the_empire_strikes_back,1.0,Episode V: The Empire Strikes Back,the_empire_strikes_back,5,1
3290871307.0,rank_episode_v_the_empire_strikes_back,2.0,Episode V: The Empire Strikes Back,the_empire_strikes_back,5,1
3290869696.0,rank_episode_v_the_empire_strikes_back,,Episode V: The Empire Strikes Back,the_empire_strikes_back,5,0
3290863729.0,rank_episode_v_the_empire_strikes_back,1.0,Episode V: The Empire Strikes Back,the_empire_strikes_back,5,1
3290863193.0,rank_episode_v_the_empire_strikes_back,3.0,Episode V: The Empire Strikes Back,the_empire_strikes_back,5,1
3290862050.0,rank_episode_v_the_empire_strikes_back,,Episode V: The Empire Strikes Back,the_empire_strikes_back,5,0
3290860908.0,rank_episode_v_the_empire_strikes_back,1.0,Episode V: The Empire Strikes Back,the_empire_strikes_back,5,1
3290860842.0,rank_episode_v_the_empire_strikes_back,1.0,Episode V: The Empire Strikes Back,the_empire_strikes_back,5,1
3290860558.0,rank_episode_v_the_empire_strikes_back,2.0,Episode V: The Empire Strikes Back,the_empire_strikes_back,5,1
3290858689.0,rank_episode_v_the_empire_strikes_back,,Episode V: The Empire Strikes Back,the_empire_strikes_back,5,0
3290858543.0,rank_episode_v_the_empire_strikes_back,1.0,Episode V: The Empire Strikes Back,the_empire_strikes_back,5,1
3290855818.0,rank_episode_v_the_empire_strikes_back,2.0,Episode V: The Empire Strikes Back,the_empire_strikes_back,5,1
3290854802.0,rank_episode_v_the_empire_strikes_back,1.0,Episode V: The Empire Strikes Back,the_empire_strikes_back,5,1
3290853559.0,rank_episode_v_the_empire_strikes_back,1.0,Episode V: The Empire Strikes Back,the_empire_strikes_back,5,1
3290853267.0,rank_episode_v_the_empire_strikes_back,,Episode V: The Empire Strikes Back,the_empire_strikes_back,5,0
3290852271.0,rank_episode_v_the_empire_strikes_back,,Episode V: The Empire Strikes Back,the_empire_strikes_back,5,0
3290848617.0,rank_episode_v_the_empire_strikes_back,1.0,Episode V: The Empire Strikes Back,the_empire_strikes_back,5,1
3290846848.0,rank_episode_v_the_empire_strikes_back,5.0,Episode V: The Empire Strikes Back,the_empire_strikes_back,5,1
3290846769.0,rank_episode_v_the_empire_strikes_back,6.0,Episode V: The Empire Strikes Back,the_empire_strikes_back,5,1
3290846466.0,rank_episode_v_the_empire_strikes_back,4.0,Episode V: The Empire Strikes Back,the_empire_strikes_back,5,1
3290845752.0,rank_episode_v_the_empire_strikes_back,2.0,Episode V: The Empire Strikes Back,the_empire_strikes_back,5,1
3290845367.0,rank_episode_v_the_empire_strikes_back,3.0,Episode V: The Empire Strikes Back,the_empire_strikes_back,5,1
3290845046.0,rank_episode_v_the_empire_strikes_back,1.0,Episode V: The Empire Strikes Back,the_empire_strikes_back,5,1
3290844577.0,rank_episode_v_the_empire_strikes_back,,Episode V: The Empire Strikes Back,the_empire_strikes_back,5,0
3290841815.0,rank_episode_v_the_empire_strikes_back,1.0,Episode V: The Empire Strikes Back,the_empire_strikes_back,5,1
3290840905.0,rank_episode_v_the_empire_strikes_back,,Episode V: The Empire Strikes Back,the_empire_strikes_back,5,0
3290836653.0,rank_episode_v_the_empire_strikes_back,1.0,Episode V: The Empire Strikes Back,the_empire_strikes_back,5,1
3290834007.0,rank_episode_v_the_empire_strikes_back,5.0,Episode V: The Empire Strikes Back,the_empire_strikes_back,5,1
3290829888.0,rank_episode_v_the_empire_strikes_back,2.0,Episode V: The Empire Strikes Back,the_empire_strikes_back,5,1
3290828902.0,rank_episode_v_the_empire_strikes_back,,Episode V: The Empire Strikes Back,the_empire_strikes_back,5,0
3290824340.0,rank_episode_v_the_empire_strikes_back,,Episode V: The Empire Strikes Back,the_empire_strikes_back,5,0
3290821620.0,rank_episode_v_the_empire_strikes_back,1.0,Episode V: The Empire Strikes Back,the_empire_strikes_back,5,1
3290819415.0,rank_episode_v_the_empire_strikes_back,1.0,Episode V: The Empire Strikes Back,the_empire_strikes_back,5,1
3290815080.0,rank_episode_v_the_empire_strikes_back,,Episode V: The Empire Strikes Back,the_empire_strikes_back,5,0
3290812610.0,rank_episode_v_the_empire_strikes_back,1.0,Episode V: The Empire Strikes Back,the_empire_strikes_back,5,1
3290810177.0,rank_episode_v_the_empire_strikes_back,2.0,Episode V: The Empire Strikes Back,the_empire_strikes_back,5,1
3290810023.0,rank_episode_v_the_empire_strikes_back,5.0,Episode V: The Empire Strikes Back,the_empire_strikes_back,5,1
3290807769.0,rank_episode_v_the_empire_strikes_back,,Episode V: The Empire Strikes Back,the_empire_strikes_back,5,0
3290806200.0,rank_episode_v_the_empire_strikes_back,1.0,Episode V: The Empire Strikes Back,the_empire_strikes_back,5,1
3290805125.0,rank_episode_v_the_empire_strikes_back,5.0,Episode V: The Empire Strikes Back,the_empire_strikes_back,5,1
3290804128.0,rank_episode_v_the_empire_strikes_back,,Episode V: The Empire Strikes Back,the_empire_strikes_back,5,0
3290804008.0,rank_episode_v_the_empire_strikes_back,6.0,Episode V: The Empire Strikes Back,the_empire_strikes_back,5,1
3290799403.0,rank_episode_v_the_empire_strikes_back,5.0,Episode V: The Empire Strikes Back,the_empire_strikes_back,5,1
3290798641.0,rank_episode_v_the_empire_strikes_back,,Episode V: The Empire Strikes Back,the_empire_strikes_back,5,0
3290798064.0,rank_episode_v_the_empire_strikes_back,5.0,Episode V: The Empire Strikes Back,the_empire_strikes_back,5,1
3290796650.0,rank_episode_v_the_empire_strikes_back,3.0,Episode V: The Empire Strikes Back,the_empire_strikes_back,5,1
3290792507.0,rank_episode_v_the_empire_strikes_back,1.0,Episode V: The Empire Strikes Back,the_empire_strikes_back,5,1
3290787286.0,rank_episode_v_the_empire_strikes_back,1.0,Episode V: The Empire Strikes Back,the_empire_strikes_back,5,1
3290785928.0,rank_episode_v_the_empire_strikes_back,5.0,Episode V: The Empire Strikes Back,the_empire_strikes_back,5,1
3290782952.0,rank_episode_v_the_empire_strikes_back,,Episode V: The Empire Strikes Back,the_empire_strikes_back,5,0
3290781544.0,rank_episode_v_the_empire_strikes_back,4.0,Episode V: The Empire Strikes Back,the_empire_strikes_back,5,1
3290781284.0,rank_episode_v_the_empire_strikes_back,,Episode V: The Empire Strikes Back,the_empire_strikes_back,5,0
3290781039.0,rank_episode_v_the_empire_strikes_back,2.0,Episode V: The Empire Strikes Back,the_empire_strikes_back,5,1
3290779524.0,rank_episode_v_the_empire_strikes_back,2.0,Episode V: The Empire Strikes Back,the_empire_strikes_back,5,1
3290779140.0,rank_episode_v_the_empire_strikes_back,6.0,Episode V: The Empire Strikes Back,the_empire_strikes_back,5,1
3290778828.0,rank_episode_v_the_empire_strikes_back,2.0,Episode V: The Empire Strikes Back,the_empire_strikes_back,5,1
3290777129.0,rank_episode_v_the_empire_strikes_back,,Episode V: The Empire Strikes Back,the_empire_strikes_back,5,0
3290773277.0,rank_episode_v_the_empire_strikes_back,1.0,Episode V: The Empire Strikes Back,the_empire_strikes_back,5,1
3290769012.0,rank_episode_v_the_empire_strikes_back,,Episode V: The Empire Strikes Back,the_empire_strikes_back,5,0
3290767951.0,rank_episode_v_the_empire_strikes_back,,Episode V: The Empire Strikes Back,the_empire_strikes_back,5,0
3290767535.0,rank_episode_v_the_empire_strikes_back,2.0,Episode V: The Empire Strikes Back,the_empire_strikes_back,5,1
3290765210.0,rank_episode_v_the_empire_strikes_back,,Episode V: The Empire Strikes Back,the_empire_strikes_back,5,0
3290762924.0,rank_episode_v_the_empire_strikes_back,1.0,Episode V: The Empire Strikes Back,the_empire_strikes_back,5,1
3290761823.0,rank_episode_v_the_empire_strikes_back,,Episode V: The Empire Strikes Back,the_empire_strikes_back,5,0
3290760722.0,rank_episode_v_the_empire_strikes_back,2.0,Episode V: The Empire Strikes Back,the_empire_strikes_back,5,1
3290759512.0,rank_episode_v_the_empire_strikes_back,1.0,Episode V: The Empire Strikes Back,the_empire_strikes_back,5,1
3290758362.0,rank_episode_v_the_empire_strikes_back,2.0,Episode V: The Empire Strikes Back,the_empire_strikes_back,5,1
3290757230.0,rank_episode_v_the_empire_strikes_back,5.0,Episode V: The Empire Strikes Back,the_empire_strikes_back,5,1
3290756394.0,rank_episode_v_the_empire_strikes_back,2.0,Episode V: The Empire Strikes Back,the_empire_strikes_back,5,1
3290755451.0,rank_episode_v_the_empire_strikes_back,1.0,Episode V: The Empire Strikes Back,the_empire_strikes_back,5,1
3290753390.0,rank_episode_v_the_empire_strikes_back,2.0,Episode V: The Empire Strikes Back,the_empire_strikes_back,5,1
3290749764.0,rank_episode_v_the_empire_strikes_back,5.0,Episode V: The Empire Strikes Back,the_empire_strikes_back,5,1
3290749229.0,rank_episode_v_the_empire_strikes_back,1.0,Episode V: The Empire Strikes Back,the_empire_strikes_back,5,1
3290746853.0,rank_episode_v_the_empire_strikes_back,1.0,Episode V: The Empire Strikes Back,the_empire_strikes_back,5,1
3290744027.0,rank_episode_v_the_empire_strikes_back,,Episode V: The Empire Strikes Back,the_empire_strikes_back,5,0
3290741994.0,rank_episode_v_the_empire_strikes_back,2.0,Episode V: The Empire Strikes Back,the_empire_strikes_back,5,1
3290741405.0,rank_episode_v_the_empire_strikes_back,2.0,Episode V: The Empire Strikes Back,the_empire_strikes_back,5,1
3290740448.0,rank_episode_v_the_empire_strikes_back,3.0,Episode V: The Empire Strikes Back,the_empire_strikes_back,5,1
3290739967.0,rank_episode_v_the_empire_strikes_back,6.0,Episode V: The Empire Strikes Back,the_empire_strikes_back,5,1
3290739235.0,rank_episode_v_the_empire_strikes_back,1.0,Episode V: The Empire Strikes Back,the_empire_strikes_back,5,1
3290738262.0,rank_episode_v_the_empire_strikes_back,,Episode V: The Empire Strikes Back,the_empire_strikes_back,5,0
3290737104.0,rank_episode_v_the_empire_strikes_back,,Episode V: The Empire Strikes Back,the_empire_strikes_back,5,0
3290736072.0,rank_episode_v_the_empire_strikes_back,2.0,Episode V: The Empire Strikes Back,the_empire_strikes_back,5,1
3290734874.0,rank_episode_v_the_empire_strikes_back,2.0,Episode V: The Empire Strikes Back,the_empire_strikes_back,5,1
3290733932.0,rank_episode_v_the_empire_strikes_back,5.0,Episode V: The Empire Strikes Back,the_empire_strikes_back,5,1
3290733316.0,rank_episode_v_the_empire_strikes_back,1.0,Episode V: The Empire Strikes Back,the_empire_strikes_back,5,1
3290732383.0,rank_episode_v_the_empire_strikes_back,1.0,Episode V: The Empire Strikes Back,the_empire_strikes_back,5,1
3290727763.0,rank_episode_v_the_empire_strikes_back,3.0,Episode V: The Empire Strikes Back,the_empire_strikes_back,5,1
3290726075.0,rank_episode_v_the_empire_strikes_back,1.0,Episode V: The Empire Strikes Back,the_empire_strikes_back,5,1
3290719847.0,rank_episode_v_the_empire_strikes_back,,Episode V: The Empire Strikes Back,the_empire_strikes_back,5,0
3290718359.0,rank_episode_v_the_empire_strikes_back,,Episode V: The Empire Strikes Back,the_empire_strikes_back,5,0
3290717899.0,rank_episode_v_the_empire_strikes_back,1.0,Episode V: The Empire Strikes Back,the_empire_strikes_back,5,1
3290717372.0,rank_episode_v_the_empire_strikes_back,,Episode V: The Empire Strikes Back,the_empire_strikes_back,5,0
3290714941.0,rank_episode_v_the_empire_strikes_back,4.0,Episode V: The Empire Strikes Back,the_empire_strikes_back,5,1
3290714484.0,rank_episode_v_the_empire_strikes_back,1.0,Episode V: The Empire Strikes Back,the_empire_strikes_back,5,1
3290714430.0,rank_episode_v_the_empire_strikes_back,,Episode V: The Empire Strikes Back,the_empire_strikes_back,5,0
3290714378.0,rank_episode_v_the_empire_strikes_back,2.0,Episode V: The Empire Strikes Back,the_empire_strikes_back,5,1
3290712204.0,rank_episode_v_the_empire_strikes_back,1.0,Episode V: The Empire Strikes Back,the_empire_strikes_back,5,1
3290711898.0,rank_episode_v_the_empire_strikes_back,,Episode V: The Empire Strikes Back,the_empire_strikes_back,5,0
3290711882.0,rank_episode_v_the_empire_strikes_back,1.0,Episode V: The Empire Strikes Back,the_empire_strikes_back,5,1
3290711757.0,rank_episode_v_the_empire_strikes_back,,Episode V: The Empire Strikes Back,the_empire_strikes_back,5,0
3290711487.0,rank_episode_v_the_empire_strikes_back,1.0,Episode V: The Empire Strikes Back,the_empire_strikes_back,5,1
3290711262.0,rank_episode_v_the_empire_strikes_back,5.0,Episode V: The Empire Strikes Back,the_empire_strikes_back,5,1
3290708664.0,rank_episode_v_the_empire_strikes_back,5.0,Episode V: The Empire Strikes Back,the_empire_strikes_back,5,1
3290707402.0,rank_episode_v_the_empire_strikes_back,,Episode V: The Empire Strikes Back,the_empire_strikes_back,5,0
3290706716.0,rank_episode_v_the_empire_strikes_back,1.0,Episode V: The Empire Strikes Back,the_empire_strikes_back,5,1
3290706611.0,rank_episode_v_the_empire_strikes_back,1.0,Episode V: The Empire Strikes Back,the_empire_strikes_back,5,1
3290703210.0,rank_episode_v_the_empire_strikes_back,5.0,Episode V: The Empire Strikes Back,the_empire_strikes_back,5,1
3290701442.0,rank_episode_v_the_empire_strikes_back,,Episode V: The Empire Strikes Back,the_empire_strikes_back,5,0
3290700285.0,rank_episode_v_the_empire_strikes_back,1.0,Episode V: The Empire Strikes Back,the_empire_strikes_back,5,1
3290700214.0,rank_episode_v_the_empire_strikes_back,5.0,Episode V: The Empire Strikes Back,the_empire_strikes_back,5,1
3290700030.0,rank_episode_v_the_empire_strikes_back,6.0,Episode V: The Empire Strikes Back,the_empire_strikes_back,5,1
3290699410.0,rank_episode_v_the_empire_strikes_back,1.0,Episode V: The Empire Strikes Back,the_empire_strikes_back,5,1
3290695784.0,rank_episode_v_the_empire_strikes_back,2.0,Episode V: The Empire Strikes Back,the_empire_strikes_back,5,1
3290695316.0,rank_episode_v_the_empire_strikes_back,,Episode V: The Empire Strikes Back,the_empire_strikes_back,5,0
3290694269.0,rank_episode_v_the_empire_strikes_back,,Episode V: The Empire Strikes Back,the_empire_strikes_back,5,0
3290693095.0,rank_episode_v_the_empire_strikes_back,,Episode V: The Empire Strikes Back,the_empire_strikes_back,5,0
3290692020.0,rank_episode_v_the_empire_strikes_back,,Episode V: The Empire Strikes Back,the_empire_strikes_back,5,0
3290691758.0,rank_episode_v_the_empire_strikes_back,5.0,Episode V: The Empire Strikes Back,the_empire_strikes_back,5,1
3290689343.0,rank_episode_v_the_empire_strikes_back,5.0,Episode V: The Empire Strikes Back,the_empire_strikes_back,5,1
3290687981.0,rank_episode_v_the_empire_strikes_back,1.0,Episode V: The Empire Strikes Back,the_empire_strikes_back,5,1
3290687830.0,rank_episode_v_the_empire_strikes_back,5.0,Episode V: The Empire Strikes Back,the_empire_strikes_back,5,1
3290686887.0,rank_episode_v_the_empire_strikes_back,,Episode V: The Empire Strikes Back,the_empire_strikes_back,5,0
3290686362.0,rank_episode_v_the_empire_strikes_back,,Episode V: The Empire Strikes Back,the_empire_strikes_back,5,0
3290685885.0,rank_episode_v_the_empire_strikes_back,,Episode V: The Empire Strikes Back,the_empire_strikes_back,5,0
3290684868.0,rank_episode_v_the_empire_strikes_back,2.0,Episode V: The Empire Strikes Back,the_empire_strikes_back,5,1
3290684287.0,rank_episode_v_the_empire_strikes_back,2.0,Episode V: The Empire Strikes Back,the_empire_strikes_back,5,1
3290681574.0,rank_episode_v_the_empire_strikes_back,,Episode V: The Empire Strikes Back,the_empire_strikes_back,5,0
3290678952.0,rank_episode_v_the_empire_strikes_back,2.0,Episode V: The Empire Strikes Back,the_empire_strikes_back,5,1
3290678515.0,rank_episode_v_the_empire_strikes_back,3.0,Episode V: The Empire Strikes Back,the_empire_strikes_back,5,1
3290676695.0,rank_episode_v_the_empire_strikes_back,1.0,Episode V: The Empire Strikes Back,the_empire_strikes_back,5,1
3290674534.0,rank_episode_v_the_empire_strikes_back,,Episode V: The Empire Strikes Back,the_empire_strikes_back,5,0
3290667297.0,rank_episode_v_the_empire_strikes_back,5.0,Episode V: The Empire Strikes Back,the_empire_strikes_back,5,1
3290664543.0,rank_episode_v_the_empire_strikes_back,2.0,Episode V: The Empire Strikes Back,the_empire_strikes_back,5,1
3290664463.0,rank_episode_v_the_empire_strikes_back,2.0,Episode V: The Empire Strikes Back,the_empire_strikes_back,5,1
3290664069.0,rank_episode_v_the_empire_strikes_back,,Episode V: The Empire Strikes Back,the_empire_strikes_back,5,0
3290662118.0,rank_episode_v_the_empire_strikes_back,1.0,Episode V: The Empire Strikes Back,the_empire_strikes_back,5,1
3290661650.0,rank_episode_v_the_empire_strikes_back,2.0,Episode V: The Empire Strikes Back,the_empire_strikes_back,5,1
3290661587.0,rank_episode_v_the_empire_strikes_back,,Episode V: The Empire Strikes Back,the_empire_strikes_back,5,0
3290661135.0,rank_episode_v_the_empire_strikes_back,1.0,Episode V: The Empire Strikes Back,the_empire_strikes_back,5,1
3290659818.0,rank_episode_v_the_empire_strikes_back,1.0,Episode V: The Empire Strikes Back,the_empire_strikes_back,5,1
3290659314.0,rank_episode_v_the_empire_strikes_back,1.0,Episode V: The Empire Strikes Back,the_empire_strikes_back,5,1
3290655784.0,rank_episode_v_the_empire_strikes_back,2.0,Episode V: The Empire Strikes Back,the_empire_strikes_back,5,1
3290654597.0,rank_episode_v_the_empire_strikes_back,1.0,Episode V: The Empire Strikes Back,the_empire_strikes_back,5,1
3290652558.0,rank_episode_v_the_empire_strikes_back,,Episode V: The Empire Strikes Back,the_empire_strikes_back,5,0
3290651085.0,rank_episode_v_the_empire_strikes_back,,Episode V: The Empire Strikes Back,the_empire_strikes_back,5,0
3290650590.0,rank_episode_v_the_empire_strikes_back,1.0,Episode V: The Empire Strikes Back,the_empire_strikes_back,5,1
3290644326.0,rank_episode_v_the_empire_strikes_back,,Episode V: The Empire Strikes Back,the_empire_strikes_back,5,0
3290640323.0,rank_episode_v_the_empire_strikes_back,1.0,Episode V: The Empire Strikes Back,the_empire_strikes_back,5,1
3290638529.0,rank_episode_v_the_empire_strikes_back,2.0,Episode V: The Empire Strikes Back,the_empire_strikes_back,5,1
3290634681.0,rank_episode_v_the_empire_strikes_back,,Episode V: The Empire Strikes Back,the_empire_strikes_back,5,0
3290631608.0,rank_episode_v_the_empire_strikes_back,4.0,Episode V: The Empire Strikes Back,the_empire_strikes_back,5,1
3290630470.0,rank_episode_v_the_empire_strikes_back,1.0,Episode V: The Empire Strikes Back,the_empire_strikes_back,5,1
3290630282.0,rank_episode_v_the_empire_strikes_back,5.0,Episode V: The Empire Strikes Back,the_empire_strikes_back,5,1
3290628419.0,rank_episode_v_the_empire_strikes_back,,Episode V: The Empire Strikes Back,the_empire_strikes_back,5,0
3290627850.0,rank_episode_v_the_empire_strikes_back,2.0,Episode V: The Empire Strikes Back,the_empire_strikes_back,5,1
3290627681.0,rank_episode_v_the_empire_strikes_back,1.0,Episode V: The Empire Strikes Back,the_empire_strikes_back,5,1
3290626609.0,rank_episode_v_the_empire_strikes_back,,Episode V: The Empire Strikes Back,the_empire_strikes_back,5,0
3290625814.0,rank_episode_v_the_empire_strikes_back,,Episode V: The Empire Strikes Back,the_empire_strikes_back,5,0
3290624447.0,rank_episode_v_the_empire_strikes_back,3.0,Episode V: The Empire Strikes Back,the_empire_strikes_back,5,1
3290620991.0,rank_episode_v_the_empire_strikes_back,4.0,Episode V: The Empire Strikes Back,the_empire_strikes_back,5,1
3290617461.0,rank_episode_v_the_empire_strikes_back,5.0,Episode V: The Empire Strikes Back,the_empire_strikes_back,5,1
3290611875.0,rank_episode_v_the_empire_strikes_back,1.0,Episode V: The Empire Strikes Back,the_empire_strikes_back,5,1
3290611716.0,rank_episode_v_the_empire_strikes_back,3.0,Episode V: The Empire Strikes Back,the_empire_strikes_back,5,1
3290602490.0,rank_episode_v_the_empire_strikes_back,,Episode V: The Empire Strikes Back,the_empire_strikes_back,5,0
3290601892.0,rank_episode_v_the_empire_strikes_back,2.0,Episode V: The Empire Strikes Back,the_empire_strikes_back,5,1
3290601518.0,rank_episode_v_the_empire_strikes_back,,Episode V: The Empire Strikes Back,the_empire_strikes_back,5,0
3290600680.0,rank_episode_v_the_empire_strikes_back,2.0,Episode V: The Empire Strikes Back,the_empire_strikes_back,5,1
3290600559.0,rank_episode_v_the_empire_strikes_back,1.0,Episode V: The Empire Strikes Back,the_empire_strikes_back,5,1
3290600057.0,rank_episode_v_the_empire_strikes_back,3.0,Episode V: The Empire Strikes Back,the_empire_strikes_back,5,1
3290598307.0,rank_episode_v_the_empire_strikes_back,5.0,Episode V: The Empire Strikes Back,the_empire_strikes_back,5,1
3290597099.0,rank_episode_v_the_empire_strikes_back,1.0,Episode V: The Empire Strikes Back,the_empire_strikes_back,5,1
3290593953.0,rank_episode_v_the_empire_strikes_back,1.0,Episode V: The Empire Strikes Back,the_empire_strikes_back,5,1
3290582716.0,rank_episode_v_the_empire_strikes_back,1.0,Episode V: The Empire Strikes Back,the_empire_strikes_back,5,1
3290572568.0,rank_episode_v_the_empire_strikes_back,1.0,Episode V: The Empire Strikes Back,the_empire_strikes_back,5,1
3290572073.0,rank_episode_v_the_empire_strikes_back,2.0,Episode V: The Empire Strikes Back,the_empire_strikes_back,5,1
3290569001.0,rank_episode_v_the_empire_strikes_back,2.0,Episode V: The Empire Strikes Back,the_empire_strikes_back,5,1
3290568339.0,rank_episode_v_the_empire_strikes_back,1.0,Episode V: The Empire Strikes Back,the_empire_strikes_back,5,1
3290565779.0,rank_episode_v_the_empire_strikes_back,1.0,Episode V: The Empire Strikes Back,the_empire_strikes_back,5,1
3290565768.0,rank_episode_v_the_empire_strikes_back,4.0,Episode V: The Empire Strikes Back,the_empire_strikes_back,5,1
3290565487.0,rank_episode_v_the_empire_strikes_back,,Episode V: The Empire Strikes Back,the_empire_strikes_back,5,0
3290561583.0,rank_episode_v_the_empire_strikes_back,3.0,Episode V: The Empire Strikes Back,the_empire_strikes_back,5,1
3290561192.0,rank_episode_v_the_empire_strikes_back,2.0,Episode V: The Empire Strikes Back,the_empire_strikes_back,5,1
3290555153.0,rank_episode_v_the_empire_strikes_back,,Episode V: The Empire Strikes Back,the_empire_strikes_back,5,0
3290553558.0,rank_episode_v_the_empire_strikes_back,,Episode V: The Empire Strikes Back,the_empire_strikes_back,5,0
3290552963.0,rank_episode_v_the_empire_strikes_back,2.0,Episode V: The Empire Strikes Back,the_empire_strikes_back,5,1
3290551809.0,rank_episode_v_the_empire_strikes_back,2.0,Episode V: The Empire Strikes Back,the_empire_strikes_back,5,1
3290547819.0,rank_episode_v_the_empire_strikes_back,,Episode V: The Empire Strikes Back,the_empire_strikes_back,5,0
3290544886.0,rank_episode_v_the_empire_strikes_back,,Episode V: The Empire Strikes Back,the_empire_strikes_back,5,0
3290544865.0,rank_episode_v_the_empire_strikes_back,2.0,Episode V: The Empire Strikes Back,the_empire_strikes_back,5,1
3290544012.0,rank_episode_v_the_empire_strikes_back,,Episode V: The Empire Strikes Back,the_empire_strikes_back,5,0
3290539653.0,rank_episode_v_the_empire_strikes_back,2.0,Episode V: The Empire Strikes Back,the_empire_strikes_back,5,1
3290538433.0,rank_episode_v_the_empire_strikes_back,2.0,Episode V: The Empire Strikes Back,the_empire_strikes_back,5,1
3290536294.0,rank_episode_v_the_empire_strikes_back,,Episode V: The Empire Strikes Back,the_empire_strikes_back,5,0
3290532429.0,rank_episode_v_the_empire_strikes_back,3.0,Episode V: The Empire Strikes Back,the_empire_strikes_back,5,1
3290531735.0,rank_episode_v_the_empire_strikes_back,2.0,Episode V: The Empire Strikes Back,the_empire_strikes_back,5,1
3290526356.0,rank_episode_v_the_empire_strikes_back,,Episode V: The Empire Strikes Back,the_empire_strikes_back,5,0
3290525782.0,rank_episode_v_the_empire_strikes_back,5.0,Episode V: The Empire Strikes Back,the_empire_strikes_back,5,1
3290524413.0,rank_episode_v_the_empire_strikes_back,6.0,Episode V: The Empire Strikes Back,the_empire_strikes_back,5,1
3290519884.0,rank_episode_v_the_empire_strikes_back,2.0,Episode V: The Empire Strikes Back,the_empire_strikes_back,5,1
3290515688.0,rank_episode_v_the_empire_strikes_back,5.0,Episode V: The Empire Strikes Back,the_empire_strikes_back,5,1
3290511533.0,rank_episode_v_the_empire_strikes_back,5.0,Episode V: The Empire Strikes Back,the_empire_strikes_back,5,1
3290506830.0,rank_episode_v_the_empire_strikes_back,4.0,Episode V: The Empire Strikes Back,the_empire_strikes_back,5,1
3290506333.0,rank_episode_v_the_empire_strikes_back,4.0,Episode V: The Empire Strikes Back,the_empire_strikes_back,5,1
3290505081.0,rank_episode_v_the_empire_strikes_back,2.0,Episode V: The Empire Strikes Back,the_empire_strikes_back,5,1
3290500457.0,rank_episode_v_the_empire_strikes_back,5.0,Episode V: The Empire Strikes Back,the_empire_strikes_back,5,1
3290499954.0,rank_episode_v_the_empire_strikes_back,1.0,Episode V: The Empire Strikes Back,the_empire_strikes_back,5,1
3290499953.0,rank_episode_v_the_empire_strikes_back,,Episode V: The Empire Strikes Back,the_empire_strikes_back,5,0
3290496822.0,rank_episode_v_the_empire_strikes_back,3.0,Episode V: The Empire Strikes Back,the_empire_strikes_back,5,1
3290491807.0,rank_episode_v_the_empire_strikes_back,5.0,Episode V: The Empire Strikes Back,the_empire_strikes_back,5,1
3290477551.0,rank_episode_v_the_empire_strikes_back,4.0,Episode V: The Empire Strikes Back,the_empire_strikes_back,5,1
3290475079.0,rank_episode_v_the_empire_strikes_back,,Episode V: The Empire Strikes Back,the_empire_strikes_back,5,0
3290474953.0,rank_episode_v_the_empire_strikes_back,2.0,Episode V: The Empire Strikes Back,the_empire_strikes_back,5,1
3290471553.0,rank_episode_v_the_empire_strikes_back,5.0,Episode V: The Empire Strikes Back,the_empire_strikes_back,5,1
3290467062.0,rank_episode_v_the_empire_strikes_back,2.0,Episode V: The Empire Strikes Back,the_empire_strikes_back,5,1
3290467000.0,rank_episode_v_the_empire_strikes_back,1.0,Episode V: The Empire Strikes Back,the_empire_strikes_back,5,1
3290464481.0,rank_episode_v_the_empire_strikes_back,2.0,Episode V: The Empire Strikes Back,the_empire_strikes_back,5,1
3290463350.0,rank_episode_v_the_empire_strikes_back,,Episode V: The Empire Strikes Back,the_empire_strikes_back,5,0
3290461599.0,rank_episode_v_the_empire_strikes_back,5.0,Episode V: The Empire Strikes Back,the_empire_strikes_back,5,1
3290461455.0,rank_episode_v_the_empire_strikes_back,,Episode V: The Empire Strikes Back,the_empire_strikes_back,5,0
3290448644.0,rank_episode_v_the_empire_strikes_back,1.0,Episode V: The Empire Strikes Back,the_empire_strikes_back,5,1
3290444421.0,rank_episode_v_the_empire_strikes_back,2.0,Episode V: The Empire Strikes Back,the_empire_strikes_back,5,1
3290439063.0,rank_episode_v_the_empire_strikes_back,1.0,Episode V: The Empire Strikes Back,the_empire_strikes_back,5,1
3290437717.0,rank_episode_v_the_empire_strikes_back,3.0,Episode V: The Empire Strikes Back,the_empire_strikes_back,5,1
3290432874.0,rank_episode_v_the_empire_strikes_back,,Episode V: The Empire Strikes Back,the_empire_strikes_back,5,0
3290432121.0,rank_episode_v_the_empire_strikes_back,,Episode V: The Empire Strikes Back,the_empire_strikes_back,5,0
3290428766.0,rank_episode_v_the_empire_strikes_back,5.0,Episode V: The Empire Strikes Back,the_empire_strikes_back,5,1
3290427764.0,rank_episode_v_the_empire_strikes_back,3.0,Episode V: The Empire Strikes Back,the_empire_strikes_back,5,1
3290426384.0,rank_episode_v_the_empire_strikes_back,1.0,Episode V: The Empire Strikes Back,the_empire_strikes_back,5,1
3290426289.0,rank_episode_v_the_empire_strikes_back,,Episode V: The Empire Strikes Back,the_empire_strikes_back,5,0
3290423155.0,rank_episode_v_the_empire_strikes_back,2.0,Episode V: The Empire Strikes Back,the_empire_strikes_back,5,1
3290421738.0,rank_episode_v_the_empire_strikes_back,1.0,Episode V: The Empire Strikes Back,the_empire_strikes_back,5,1
3290417966.0,rank_episode_v_the_empire_strikes_back,2.0,Episode V: The Empire Strikes Back,the_empire_strikes_back,5,1
3290412412.0,rank_episode_v_the_empire_strikes_back,,Episode V: The Empire Strikes Back,the_empire_strikes_back,5,0
3290411058.0,rank_episode_v_the_empire_strikes_back,1.0,Episode V: The Empire Strikes Back,the_empire_strikes_back,5,1
3290409431.0,rank_episode_v_the_empire_strikes_back,1.0,Episode V: The Empire Strikes Back,the_empire_strikes_back,5,1
3290409075.0,rank_episode_v_the_empire_strikes_back,4.0,Episode V: The Empire Strikes Back,the_empire_strikes_back,5,1
3290407409.0,rank_episode_v_the_empire_strikes_back,1.0,Episode V: The Empire Strikes Back,the_empire_strikes_back,5,1
3290401956.0,rank_episode_v_the_empire_strikes_back,1.0,Episode V: The Empire Strikes Back,the_empire_strikes_back,5,1
3290398978.0,rank_episode_v_the_empire_strikes_back,,Episode V: The Empire Strikes Back,the_empire_strikes_back,5,0
3290394872.0,rank_episode_v_the_empire_strikes_back,1.0,Episode V: The Empire Strikes Back,the_empire_strikes_back,5,1
3290392454.0,rank_episode_v_the_empire_strikes_back,1.0,Episode V: The Empire Strikes Back,the_empire_strikes_back,5,1
3290392264.0,rank_episode_v_the_empire_strikes_back,3.0,Episode V: The Empire Strikes Back,the_empire_strikes_back,5,1
3290391985.0,rank_episode_v_the_empire_strikes_back,2.0,Episode V: The Empire Strikes Back,the_empire_strikes_back,5,1
3290386524.0,rank_episode_v_the_empire_strikes_back,2.0,Episode V: The Empire Strikes Back,the_empire_strikes_back,5,1
3290380140.0,rank_episode_v_the_empire_strikes_back,1.0,Episode V: The Empire Strikes Back,the_empire_strikes_back,5,1
3290374523.0,rank_episode_v_the_empire_strikes_back,5.0,Episode V: The Empire Strikes Back,the_empire_strikes_back,5,1
3290371734.0,rank_episode_v_the_empire_strikes_back,,Episode V: The Empire Strikes Back,the_empire_strikes_back,5,0
3290371532.0,rank_episode_v_the_empire_strikes_back,,Episode V: The Empire Strikes Back,the_empire_strikes_back,5,0
3290371101.0,rank_episode_v_the_empire_strikes_back,,Episode V: The Empire Strikes Back,the_empire_strikes_back,5,0
3290365225.0,rank_episode_v_the_empire_strikes_back,1.0,Episode V: The Empire Strikes Back,the_empire_strikes_back,5,1
3290364952.0,rank_episode_v_the_empire_strikes_back,2.0,Episode V: The Empire Strikes Back,the_empire_strikes_back,5,1
3290359700.0,rank_episode_v_the_empire_strikes_back,,Episode V: The Empire Strikes Back,the_empire_strikes_back,5,0
3290358751.0,rank_episode_v_the_empire_strikes_back,,Episode V: The Empire Strikes Back,the_empire_strikes_back,5,0
3290350512.0,rank_episode_v_the_empire_strikes_back,1.0,Episode V: The Empire Strikes Back,the_empire_strikes_back,5,1
3290347473.0,rank_episode_v_the_empire_strikes_back,2.0,Episode V: The Empire Strikes Back,the_empire_strikes_back,5,1
3290344571.0,rank_episode_v_the_empire_strikes_back,1.0,Episode V: The Empire Strikes Back,the_empire_strikes_back,5,1
3290343366.0,rank_episode_v_the_empire_strikes_back,2.0,Episode V: The Empire Strikes Back,the_empire_strikes_back,5,1
3290342169.0,rank_episode_v_the_empire_strikes_back,6.0,Episode V: The Empire Strikes Back,the_empire_strikes_back,5,1
3290342102.0,rank_episode_v_the_empire_strikes_back,1.0,Episode V: The Empire Strikes Back,the_empire_strikes_back,5,1
3290340804.0,rank_episode_v_the_empire_strikes_back,2.0,Episode V: The Empire Strikes Back,the_empire_strikes_back,5,1
3290337251.0,rank_episode_v_the_empire_strikes_back,4.0,Episode V: The Empire Strikes Back,the_empire_strikes_back,5,1
3290335343.0,rank_episode_v_the_empire_strikes_back,,Episode V: The Empire Strikes Back,the_empire_strikes_back,5,0
3290329580.0,rank_episode_v_the_empire_strikes_back,,Episode V: The Empire Strikes Back,the_empire_strikes_back,5,0
3290328309.0,rank_episode_v_the_empire_strikes_back,1.0,Episode V: The Empire Strikes Back,the_empire_strikes_back,5,1
3290325811.0,rank_episode_v_the_empire_strikes_back,2.0,Episode V: The Empire Strikes Back,the_empire_strikes_back,5,1
3290324518.0,rank_episode_v_the_empire_strikes_back,2.0,Episode V: The Empire Strikes Back,the_empire_strikes_back,5,1
3290320007.0,rank_episode_v_the_empire_strikes_back,1.0,Episode V: The Empire Strikes Back,the_empire_strikes_back,5,1
3290318577.0,rank_episode_v_the_empire_strikes_back,5.0,Episode V: The Empire Strikes Back,the_empire_strikes_back,5,1
3290317691.0,rank_episode_v_the_empire_strikes_back,2.0,Episode V: The Empire Strikes Back,the_empire_strikes_back,5,1
3290316632.0,rank_episode_v_the_empire_strikes_back,6.0,Episode V: The Empire Strikes Back,the_empire_strikes_back,5,1
3290316375.0,rank_episode_v_the_empire_strikes_back,5.0,Episode V: The Empire Strikes Back,the_empire_strikes_back,5,1
3290315336.0,rank_episode_v_the_empire_strikes_back,2.0,Episode V: The Empire Strikes Back,the_empire_strikes_back,5,1
3290310304.0,rank_episode_v_the_empire_strikes_back,,Episode V: The Empire Strikes Back,the_empire_strikes_back,5,0
3290309722.0,rank_episode_v_the_empire_strikes_back,5.0,Episode V: The Empire Strikes Back,the_empire_strikes_back,5,1
3290309711.0,rank_episode_v_the_empire_strikes_back,4.0,Episode V: The Empire Strikes Back,the_empire_strikes_back,5,1
3290304610.0,rank_episode_v_the_empire_strikes_back,,Episode V: The Empire Strikes Back,the_empire_strikes_back,5,0
3290297761.0,rank_episode_v_the_empire_strikes_back,,Episode V: The Empire Strikes Back,the_empire_strikes_back,5,0
3290296317.0,rank_episode_v_the_empire_strikes_back,1.0,Episode V: The Empire Strikes Back,the_empire_strikes_back,5,1
3290295809.0,rank_episode_v_the_empire_strikes_back,1.0,Episode V: The Empire Strikes Back,the_empire_strikes_back,5,1
3290294922.0,rank_episode_v_the_empire_strikes_back,,Episode V: The Empire Strikes Back,the_empire_strikes_back,5,0
3290294142.0,rank_episode_v_the_empire_strikes_back,,Episode V: The Empire Strikes Back,the_empire_strikes_back,5,0
3290292697.0,rank_episode_v_the_empire_strikes_back,2.0,Episode V: The Empire Strikes Back,the_empire_strikes_back,5,1
3290289176.0,rank_episode_v_the_empire_strikes_back,,Episode V: The Empire Strikes Back,the_empire_strikes_back,5,0
3290287101.0,rank_episode_v_the_empire_strikes_back,,Episode V: The Empire Strikes Back,the_empire_strikes_back,5,0
3290283817.0,rank_episode_v_the_empire_strikes_back,5.0,Episode V: The Empire Strikes Back,the_empire_strikes_back,5,1
3290283139.0,rank_episode_v_the_empire_strikes_back,2.0,Episode V: The Empire Strikes Back,the_empire_strikes_back,5,1
3290280642.0,rank_episode_v_the_empire_strikes_back,,Episode V: The Empire Strikes Back,the_empire_strikes_back,5,0
3290279732.0,rank_episode_v_the_empire_strikes_back,1.0,Episode V: The Empire Strikes Back,the_empire_strikes_back,5,1
3290269777.0,rank_episode_v_the_empire_strikes_back,1.0,Episode V: The Empire Strikes Back,the_empire_strikes_back,5,1
3290268027.0,rank_episode_v_the_empire_strikes_back,,Episode V: The Empire Strikes Back,the_empire_strikes_back,5,0
3290266084.0,rank_episode_v_the_empire_strikes_back,4.0,Episode V: The Empire Strikes Back,the_empire_strikes_back,5,1
3290262568.0,rank_episode_v_the_empire_strikes_back,2.0,Episode V: The Empire Strikes Back,the_empire_strikes_back,5,1
3290257673.0,rank_episode_v_the_empire_strikes_back,1.0,Episode V: The Empire Strikes Back,the_empire_strikes_back,5,1
3290249464.0,rank_episode_v_the_empire_strikes_back,,Episode V: The Empire Strikes Back,the_empire_strikes_back,5,0
3290248279.0,rank_episode_v_the_empire_strikes_back,,Episode V: The Empire Strikes Back,the_empire_strikes_back,5,0
3290248167.0,rank_episode_v_the_empire_strikes_back,,Episode V: The Empire Strikes Back,the_empire_strikes_back,5,0
3290229579.0,rank_episode_v_the_empire_strikes_back,2.0,Episode V: The Empire Strikes Back,the_empire_strikes_back,5,1
3290227264.0,rank_episode_v_the_empire_strikes_back,1.0,Episode V: The Empire Strikes Back,the_empire_strikes_back,5,1
3290225128.0,rank_episode_v_the_empire_strikes_back,,Episode V: The Empire Strikes Back,the_empire_strikes_back,5,0
3290223393.0,rank_episode_v_the_empire_strikes_back,1.0,Episode V: The Empire Strikes Back,the_empire_strikes_back,5,1
3290216970.0,rank_episode_v_the_empire_strikes_back,1.0,Episode V: The Empire Strikes Back,the_empire_strikes_back,5,1
3290213089.0,rank_episode_v_the_empire_strikes_back,2.0,Episode V: The Empire Strikes Back,the_empire_strikes_back,5,1
3290210801.0,rank_episode_v_the_empire_strikes_back,1.0,Episode V: The Empire Strikes Back,the_empire_strikes_back,5,1
3290209773.0,rank_episode_v_the_empire_strikes_back,2.0,Episode V: The Empire Strikes Back,the_empire_strikes_back,5,1
3290209744.0,rank_episode_v_the_empire_strikes_back,1.0,Episode V: The Empire Strikes Back,the_empire_strikes_back,5,1
3290206907.0,rank_episode_v_the_empire_strikes_back,1.0,Episode V: The Empire Strikes Back,the_empire_strikes_back,5,1
3290203063.0,rank_episode_v_the_empire_strikes_back,5.0,Episode V: The Empire Strikes Back,the_empire_strikes_back,5,1
3290201752.0,rank_episode_v_the_empire_strikes_back,2.0,Episode V: The Empire Strikes Back,the_empire_strikes_back,5,1
3290196296.0,rank_episode_v_the_empire_strikes_back,5.0,Episode V: The Empire Strikes Back,the_empire_strikes_back,5,1
3290193368.0,rank_episode_v_the_empire_strikes_back,,Episode V: The Empire Strikes Back,the_empire_strikes_back,5,0
3290191566.0,rank_episode_v_the_empire_strikes_back,2.0,Episode V: The Empire Strikes Back,the_empire_strikes_back,5,1
3290188213.0,rank_episode_v_the_empire_strikes_back,1.0,Episode V: The Empire Strikes Back,the_empire_strikes_back,5,1
3290185244.0,rank_episode_v_the_empire_strikes_back,2.0,Episode V: The Empire Strikes Back,the_empire_strikes_back,5,1
3290184813.0,rank_episode_v_the_empire_strikes_back,,Episode V: The Empire Strikes Back,the_empire_strikes_back,5,0
3290182531.0,rank_episode_v_the_empire_strikes_back,,Episode V: The Empire Strikes Back,the_empire_strikes_back,5,0
3290180442.0,rank_episode_v_the_empire_strikes_back,,Episode V: The Empire Strikes Back,the_empire_strikes_back,5,0
3290176915.0,rank_episode_v_the_empire_strikes_back,,Episode V: The Empire Strikes Back,the_empire_strikes_back,5,0
3290176563.0,rank_episode_v_the_empire_strikes_back,3.0,Episode V: The Empire Strikes Back,the_empire_strikes_back,5,1
3290174629.0,rank_episode_v_the_empire_strikes_back,,Episode V: The Empire Strikes Back,the_empire_strikes_back,5,0
3290174048.0,rank_episode_v_the_empire_strikes_back,,Episode V: The Empire Strikes Back,the_empire_strikes_back,5,0
3290173775.0,rank_episode_v_the_empire_strikes_back,5.0,Episode V: The Empire Strikes Back,the_empire_strikes_back,5,1
3290173176.0,rank_episode_v_the_empire_strikes_back,1.0,Episode V: The Empire Strikes Back,the_empire_strikes_back,5,1
3290167473.0,rank_episode_v_the_empire_strikes_back,2.0,Episode V: The Empire Strikes Back,the_empire_strikes_back,5,1
3290164098.0,rank_episode_v_the_empire_strikes_back,,Episode V: The Empire Strikes Back,the_empire_strikes_back,5,0
3290159455.0,rank_episode_v_the_empire_strikes_back,,Episode V: The Empire Strikes Back,the_empire_strikes_back,5,0
3290159056.0,rank_episode_v_the_empire_strikes_back,,Episode V: The Empire Strikes Back,the_empire_strikes_back,5,0
3290157529.0,rank_episode_v_the_empire_strikes_back,5.0,Episode V: The Empire Strikes Back,the_empire_strikes_back,5,1
3290149698.0,rank_episode_v_the_empire_strikes_back,2.0,Episode V: The Empire Strikes Back,the_empire_strikes_back,5,1
3290148834.0,rank_episode_v_the_empire_strikes_back,6.0,Episode V: The Empire Strikes Back,the_empire_strikes_back,5,1
3290145517.0,rank_episode_v_the_empire_strikes_back,2.0,Episode V: The Empire Strikes Back,the_empire_strikes_back,5,1
3290142232.0,rank_episode_v_the_empire_strikes_back,5.0,Episode V: The Empire Strikes Back,the_empire_strikes_back,5,1
3290139192.0,rank_episode_v_the_empire_strikes_back,4.0,Episode V: The Empire Strikes Back,the_empire_strikes_back,5,1
3290137793.0,rank_episode_v_the_empire_strikes_back,1.0,Episode V: The Empire Strikes Back,the_empire_strikes_back,5,1
3290128978.0,rank_episode_v_the_empire_strikes_back,,Episode V: The Empire Strikes Back,the_empire_strikes_back,5,0
3290128468.0,rank_episode_v_the_empire_strikes_back,5.0,Episode V: The Empire Strikes Back,the_empire_strikes_back,5,1
3290127670.0,rank_episode_v_the_empire_strikes_back,,Episode V: The Empire Strikes Back,the_empire_strikes_back,5,0
3290125801.0,rank_episode_v_the_empire_strikes_back,1.0,Episode V: The Empire Strikes Back,the_empire_strikes_back,5,1
3290125784.0,rank_episode_v_the_empire_strikes_back,1.0,Episode V: The Empire Strikes Back,the_empire_strikes_back,5,1
3290125550.0,rank_episode_v_the_empire_strikes_back,4.0,Episode V: The Empire Strikes Back,the_empire_strikes_back,5,1
3290125357.0,rank_episode_v_the_empire_strikes_back,2.0,Episode V: The Empire Strikes Back,the_empire_strikes_back,5,1
3290124259.0,rank_episode_v_the_empire_strikes_back,5.0,Episode V: The Empire Strikes Back,the_empire_strikes_back,5,1
3290116629.0,rank_episode_v_the_empire_strikes_back,,Episode V: The Empire Strikes Back,the_empire_strikes_back,5,0
3290116182.0,rank_episode_v_the_empire_strikes_back,1.0,Episode V: The Empire Strikes Back,the_empire_strikes_back,5,1
3290109779.0,rank_episode_v_the_empire_strikes_back,2.0,Episode V: The Empire Strikes Back,the_empire_strikes_back,5,1
3290103593.0,rank_episode_v_the_empire_strikes_back,1.0,Episode V: The Empire Strikes Back,the_empire_strikes_back,5,1
3290099797.0,rank_episode_v_the_empire_strikes_back,1.0,Episode V: The Empire Strikes Back,the_empire_strikes_back,5,1
3290097546.0,rank_episode_v_the_empire_strikes_back,2.0,Episode V: The Empire Strikes Back,the_empire_strikes_back,5,1
3290097268.0,rank_episode_v_the_empire_strikes_back,,Episode V: The Empire Strikes Back,the_empire_strikes_back,5,0
3290095220.0,rank_episode_v_the_empire_strikes_back,,Episode V: The Empire Strikes Back,the_empire_strikes_back,5,0
3290094384.0,rank_episode_v_the_empire_strikes_back,,Episode V: The Empire Strikes Back,the_empire_strikes_back,5,0
3290083352.0,rank_episode_v_the_empire_strikes_back,,Episode V: The Empire Strikes Back,the_empire_strikes_back,5,0
3290082468.0,rank_episode_v_the_empire_strikes_back,,Episode V: The Empire Strikes Back,the_empire_strikes_back,5,0
3290081504.0,rank_episode_v_the_empire_strikes_back,,Episode V: The Empire Strikes Back,the_empire_strikes_back,5,0
3290081040.0,rank_episode_v_the_empire_strikes_back,,Episode V: The Empire Strikes Back,the_empire_strikes_back,5,0
3290076587.0,rank_episode_v_the_empire_strikes_back,,Episode V: The Empire Strikes Back,the_empire_strikes_back,5,0
3290071379.0,rank_episode_v_the_empire_strikes_back,,Episode V: The Empire Strikes Back,the_empire_strikes_back,5,0
3290070395.0,rank_episode_v_the_empire_strikes_back,2.0,Episode V: The Empire Strikes Back,the_empire_strikes_back,5,1
3290068892.0,rank_episode_v_the_empire_strikes_back,5.0,Episode V: The Empire Strikes Back,the_empire_strikes_back,5,1
3290068765.0,rank_episode_v_the_empire_strikes_back,1.0,Episode V: The Empire Strikes Back,the_empire_strikes_back,5,1
3290063543.0,rank_episode_v_the_empire_strikes_back,2.0,Episode V: The Empire Strikes Back,the_empire_strikes_back,5,1
3290062936.0,rank_episode_v_the_empire_strikes_back,,Episode V: The Empire Strikes Back,the_empire_strikes_back,5,0
3290061815.0,rank_episode_v_the_empire_strikes_back,2.0,Episode V: The Empire Strikes Back,the_empire_strikes_back,5,1
3290058506.0,rank_episode_v_the_empire_strikes_back,1.0,Episode V: The Empire Strikes Back,the_empire_strikes_back,5,1
3290058216.0,rank_episode_v_the_empire_strikes_back,5.0,Episode V: The Empire Strikes Back,the_empire_strikes_back,5,1
3290050695.0,rank_episode_v_the_empire_strikes_back,,Episode V: The Empire Strikes Back,the_empire_strikes_back,5,0
3290049932.0,rank_episode_v_the_empire_strikes_back,,Episode V: The Empire Strikes Back,the_empire_strikes_back,5,0
3290049231.0,rank_episode_v_the_empire_strikes_back,2.0,Episode V: The Empire Strikes Back,the_empire_strikes_back,5,1
3290048884.0,rank_episode_v_the_empire_strikes_back,3.0,Episode V: The Empire Strikes Back,the_empire_strikes_back,5,1
3290047842.0,rank_episode_v_the_empire_strikes_back,1.0,Episode V: The Empire Strikes Back,the_empire_strikes_back,5,1
3290047689.0,rank_episode_v_the_empire_strikes_back,,Episode V: The Empire Strikes Back,the_empire_strikes_back,5,0
3290047483.0,rank_episode_v_the_empire_strikes_back,6.0,Episode V: The Empire Strikes Back,the_empire_strikes_back,5,1
3290046627.0,rank_episode_v_the_empire_strikes_back,2.0,Episode V: The Empire Strikes Back,the_empire_strikes_back,5,1
3290042369.0,rank_episode_v_the_empire_strikes_back,1.0,Episode V: The Empire Strikes Back,the_empire_strikes_back,5,1
3290038794.0,rank_episode_v_the_empire_strikes_back,1.0,Episode V: The Empire Strikes Back,the_empire_strikes_back,5,1
3290034196.0,rank_episode_v_the_empire_strikes_back,6.0,Episode V: The Empire Strikes Back,the_empire_strikes_back,5,1
3290032864.0,rank_episode_v_the_empire_strikes_back,1.0,Episode V: The Empire Strikes Back,the_empire_strikes_back,5,1
3290029531.0,rank_episode_v_the_empire_strikes_back,5.0,Episode V: The Empire Strikes Back,the_empire_strikes_back,5,1
3290024333.0,rank_episode_v_the_empire_strikes_back,2.0,Episode V: The Empire Strikes Back,the_empire_strikes_back,5,1
3290022302.0,rank_episode_v_the_empire_strikes_back,2.0,Episode V: The Empire Strikes Back,the_empire_strikes_back,5,1
3290019869.0,rank_episode_v_the_empire_strikes_back,1.0,Episode V: The Empire Strikes Back,the_empire_strikes_back,5,1
3290019779.0,rank_episode_v_the_empire_strikes_back,,Episode V: The Empire Strikes Back,the_empire_strikes_back,5,0
3290018381.0,rank_episode_v_the_empire_strikes_back,1.0,Episode V: The Empire Strikes Back,the_empire_strikes_back,5,1
3290017901.0,rank_episode_v_the_empire_strikes_back,,Episode V: The Empire Strikes Back,the_empire_strikes_back,5,0
3290014606.0,rank_episode_v_the_empire_strikes_back,,Episode V: The Empire Strikes Back,the_empire_strikes_back,5,0
3290013239.0,rank_episode_v_the_empire_strikes_back,,Episode V: The Empire Strikes Back,the_empire_strikes_back,5,0
3290011286.0,rank_episode_v_the_empire_strikes_back,1.0,Episode V: The Empire Strikes Back,the_empire_strikes_back,5,1
3290010419.0,rank_episode_v_the_empire_strikes_back,1.0,Episode V: The Empire Strikes Back,the_empire_strikes_back,5,1
3290008538.0,rank_episode_v_the_empire_strikes_back,,Episode V: The Empire Strikes Back,the_empire_strikes_back,5,0
3290005674.0,rank_episode_v_the_empire_strikes_back,6.0,Episode V: The Empire Strikes Back,the_empire_strikes_back,5,1
3290002601.0,rank_episode_v_the_empire_strikes_back,5.0,Episode V: The Empire Strikes Back,the_empire_strikes_back,5,1
3289997713.0,rank_episode_v_the_empire_strikes_back,2.0,Episode V: The Empire Strikes Back,the_empire_strikes_back,5,1
3289997196.0,rank_episode_v_the_empire_strikes_back,1.0,Episode V: The Empire Strikes Back,the_empire_strikes_back,5,1
3289996800.0,rank_episode_v_the_empire_strikes_back,6.0,Episode V: The Empire Strikes Back,the_empire_strikes_back,5,1
3289996025.0,rank_episode_v_the_empire_strikes_back,2.0,Episode V: The Empire Strikes Back,the_empire_strikes_back,5,1
3289995352.0,rank_episode_v_the_empire_strikes_back,1.0,Episode V: The Empire Strikes Back,the_empire_strikes_back,5,1
3289993284.0,rank_episode_v_the_empire_strikes_back,1.0,Episode V: The Empire Strikes Back,the_empire_strikes_back,5,1
3289991708.0,rank_episode_v_the_empire_strikes_back,,Episode V: The Empire Strikes Back,the_empire_strikes_back,5,0
3289989311.0,rank_episode_v_the_empire_strikes_back,,Episode V: The Empire Strikes Back,the_empire_strikes_back,5,0
3289988393.0,rank_episode_v_the_empire_strikes_back,1.0,Episode V: The Empire Strikes Back,the_empire_strikes_back,5,1
3289987865.0,rank_episode_v_the_empire_strikes_back,,Episode V: The Empire Strikes Back,the_empire_strikes_back,5,0
3289986698.0,rank_episode_v_the_empire_strikes_back,5.0,Episode V: The Empire Strikes Back,the_empire_strikes_back,5,1
3289985995.0,rank_episode_v_the_empire_strikes_back,1.0,Episode V: The Empire Strikes Back,the_empire_strikes_back,5,1
3289980534.0,rank_episode_v_the_empire_strikes_back,4.0,Episode V: The Empire Strikes Back,the_empire_strikes_back,5,1
3289973506.0,rank_episode_v_the_empire_strikes_back,2.0,Episode V: The Empire Strikes Back,the_empire_strikes_back,5,1
3289972382.0,rank_episode_v_the_empire_strikes_back,,Episode V: The Empire Strikes Back,the_empire_strikes_back,5,0
3289971452.0,rank_episode_v_the_empire_strikes_back,,Episode V: The Empire Strikes Back,the_empire_strikes_back,5,0
3289971256.0,rank_episode_v_the_empire_strikes_back,2.0,Episode V: The Empire Strikes Back,the_empire_strikes_back,5,1
3289963393.0,rank_episode_v_the_empire_strikes_back,6.0,Episode V: The Empire Strikes Back,the_empire_strikes_back,5,1
3289962839.0,rank_episode_v_the_empire_strikes_back,,Episode V: The Empire Strikes Back,the_empire_strikes_back,5,0
3289962614.0,rank_episode_v_the_empire_strikes_back,3.0,Episode V: The Empire Strikes Back,the_empire_strikes_back,5,1
3289956408.0,rank_episode_v_the_empire_strikes_back,,Episode V: The Empire Strikes Back,the_empire_strikes_back,5,0
3289955364.0,rank_episode_v_the_empire_strikes_back,3.0,Episode V: The Empire Strikes Back,the_empire_strikes_back,5,1
3289952496.0,rank_episode_v_the_empire_strikes_back,6.0,Episode V: The Empire Strikes Back,the_empire_strikes_back,5,1
3289951011.0,rank_episode_v_the_empire_strikes_back,1.0,Episode V: The Empire Strikes Back,the_empire_strikes_back,5,1
3289949516.0,rank_episode_v_the_empire_strikes_back,1.0,Episode V: The Empire Strikes Back,the_empire_strikes_back,5,1
3289949409.0,rank_episode_v_the_empire_strikes_back,3.0,Episode V: The Empire Strikes Back,the_empire_strikes_back,5,1
3289943405.0,rank_episode_v_the_empire_strikes_back,4.0,Episode V: The Empire Strikes Back,the_empire_strikes_back,5,1
3289943097.0,rank_episode_v_the_empire_strikes_back,3.0,Episode V: The Empire Strikes Back,the_empire_strikes_back,5,1
3289942520.0,rank_episode_v_the_empire_strikes_back,,Episode V: The Empire Strikes Back,the_empire_strikes_back,5,0
3289933137.0,rank_episode_v_the_empire_strikes_back,5.0,Episode V: The Empire Strikes Back,the_empire_strikes_back,5,1
3289927404.0,rank_episode_v_the_empire_strikes_back,2.0,Episode V: The Empire Strikes Back,the_empire_strikes_back,5,1
3289924943.0,rank_episode_v_the_empire_strikes_back,1.0,Episode V: The Empire Strikes Back,the_empire_strikes_back,5,1
3289923980.0,rank_episode_v_the_empire_strikes_back,1.0,Episode V: The Empire Strikes Back,the_empire_strikes_back,5,1
3289920249.0,rank_episode_v_the_empire_strikes_back,2.0,Episode V: The Empire Strikes Back,the_empire_strikes_back,5,1
3289919285.0,rank_episode_v_the_empire_strikes_back,,Episode V: The Empire Strikes Back,the_empire_strikes_back,5,0
3289918842.0,rank_episode_v_the_empire_strikes_back,6.0,Episode V: The Empire Strikes Back,the_empire_strikes_back,5,1
3289914533.0,rank_episode_v_the_empire_strikes_back,5.0,Episode V: The Empire Strikes Back,the_empire_strikes_back,5,1
3289914097.0,rank_episode_v_the_empire_strikes_back,1.0,Episode V: The Empire Strikes Back,the_empire_strikes_back,5,1
3289913649.0,rank_episode_v_the_empire_strikes_back,5.0,Episode V: The Empire Strikes Back,the_empire_strikes_back,5,1
3289911175.0,rank_episode_v_the_empire_strikes_back,2.0,Episode V: The Empire Strikes Back,the_empire_strikes_back,5,1
3289909917.0,rank_episode_v_the_empire_strikes_back,2.0,Episode V: The Empire Strikes Back,the_empire_strikes_back,5,1
3289907541.0,rank_episode_v_the_empire_strikes_back,3.0,Episode V: The Empire Strikes Back,the_empire_strikes_back,5,1
3289905986.0,rank_episode_v_the_empire_strikes_back,5.0,Episode V: The Empire Strikes Back,the_empire_strikes_back,5,1
3289905819.0,rank_episode_v_the_empire_strikes_back,,Episode V: The Empire Strikes Back,the_empire_strikes_back,5,0
3289905044.0,rank_episode_v_the_empire_strikes_back,3.0,Episode V: The Empire Strikes Back,the_empire_strikes_back,5,1
3289903380.0,rank_episode_v_the_empire_strikes_back,,Episode V: The Empire Strikes Back,the_empire_strikes_back,5,0
3289902920.0,rank_episode_v_the_empire_strikes_back,2.0,Episode V: The Empire Strikes Back,the_empire_strikes_back,5,1
3289902115.0,rank_episode_v_the_empire_strikes_back,1.0,Episode V: The Empire Strikes Back,the_empire_strikes_back,5,1
3289901820.0,rank_episode_v_the_empire_strikes_back,4.0,Episode V: The Empire Strikes Back,the_empire_strikes_back,5,1
3289901633.0,rank_episode_v_the_empire_strikes_back,1.0,Episode V: The Empire Strikes Back,the_empire_strikes_back,5,1
3289897826.0,rank_episode_v_the_empire_strikes_back,1.0,Episode V: The Empire Strikes Back,the_empire_strikes_back,5,1
3289896565.0,rank_episode_v_the_empire_strikes_back,1.0,Episode V: The Empire Strikes Back,the_empire_strikes_back,5,1
3289895732.0,rank_episode_v_the_empire_strikes_back,3.0,Episode V: The Empire Strikes Back,the_empire_strikes_back,5,1
3289894873.0,rank_episode_v_the_empire_strikes_back,,Episode V: The Empire Strikes Back,the_empire_strikes_back,5,0
3289891069.0,rank_episode_v_the_empire_strikes_back,,Episode V: The Empire Strikes Back,the_empire_strikes_back,5,0
3289890495.0,rank_episode_v_the_empire_strikes_back,,Episode V: The Empire Strikes Back,the_empire_strikes_back,5,0
3289888113.0,rank_episode_v_the_empire_strikes_back,,Episode V: The Empire Strikes Back,the_empire_strikes_back,5,0
3289888015.0,rank_episode_v_the_empire_strikes_back,1.0,Episode V: The Empire Strikes Back,the_empire_strikes_back,5,1
3289885747.0,rank_episode_v_the_empire_strikes_back,1.0,Episode V: The Empire Strikes Back,the_empire_strikes_back,5,1
3289878528.0,rank_episode_v_the_empire_strikes_back,2.0,Episode V: The Empire Strikes Back,the_empire_strikes_back,5,1
3289877093.0,rank_episode_v_the_empire_strikes_back,2.0,Episode V: The Empire Strikes Back,the_empire_strikes_back,5,1
3289874408.0,rank_episode_v_the_empire_strikes_back,1.0,Episode V: The Empire Strikes Back,the_empire_strikes_back,5,1
3289873978.0,rank_episode_v_the_empire_strikes_back,2.0,Episode V: The Empire Strikes Back,the_empire_strikes_back,5,1
3289870772.0,rank_episode_v_the_empire_strikes_back,1.0,Episode V: The Empire Strikes Back,the_empire_strikes_back,5,1
3289868197.0,rank_episode_v_the_empire_strikes_back,2.0,Episode V: The Empire Strikes Back,the_empire_strikes_back,5,1
3289866531.0,rank_episode_v_the_empire_strikes_back,2.0,Episode V: The Empire Strikes Back,the_empire_strikes_back,5,1
3289866259.0,rank_episode_v_the_empire_strikes_back,,Episode V: The Empire Strikes Back,the_empire_strikes_back,5,0
3289865550.0,rank_episode_v_the_empire_strikes_back,2.0,Episode V: The Empire Strikes Back,the_empire_strikes_back,5,1
3289864687.0,rank_episode_v_the_empire_strikes_back,1.0,Episode V: The Empire Strikes Back,the_empire_strikes_back,5,1
3289862004.0,rank_episode_v_the_empire_strikes_back,,Episode V: The Empire Strikes Back,the_empire_strikes_back,5,0
3289861464.0,rank_episode_v_the_empire_strikes_back,1.0,Episode V: The Empire Strikes Back,the_empire_strikes_back,5,1
3289857817.0,rank_episode_v_the_empire_strikes_back,2.0,Episode V: The Empire Strikes Back,the_empire_strikes_back,5,1
3289856887.0,rank_episode_v_the_empire_strikes_back,2.0,Episode V: The Empire Strikes Back,the_empire_strikes_back,5,1
3289856557.0,rank_episode_v_the_empire_strikes_back,,Episode V: The Empire Strikes Back,the_empire_strikes_back,5,0
3289855873.0,rank_episode_v_the_empire_strikes_back,1.0,Episode V: The Empire Strikes Back,the_empire_strikes_back,5,1
3289854601.0,rank_episode_v_the_empire_strikes_back,2.0,Episode V: The Empire Strikes Back,the_empire_strikes_back,5,1
3289848909.0,rank_episode_v_the_empire_strikes_back,,Episode V: The Empire Strikes Back,the_empire_strikes_back,5,0
3289847932.0,rank_episode_v_the_empire_strikes_back,3.0,Episode V: The Empire Strikes Back,the_empire_strikes_back,5,1
3289844139.0,rank_episode_v_the_empire_strikes_back,1.0,Episode V: The Empire Strikes Back,the_empire_strikes_back,5,1
3289843973.0,rank_episode_v_the_empire_strikes_back,1.0,Episode V: The Empire Strikes Back,the_empire_strikes_back,5,1
3289837359.0,rank_episode_v_the_empire_strikes_back,,Episode V: The Empire Strikes Back,the_empire_strikes_back,5,0
3289835282.0,rank_episode_v_the_empire_strikes_back,1.0,Episode V: The Empire Strikes Back,the_empire_strikes_back,5,1
3289834572.0,rank_episode_v_the_empire_strikes_back,,Episode V: The Empire Strikes Back,the_empire_strikes_back,5,0
3289831274.0,rank_episode_v_the_empire_strikes_back,,Episode V: The Empire Strikes Back,the_empire_strikes_back,5,0
3289830199.0,rank_episode_v_the_empire_strikes_back,,Episode V: The Empire Strikes Back,the_empire_strikes_back,5,0
3289829982.0,rank_episode_v_the_empire_strikes_back,3.0,Episode V: The Empire Strikes Back,the_empire_strikes_back,5,1
3289822005.0,rank_episode_v_the_empire_strikes_back,1.0,Episode V: The Empire Strikes Back,the_empire_strikes_back,5,1
3289821310.0,rank_episode_v_the_empire_strikes_back,5.0,Episode V: The Empire Strikes Back,the_empire_strikes_back,5,1
3289815685.0,rank_episode_v_the_empire_strikes_back,2.0,Episode V: The Empire Strikes Back,the_empire_strikes_back,5,1
3289813977.0,rank_episode_v_the_empire_strikes_back,1.0,Episode V: The Empire Strikes Back,the_empire_strikes_back,5,1
3289812188.0,rank_episode_v_the_empire_strikes_back,2.0,Episode V: The Empire Strikes Back,the_empire_strikes_back,5,1
3289809469.0,rank_episode_v_the_empire_strikes_back,1.0,Episode V: The Empire Strikes Back,the_empire_strikes_back,5,1
3289809255.0,rank_episode_v_the_empire_strikes_back,,Episode V: The Empire Strikes Back,the_empire_strikes_back,5,0
3289808310.0,rank_episode_v_the_empire_strikes_back,,Episode V: The Empire Strikes Back,the_empire_strikes_back,5,0
3289805753.0,rank_episode_v_the_empire_strikes_back,,Episode V: The Empire Strikes Back,the_empire_strikes_back,5,0
3289805745.0,rank_episode_v_the_empire_strikes_back,,Episode V: The Empire Strikes Back,the_empire_strikes_back,5,0
3289804908.0,rank_episode_v_the_empire_strikes_back,2.0,Episode V: The Empire Strikes Back,the_empire_strikes_back,5,1
3289804326.0,rank_episode_v_the_empire_strikes_back,2.0,Episode V: The Empire Strikes Back,the_empire_strikes_back,5,1
3289804031.0,rank_episode_v_the_empire_strikes_back,3.0,Episode V: The Empire Strikes Back,the_empire_strikes_back,5,1
3289802847.0,rank_episode_v_the_empire_strikes_back,2.0,Episode V: The Empire Strikes Back,the_empire_strikes_back,5,1
3289799650.0,rank_episode_v_the_empire_strikes_back,2.0,Episode V: The Empire Strikes Back,the_empire_strikes_back,5,1
3289799581.0,rank_episode_v_the_empire_strikes_back,2.0,Episode V: The Empire Strikes Back,the_empire_strikes_back,5,1
3289798968.0,rank_episode_v_the_empire_strikes_back,3.0,Episode V: The Empire Strikes Back,the_empire_strikes_back,5,1
3289798759.0,rank_episode_v_the_empire_strikes_back,2.0,Episode V: The Empire Strikes Back,the_empire_strikes_back,5,1
3289797876.0,rank_episode_v_the_empire_strikes_back,,Episode V: The Empire Strikes Back,the_empire_strikes_back,5,0
3289795859.0,rank_episode_v_the_empire_strikes_back,,Episode V: The Empire Strikes Back,the_empire_strikes_back,5,0
3289790475.0,rank_episode_v_the_empire_strikes_back,,Episode V: The Empire Strikes Back,the_empire_strikes_back,5,0
3289790146.0,rank_episode_v_the_empire_strikes_back,1.0,Episode V: The Empire Strikes Back,the_empire_strikes_back,5,1
3289786719.0,rank_episode_v_the_empire_strikes_back,1.0,Episode V: The Empire Strikes Back,the_empire_strikes_back,5,1
3289781705.0,rank_episode_v_the_empire_strikes_back,3.0,Episode V: The Empire Strikes Back,the_empire_strikes_back,5,1
3289779434.0,rank_episode_v_the_empire_strikes_back,,Episode V: The Empire Strikes Back,the_empire_strikes_back,5,0
3289764515.0,rank_episode_v_the_empire_strikes_back,,Episode V: The Empire Strikes Back,the_empire_strikes_back,5,0
3289758800.0,rank_episode_v_the_empire_strikes_back,4.0,Episode V: The Empire Strikes Back,the_empire_strikes_back,5,1
3289757385.0,rank_episode_v_the_empire_strikes_back,2.0,Episode V: The Empire Strikes Back,the_empire_strikes_back,5,1
3289757163.0,rank_episode_v_the_empire_strikes_back,2.0,Episode V: The Empire Strikes Back,the_empire_strikes_back,5,1
3289753279.0,rank_episode_v_the_empire_strikes_back,,Episode V: The Empire Strikes Back,the_empire_strikes_back,5,0
3289752347.0,rank_episode_v_the_empire_strikes_back,2.0,Episode V: The Empire Strikes Back,the_empire_strikes_back,5,1
3289751464.0,rank_episode_v_the_empire_strikes_back,2.0,Episode V: The Empire Strikes Back,the_empire_strikes_back,5,1
3289745316.0,rank_episode_v_the_empire_strikes_back,,Episode V: The Empire Strikes Back,the_empire_strikes_back,5,0
3289745063.0,rank_episode_v_the_empire_strikes_back,1.0,Episode V: The Empire Strikes Back,the_empire_strikes_back,5,1
3289737236.0,rank_episode_v_the_empire_strikes_back,2.0,Episode V: The Empire Strikes Back,the_empire_strikes_back,5,1
3289735954.0,rank_episode_v_the_empire_strikes_back,5.0,Episode V: The Empire Strikes Back,the_empire_strikes_back,5,1
3289733444.0,rank_episode_v_the_empire_strikes_back,5.0,Episode V: The Empire Strikes Back,the_empire_strikes_back,5,1
3289730973.0,rank_episode_v_the_empire_strikes_back,2.0,Episode V: The Empire Strikes Back,the_empire_strikes_back,5,1
3289727014.0,rank_episode_v_the_empire_strikes_back,3.0,Episode V: The Empire Strikes Back,the_empire_strikes_back,5,1
3289725827.0,rank_episode_v_the_empire_strikes_back,2.0,Episode V: The Empire Strikes Back,the_empire_strikes_back,5,1
3289725605.0,rank_episode_v_the_empire_strikes_back,2.0,Episode V: The Empire Strikes Back,the_empire_strikes_back,5,1
3289722110.0,rank_episode_v_the_empire_strikes_back,6.0,Episode V: The Empire Strikes Back,the_empire_strikes_back,5,1
3289713384.0,rank_episode_v_the_empire_strikes_back,,Episode V: The Empire Strikes Back,the_empire_strikes_back,5,0
3289711817.0,rank_episode_v_the_empire_strikes_back,2.0,Episode V: The Empire Strikes Back,the_empire_strikes_back,5,1
3289710382.0,rank_episode_v_the_empire_strikes_back,,Episode V: The Empire Strikes Back,the_empire_strikes_back,5,0
3289706727.0,rank_episode_v_the_empire_strikes_back,1.0,Episode V: The Empire Strikes Back,the_empire_strikes_back,5,1
3289706550.0,rank_episode_v_the_empire_strikes_back,,Episode V: The Empire Strikes Back,the_empire_strikes_back,5,0
3289705195.0,rank_episode_v_the_empire_strikes_back,3.0,Episode V: The Empire Strikes Back,the_empire_strikes_back,5,1
3289700288.0,rank_episode_v_the_empire_strikes_back,3.0,Episode V: The Empire Strikes Back,the_empire_strikes_back,5,1
3289695941.0,rank_episode_v_the_empire_strikes_back,3.0,Episode V: The Empire Strikes Back,the_empire_strikes_back,5,1
3289693023.0,rank_episode_v_the_empire_strikes_back,1.0,Episode V: The Empire Strikes Back,the_empire_strikes_back,5,1
3289692258.0,rank_episode_v_the_empire_strikes_back,1.0,Episode V: The Empire Strikes Back,the_empire_strikes_back,5,1
3289689591.0,rank_episode_v_the_empire_strikes_back,,Episode V: The Empire Strikes Back,the_empire_strikes_back,5,0
3289689331.0,rank_episode_v_the_empire_strikes_back,5.0,Episode V: The Empire Strikes Back,the_empire_strikes_back,5,1
3289688885.0,rank_episode_v_the_empire_strikes_back,2.0,Episode V: The Empire Strikes Back,the_empire_strikes_back,5,1
3289686202.0,rank_episode_v_the_empire_strikes_back,,Episode V: The Empire Strikes Back,the_empire_strikes_back,5,0
3289685200.0,rank_episode_v_the_empire_strikes_back,,Episode V: The Empire Strikes Back,the_empire_strikes_back,5,0
3289684323.0,rank_episode_v_the_empire_strikes_back,1.0,Episode V: The Empire Strikes Back,the_empire_strikes_back,5,1
3289681765.0,rank_episode_v_the_empire_strikes_back,2.0,Episode V: The Empire Strikes Back,the_empire_strikes_back,5,1
3289680108.0,rank_episode_v_the_empire_strikes_back,2.0,Episode V: The Empire Strikes Back,the_empire_strikes_back,5,1
3289673695.0,rank_episode_v_the_empire_strikes_back,5.0,Episode V: The Empire Strikes Back,the_empire_strikes_back,5,1
3289666523.0,rank_episode_v_the_empire_strikes_back,,Episode V: The Empire Strikes Back,the_empire_strikes_back,5,0
3289664241.0,rank_episode_v_the_empire_strikes_back,2.0,Episode V: The Empire Strikes Back,the_empire_strikes_back,5,1
3289653763.0,rank_episode_v_the_empire_strikes_back,1.0,Episode V: The Empire Strikes Back,the_empire_strikes_back,5,1
3289653664.0,rank_episode_v_the_empire_strikes_back,,Episode V: The Empire Strikes Back,the_empire_strikes_back,5,0
3289652167.0,rank_episode_v_the_empire_strikes_back,4.0,Episode V: The Empire Strikes Back,the_empire_strikes_back,5,1
3289649402.0,rank_episode_v_the_empire_strikes_back,,Episode V: The Empire Strikes Back,the_empire_strikes_back,5,0
3289648154.0,rank_episode_v_the_empire_strikes_back,,Episode V: The Empire Strikes Back,the_empire_strikes_back,5,0
3289646833.0,rank_episode_v_the_empire_strikes_back,,Episode V: The Empire Strikes Back,the_empire_strikes_back,5,0
3289645505.0,rank_episode_v_the_empire_strikes_back,5.0,Episode V: The Empire Strikes Back,the_empire_strikes_back,5,1
3289644365.0,rank_episode_v_the_empire_strikes_back,2.0,Episode V: The Empire Strikes Back,the_empire_strikes_back,5,1
3289641241.0,rank_episode_v_the_empire_strikes_back,1.0,Episode V: The Empire Strikes Back,the_empire_strikes_back,5,1
3289640516.0,rank_episode_v_the_empire_strikes_back,,Episode V: The Empire Strikes Back,the_empire_strikes_back,5,0
3289638367.0,rank_episode_v_the_empire_strikes_back,3.0,Episode V: The Empire Strikes Back,the_empire_strikes_back,5,1
3289633176.0,rank_episode_v_the_empire_strikes_back,2.0,Episode V: The Empire Strikes Back,the_empire_strikes_back,5,1
3289628791.0,rank_episode_v_the_empire_strikes_back,5.0,Episode V: The Empire Strikes Back,the_empire_strikes_back,5,1
3289627503.0,rank_episode_v_the_empire_strikes_back,,Episode V: The Empire Strikes Back,the_empire_strikes_back,5,0
3289625918.0,rank_episode_v_the_empire_strikes_back,,Episode V: The Empire Strikes Back,the_empire_strikes_back,5,0
3289625905.0,rank_episode_v_the_empire_strikes_back,,Episode V: The Empire Strikes Back,the_empire_strikes_back,5,0
3289625071.0,rank_episode_v_the_empire_strikes_back,1.0,Episode V: The Empire Strikes Back,the_empire_strikes_back,5,1
3289621004.0,rank_episode_v_the_empire_strikes_back,2.0,Episode V: The Empire Strikes Back,the_empire_strikes_back,5,1
3289619487.0,rank_episode_v_the_empire_strikes_back,5.0,Episode V: The Empire Strikes Back,the_empire_strikes_back,5,1
3289618781.0,rank_episode_v_the_empire_strikes_back,,Episode V: The Empire Strikes Back,the_empire_strikes_back,5,0
3289618768.0,rank_episode_v_the_empire_strikes_back,,Episode V: The Empire Strikes Back,the_empire_strikes_back,5,0
3289618355.0,rank_episode_v_the_empire_strikes_back,,Episode V: The Empire Strikes Back,the_empire_strikes_back,5,0
3289616064.0,rank_episode_v_the_empire_strikes_back,,Episode V: The Empire Strikes Back,the_empire_strikes_back,5,0
3289610618.0,rank_episode_v_the_empire_strikes_back,,Episode V: The Empire Strikes Back,the_empire_strikes_back,5,0
3289610391.0,rank_episode_v_the_empire_strikes_back,5.0,Episode V: The Empire Strikes Back,the_empire_strikes_back,5,1
3289600885.0,rank_episode_v_the_empire_strikes_back,3.0,Episode V: The Empire Strikes Back,the_empire_strikes_back,5,1
3289598419.0,rank_episode_v_the_empire_strikes_back,1.0,Episode V: The Empire Strikes Back,the_empire_strikes_back,5,1
3289597768.0,rank_episode_v_the_empire_strikes_back,,Episode V: The Empire Strikes Back,the_empire_strikes_back,5,0
3289597035.0,rank_episode_v_the_empire_strikes_back,3.0,Episode V: The Empire Strikes Back,the_empire_strikes_back,5,1
3289588064.0,rank_episode_v_the_empire_strikes_back,6.0,Episode V: The Empire Strikes Back,the_empire_strikes_back,5,1
3289582868.0,rank_episode_v_the_empire_strikes_back,1.0,Episode V: The Empire Strikes Back,the_empire_strikes_back,5,1
3289582774.0,rank_episode_v_the_empire_strikes_back,1.0,Episode V: The Empire Strikes Back,the_empire_strikes_back,5,1
3289582090.0,rank_episode_v_the_empire_strikes_back,3.0,Episode V: The Empire Strikes Back,the_empire_strikes_back,5,1
3289573606.0,rank_episode_v_the_empire_strikes_back,1.0,Episode V: The Empire Strikes Back,the_empire_strikes_back,5,1
3289572808.0,rank_episode_v_the_empire_strikes_back,6.0,Episode V: The Empire Strikes Back,the_empire_strikes_back,5,1
3289569955.0,rank_episode_v_the_empire_strikes_back,,Episode V: The Empire Strikes Back,the_empire_strikes_back,5,0
3289567355.0,rank_episode_v_the_empire_strikes_back,1.0,Episode V: The Empire Strikes Back,the_empire_strikes_back,5,1
3289564387.0,rank_episode_v_the_empire_strikes_back,1.0,Episode V: The Empire Strikes Back,the_empire_strikes_back,5,1
3289563102.0,rank_episode_v_the_empire_strikes_back,,Episode V: The Empire Strikes Back,the_empire_strikes_back,5,0
3289561190.0,rank_episode_v_the_empire_strikes_back,,Episode V: The Empire Strikes Back,the_empire_strikes_back,5,0
3289560376.0,rank_episode_v_the_empire_strikes_back,3.0,Episode V: The Empire Strikes Back,the_empire_strikes_back,5,1
3289555540.0,rank_episode_v_the_empire_strikes_back,,Episode V: The Empire Strikes Back,the_empire_strikes_back,5,0
3289553574.0,rank_episode_v_the_empire_strikes_back,,Episode V: The Empire Strikes Back,the_empire_strikes_back,5,0
3289553473.0,rank_episode_v_the_empire_strikes_back,2.0,Episode V: The Empire Strikes Back,the_empire_strikes_back,5,1
3289552996.0,rank_episode_v_the_empire_strikes_back,3.0,Episode V: The Empire Strikes Back,the_empire_strikes_back,5,1
3289552625.0,rank_episode_v_the_empire_strikes_back,5.0,Episode V: The Empire Strikes Back,the_empire_strikes_back,5,1
3289543778.0,rank_episode_v_the_empire_strikes_back,6.0,Episode V: The Empire Strikes Back,the_empire_strikes_back,5,1
3289540349.0,rank_episode_v_the_empire_strikes_back,2.0,Episode V: The Empire Strikes Back,the_empire_strikes_back,5,1
3289539921.0,rank_episode_v_the_empire_strikes_back,1.0,Episode V: The Empire Strikes Back,the_empire_strikes_back,5,1
3289537363.0,rank_episode_v_the_empire_strikes_back,2.0,Episode V: The Empire Strikes Back,the_empire_strikes_back,5,1
3289537293.0,rank_episode_v_the_empire_strikes_back,3.0,Episode V: The Empire Strikes Back,the_empire_strikes_back,5,1
3289536171.0,rank_episode_v_the_empire_strikes_back,5.0,Episode V: The Empire Strikes Back,the_empire_strikes_back,5,1
3289533753.0,rank_episode_v_the_empire_strikes_back,5.0,Episode V: The Empire Strikes Back,the_empire_strikes_back,5,1
3289531711.0,rank_episode_v_the_empire_strikes_back,1.0,Episode V: The Empire Strikes Back,the_empire_strikes_back,5,1
3289530269.0,rank_episode_v_the_empire_strikes_back,,Episode V: The Empire Strikes Back,the_empire_strikes_back,5,0
3289530042.0,rank_episode_v_the_empire_strikes_back,1.0,Episode V: The Empire Strikes Back,the_empire_strikes_back,5,1
3289529064.0,rank_episode_v_the_empire_strikes_back,5.0,Episode V: The Empire Strikes Back,the_empire_strikes_back,5,1
3289528214.0,rank_episode_v_the_empire_strikes_back,,Episode V: The Empire Strikes Back,the_empire_strikes_back,5,0
3289526845.0,rank_episode_v_the_empire_strikes_back,1.0,Episode V: The Empire Strikes Back,the_empire_strikes_back,5,1
3289526048.0,rank_episode_v_the_empire_strikes_back,3.0,Episode V: The Empire Strikes Back,the_empire_strikes_back,5,1
3289522048.0,rank_episode_v_the_empire_strikes_back,1.0,Episode V: The Empire Strikes Back,the_empire_strikes_back,5,1
3289512650.0,rank_episode_v_the_empire_strikes_back,,Episode V: The Empire Strikes Back,the_empire_strikes_back,5,0
3289510637.0,rank_episode_v_the_empire_strikes_back,2.0,Episode V: The Empire Strikes Back,the_empire_strikes_back,5,1
3289510083.0,rank_episode_v_the_empire_strikes_back,,Episode V: The Empire Strikes Back,the_empire_strikes_back,5,0
3289508774.0,rank_episode_v_the_empire_strikes_back,3.0,Episode V: The Empire Strikes Back,the_empire_strikes_back,5,1
3289505557.0,rank_episode_v_the_empire_strikes_back,2.0,Episode V: The Empire Strikes Back,the_empire_strikes_back,5,1
3289498676.0,rank_episode_v_the_empire_strikes_back,5.0,Episode V: The Empire Strikes Back,the_empire_strikes_back,5,1
3289498263.0,rank_episode_v_the_empire_strikes_back,1.0,Episode V: The Empire Strikes Back,the_empire_strikes_back,5,1
3289498064.0,rank_episode_v_the_empire_strikes_back,3.0,Episode V: The Empire Strikes Back,the_empire_strikes_back,5,1
3289494245.0,rank_episode_v_the_empire_strikes_back,,Episode V: The Empire Strikes Back,the_empire_strikes_back,5,0
3289492759.0,rank_episode_v_the_empire_strikes_back,,Episode V: The Empire Strikes Back,the_empire_strikes_back,5,0
3289492075.0,rank_episode_v_the_empire_strikes_back,1.0,Episode V: The Empire Strikes Back,the_empire_strikes_back,5,1
3289489736.0,rank_episode_v_the_empire_strikes_back,1.0,Episode V: The Empire Strikes Back,the_empire_strikes_back,5,1
3289485680.0,rank_episode_v_the_empire_strikes_back,,Episode V: The Empire Strikes Back,the_empire_strikes_back,5,0
3289484757.0,rank_episode_v_the_empire_strikes_back,1.0,Episode V: The Empire Strikes Back,the_empire_strikes_back,5,1
3289481873.0,rank_episode_v_the_empire_strikes_back,,Episode V: The Empire Strikes Back,the_empire_strikes_back,5,0
3289481310.0,rank_episode_v_the_empire_strikes_back,5.0,Episode V: The Empire Strikes Back,the_empire_strikes_back,5,1
3289472648.0,rank_episode_v_the_empire_strikes_back,4.0,Episode V: The Empire Strikes Back,the_empire_strikes_back,5,1
3289469330.0,rank_episode_v_the_empire_strikes_back,,Episode V: The Empire Strikes Back,the_empire_strikes_back,5,0
3289467778.0,rank_episode_v_the_empire_strikes_back,1.0,Episode V: The Empire Strikes Back,the_empire_strikes_back,5,1
3289467324.0,rank_episode_v_the_empire_strikes_back,1.0,Episode V: The Empire Strikes Back,the_empire_strikes_back,5,1
3289463626.0,rank_episode_v_the_empire_strikes_back,,Episode V: The Empire Strikes Back,the_empire_strikes_back,5,0
3289463066.0,rank_episode_v_the_empire_strikes_back,5.0,Episode V: The Empire Strikes Back,the_empire_strikes_back,5,1
3289459695.0,rank_episode_v_the_empire_strikes_back,,Episode V: The Empire Strikes Back,the_empire_strikes_back,5,0
3289458608.0,rank_episode_v_the_empire_strikes_back,3.0,Episode V: The Empire Strikes Back,the_empire_strikes_back,5,1
3289453110.0,rank_episode_v_the_empire_strikes_back,5.0,Episode V: The Empire Strikes Back,the_empire_strikes_back,5,1
3289450247.0,rank_episode_v_the_empire_strikes_back,1.0,Episode V: The Empire Strikes Back,the_empire_strikes_back,5,1
3289450050.0,rank_episode_v_the_empire_strikes_back,4.0,Episode V: The Empire Strikes Back,the_empire_strikes_back,5,1
3289449176.0,rank_episode_v_the_empire_strikes_back,2.0,Episode V: The Empire Strikes Back,the_empire_strikes_back,5,1
3289448435.0,rank_episode_v_the_empire_strikes_back,3.0,Episode V: The Empire Strikes Back,the_empire_strikes_back,5,1
3289445841.0,rank_episode_v_the_empire_strikes_back,5.0,Episode V: The Empire Strikes Back,the_empire_strikes_back,5,1
3289437997.0,rank_episode_v_the_empire_strikes_back,,Episode V: The Empire Strikes Back,the_empire_strikes_back,5,0
3289436437.0,rank_episode_v_the_empire_strikes_back,1.0,Episode V: The Empire Strikes Back,the_empire_strikes_back,5,1
3289434297.0,rank_episode_v_the_empire_strikes_back,1.0,Episode V: The Empire Strikes Back,the_empire_strikes_back,5,1
3289425578.0,rank_episode_v_the_empire_strikes_back,1.0,Episode V: The Empire Strikes Back,the_empire_strikes_back,5,1
3289423303.0,rank_episode_v_the_empire_strikes_back,2.0,Episode V: The Empire Strikes Back,the_empire_strikes_back,5,1
3289419064.0,rank_episode_v_the_empire_strikes_back,,Episode V: The Empire Strikes Back,the_empire_strikes_back,5,0
3289418012.0,rank_episode_v_the_empire_strikes_back,,Episode V: The Empire Strikes Back,the_empire_strikes_back,5,0
3289416615.0,rank_episode_v_the_empire_strikes_back,2.0,Episode V: The Empire Strikes Back,the_empire_strikes_back,5,1
3289415200.0,rank_episode_v_the_empire_strikes_back,,Episode V: The Empire Strikes Back,the_empire_strikes_back,5,0
3289414959.0,rank_episode_v_the_empire_strikes_back,2.0,Episode V: The Empire Strikes Back,the_empire_strikes_back,5,1
3289414036.0,rank_episode_v_the_empire_strikes_back,6.0,Episode V: The Empire Strikes Back,the_empire_strikes_back,5,1
3289410507.0,rank_episode_v_the_empire_strikes_back,2.0,Episode V: The Empire Strikes Back,the_empire_strikes_back,5,1
3289410455.0,rank_episode_v_the_empire_strikes_back,1.0,Episode V: The Empire Strikes Back,the_empire_strikes_back,5,1
3289398157.0,rank_episode_v_the_empire_strikes_back,5.0,Episode V: The Empire Strikes Back,the_empire_strikes_back,5,1
3289394268.0,rank_episode_v_the_empire_strikes_back,2.0,Episode V: The Empire Strikes Back,the_empire_strikes_back,5,1
3289393495.0,rank_episode_v_the_empire_strikes_back,1.0,Episode V: The Empire Strikes Back,the_empire_strikes_back,5,1
3289392497.0,rank_episode_v_the_empire_strikes_back,3.0,Episode V: The Empire Strikes Back,the_empire_strikes_back,5,1
3289383220.0,rank_episode_v_the_empire_strikes_back,6.0,Episode V: The Empire Strikes Back,the_empire_strikes_back,5,1
3289381739.0,rank_episode_v_the_empire_strikes_back,4.0,Episode V: The Empire Strikes Back,the_empire_strikes_back,5,1
3289374653.0,rank_episode_v_the_empire_strikes_back,,Episode V: The Empire Strikes Back,the_empire_strikes_back,5,0
3289370623.0,rank_episode_v_the_empire_strikes_back,1.0,Episode V: The Empire Strikes Back,the_empire_strikes_back,5,1
3289369318.0,rank_episode_v_the_empire_strikes_back,1.0,Episode V: The Empire Strikes Back,the_empire_strikes_back,5,1
3289363684.0,rank_episode_v_the_empire_strikes_back,4.0,Episode V: The Empire Strikes Back,the_empire_strikes_back,5,1
3289358306.0,rank_episode_v_the_empire_strikes_back,5.0,Episode V: The Empire Strikes Back,the_empire_strikes_back,5,1
3289354975.0,rank_episode_v_the_empire_strikes_back,1.0,Episode V: The Empire Strikes Back,the_empire_strikes_back,5,1
3289351950.0,rank_episode_v_the_empire_strikes_back,2.0,Episode V: The Empire Strikes Back,the_empire_strikes_back,5,1
3289351379.0,rank_episode_v_the_empire_strikes_back,2.0,Episode V: The Empire Strikes Back,the_empire_strikes_back,5,1
3289341349.0,rank_episode_v_the_empire_strikes_back,,Episode V: The Empire Strikes Back,the_empire_strikes_back,5,0
3289334585.0,rank_episode_v_the_empire_strikes_back,,Episode V: The Empire Strikes Back,the_empire_strikes_back,5,0
3289334511.0,rank_episode_v_the_empire_strikes_back,,Episode V: The Empire Strikes Back,the_empire_strikes_back,5,0
3289322178.0,rank_episode_v_the_empire_strikes_back,1.0,Episode V: The Empire Strikes Back,the_empire_strikes_back,5,1
3289321600.0,rank_episode_v_the_empire_strikes_back,5.0,Episode V: The Empire Strikes Back,the_empire_strikes_back,5,1
3289317542.0,rank_episode_v_the_empire_strikes_back,2.0,Episode V: The Empire Strikes Back,the_empire_strikes_back,5,1
3289316592.0,rank_episode_v_the_empire_strikes_back,,Episode V: The Empire Strikes Back,the_empire_strikes_back,5,0
3289311086.0,rank_episode_v_the_empire_strikes_back,4.0,Episode V: The Empire Strikes Back,the_empire_strikes_back,5,1
3289305272.0,rank_episode_v_the_empire_strikes_back,,Episode V: The Empire Strikes Back,the_empire_strikes_back,5,0
3289302743.0,rank_episode_v_the_empire_strikes_back,,Episode V: The Empire Strikes Back,the_empire_strikes_back,5,0
3289301976.0,rank_episode_v_the_empire_strikes_back,,Episode V: The Empire Strikes Back,the_empire_strikes_back,5,0
3289282741.0,rank_episode_v_the_empire_strikes_back,,Episode V: The Empire Strikes Back,the_empire_strikes_back,5,0
3289281855.0,rank_episode_v_the_empire_strikes_back,,Episode V: The Empire Strikes Back,the_empire_strikes_back,5,0
3289279767.0,rank_episode_v_the_empire_strikes_back,,Episode V: The Empire Strikes Back,the_empire_strikes_back,5,0
3289274314.0,rank_episode_v_the_empire_strikes_back,3.0,Episode V: The Empire Strikes Back,the_empire_strikes_back,5,1
3289274207.0,rank_episode_v_the_empire_strikes_back,,Episode V: The Empire Strikes Back,the_empire_strikes_back,5,0
3289262699.0,rank_episode_v_the_empire_strikes_back,2.0,Episode V: The Empire Strikes Back,the_empire_strikes_back,5,1
3289262511.0,rank_episode_v_the_empire_strikes_back,4.0,Episode V: The Empire Strikes Back,the_empire_strikes_back,5,1
3289242777.0,rank_episode_v_the_empire_strikes_back,,Episode V: The Empire Strikes Back,the_empire_strikes_back,5,0
3289236782.0,rank_episode_v_the_empire_strikes_back,1.0,Episode V: The Empire Strikes Back,the_empire_strikes_back,5,1
3289198607.0,rank_episode_v_the_empire_strikes_back,3.0,Episode V: The Empire Strikes Back,the_empire_strikes_back,5,1
3289179421.0,rank_episode_v_the_empire_strikes_back,,Episode V: The Empire Strikes Back,the_empire_strikes_back,5,0
3289178815.0,rank_episode_v_the_empire_strikes_back,,Episode V: The Empire Strikes Back,the_empire_strikes_back,5,0
3289177383.0,rank_episode_v_the_empire_strikes_back,1.0,Episode V: The Empire Strikes Back,the_empire_strikes_back,5,1
3289172932.0,rank_episode_v_the_empire_strikes_back,,Episode V: The Empire Strikes Back,the_empire_strikes_back,5,0
3289156917.0,rank_episode_v_the_empire_strikes_back,2.0,Episode V: The Empire Strikes Back,the_empire_strikes_back,5,1
3289153001.0,rank_episode_v_the_empire_strikes_back,5.0,Episode V: The Empire Strikes Back,the_empire_strikes_back,5,1
3289148779.0,rank_episode_v_the_empire_strikes_back,5.0,Episode V: The Empire Strikes Back,the_empire_strikes_back,5,1
3289112999.0,rank_episode_v_the_empire_strikes_back,1.0,Episode V: The Empire Strikes Back,the_empire_strikes_back,5,1
3289095873.0,rank_episode_v_the_empire_strikes_back,5.0,Episode V: The Empire Strikes Back,the_empire_strikes_back,5,1
3289069642.0,rank_episode_v_the_empire_strikes_back,2.0,Episode V: The Empire Strikes Back,the_empire_strikes_back,5,1
3289064086.0,rank_episode_v_the_empire_strikes_back,2.0,Episode V: The Empire Strikes Back,the_empire_strikes_back,5,1
3289054324.0,rank_episode_v_the_empire_strikes_back,2.0,Episode V: The Empire Strikes Back,the_empire_strikes_back,5,1
3289049751.0,rank_episode_v_the_empire_strikes_back,5.0,Episode V: The Empire Strikes Back,the_empire_strikes_back,5,1
3289032654.0,rank_episode_v_the_empire_strikes_back,,Episode V: The Empire Strikes Back,the_empire_strikes_back,5,0
3288941294.0,rank_episode_v_the_empire_strikes_back,1.0,Episode V: The Empire Strikes Back,the_empire_strikes_back,5,1
3288846487.0,rank_episode_v_the_empire_strikes_back,3.0,Episode V: The Empire Strikes Back,the_empire_strikes_back,5,1
3288826742.0,rank_episode_v_the_empire_strikes_back,,Episode V: The Empire Strikes Back,the_empire_strikes_back,5,0
3288823234.0,rank_episode_v_the_empire_strikes_back,,Episode V: The Empire Strikes Back,the_empire_strikes_back,5,0
3288802482.0,rank_episode_v_the_empire_strikes_back,1.0,Episode V: The Empire Strikes Back,the_empire_strikes_back,5,1
3288793006.0,rank_episode_v_the_empire_strikes_back,2.0,Episode V: The Empire Strikes Back,the_empire_strikes_back,5,1
3288777560.0,rank_episode_v_the_empire_strikes_back,6.0,Episode V: The Empire Strikes Back,the_empire_strikes_back,5,1
3288772244.0,rank_episode_v_the_empire_strikes_back,2.0,Episode V: The Empire Strikes Back,the_empire_strikes_back,5,1
3288771826.0,rank_episode_v_the_empire_strikes_back,3.0,Episode V: The Empire Strikes Back,the_empire_strikes_back,5,1
3288750443.0,rank_episode_v_the_empire_strikes_back,3.0,Episode V: The Empire Strikes Back,the_empire_strikes_back,5,1
3288741236.0,rank_episode_v_the_empire_strikes_back,4.0,Episode V: The Empire Strikes Back,the_empire_strikes_back,5,1
3288740386.0,rank_episode_v_the_empire_strikes_back,5.0,Episode V: The Empire Strikes Back,the_empire_strikes_back,5,1
3288728912.0,rank_episode_v_the_empire_strikes_back,2.0,Episode V: The Empire Strikes Back,the_empire_strikes_back,5,1
3288723253.0,rank_episode_v_the_empire_strikes_back,,Episode V: The Empire Strikes Back,the_empire_strikes_back,5,0
3288722710.0,rank_episode_v_the_empire_strikes_back,3.0,Episode V: The Empire Strikes Back,the_empire_strikes_back,5,1
3288719090.0,rank_episode_v_the_empire_strikes_back,2.0,Episode V: The Empire Strikes Back,the_empire_strikes_back,5,1
3288718743.0,rank_episode_v_the_empire_strikes_back,3.0,Episode V: The Empire Strikes Back,the_empire_strikes_back,5,1
3288714827.0,rank_episode_v_the_empire_strikes_back,1.0,Episode V: The Empire Strikes Back,the_empire_strikes_back,5,1
3288714697.0,rank_episode_v_the_empire_strikes_back,2.0,Episode V: The Empire Strikes Back,the_empire_strikes_back,5,1
3288713721.0,rank_episode_v_the_empire_strikes_back,2.0,Episode V: The Empire Strikes Back,the_empire_strikes_back,5,1
3288713570.0,rank_episode_v_the_empire_strikes_back,2.0,Episode V: The Empire Strikes Back,the_empire_strikes_back,5,1
3288712832.0,rank_episode_v_the_empire_strikes_back,5.0,Episode V: The Empire Strikes Back,the_empire_strikes_back,5,1
3288704807.0,rank_episode_v_the_empire_strikes_back,1.0,Episode V: The Empire Strikes Back,the_empire_strikes_back,5,1
3288702291.0,rank_episode_v_the_empire_strikes_back,1.0,Episode V: The Empire Strikes Back,the_empire_strikes_back,5,1
3288700554.0,rank_episode_v_the_empire_strikes_back,1.0,Episode V: The Empire Strikes Back,the_empire_strikes_back,5,1
3288699973.0,rank_episode_v_the_empire_strikes_back,,Episode V: The Empire Strikes Back,the_empire_strikes_back,5,0
3288698545.0,rank_episode_v_the_empire_strikes_back,,Episode V: The Empire Strikes Back,the_empire_strikes_back,5,0
3288698085.0,rank_episode_v_the_empire_strikes_back,5.0,Episode V: The Empire Strikes Back,the_empire_strikes_back,5,1
3288697760.0,rank_episode_v_the_empire_strikes_back,5.0,Episode V: The Empire Strikes Back,the_empire_strikes_back,5,1
3288696158.0,rank_episode_v_the_empire_strikes_back,,Episode V: The Empire Strikes Back,the_empire_strikes_back,5,0
3288694272.0,rank_episode_v_the_empire_strikes_back,,Episode V: The Empire Strikes Back,the_empire_strikes_back,5,0
3288690295.0,rank_episode_v_the_empire_strikes_back,2.0,Episode V: The Empire Strikes Back,the_empire_strikes_back,5,1
3288689621.0,rank_episode_v_the_empire_strikes_back,,Episode V: The Empire Strikes Back,the_empire_strikes_back,5,0
3288687502.0,rank_episode_v_the_empire_strikes_back,3.0,Episode V: The Empire Strikes Back,the_empire_strikes_back,5,1
3288685641.0,rank_episode_v_the_empire_strikes_back,1.0,Episode V: The Empire Strikes Back,the_empire_strikes_back,5,1
3288683262.0,rank_episode_v_the_empire_strikes_back,,Episode V: The Empire Strikes Back,the_empire_strikes_back,5,0
3288683105.0,rank_episode_v_the_empire_strikes_back,1.0,Episode V: The Empire Strikes Back,the_empire_strikes_back,5,1
3288682774.0,rank_episode_v_the_empire_strikes_back,,Episode V: The Empire Strikes Back,the_empire_strikes_back,5,0
3288682656.0,rank_episode_v_the_empire_strikes_back,1.0,Episode V: The Empire Strikes Back,the_empire_strikes_back,5,1
3288678886.0,rank_episode_v_the_empire_strikes_back,1.0,Episode V: The Empire Strikes Back,the_empire_strikes_back,5,1
3288675923.0,rank_episode_v_the_empire_strikes_back,5.0,Episode V: The Empire Strikes Back,the_empire_strikes_back,5,1
3288672490.0,rank_episode_v_the_empire_strikes_back,4.0,Episode V: The Empire Strikes Back,the_empire_strikes_back,5,1
3288672409.0,rank_episode_v_the_empire_strikes_back,2.0,Episode V: The Empire Strikes Back,the_empire_strikes_back,5,1
3288672197.0,rank_episode_v_the_empire_strikes_back,,Episode V: The Empire Strikes Back,the_empire_strikes_back,5,0
3288671359.0,rank_episode_v_the_empire_strikes_back,5.0,Episode V: The Empire Strikes Back,the_empire_strikes_back,5,1
3288671328.0,rank_episode_v_the_empire_strikes_back,5.0,Episode V: The Empire Strikes Back,the_empire_strikes_back,5,1
3288670345.0,rank_episode_v_the_empire_strikes_back,2.0,Episode V: The Empire Strikes Back,the_empire_strikes_back,5,1
3288668791.0,rank_episode_v_the_empire_strikes_back,3.0,Episode V: The Empire Strikes Back,the_empire_strikes_back,5,1
3288668404.0,rank_episode_v_the_empire_strikes_back,,Episode V: The Empire Strikes Back,the_empire_strikes_back,5,0
3288668176.0,rank_episode_v_the_empire_strikes_back,1.0,Episode V: The Empire Strikes Back,the_empire_strikes_back,5,1
3288666429.0,rank_episode_v_the_empire_strikes_back,,Episode V: The Empire Strikes Back,the_empire_strikes_back,5,0
3288665797.0,rank_episode_v_the_empire_strikes_back,,Episode V: The Empire Strikes Back,the_empire_strikes_back,5,0
3288665355.0,rank_episode_v_the_empire_strikes_back,,Episode V: The Empire Strikes Back,the_empire_strikes_back,5,0
3288662617.0,rank_episode_v_the_empire_strikes_back,,Episode V: The Empire Strikes Back,the_empire_strikes_back,5,0
3288660175.0,rank_episode_v_the_empire_strikes_back,2.0,Episode V: The Empire Strikes Back,the_empire_strikes_back,5,1
3288657866.0,rank_episode_v_the_empire_strikes_back,1.0,Episode V: The Empire Strikes Back,the_empire_strikes_back,5,1
3288657113.0,rank_episode_v_the_empire_strikes_back,2.0,Episode V: The Empire Strikes Back,the_empire_strikes_back,5,1
3288653945.0,rank_episode_v_the_empire_strikes_back,,Episode V: The Empire Strikes Back,the_empire_strikes_back,5,0
3288653548.0,rank_episode_v_the_empire_strikes_back,6.0,Episode V: The Empire Strikes Back,the_empire_strikes_back,5,1
3288653332.0,rank_episode_v_the_empire_strikes_back,,Episode V: The Empire Strikes Back,the_empire_strikes_back,5,0
3288653149.0,rank_episode_v_the_empire_strikes_back,5.0,Episode V: The Empire Strikes Back,the_empire_strikes_back,5,1
3288650455.0,rank_episode_v_the_empire_strikes_back,2.0,Episode V: The Empire Strikes Back,the_empire_strikes_back,5,1
3288649171.0,rank_episode_v_the_empire_strikes_back,,Episode V: The Empire Strikes Back,the_empire_strikes_back,5,0
3288647913.0,rank_episode_v_the_empire_strikes_back,3.0,Episode V: The Empire Strikes Back,the_empire_strikes_back,5,1
3288647623.0,rank_episode_v_the_empire_strikes_back,1.0,Episode V: The Empire Strikes Back,the_empire_strikes_back,5,1
3288644592.0,rank_episode_v_the_empire_strikes_back,1.0,Episode V: The Empire Strikes Back,the_empire_strikes_back,5,1
3288644163.0,rank_episode_v_the_empire_strikes_back,3.0,Episode V: The Empire Strikes Back,the_empire_strikes_back,5,1
3288641278.0,rank_episode_v_the_empire_strikes_back,,Episode V: The Empire Strikes Back,the_empire_strikes_back,5,0
3288639879.0,rank_episode_v_the_empire_strikes_back,,Episode V: The Empire Strikes Back,the_empire_strikes_back,5,0
3288639732.0,rank_episode_v_the_empire_strikes_back,,Episode V: The Empire Strikes Back,the_empire_strikes_back,5,0
3288639377.0,rank_episode_v_the_empire_strikes_back,6.0,Episode V: The Empire Strikes Back,the_empire_strikes_back,5,1
3288638640.0,rank_episode_v_the_empire_strikes_back,,Episode V: The Empire Strikes Back,the_empire_strikes_back,5,0
3288635451.0,rank_episode_v_the_empire_strikes_back,5.0,Episode V: The Empire Strikes Back,the_empire_strikes_back,5,1
3288633861.0,rank_episode_v_the_empire_strikes_back,,Episode V: The Empire Strikes Back,the_empire_strikes_back,5,0
3288629979.0,rank_episode_v_the_empire_strikes_back,2.0,Episode V: The Empire Strikes Back,the_empire_strikes_back,5,1
3288627180.0,rank_episode_v_the_empire_strikes_back,,Episode V: The Empire Strikes Back,the_empire_strikes_back,5,0
3288625580.0,rank_episode_v_the_empire_strikes_back,1.0,Episode V: The Empire Strikes Back,the_empire_strikes_back,5,1
3288623870.0,rank_episode_v_the_empire_strikes_back,3.0,Episode V: The Empire Strikes Back,the_empire_strikes_back,5,1
3288623420.0,rank_episode_v_the_empire_strikes_back,,Episode V: The Empire Strikes Back,the_empire_strikes_back,5,0
3288623033.0,rank_episode_v_the_empire_strikes_back,1.0,Episode V: The Empire Strikes Back,the_empire_strikes_back,5,1
3288620198.0,rank_episode_v_the_empire_strikes_back,1.0,Episode V: The Empire Strikes Back,the_empire_strikes_back,5,1
3288618459.0,rank_episode_v_the_empire_strikes_back,2.0,Episode V: The Empire Strikes Back,the_empire_strikes_back,5,1
3288617343.0,rank_episode_v_the_empire_strikes_back,,Episode V: The Empire Strikes Back,the_empire_strikes_back,5,0
3288617091.0,rank_episode_v_the_empire_strikes_back,2.0,Episode V: The Empire Strikes Back,the_empire_strikes_back,5,1
3288614671.0,rank_episode_v_the_empire_strikes_back,1.0,Episode V: The Empire Strikes Back,the_empire_strikes_back,5,1
3288614539.0,rank_episode_v_the_empire_strikes_back,3.0,Episode V: The Empire Strikes Back,the_empire_strikes_back,5,1
3288614195.0,rank_episode_v_the_empire_strikes_back,1.0,Episode V: The Empire Strikes Back,the_empire_strikes_back,5,1
3288613051.0,rank_episode_v_the_empire_strikes_back,,Episode V: The Empire Strikes Back,the_empire_strikes_back,5,0
3288609566.0,rank_episode_v_the_empire_strikes_back,4.0,Episode V: The Empire Strikes Back,the_empire_strikes_back,5,1
3288608965.0,rank_episode_v_the_empire_strikes_back,,Episode V: The Empire Strikes Back,the_empire_strikes_back,5,0
3288604946.0,rank_episode_v_the_empire_strikes_back,5.0,Episode V: The Empire Strikes Back,the_empire_strikes_back,5,1
3288602883.0,rank_episode_v_the_empire_strikes_back,1.0,Episode V: The Empire Strikes Back,the_empire_strikes_back,5,1
3288601847.0,rank_episode_v_the_empire_strikes_back,1.0,Episode V: The Empire Strikes Back,the_empire_strikes_back,5,1
3288601827.0,rank_episode_v_the_empire_strikes_back,,Episode V: The Empire Strikes Back,the_empire_strikes_back,5,0
3288599799.0,rank_episode_v_the_empire_strikes_back,1.0,Episode V: The Empire Strikes Back,the_empire_strikes_back,5,1
3288599067.0,rank_episode_v_the_empire_strikes_back,3.0,Episode V: The Empire Strikes Back,the_empire_strikes_back,5,1
3288593331.0,rank_episode_v_the_empire_strikes_back,,Episode V: The Empire Strikes Back,the_empire_strikes_back,5,0
3288590836.0,rank_episode_v_the_empire_strikes_back,,Episode V: The Empire Strikes Back,the_empire_strikes_back,5,0
3288588424.0,rank_episode_v_the_empire_strikes_back,,Episode V: The Empire Strikes Back,the_empire_strikes_back,5,0
3288587373.0,rank_episode_v_the_empire_strikes_back,2.0,Episode V: The Empire Strikes Back,the_empire_strikes_back,5,1
3288586178.0,rank_episode_v_the_empire_strikes_back,2.0,Episode V: The Empire Strikes Back,the_empire_strikes_back,5,1
3288585053.0,rank_episode_v_the_empire_strikes_back,2.0,Episode V: The Empire Strikes Back,the_empire_strikes_back,5,1
3288584578.0,rank_episode_v_the_empire_strikes_back,2.0,Episode V: The Empire Strikes Back,the_empire_strikes_back,5,1
3288583884.0,rank_episode_v_the_empire_strikes_back,2.0,Episode V: The Empire Strikes Back,the_empire_strikes_back,5,1
3288583591.0,rank_episode_v_the_empire_strikes_back,,Episode V: The Empire Strikes Back,the_empire_strikes_back,5,0
3288581774.0,rank_episode_v_the_empire_strikes_back,,Episode V: The Empire Strikes Back,the_empire_strikes_back,5,0
3288580684.0,rank_episode_v_the_empire_strikes_back,,Episode V: The Empire Strikes Back,the_empire_strikes_back,5,0
3288580145.0,rank_episode_v_the_empire_strikes_back,,Episode V: The Empire Strikes Back,the_empire_strikes_back,5,0
3288579719.0,rank_episode_v_the_empire_strikes_back,,Episode V: The Empire Strikes Back,the_empire_strikes_back,5,0
3288579445.0,rank_episode_v_the_empire_strikes_back,,Episode V: The Empire Strikes Back,the_empire_strikes_back,5,0
3288578983.0,rank_episode_v_the_empire_strikes_back,2.0,Episode V: The Empire Strikes Back,the_empire_strikes_back,5,1
3288578072.0,rank_episode_v_the_empire_strikes_back,1.0,Episode V: The Empire Strikes Back,the_empire_strikes_back,5,1
3288576462.0,rank_episode_v_the_empire_strikes_back,3.0,Episode V: The Empire Strikes Back,the_empire_strikes_back,5,1
3288574703.0,rank_episode_v_the_empire_strikes_back,2.0,Episode V: The Empire Strikes Back,the_empire_strikes_back,5,1
3288571196.0,rank_episode_v_the_empire_strikes_back,6.0,Episode V: The Empire Strikes Back,the_empire_strikes_back,5,1
3288568534.0,rank_episode_v_the_empire_strikes_back,1.0,Episode V: The Empire Strikes Back,the_empire_strikes_back,5,1
3288567242.0,rank_episode_v_the_empire_strikes_back,3.0,Episode V: The Empire Strikes Back,the_empire_strikes_back,5,1
3288567154.0,rank_episode_v_the_empire_strikes_back,2.0,Episode V: The Empire Strikes Back,the_empire_strikes_back,5,1
3288563970.0,rank_episode_v_the_empire_strikes_back,,Episode V: The Empire Strikes Back,the_empire_strikes_back,5,0
3288563342.0,rank_episode_v_the_empire_strikes_back,,Episode V: The Empire Strikes Back,the_empire_strikes_back,5,0
3288563065.0,rank_episode_v_the_empire_strikes_back,3.0,Episode V: The Empire Strikes Back,the_empire_strikes_back,5,1
3288559700.0,rank_episode_v_the_empire_strikes_back,,Episode V: The Empire Strikes Back,the_empire_strikes_back,5,0
3288559015.0,rank_episode_v_the_empire_strikes_back,5.0,Episode V: The Empire Strikes Back,the_empire_strikes_back,5,1
3288558131.0,rank_episode_v_the_empire_strikes_back,2.0,Episode V: The Empire Strikes Back,the_empire_strikes_back,5,1
3288557322.0,rank_episode_v_the_empire_strikes_back,,Episode V: The Empire Strikes Back,the_empire_strikes_back,5,0
3288553903.0,rank_episode_v_the_empire_strikes_back,2.0,Episode V: The Empire Strikes Back,the_empire_strikes_back,5,1
3288553457.0,rank_episode_v_the_empire_strikes_back,,Episode V: The Empire Strikes Back,the_empire_strikes_back,5,0
3288552984.0,rank_episode_v_the_empire_strikes_back,6.0,Episode V: The Empire Strikes Back,the_empire_strikes_back,5,1
3288551156.0,rank_episode_v_the_empire_strikes_back,,Episode V: The Empire Strikes Back,the_empire_strikes_back,5,0
3288549677.0,rank_episode_v_the_empire_strikes_back,,Episode V: The Empire Strikes Back,the_empire_strikes_back,5,0
3288547379.0,rank_episode_v_the_empire_strikes_back,1.0,Episode V: The Empire Strikes Back,the_empire_strikes_back,5,1
3288545527.0,rank_episode_v_the_empire_strikes_back,1.0,Episode V: The Empire Strikes Back,the_empire_strikes_back,5,1
3288544295.0,rank_episode_v_the_empire_strikes_back,1.0,Episode V: The Empire Strikes Back,the_empire_strikes_back,5,1
3288539645.0,rank_episode_v_the_empire_strikes_back,,Episode V: The Empire Strikes Back,the_empire_strikes_back,5,0
3288538248.0,rank_episode_v_the_empire_strikes_back,3.0,Episode V: The Empire Strikes Back,the_empire_strikes_back,5,1
3288536532.0,rank_episode_v_the_empire_strikes_back,3.0,Episode V: The Empire Strikes Back,the_empire_strikes_back,5,1
3288534023.0,rank_episode_v_the_empire_strikes_back,1.0,Episode V: The Empire Strikes Back,the_empire_strikes_back,5,1
3288532773.0,rank_episode_v_the_empire_strikes_back,,Episode V: The Empire Strikes Back,the_empire_strikes_back,5,0
3288532255.0,rank_episode_v_the_empire_strikes_back,,Episode V: The Empire Strikes Back,the_empire_strikes_back,5,0
3288526244.0,rank_episode_v_the_empire_strikes_back,,Episode V: The Empire Strikes Back,the_empire_strikes_back,5,0
3288524042.0,rank_episode_v_the_empire_strikes_back,1.0,Episode V: The Empire Strikes Back,the_empire_strikes_back,5,1
3288523874.0,rank_episode_v_the_empire_strikes_back,3.0,Episode V: The Empire Strikes Back,the_empire_strikes_back,5,1
3288522525.0,rank_episode_v_the_empire_strikes_back,2.0,Episode V: The Empire Strikes Back,the_empire_strikes_back,5,1
3288522488.0,rank_episode_v_the_empire_strikes_back,3.0,Episode V: The Empire Strikes Back,the_empire_strikes_back,5,1
3288521325.0,rank_episode_v_the_empire_strikes_back,1.0,Episode V: The Empire Strikes Back,the_empire_strikes_back,5,1
3288519037.0,rank_episode_v_the_empire_strikes_back,2.0,Episode V: The Empire Strikes Back,the_empire_strikes_back,5,1
3288516295.0,rank_episode_v_the_empire_strikes_back,1.0,Episode V: The Empire Strikes Back,the_empire_strikes_back,5,1
3288515773.0,rank_episode_v_the_empire_strikes_back,2.0,Episode V: The Empire Strikes Back,the_empire_strikes_back,5,1
3288514217.0,rank_episode_v_the_empire_strikes_back,2.0,Episode V: The Empire Strikes Back,the_empire_strikes_back,5,1
3288513045.0,rank_episode_v_the_empire_strikes_back,,Episode V: The Empire Strikes Back,the_empire_strikes_back,5,0
3288512822.0,rank_episode_v_the_empire_strikes_back,1.0,Episode V: The Empire Strikes Back,the_empire_strikes_back,5,1
3288512665.0,rank_episode_v_the_empire_strikes_back,2.0,Episode V: The Empire Strikes Back,the_empire_strikes_back,5,1
3288512020.0,rank_episode_v_the_empire_strikes_back,,Episode V: The Empire Strikes Back,the_empire_strikes_back,5,0
3288511686.0,rank_episode_v_the_empire_strikes_back,,Episode V: The Empire Strikes Back,the_empire_strikes_back,5,0
3288511180.0,rank_episode_v_the_empire_strikes_back,5.0,Episode V: The Empire Strikes Back,the_empire_strikes_back,5,1
3288509415.0,rank_episode_v_the_empire_strikes_back,1.0,Episode V: The Empire Strikes Back,the_empire_strikes_back,5,1
3288506275.0,rank_episode_v_the_empire_strikes_back,2.0,Episode V: The Empire Strikes Back,the_empire_strikes_back,5,1
3288505925.0,rank_episode_v_the_empire_strikes_back,3.0,Episode V: The Empire Strikes Back,the_empire_strikes_back,5,1
3288505737.0,rank_episode_v_the_empire_strikes_back,1.0,Episode V: The Empire Strikes Back,the_empire_strikes_back,5,1
3288505216.0,rank_episode_v_the_empire_strikes_back,,Episode V: The Empire Strikes Back,the_empire_strikes_back,5,0
3288505151.0,rank_episode_v_the_empire_strikes_back,,Episode V: The Empire Strikes Back,the_empire_strikes_back,5,0
3288504398.0,rank_episode_v_the_empire_strikes_back,5.0,Episode V: The Empire Strikes Back,the_empire_strikes_back,5,1
3288502884.0,rank_episode_v_the_empire_strikes_back,1.0,Episode V: The Empire Strikes Back,the_empire_strikes_back,5,1
3288501301.0,rank_episode_v_the_empire_strikes_back,6.0,Episode V: The Empire Strikes Back,the_empire_strikes_back,5,1
3288499757.0,rank_episode_v_the_empire_strikes_back,,Episode V: The Empire Strikes Back,the_empire_strikes_back,5,0
3288498715.0,rank_episode_v_the_empire_strikes_back,2.0,Episode V: The Empire Strikes Back,the_empire_strikes_back,5,1
3288497532.0,rank_episode_v_the_empire_strikes_back,,Episode V: The Empire Strikes Back,the_empire_strikes_back,5,0
3288497228.0,rank_episode_v_the_empire_strikes_back,4.0,Episode V: The Empire Strikes Back,the_empire_strikes_back,5,1
3288497010.0,rank_episode_v_the_empire_strikes_back,,Episode V: The Empire Strikes Back,the_empire_strikes_back,5,0
3288493077.0,rank_episode_v_the_empire_strikes_back,2.0,Episode V: The Empire Strikes Back,the_empire_strikes_back,5,1
3288492006.0,rank_episode_v_the_empire_strikes_back,1.0,Episode V: The Empire Strikes Back,the_empire_strikes_back,5,1
3288484535.0,rank_episode_v_the_empire_strikes_back,1.0,Episode V: The Empire Strikes Back,the_empire_strikes_back,5,1
3288482717.0,rank_episode_v_the_empire_strikes_back,3.0,Episode V: The Empire Strikes Back,the_empire_strikes_back,5,1
3288482581.0,rank_episode_v_the_empire_strikes_back,2.0,Episode V: The Empire Strikes Back,the_empire_strikes_back,5,1
3288482369.0,rank_episode_v_the_empire_strikes_back,5.0,Episode V: The Empire Strikes Back,the_empire_strikes_back,5,1
3288479368.0,rank_episode_v_the_empire_strikes_back,1.0,Episode V: The Empire Strikes Back,the_empire_strikes_back,5,1
3288479074.0,rank_episode_v_the_empire_strikes_back,,Episode V: The Empire Strikes Back,the_empire_strikes_back,5,0
3288477753.0,rank_episode_v_the_empire_strikes_back,4.0,Episode V: The Empire Strikes Back,the_empire_strikes_back,5,1
3288476971.0,rank_episode_v_the_empire_strikes_back,1.0,Episode V: The Empire Strikes Back,the_empire_strikes_back,5,1
3288472373.0,rank_episode_v_the_empire_strikes_back,,Episode V: The Empire Strikes Back,the_empire_strikes_back,5,0
3288471192.0,rank_episode_v_the_empire_strikes_back,,Episode V: The Empire Strikes Back,the_empire_strikes_back,5,0
3288469670.0,rank_episode_v_the_empire_strikes_back,,Episode V: The Empire Strikes Back,the_empire_strikes_back,5,0
3288469047.0,rank_episode_v_the_empire_strikes_back,2.0,Episode V: The Empire Strikes Back,the_empire_strikes_back,5,1
3288460192.0,rank_episode_v_the_empire_strikes_back,,Episode V: The Empire Strikes Back,the_empire_strikes_back,5,0
3288459190.0,rank_episode_v_the_empire_strikes_back,2.0,Episode V: The Empire Strikes Back,the_empire_strikes_back,5,1
3288458873.0,rank_episode_v_the_empire_strikes_back,,Episode V: The Empire Strikes Back,the_empire_strikes_back,5,0
3288456946.0,rank_episode_v_the_empire_strikes_back,2.0,Episode V: The Empire Strikes Back,the_empire_strikes_back,5,1
3288455900.0,rank_episode_v_the_empire_strikes_back,,Episode V: The Empire Strikes Back,the_empire_strikes_back,5,0
3288453555.0,rank_episode_v_the_empire_strikes_back,5.0,Episode V: The Empire Strikes Back,the_empire_strikes_back,5,1
3288446700.0,rank_episode_v_the_empire_strikes_back,1.0,Episode V: The Empire Strikes Back,the_empire_strikes_back,5,1
3288446529.0,rank_episode_v_the_empire_strikes_back,1.0,Episode V: The Empire Strikes Back,the_empire_strikes_back,5,1
3288445926.0,rank_episode_v_the_empire_strikes_back,1.0,Episode V: The Empire Strikes Back,the_empire_strikes_back,5,1
3288444784.0,rank_episode_v_the_empire_strikes_back,1.0,Episode V: The Empire Strikes Back,the_empire_strikes_back,5,1
3288442728.0,rank_episode_v_the_empire_strikes_back,4.0,Episode V: The Empire Strikes Back,the_empire_strikes_back,5,1
3288436226.0,rank_episode_v_the_empire_strikes_back,,Episode V: The Empire Strikes Back,the_empire_strikes_back,5,0
3288432395.0,rank_episode_v_the_empire_strikes_back,,Episode V: The Empire Strikes Back,the_empire_strikes_back,5,0
3288429451.0,rank_episode_v_the_empire_strikes_back,2.0,Episode V: The Empire Strikes Back,the_empire_strikes_back,5,1
3288429390.0,rank_episode_v_the_empire_strikes_back,,Episode V: The Empire Strikes Back,the_empire_strikes_back,5,0
3288429092.0,rank_episode_v_the_empire_strikes_back,2.0,Episode V: The Empire Strikes Back,the_empire_strikes_back,5,1
3288428243.0,rank_episode_v_the_empire_strikes_back,2.0,Episode V: The Empire Strikes Back,the_empire_strikes_back,5,1
3288425859.0,rank_episode_v_the_empire_strikes_back,2.0,Episode V: The Empire Strikes Back,the_empire_strikes_back,5,1
3288423088.0,rank_episode_v_the_empire_strikes_back,,Episode V: The Empire Strikes Back,the_empire_strikes_back,5,0
3288423045.0,rank_episode_v_the_empire_strikes_back,1.0,Episode V: The Empire Strikes Back,the_empire_strikes_back,5,1
3288421819.0,rank_episode_v_the_empire_strikes_back,,Episode V: The Empire Strikes Back,the_empire_strikes_back,5,0
3288420798.0,rank_episode_v_the_empire_strikes_back,6.0,Episode V: The Empire Strikes Back,the_empire_strikes_back,5,1
3288417782.0,rank_episode_v_the_empire_strikes_back,1.0,Episode V: The Empire Strikes Back,the_empire_strikes_back,5,1
3288417641.0,rank_episode_v_the_empire_strikes_back,2.0,Episode V: The Empire Strikes Back,the_empire_strikes_back,5,1
3288416959.0,rank_episode_v_the_empire_strikes_back,4.0,Episode V: The Empire Strikes Back,the_empire_strikes_back,5,1
3288415166.0,rank_episode_v_the_empire_strikes_back,1.0,Episode V: The Empire Strikes Back,the_empire_strikes_back,5,1
3288414025.0,rank_episode_v_the_empire_strikes_back,1.0,Episode V: The Empire Strikes Back,the_empire_strikes_back,5,1
3288413441.0,rank_episode_v_the_empire_strikes_back,3.0,Episode V: The Empire Strikes Back,the_empire_strikes_back,5,1
3288410348.0,rank_episode_v_the_empire_strikes_back,1.0,Episode V: The Empire Strikes Back,the_empire_strikes_back,5,1
3288410073.0,rank_episode_v_the_empire_strikes_back,,Episode V: The Empire Strikes Back,the_empire_strikes_back,5,0
3288408698.0,rank_episode_v_the_empire_strikes_back,1.0,Episode V: The Empire Strikes Back,the_empire_strikes_back,5,1
3288402717.0,rank_episode_v_the_empire_strikes_back,,Episode V: The Empire Strikes Back,the_empire_strikes_back,5,0
3288402643.0,rank_episode_v_the_empire_strikes_back,3.0,Episode V: The Empire Strikes Back,the_empire_strikes_back,5,1
3288402592.0,rank_episode_v_the_empire_strikes_back,6.0,Episode V: The Empire Strikes Back,the_empire_strikes_back,5,1
3288402511.0,rank_episode_v_the_empire_strikes_back,2.0,Episode V: The Empire Strikes Back,the_empire_strikes_back,5,1
3288401681.0,rank_episode_v_the_empire_strikes_back,5.0,Episode V: The Empire Strikes Back,the_empire_strikes_back,5,1
3288401136.0,rank_episode_v_the_empire_strikes_back,2.0,Episode V: The Empire Strikes Back,the_empire_strikes_back,5,1
3288398062.0,rank_episode_v_the_empire_strikes_back,5.0,Episode V: The Empire Strikes Back,the_empire_strikes_back,5,1
3288396374.0,rank_episode_v_the_empire_strikes_back,5.0,Episode V: The Empire Strikes Back,the_empire_strikes_back,5,1
3288395255.0,rank_episode_v_the_empire_strikes_back,,Episode V: The Empire Strikes Back,the_empire_strikes_back,5,0
3288391812.0,rank_episode_v_the_empire_strikes_back,1.0,Episode V: The Empire Strikes Back,the_empire_strikes_back,5,1
3288389603.0,rank_episode_v_the_empire_strikes_back,1.0,Episode V: The Empire Strikes Back,the_empire_strikes_back,5,1
3288388730.0,rank_episode_v_the_empire_strikes_back,2.0,Episode V: The Empire Strikes Back,the_empire_strikes_back,5,1
3288378779.0,rank_episode_v_the_empire_strikes_back,3.0,Episode V: The Empire Strikes Back,the_empire_strikes_back,5,1
3288375286.0,rank_episode_v_the_empire_strikes_back,,Episode V: The Empire Strikes Back,the_empire_strikes_back,5,0
3288373068.0,rank_episode_v_the_empire_strikes_back,2.0,Episode V: The Empire Strikes Back,the_empire_strikes_back,5,1
3288372923.0,rank_episode_v_the_empire_strikes_back,4.0,Episode V: The Empire Strikes Back,the_empire_strikes_back,5,1
3292879998.0,rank_episode_vi_return_of_the_jedi,6.0,Episode VI: Return of the Jedi,return_of_the_jedi,6,1
3292879538.0,rank_episode_vi_return_of_the_jedi,,Episode VI: Return of the Jedi,return_of_the_jedi,6,0
3292765271.0,rank_episode_vi_return_of_the_jedi,6.0,Episode VI: Return of the Jedi,return_of_the_jedi,6,1
3292763116.0,rank_episode_vi_return_of_the_jedi,3.0,Episode VI: Return of the Jedi,return_of_the_jedi,6,1
3292731220.0,rank_episode_vi_return_of_the_jedi,3.0,Episode VI: Return of the Jedi,return_of_the_jedi,6,1
3292719380.0,rank_episode_vi_return_of_the_jedi,2.0,Episode VI: Return of the Jedi,return_of_the_jedi,6,1
3292684787.0,rank_episode_vi_return_of_the_jedi,2.0,Episode VI: Return of the Jedi,return_of_the_jedi,6,1
3292663732.0,rank_episode_vi_return_of_the_jedi,1.0,Episode VI: Return of the Jedi,return_of_the_jedi,6,1
3292654043.0,rank_episode_vi_return_of_the_jedi,3.0,Episode VI: Return of the Jedi,return_of_the_jedi,6,1
3292640424.0,rank_episode_vi_return_of_the_jedi,6.0,Episode VI: Return of the Jedi,return_of_the_jedi,6,1
3292637870.0,rank_episode_vi_return_of_the_jedi,,Episode VI: Return of the Jedi,return_of_the_jedi,6,0
3292635062.0,rank_episode_vi_return_of_the_jedi,,Episode VI: Return of the Jedi,return_of_the_jedi,6,0
3292609214.0,rank_episode_vi_return_of_the_jedi,2.0,Episode VI: Return of the Jedi,return_of_the_jedi,6,1
3292596911.0,rank_episode_vi_return_of_the_jedi,1.0,Episode VI: Return of the Jedi,return_of_the_jedi,6,1
3292587240.0,rank_episode_vi_return_of_the_jedi,6.0,Episode VI: Return of the Jedi,return_of_the_jedi,6,1
3292583038.0,rank_episode_vi_return_of_the_jedi,2.0,Episode VI: Return of the Jedi,return_of_the_jedi,6,1
3292580516.0,rank_episode_vi_return_of_the_jedi,6.0,Episode VI: Return of the Jedi,return_of_the_jedi,6,1
3292572872.0,rank_episode_vi_return_of_the_jedi,6.0,Episode VI: Return of the Jedi,return_of_the_jedi,6,1
3292565282.0,rank_episode_vi_return_of_the_jedi,4.0,Episode VI: Return of the Jedi,return_of_the_jedi,6,1
3292562297.0,rank_episode_vi_return_of_the_jedi,2.0,Episode VI: Return of the Jedi,return_of_the_jedi,6,1
3292522349.0,rank_episode_vi_return_of_the_jedi,3.0,Episode VI: Return of the Jedi,return_of_the_jedi,6,1
3292521066.0,rank_episode_vi_return_of_the_jedi,6.0,Episode VI: Return of the Jedi,return_of_the_jedi,6,1
3292511801.0,rank_episode_vi_return_of_the_jedi,2.0,Episode VI: Return of the Jedi,return_of_the_jedi,6,1
3292483200.0,rank_episode_vi_return_of_the_jedi,5.0,Episode VI: Return of the Jedi,return_of_the_jedi,6,1
3292465491.0,rank_episode_vi_return_of_the_jedi,5.0,Episode VI: Return of the Jedi,return_of_the_jedi,6,1
3292447974.0,rank_episode_vi_return_of_the_jedi,,Episode VI: Return of the Jedi,return_of_the_jedi,6,0
3292420123.0,rank_episode_vi_return_of_the_jedi,1.0,Episode VI: Return of the Jedi,return_of_the_jedi,6,1
3292384040.0,rank_episode_vi_return_of_the_jedi,1.0,Episode VI: Return of the Jedi,return_of_the_jedi,6,1
3292380493.0,rank_episode_vi_return_of_the_jedi,3.0,Episode VI: Return of the Jedi,return_of_the_jedi,6,1
3292376985.0,rank_episode_vi_return_of_the_jedi,3.0,Episode VI: Return of the Jedi,return_of_the_jedi,6,1
3292366792.0,rank_episode_vi_return_of_the_jedi,1.0,Episode VI: Return of the Jedi,return_of_the_jedi,6,1
3292339379.0,rank_episode_vi_return_of_the_jedi,3.0,Episode VI: Return of the Jedi,return_of_the_jedi,6,1
3292330840.0,rank_episode_vi_return_of_the_jedi,5.0,Episode VI: Return of the Jedi,return_of_the_jedi,6,1
3292318652.0,rank_episode_vi_return_of_the_jedi,5.0,Episode VI: Return of the Jedi,return_of_the_jedi,6,1
3292297848.0,rank_episode_vi_return_of_the_jedi,,Episode VI: Return of the Jedi,return_of_the_jedi,6,0
3292290677.0,rank_episode_vi_return_of_the_jedi,5.0,Episode VI: Return of the Jedi,return_of_the_jedi,6,1
3292281095.0,rank_episode_vi_return_of_the_jedi,5.0,Episode VI: Return of the Jedi,return_of_the_jedi,6,1
3292279889.0,rank_episode_vi_return_of_the_jedi,3.0,Episode VI: Return of the Jedi,return_of_the_jedi,6,1
3292264069.0,rank_episode_vi_return_of_the_jedi,2.0,Episode VI: Return of the Jedi,return_of_the_jedi,6,1
3292257520.0,rank_episode_vi_return_of_the_jedi,1.0,Episode VI: Return of the Jedi,return_of_the_jedi,6,1
3292249492.0,rank_episode_vi_return_of_the_jedi,1.0,Episode VI: Return of the Jedi,return_of_the_jedi,6,1
3292222729.0,rank_episode_vi_return_of_the_jedi,3.0,Episode VI: Return of the Jedi,return_of_the_jedi,6,1
3292221635.0,rank_episode_vi_return_of_the_jedi,3.0,Episode VI: Return of the Jedi,return_of_the_jedi,6,1
3292218251.0,rank_episode_vi_return_of_the_jedi,3.0,Episode VI: Return of the Jedi,return_of_the_jedi,6,1
3292214307.0,rank_episode_vi_return_of_the_jedi,1.0,Episode VI: Return of the Jedi,return_of_the_jedi,6,1
3292210606.0,rank_episode_vi_return_of_the_jedi,3.0,Episode VI: Return of the Jedi,return_of_the_jedi,6,1
3292202220.0,rank_episode_vi_return_of_the_jedi,,Episode VI: Return of the Jedi,return_of_the_jedi,6,0
3292189580.0,rank_episode_vi_return_of_the_jedi,2.0,Episode VI: Return of the Jedi,return_of_the_jedi,6,1
3292187343.0,rank_episode_vi_return_of_the_jedi,3.0,Episode VI: Return of the Jedi,return_of_the_jedi,6,1
3292186608.0,rank_episode_vi_return_of_the_jedi,,Episode VI: Return of the Jedi,return_of_the_jedi,6,0
3292178389.0,rank_episode_vi_return_of_the_jedi,2.0,Episode VI: Return of the Jedi,return_of_the_jedi,6,1
3292176862.0,rank_episode_vi_return_of_the_jedi,2.0,Episode VI: Return of the Jedi,return_of_the_jedi,6,1
3292173922.0,rank_episode_vi_return_of_the_jedi,3.0,Episode VI: Return of the Jedi,return_of_the_jedi,6,1
3292167131.0,rank_episode_vi_return_of_the_jedi,3.0,Episode VI: Return of the Jedi,return_of_the_jedi,6,1
3292162057.0,rank_episode_vi_return_of_the_jedi,3.0,Episode VI: Return of the Jedi,return_of_the_jedi,6,1
3292161407.0,rank_episode_vi_return_of_the_jedi,,Episode VI: Return of the Jedi,return_of_the_jedi,6,0
3292156614.0,rank_episode_vi_return_of_the_jedi,3.0,Episode VI: Return of the Jedi,return_of_the_jedi,6,1
3292148570.0,rank_episode_vi_return_of_the_jedi,2.0,Episode VI: Return of the Jedi,return_of_the_jedi,6,1
3292144665.0,rank_episode_vi_return_of_the_jedi,2.0,Episode VI: Return of the Jedi,return_of_the_jedi,6,1
3292143503.0,rank_episode_vi_return_of_the_jedi,2.0,Episode VI: Return of the Jedi,return_of_the_jedi,6,1
3292131636.0,rank_episode_vi_return_of_the_jedi,4.0,Episode VI: Return of the Jedi,return_of_the_jedi,6,1
3292125068.0,rank_episode_vi_return_of_the_jedi,6.0,Episode VI: Return of the Jedi,return_of_the_jedi,6,1
3292120160.0,rank_episode_vi_return_of_the_jedi,3.0,Episode VI: Return of the Jedi,return_of_the_jedi,6,1
3292103680.0,rank_episode_vi_return_of_the_jedi,3.0,Episode VI: Return of the Jedi,return_of_the_jedi,6,1
3292050153.0,rank_episode_vi_return_of_the_jedi,6.0,Episode VI: Return of the Jedi,return_of_the_jedi,6,1
3292041365.0,rank_episode_vi_return_of_the_jedi,3.0,Episode VI: Return of the Jedi,return_of_the_jedi,6,1
3292033243.0,rank_episode_vi_return_of_the_jedi,2.0,Episode VI: Return of the Jedi,return_of_the_jedi,6,1
3292031637.0,rank_episode_vi_return_of_the_jedi,1.0,Episode VI: Return of the Jedi,return_of_the_jedi,6,1
3292008762.0,rank_episode_vi_return_of_the_jedi,3.0,Episode VI: Return of the Jedi,return_of_the_jedi,6,1
3291992352.0,rank_episode_vi_return_of_the_jedi,1.0,Episode VI: Return of the Jedi,return_of_the_jedi,6,1
3291945498.0,rank_episode_vi_return_of_the_jedi,3.0,Episode VI: Return of the Jedi,return_of_the_jedi,6,1
3291940517.0,rank_episode_vi_return_of_the_jedi,1.0,Episode VI: Return of the Jedi,return_of_the_jedi,6,1
3291871486.0,rank_episode_vi_return_of_the_jedi,3.0,Episode VI: Return of the Jedi,return_of_the_jedi,6,1
3291778150.0,rank_episode_vi_return_of_the_jedi,3.0,Episode VI: Return of the Jedi,return_of_the_jedi,6,1
3291766314.0,rank_episode_vi_return_of_the_jedi,1.0,Episode VI: Return of the Jedi,return_of_the_jedi,6,1
3291762799.0,rank_episode_vi_return_of_the_jedi,2.0,Episode VI: Return of the Jedi,return_of_the_jedi,6,1
3291707153.0,rank_episode_vi_return_of_the_jedi,2.0,Episode VI: Return of the Jedi,return_of_the_jedi,6,1
3291701619.0,rank_episode_vi_return_of_the_jedi,1.0,Episode VI: Return of the Jedi,return_of_the_jedi,6,1
3291696391.0,rank_episode_vi_return_of_the_jedi,3.0,Episode VI: Return of the Jedi,return_of_the_jedi,6,1
3291684768.0,rank_episode_vi_return_of_the_jedi,3.0,Episode VI: Return of the Jedi,return_of_the_jedi,6,1
3291669388.0,rank_episode_vi_return_of_the_jedi,,Episode VI: Return of the Jedi,return_of_the_jedi,6,0
3291661584.0,rank_episode_vi_return_of_the_jedi,1.0,Episode VI: Return of the Jedi,return_of_the_jedi,6,1
3291658046.0,rank_episode_vi_return_of_the_jedi,3.0,Episode VI: Return of the Jedi,return_of_the_jedi,6,1
3291654919.0,rank_episode_vi_return_of_the_jedi,1.0,Episode VI: Return of the Jedi,return_of_the_jedi,6,1
3291653882.0,rank_episode_vi_return_of_the_jedi,,Episode VI: Return of the Jedi,return_of_the_jedi,6,0
3291650311.0,rank_episode_vi_return_of_the_jedi,4.0,Episode VI: Return of the Jedi,return_of_the_jedi,6,1
3291649780.0,rank_episode_vi_return_of_the_jedi,,Episode VI: Return of the Jedi,return_of_the_jedi,6,0
3291648660.0,rank_episode_vi_return_of_the_jedi,,Episode VI: Return of the Jedi,return_of_the_jedi,6,0
3291641416.0,rank_episode_vi_return_of_the_jedi,2.0,Episode VI: Return of the Jedi,return_of_the_jedi,6,1
3291635934.0,rank_episode_vi_return_of_the_jedi,,Episode VI: Return of the Jedi,return_of_the_jedi,6,0
3291634205.0,rank_episode_vi_return_of_the_jedi,1.0,Episode VI: Return of the Jedi,return_of_the_jedi,6,1
3291618031.0,rank_episode_vi_return_of_the_jedi,2.0,Episode VI: Return of the Jedi,return_of_the_jedi,6,1
3291603688.0,rank_episode_vi_return_of_the_jedi,,Episode VI: Return of the Jedi,return_of_the_jedi,6,0
3291602842.0,rank_episode_vi_return_of_the_jedi,6.0,Episode VI: Return of the Jedi,return_of_the_jedi,6,1
3291598188.0,rank_episode_vi_return_of_the_jedi,1.0,Episode VI: Return of the Jedi,return_of_the_jedi,6,1
3291588139.0,rank_episode_vi_return_of_the_jedi,6.0,Episode VI: Return of the Jedi,return_of_the_jedi,6,1
3291570206.0,rank_episode_vi_return_of_the_jedi,,Episode VI: Return of the Jedi,return_of_the_jedi,6,0
3291548852.0,rank_episode_vi_return_of_the_jedi,2.0,Episode VI: Return of the Jedi,return_of_the_jedi,6,1
3291529925.0,rank_episode_vi_return_of_the_jedi,4.0,Episode VI: Return of the Jedi,return_of_the_jedi,6,1
3291524547.0,rank_episode_vi_return_of_the_jedi,6.0,Episode VI: Return of the Jedi,return_of_the_jedi,6,1
3291502449.0,rank_episode_vi_return_of_the_jedi,4.0,Episode VI: Return of the Jedi,return_of_the_jedi,6,1
3291497337.0,rank_episode_vi_return_of_the_jedi,2.0,Episode VI: Return of the Jedi,return_of_the_jedi,6,1
3291482197.0,rank_episode_vi_return_of_the_jedi,1.0,Episode VI: Return of the Jedi,return_of_the_jedi,6,1
3291476650.0,rank_episode_vi_return_of_the_jedi,,Episode VI: Return of the Jedi,return_of_the_jedi,6,0
3291470613.0,rank_episode_vi_return_of_the_jedi,,Episode VI: Return of the Jedi,return_of_the_jedi,6,0
3291469991.0,rank_episode_vi_return_of_the_jedi,,Episode VI: Return of the Jedi,return_of_the_jedi,6,0
3291468155.0,rank_episode_vi_return_of_the_jedi,3.0,Episode VI: Return of the Jedi,return_of_the_jedi,6,1
3291461574.0,rank_episode_vi_return_of_the_jedi,2.0,Episode VI: Return of the Jedi,return_of_the_jedi,6,1
3291455642.0,rank_episode_vi_return_of_the_jedi,6.0,Episode VI: Return of the Jedi,return_of_the_jedi,6,1
3291446474.0,rank_episode_vi_return_of_the_jedi,1.0,Episode VI: Return of the Jedi,return_of_the_jedi,6,1
3291446275.0,rank_episode_vi_return_of_the_jedi,1.0,Episode VI: Return of the Jedi,return_of_the_jedi,6,1
3291439708.0,rank_episode_vi_return_of_the_jedi,3.0,Episode VI: Return of the Jedi,return_of_the_jedi,6,1
3291439404.0,rank_episode_vi_return_of_the_jedi,6.0,Episode VI: Return of the Jedi,return_of_the_jedi,6,1
3291437345.0,rank_episode_vi_return_of_the_jedi,6.0,Episode VI: Return of the Jedi,return_of_the_jedi,6,1
3291435787.0,rank_episode_vi_return_of_the_jedi,2.0,Episode VI: Return of the Jedi,return_of_the_jedi,6,1
3291435056.0,rank_episode_vi_return_of_the_jedi,,Episode VI: Return of the Jedi,return_of_the_jedi,6,0
3291433636.0,rank_episode_vi_return_of_the_jedi,1.0,Episode VI: Return of the Jedi,return_of_the_jedi,6,1
3291431939.0,rank_episode_vi_return_of_the_jedi,5.0,Episode VI: Return of the Jedi,return_of_the_jedi,6,1
3291430239.0,rank_episode_vi_return_of_the_jedi,,Episode VI: Return of the Jedi,return_of_the_jedi,6,0
3291430193.0,rank_episode_vi_return_of_the_jedi,,Episode VI: Return of the Jedi,return_of_the_jedi,6,0
3291428174.0,rank_episode_vi_return_of_the_jedi,2.0,Episode VI: Return of the Jedi,return_of_the_jedi,6,1
3291427761.0,rank_episode_vi_return_of_the_jedi,,Episode VI: Return of the Jedi,return_of_the_jedi,6,0
3291425110.0,rank_episode_vi_return_of_the_jedi,3.0,Episode VI: Return of the Jedi,return_of_the_jedi,6,1
3291424127.0,rank_episode_vi_return_of_the_jedi,1.0,Episode VI: Return of the Jedi,return_of_the_jedi,6,1
3291424006.0,rank_episode_vi_return_of_the_jedi,,Episode VI: Return of the Jedi,return_of_the_jedi,6,0
3291422637.0,rank_episode_vi_return_of_the_jedi,1.0,Episode VI: Return of the Jedi,return_of_the_jedi,6,1
3291421381.0,rank_episode_vi_return_of_the_jedi,,Episode VI: Return of the Jedi,return_of_the_jedi,6,0
3291420030.0,rank_episode_vi_return_of_the_jedi,,Episode VI: Return of the Jedi,return_of_the_jedi,6,0
3291410155.0,rank_episode_vi_return_of_the_jedi,,Episode VI: Return of the Jedi,return_of_the_jedi,6,0
3291405943.0,rank_episode_vi_return_of_the_jedi,,Episode VI: Return of the Jedi,return_of_the_jedi,6,0
3291402264.0,rank_episode_vi_return_of_the_jedi,,Episode VI: Return of the Jedi,return_of_the_jedi,6,0
3291401326.0,rank_episode_vi_return_of_the_jedi,6.0,Episode VI: Return of the Jedi,return_of_the_jedi,6,1
3291395512.0,rank_episode_vi_return_of_the_jedi,1.0,Episode VI: Return of the Jedi,return_of_the_jedi,6,1
3291394022.0,rank_episode_vi_return_of_the_jedi,2.0,Episode VI: Return of the Jedi,return_of_the_jedi,6,1
3291391717.0,rank_episode_vi_return_of_the_jedi,,Episode VI: Return of the Jedi,return_of_the_jedi,6,0
3291391446.0,rank_episode_vi_return_of_the_jedi,1.0,Episode VI: Return of the Jedi,return_of_the_jedi,6,1
3291391033.0,rank_episode_vi_return_of_the_jedi,,Episode VI: Return of the Jedi,return_of_the_jedi,6,0
3291390734.0,rank_episode_vi_return_of_the_jedi,,Episode VI: Return of the Jedi,return_of_the_jedi,6,0
3291388906.0,rank_episode_vi_return_of_the_jedi,,Episode VI: Return of the Jedi,return_of_the_jedi,6,0
3291388180.0,rank_episode_vi_return_of_the_jedi,2.0,Episode VI: Return of the Jedi,return_of_the_jedi,6,1
3291380973.0,rank_episode_vi_return_of_the_jedi,2.0,Episode VI: Return of the Jedi,return_of_the_jedi,6,1
3291378572.0,rank_episode_vi_return_of_the_jedi,6.0,Episode VI: Return of the Jedi,return_of_the_jedi,6,1
3291375306.0,rank_episode_vi_return_of_the_jedi,1.0,Episode VI: Return of the Jedi,return_of_the_jedi,6,1
3291364062.0,rank_episode_vi_return_of_the_jedi,1.0,Episode VI: Return of the Jedi,return_of_the_jedi,6,1
3291345427.0,rank_episode_vi_return_of_the_jedi,3.0,Episode VI: Return of the Jedi,return_of_the_jedi,6,1
3291341186.0,rank_episode_vi_return_of_the_jedi,,Episode VI: Return of the Jedi,return_of_the_jedi,6,0
3291330710.0,rank_episode_vi_return_of_the_jedi,1.0,Episode VI: Return of the Jedi,return_of_the_jedi,6,1
3291327304.0,rank_episode_vi_return_of_the_jedi,3.0,Episode VI: Return of the Jedi,return_of_the_jedi,6,1
3291320154.0,rank_episode_vi_return_of_the_jedi,1.0,Episode VI: Return of the Jedi,return_of_the_jedi,6,1
3291312980.0,rank_episode_vi_return_of_the_jedi,6.0,Episode VI: Return of the Jedi,return_of_the_jedi,6,1
3291290675.0,rank_episode_vi_return_of_the_jedi,,Episode VI: Return of the Jedi,return_of_the_jedi,6,0
3291288174.0,rank_episode_vi_return_of_the_jedi,1.0,Episode VI: Return of the Jedi,return_of_the_jedi,6,1
3291271932.0,rank_episode_vi_return_of_the_jedi,2.0,Episode VI: Return of the Jedi,return_of_the_jedi,6,1
3291267852.0,rank_episode_vi_return_of_the_jedi,3.0,Episode VI: Return of the Jedi,return_of_the_jedi,6,1
3291262515.0,rank_episode_vi_return_of_the_jedi,2.0,Episode VI: Return of the Jedi,return_of_the_jedi,6,1
3291233218.0,rank_episode_vi_return_of_the_jedi,2.0,Episode VI: Return of the Jedi,return_of_the_jedi,6,1
3291206864.0,rank_episode_vi_return_of_the_jedi,6.0,Episode VI: Return of the Jedi,return_of_the_jedi,6,1
3291203531.0,rank_episode_vi_return_of_the_jedi,,Episode VI: Return of the Jedi,return_of_the_jedi,6,0
3291184745.0,rank_episode_vi_return_of_the_jedi,3.0,Episode VI: Return of the Jedi,return_of_the_jedi,6,1
3291181010.0,rank_episode_vi_return_of_the_jedi,2.0,Episode VI: Return of the Jedi,return_of_the_jedi,6,1
3291159863.0,rank_episode_vi_return_of_the_jedi,2.0,Episode VI: Return of the Jedi,return_of_the_jedi,6,1
3291145258.0,rank_episode_vi_return_of_the_jedi,1.0,Episode VI: Return of the Jedi,return_of_the_jedi,6,1
3291141478.0,rank_episode_vi_return_of_the_jedi,4.0,Episode VI: Return of the Jedi,return_of_the_jedi,6,1
3291139156.0,rank_episode_vi_return_of_the_jedi,2.0,Episode VI: Return of the Jedi,return_of_the_jedi,6,1
3291121359.0,rank_episode_vi_return_of_the_jedi,2.0,Episode VI: Return of the Jedi,return_of_the_jedi,6,1
3291119656.0,rank_episode_vi_return_of_the_jedi,6.0,Episode VI: Return of the Jedi,return_of_the_jedi,6,1
3291101925.0,rank_episode_vi_return_of_the_jedi,1.0,Episode VI: Return of the Jedi,return_of_the_jedi,6,1
3291094347.0,rank_episode_vi_return_of_the_jedi,2.0,Episode VI: Return of the Jedi,return_of_the_jedi,6,1
3291092094.0,rank_episode_vi_return_of_the_jedi,6.0,Episode VI: Return of the Jedi,return_of_the_jedi,6,1
3291077381.0,rank_episode_vi_return_of_the_jedi,3.0,Episode VI: Return of the Jedi,return_of_the_jedi,6,1
3291075212.0,rank_episode_vi_return_of_the_jedi,3.0,Episode VI: Return of the Jedi,return_of_the_jedi,6,1
3291064417.0,rank_episode_vi_return_of_the_jedi,,Episode VI: Return of the Jedi,return_of_the_jedi,6,0
3291063226.0,rank_episode_vi_return_of_the_jedi,3.0,Episode VI: Return of the Jedi,return_of_the_jedi,6,1
3291060156.0,rank_episode_vi_return_of_the_jedi,2.0,Episode VI: Return of the Jedi,return_of_the_jedi,6,1
3291056296.0,rank_episode_vi_return_of_the_jedi,3.0,Episode VI: Return of the Jedi,return_of_the_jedi,6,1
3291052728.0,rank_episode_vi_return_of_the_jedi,3.0,Episode VI: Return of the Jedi,return_of_the_jedi,6,1
3291051343.0,rank_episode_vi_return_of_the_jedi,3.0,Episode VI: Return of the Jedi,return_of_the_jedi,6,1
3291045360.0,rank_episode_vi_return_of_the_jedi,2.0,Episode VI: Return of the Jedi,return_of_the_jedi,6,1
3291043176.0,rank_episode_vi_return_of_the_jedi,3.0,Episode VI: Return of the Jedi,return_of_the_jedi,6,1
3291042516.0,rank_episode_vi_return_of_the_jedi,2.0,Episode VI: Return of the Jedi,return_of_the_jedi,6,1
3291037640.0,rank_episode_vi_return_of_the_jedi,,Episode VI: Return of the Jedi,return_of_the_jedi,6,0
3291034202.0,rank_episode_vi_return_of_the_jedi,3.0,Episode VI: Return of the Jedi,return_of_the_jedi,6,1
3291033668.0,rank_episode_vi_return_of_the_jedi,,Episode VI: Return of the Jedi,return_of_the_jedi,6,0
3291032418.0,rank_episode_vi_return_of_the_jedi,3.0,Episode VI: Return of the Jedi,return_of_the_jedi,6,1
3291029281.0,rank_episode_vi_return_of_the_jedi,,Episode VI: Return of the Jedi,return_of_the_jedi,6,0
3291028446.0,rank_episode_vi_return_of_the_jedi,3.0,Episode VI: Return of the Jedi,return_of_the_jedi,6,1
3291024297.0,rank_episode_vi_return_of_the_jedi,3.0,Episode VI: Return of the Jedi,return_of_the_jedi,6,1
3291023456.0,rank_episode_vi_return_of_the_jedi,3.0,Episode VI: Return of the Jedi,return_of_the_jedi,6,1
3291022655.0,rank_episode_vi_return_of_the_jedi,2.0,Episode VI: Return of the Jedi,return_of_the_jedi,6,1
3291022275.0,rank_episode_vi_return_of_the_jedi,,Episode VI: Return of the Jedi,return_of_the_jedi,6,0
3291022013.0,rank_episode_vi_return_of_the_jedi,,Episode VI: Return of the Jedi,return_of_the_jedi,6,0
3291019033.0,rank_episode_vi_return_of_the_jedi,6.0,Episode VI: Return of the Jedi,return_of_the_jedi,6,1
3291018581.0,rank_episode_vi_return_of_the_jedi,,Episode VI: Return of the Jedi,return_of_the_jedi,6,0
3291015347.0,rank_episode_vi_return_of_the_jedi,,Episode VI: Return of the Jedi,return_of_the_jedi,6,0
3291014757.0,rank_episode_vi_return_of_the_jedi,1.0,Episode VI: Return of the Jedi,return_of_the_jedi,6,1
3291009055.0,rank_episode_vi_return_of_the_jedi,,Episode VI: Return of the Jedi,return_of_the_jedi,6,0
3291007877.0,rank_episode_vi_return_of_the_jedi,3.0,Episode VI: Return of the Jedi,return_of_the_jedi,6,1
3291006540.0,rank_episode_vi_return_of_the_jedi,,Episode VI: Return of the Jedi,return_of_the_jedi,6,0
3291002672.0,rank_episode_vi_return_of_the_jedi,1.0,Episode VI: Return of the Jedi,return_of_the_jedi,6,1
3291001879.0,rank_episode_vi_return_of_the_jedi,,Episode VI: Return of the Jedi,return_of_the_jedi,6,0
3290999912.0,rank_episode_vi_return_of_the_jedi,6.0,Episode VI: Return of the Jedi,return_of_the_jedi,6,1
3290998457.0,rank_episode_vi_return_of_the_jedi,,Episode VI: Return of the Jedi,return_of_the_jedi,6,0
3290996933.0,rank_episode_vi_return_of_the_jedi,3.0,Episode VI: Return of the Jedi,return_of_the_jedi,6,1
3290994001.0,rank_episode_vi_return_of_the_jedi,4.0,Episode VI: Return of the Jedi,return_of_the_jedi,6,1
3290992477.0,rank_episode_vi_return_of_the_jedi,3.0,Episode VI: Return of the Jedi,return_of_the_jedi,6,1
3290992371.0,rank_episode_vi_return_of_the_jedi,,Episode VI: Return of the Jedi,return_of_the_jedi,6,0
3290987996.0,rank_episode_vi_return_of_the_jedi,5.0,Episode VI: Return of the Jedi,return_of_the_jedi,6,1
3290984063.0,rank_episode_vi_return_of_the_jedi,1.0,Episode VI: Return of the Jedi,return_of_the_jedi,6,1
3290980789.0,rank_episode_vi_return_of_the_jedi,,Episode VI: Return of the Jedi,return_of_the_jedi,6,0
3290977827.0,rank_episode_vi_return_of_the_jedi,2.0,Episode VI: Return of the Jedi,return_of_the_jedi,6,1
3290976539.0,rank_episode_vi_return_of_the_jedi,,Episode VI: Return of the Jedi,return_of_the_jedi,6,0
3290975724.0,rank_episode_vi_return_of_the_jedi,6.0,Episode VI: Return of the Jedi,return_of_the_jedi,6,1
3290973695.0,rank_episode_vi_return_of_the_jedi,1.0,Episode VI: Return of the Jedi,return_of_the_jedi,6,1
3290973177.0,rank_episode_vi_return_of_the_jedi,,Episode VI: Return of the Jedi,return_of_the_jedi,6,0
3290973120.0,rank_episode_vi_return_of_the_jedi,,Episode VI: Return of the Jedi,return_of_the_jedi,6,0
3290972257.0,rank_episode_vi_return_of_the_jedi,2.0,Episode VI: Return of the Jedi,return_of_the_jedi,6,1
3290971794.0,rank_episode_vi_return_of_the_jedi,2.0,Episode VI: Return of the Jedi,return_of_the_jedi,6,1
3290971358.0,rank_episode_vi_return_of_the_jedi,6.0,Episode VI: Return of the Jedi,return_of_the_jedi,6,1
3290965482.0,rank_episode_vi_return_of_the_jedi,,Episode VI: Return of the Jedi,return_of_the_jedi,6,0
3290961855.0,rank_episode_vi_return_of_the_jedi,,Episode VI: Return of the Jedi,return_of_the_jedi,6,0
3290961497.0,rank_episode_vi_return_of_the_jedi,4.0,Episode VI: Return of the Jedi,return_of_the_jedi,6,1
3290953060.0,rank_episode_vi_return_of_the_jedi,,Episode VI: Return of the Jedi,return_of_the_jedi,6,0
3290949606.0,rank_episode_vi_return_of_the_jedi,,Episode VI: Return of the Jedi,return_of_the_jedi,6,0
3290948002.0,rank_episode_vi_return_of_the_jedi,2.0,Episode VI: Return of the Jedi,return_of_the_jedi,6,1
3290947136.0,rank_episode_vi_return_of_the_jedi,4.0,Episode VI: Return of the Jedi,return_of_the_jedi,6,1
3290947011.0,rank_episode_vi_return_of_the_jedi,6.0,Episode VI: Return of the Jedi,return_of_the_jedi,6,1
3290946211.0,rank_episode_vi_return_of_the_jedi,,Episode VI: Return of the Jedi,return_of_the_jedi,6,0
3290944858.0,rank_episode_vi_return_of_the_jedi,6.0,Episode VI: Return of the Jedi,return_of_the_jedi,6,1
3290944288.0,rank_episode_vi_return_of_the_jedi,1.0,Episode VI: Return of the Jedi,return_of_the_jedi,6,1
3290941824.0,rank_episode_vi_return_of_the_jedi,1.0,Episode VI: Return of the Jedi,return_of_the_jedi,6,1
3290939696.0,rank_episode_vi_return_of_the_jedi,,Episode VI: Return of the Jedi,return_of_the_jedi,6,0
3290934328.0,rank_episode_vi_return_of_the_jedi,4.0,Episode VI: Return of the Jedi,return_of_the_jedi,6,1
3290929229.0,rank_episode_vi_return_of_the_jedi,3.0,Episode VI: Return of the Jedi,return_of_the_jedi,6,1
3290927126.0,rank_episode_vi_return_of_the_jedi,,Episode VI: Return of the Jedi,return_of_the_jedi,6,0
3290926407.0,rank_episode_vi_return_of_the_jedi,,Episode VI: Return of the Jedi,return_of_the_jedi,6,0
3290922858.0,rank_episode_vi_return_of_the_jedi,3.0,Episode VI: Return of the Jedi,return_of_the_jedi,6,1
3290920752.0,rank_episode_vi_return_of_the_jedi,6.0,Episode VI: Return of the Jedi,return_of_the_jedi,6,1
3290919823.0,rank_episode_vi_return_of_the_jedi,1.0,Episode VI: Return of the Jedi,return_of_the_jedi,6,1
3290919419.0,rank_episode_vi_return_of_the_jedi,1.0,Episode VI: Return of the Jedi,return_of_the_jedi,6,1
3290917153.0,rank_episode_vi_return_of_the_jedi,3.0,Episode VI: Return of the Jedi,return_of_the_jedi,6,1
3290917131.0,rank_episode_vi_return_of_the_jedi,3.0,Episode VI: Return of the Jedi,return_of_the_jedi,6,1
3290916554.0,rank_episode_vi_return_of_the_jedi,1.0,Episode VI: Return of the Jedi,return_of_the_jedi,6,1
3290915885.0,rank_episode_vi_return_of_the_jedi,2.0,Episode VI: Return of the Jedi,return_of_the_jedi,6,1
3290912485.0,rank_episode_vi_return_of_the_jedi,,Episode VI: Return of the Jedi,return_of_the_jedi,6,0
3290912014.0,rank_episode_vi_return_of_the_jedi,2.0,Episode VI: Return of the Jedi,return_of_the_jedi,6,1
3290910069.0,rank_episode_vi_return_of_the_jedi,2.0,Episode VI: Return of the Jedi,return_of_the_jedi,6,1
3290906086.0,rank_episode_vi_return_of_the_jedi,5.0,Episode VI: Return of the Jedi,return_of_the_jedi,6,1
3290906022.0,rank_episode_vi_return_of_the_jedi,1.0,Episode VI: Return of the Jedi,return_of_the_jedi,6,1
3290903423.0,rank_episode_vi_return_of_the_jedi,2.0,Episode VI: Return of the Jedi,return_of_the_jedi,6,1
3290902880.0,rank_episode_vi_return_of_the_jedi,3.0,Episode VI: Return of the Jedi,return_of_the_jedi,6,1
3290901027.0,rank_episode_vi_return_of_the_jedi,3.0,Episode VI: Return of the Jedi,return_of_the_jedi,6,1
3290896982.0,rank_episode_vi_return_of_the_jedi,,Episode VI: Return of the Jedi,return_of_the_jedi,6,0
3290893301.0,rank_episode_vi_return_of_the_jedi,,Episode VI: Return of the Jedi,return_of_the_jedi,6,0
3290889443.0,rank_episode_vi_return_of_the_jedi,6.0,Episode VI: Return of the Jedi,return_of_the_jedi,6,1
3290888715.0,rank_episode_vi_return_of_the_jedi,,Episode VI: Return of the Jedi,return_of_the_jedi,6,0
3290888303.0,rank_episode_vi_return_of_the_jedi,1.0,Episode VI: Return of the Jedi,return_of_the_jedi,6,1
3290888102.0,rank_episode_vi_return_of_the_jedi,2.0,Episode VI: Return of the Jedi,return_of_the_jedi,6,1
3290888079.0,rank_episode_vi_return_of_the_jedi,1.0,Episode VI: Return of the Jedi,return_of_the_jedi,6,1
3290884427.0,rank_episode_vi_return_of_the_jedi,2.0,Episode VI: Return of the Jedi,return_of_the_jedi,6,1
3290881566.0,rank_episode_vi_return_of_the_jedi,3.0,Episode VI: Return of the Jedi,return_of_the_jedi,6,1
3290879019.0,rank_episode_vi_return_of_the_jedi,3.0,Episode VI: Return of the Jedi,return_of_the_jedi,6,1
3290878766.0,rank_episode_vi_return_of_the_jedi,3.0,Episode VI: Return of the Jedi,return_of_the_jedi,6,1
3290874545.0,rank_episode_vi_return_of_the_jedi,,Episode VI: Return of the Jedi,return_of_the_jedi,6,0
3290873342.0,rank_episode_vi_return_of_the_jedi,5.0,Episode VI: Return of the Jedi,return_of_the_jedi,6,1
3290871307.0,rank_episode_vi_return_of_the_jedi,3.0,Episode VI: Return of the Jedi,return_of_the_jedi,6,1
3290869696.0,rank_episode_vi_return_of_the_jedi,,Episode VI: Return of the Jedi,return_of_the_jedi,6,0
3290863729.0,rank_episode_vi_return_of_the_jedi,3.0,Episode VI: Return of the Jedi,return_of_the_jedi,6,1
3290863193.0,rank_episode_vi_return_of_the_jedi,2.0,Episode VI: Return of the Jedi,return_of_the_jedi,6,1
3290862050.0,rank_episode_vi_return_of_the_jedi,,Episode VI: Return of the Jedi,return_of_the_jedi,6,0
3290860908.0,rank_episode_vi_return_of_the_jedi,2.0,Episode VI: Return of the Jedi,return_of_the_jedi,6,1
3290860842.0,rank_episode_vi_return_of_the_jedi,2.0,Episode VI: Return of the Jedi,return_of_the_jedi,6,1
3290860558.0,rank_episode_vi_return_of_the_jedi,5.0,Episode VI: Return of the Jedi,return_of_the_jedi,6,1
3290858689.0,rank_episode_vi_return_of_the_jedi,,Episode VI: Return of the Jedi,return_of_the_jedi,6,0
3290858543.0,rank_episode_vi_return_of_the_jedi,6.0,Episode VI: Return of the Jedi,return_of_the_jedi,6,1
3290855818.0,rank_episode_vi_return_of_the_jedi,3.0,Episode VI: Return of the Jedi,return_of_the_jedi,6,1
3290854802.0,rank_episode_vi_return_of_the_jedi,2.0,Episode VI: Return of the Jedi,return_of_the_jedi,6,1
3290853559.0,rank_episode_vi_return_of_the_jedi,6.0,Episode VI: Return of the Jedi,return_of_the_jedi,6,1
3290853267.0,rank_episode_vi_return_of_the_jedi,,Episode VI: Return of the Jedi,return_of_the_jedi,6,0
3290852271.0,rank_episode_vi_return_of_the_jedi,,Episode VI: Return of the Jedi,return_of_the_jedi,6,0
3290848617.0,rank_episode_vi_return_of_the_jedi,2.0,Episode VI: Return of the Jedi,return_of_the_jedi,6,1
3290846848.0,rank_episode_vi_return_of_the_jedi,6.0,Episode VI: Return of the Jedi,return_of_the_jedi,6,1
3290846769.0,rank_episode_vi_return_of_the_jedi,2.0,Episode VI: Return of the Jedi,return_of_the_jedi,6,1
3290846466.0,rank_episode_vi_return_of_the_jedi,3.0,Episode VI: Return of the Jedi,return_of_the_jedi,6,1
3290845752.0,rank_episode_vi_return_of_the_jedi,3.0,Episode VI: Return of the Jedi,return_of_the_jedi,6,1
3290845367.0,rank_episode_vi_return_of_the_jedi,2.0,Episode VI: Return of the Jedi,return_of_the_jedi,6,1
3290845046.0,rank_episode_vi_return_of_the_jedi,3.0,Episode VI: Return of the Jedi,return_of_the_jedi,6,1
3290844577.0,rank_episode_vi_return_of_the_jedi,,Episode VI: Return of the Jedi,return_of_the_jedi,6,0
3290841815.0,rank_episode_vi_return_of_the_jedi,3.0,Episode VI: Return of the Jedi,return_of_the_jedi,6,1
3290840905.0,rank_episode_vi_return_of_the_jedi,,Episode VI: Return of the Jedi,return_of_the_jedi,6,0
3290836653.0,rank_episode_vi_return_of_the_jedi,6.0,Episode VI: Return of the Jedi,return_of_the_jedi,6,1
3290834007.0,rank_episode_vi_return_of_the_jedi,6.0,Episode VI: Return of the Jedi,return_of_the_jedi,6,1
3290829888.0,rank_episode_vi_return_of_the_jedi,3.0,Episode VI: Return of the Jedi,return_of_the_jedi,6,1
3290828902.0,rank_episode_vi_return_of_the_jedi,,Episode VI: Return of the Jedi,return_of_the_jedi,6,0
3290824340.0,rank_episode_vi_return_of_the_jedi,,Episode VI: Return of the Jedi,return_of_the_jedi,6,0
3290821620.0,rank_episode_vi_return_of_the_jedi,2.0,Episode VI: Return of the Jedi,return_of_the_jedi,6,1
3290819415.0,rank_episode_vi_return_of_the_jedi,2.0,Episode VI: Return of the Jedi,return_of_the_jedi,6,1
3290815080.0,rank_episode_vi_return_of_the_jedi,,Episode VI: Return of the Jedi,return_of_the_jedi,6,0
3290812610.0,rank_episode_vi_return_of_the_jedi,2.0,Episode VI: Return of the Jedi,return_of_the_jedi,6,1
3290810177.0,rank_episode_vi_return_of_the_jedi,3.0,Episode VI: Return of the Jedi,return_of_the_jedi,6,1
3290810023.0,rank_episode_vi_return_of_the_jedi,6.0,Episode VI: Return of the Jedi,return_of_the_jedi,6,1
3290807769.0,rank_episode_vi_return_of_the_jedi,,Episode VI: Return of the Jedi,return_of_the_jedi,6,0
3290806200.0,rank_episode_vi_return_of_the_jedi,2.0,Episode VI: Return of the Jedi,return_of_the_jedi,6,1
3290805125.0,rank_episode_vi_return_of_the_jedi,6.0,Episode VI: Return of the Jedi,return_of_the_jedi,6,1
3290804128.0,rank_episode_vi_return_of_the_jedi,,Episode VI: Return of the Jedi,return_of_the_jedi,6,0
3290804008.0,rank_episode_vi_return_of_the_jedi,1.0,Episode VI: Return of the Jedi,return_of_the_jedi,6,1
3290799403.0,rank_episode_vi_return_of_the_jedi,6.0,Episode VI: Return of the Jedi,return_of_the_jedi,6,1
3290798641.0,rank_episode_vi_return_of_the_jedi,,Episode VI: Return of the Jedi,return_of_the_jedi,6,0
3290798064.0,rank_episode_vi_return_of_the_jedi,2.0,Episode VI: Return of the Jedi,return_of_the_jedi,6,1
3290796650.0,rank_episode_vi_return_of_the_jedi,1.0,Episode VI: Return of the Jedi,return_of_the_jedi,6,1
3290792507.0,rank_episode_vi_return_of_the_jedi,2.0,Episode VI: Return of the Jedi,return_of_the_jedi,6,1
3290787286.0,rank_episode_vi_return_of_the_jedi,2.0,Episode VI: Return of the Jedi,return_of_the_jedi,6,1
3290785928.0,rank_episode_vi_return_of_the_jedi,4.0,Episode VI: Return of the Jedi,return_of_the_jedi,6,1
3290782952.0,rank_episode_vi_return_of_the_jedi,,Episode VI: Return of the Jedi,return_of_the_jedi,6,0
3290781544.0,rank_episode_vi_return_of_the_jedi,2.0,Episode VI: Return of the Jedi,return_of_the_jedi,6,1
3290781284.0,rank_episode_vi_return_of_the_jedi,,Episode VI: Return of the Jedi,return_of_the_jedi,6,0
3290781039.0,rank_episode_vi_return_of_the_jedi,3.0,Episode VI: Return of the Jedi,return_of_the_jedi,6,1
3290779524.0,rank_episode_vi_return_of_the_jedi,1.0,Episode VI: Return of the Jedi,return_of_the_jedi,6,1
3290779140.0,rank_episode_vi_return_of_the_jedi,1.0,Episode VI: Return of the Jedi,return_of_the_jedi,6,1
3290778828.0,rank_episode_vi_return_of_the_jedi,6.0,Episode VI: Return of the Jedi,return_of_the_jedi,6,1
3290777129.0,rank_episode_vi_return_of_the_jedi,,Episode VI: Return of the Jedi,return_of_the_jedi,6,0
3290773277.0,rank_episode_vi_return_of_the_jedi,3.0,Episode VI: Return of the Jedi,return_of_the_jedi,6,1
3290769012.0,rank_episode_vi_return_of_the_jedi,,Episode VI: Return of the Jedi,return_of_the_jedi,6,0
3290767951.0,rank_episode_vi_return_of_the_jedi,,Episode VI: Return of the Jedi,return_of_the_jedi,6,0
3290767535.0,rank_episode_vi_return_of_the_jedi,1.0,Episode VI: Return of the Jedi,return_of_the_jedi,6,1
3290765210.0,rank_episode_vi_return_of_the_jedi,,Episode VI: Return of the Jedi,return_of_the_jedi,6,0
3290762924.0,rank_episode_vi_return_of_the_jedi,6.0,Episode VI: Return of the Jedi,return_of_the_jedi,6,1
3290761823.0,rank_episode_vi_return_of_the_jedi,,Episode VI: Return of the Jedi,return_of_the_jedi,6,0
3290760722.0,rank_episode_vi_return_of_the_jedi,3.0,Episode VI: Return of the Jedi,return_of_the_jedi,6,1
3290759512.0,rank_episode_vi_return_of_the_jedi,2.0,Episode VI: Return of the Jedi,return_of_the_jedi,6,1
3290758362.0,rank_episode_vi_return_of_the_jedi,1.0,Episode VI: Return of the Jedi,return_of_the_jedi,6,1
3290757230.0,rank_episode_vi_return_of_the_jedi,6.0,Episode VI: Return of the Jedi,return_of_the_jedi,6,1
3290756394.0,rank_episode_vi_return_of_the_jedi,3.0,Episode VI: Return of the Jedi,return_of_the_jedi,6,1
3290755451.0,rank_episode_vi_return_of_the_jedi,2.0,Episode VI: Return of the Jedi,return_of_the_jedi,6,1
3290753390.0,rank_episode_vi_return_of_the_jedi,1.0,Episode VI: Return of the Jedi,return_of_the_jedi,6,1
3290749764.0,rank_episode_vi_return_of_the_jedi,1.0,Episode VI: Return of the Jedi,return_of_the_jedi,6,1
3290749229.0,rank_episode_vi_return_of_the_jedi,6.0,Episode VI: Return of the Jedi,return_of_the_jedi,6,1
3290746853.0,rank_episode_vi_return_of_the_jedi,2.0,Episode VI: Return of the Jedi,return_of_the_jedi,6,1
3290744027.0,rank_episode_vi_return_of_the_jedi,,Episode VI: Return of the Jedi,return_of_the_jedi,6,0
3290741994.0,rank_episode_vi_return_of_the_jedi,3.0,Episode VI: Return of the Jedi,return_of_the_jedi,6,1
3290741405.0,rank_episode_vi_return_of_the_jedi,1.0,Episode VI: Return of the Jedi,return_of_the_jedi,6,1
3290740448.0,rank_episode_vi_return_of_the_jedi,2.0,Episode VI: Return of the Jedi,return_of_the_jedi,6,1
3290739967.0,rank_episode_vi_return_of_the_jedi,1.0,Episode VI: Return of the Jedi,return_of_the_jedi,6,1
3290739235.0,rank_episode_vi_return_of_the_jedi,2.0,Episode VI: Return of the Jedi,return_of_the_jedi,6,1
3290738262.0,rank_episode_vi_return_of_the_jedi,,Episode VI: Return of the Jedi,return_of_the_jedi,6,0
3290737104.0,rank_episode_vi_return_of_the_jedi,,Episode VI: Return of the Jedi,return_of_the_jedi,6,0
3290736072.0,rank_episode_vi_return_of_the_jedi,1.0,Episode VI: Return of the Jedi,return_of_the_jedi,6,1
3290734874.0,rank_episode_vi_return_of_the_jedi,3.0,Episode VI: Return of the Jedi,return_of_the_jedi,6,1
3290733932.0,rank_episode_vi_return_of_the_jedi,6.0,Episode VI: Return of the Jedi,return_of_the_jedi,6,1
3290733316.0,rank_episode_vi_return_of_the_jedi,6.0,Episode VI: Return of the Jedi,return_of_the_jedi,6,1
3290732383.0,rank_episode_vi_return_of_the_jedi,2.0,Episode VI: Return of the Jedi,return_of_the_jedi,6,1
3290727763.0,rank_episode_vi_return_of_the_jedi,2.0,Episode VI: Return of the Jedi,return_of_the_jedi,6,1
3290726075.0,rank_episode_vi_return_of_the_jedi,2.0,Episode VI: Return of the Jedi,return_of_the_jedi,6,1
3290719847.0,rank_episode_vi_return_of_the_jedi,,Episode VI: Return of the Jedi,return_of_the_jedi,6,0
3290718359.0,rank_episode_vi_return_of_the_jedi,,Episode VI: Return of the Jedi,return_of_the_jedi,6,0
3290717899.0,rank_episode_vi_return_of_the_jedi,2.0,Episode VI: Return of the Jedi,return_of_the_jedi,6,1
3290717372.0,rank_episode_vi_return_of_the_jedi,,Episode VI: Return of the Jedi,return_of_the_jedi,6,0
3290714941.0,rank_episode_vi_return_of_the_jedi,5.0,Episode VI: Return of the Jedi,return_of_the_jedi,6,1
3290714484.0,rank_episode_vi_return_of_the_jedi,2.0,Episode VI: Return of the Jedi,return_of_the_jedi,6,1
3290714430.0,rank_episode_vi_return_of_the_jedi,,Episode VI: Return of the Jedi,return_of_the_jedi,6,0
3290714378.0,rank_episode_vi_return_of_the_jedi,6.0,Episode VI: Return of the Jedi,return_of_the_jedi,6,1
3290712204.0,rank_episode_vi_return_of_the_jedi,2.0,Episode VI: Return of the Jedi,return_of_the_jedi,6,1
3290711898.0,rank_episode_vi_return_of_the_jedi,,Episode VI: Return of the Jedi,return_of_the_jedi,6,0
3290711882.0,rank_episode_vi_return_of_the_jedi,2.0,Episode VI: Return of the Jedi,return_of_the_jedi,6,1
3290711757.0,rank_episode_vi_return_of_the_jedi,,Episode VI: Return of the Jedi,return_of_the_jedi,6,0
3290711487.0,rank_episode_vi_return_of_the_jedi,2.0,Episode VI: Return of the Jedi,return_of_the_jedi,6,1
3290711262.0,rank_episode_vi_return_of_the_jedi,6.0,Episode VI: Return of the Jedi,return_of_the_jedi,6,1
3290708664.0,rank_episode_vi_return_of_the_jedi,6.0,Episode VI: Return of the Jedi,return_of_the_jedi,6,1
3290707402.0,rank_episode_vi_return_of_the_jedi,,Episode VI: Return of the Jedi,return_of_the_jedi,6,0
3290706716.0,rank_episode_vi_return_of_the_jedi,2.0,Episode VI: Return of the Jedi,return_of_the_jedi,6,1
3290706611.0,rank_episode_vi_return_of_the_jedi,6.0,Episode VI: Return of the Jedi,return_of_the_jedi,6,1
3290703210.0,rank_episode_vi_return_of_the_jedi,1.0,Episode VI: Return of the Jedi,return_of_the_jedi,6,1
3290701442.0,rank_episode_vi_return_of_the_jedi,,Episode VI: Return of the Jedi,return_of_the_jedi,6,0
3290700285.0,rank_episode_vi_return_of_the_jedi,2.0,Episode VI: Return of the Jedi,return_of_the_jedi,6,1
3290700214.0,rank_episode_vi_return_of_the_jedi,6.0,Episode VI: Return of the Jedi,return_of_the_jedi,6,1
3290700030.0,rank_episode_vi_return_of_the_jedi,1.0,Episode VI: Return of the Jedi,return_of_the_jedi,6,1
3290699410.0,rank_episode_vi_return_of_the_jedi,2.0,Episode VI: Return of the Jedi,return_of_the_jedi,6,1
3290695784.0,rank_episode_vi_return_of_the_jedi,3.0,Episode VI: Return of the Jedi,return_of_the_jedi,6,1
3290695316.0,rank_episode_vi_return_of_the_jedi,,Episode VI: Return of the Jedi,return_of_the_jedi,6,0
3290694269.0,rank_episode_vi_return_of_the_jedi,,Episode VI: Return of the Jedi,return_of_the_jedi,6,0
3290693095.0,rank_episode_vi_return_of_the_jedi,,Episode VI: Return of the Jedi,return_of_the_jedi,6,0
3290692020.0,rank_episode_vi_return_of_the_jedi,,Episode VI: Return of the Jedi,return_of_the_jedi,6,0
3290691758.0,rank_episode_vi_return_of_the_jedi,6.0,Episode VI: Return of the Jedi,return_of_the_jedi,6,1
3290689343.0,rank_episode_vi_return_of_the_jedi,6.0,Episode VI: Return of the Jedi,return_of_the_jedi,6,1
3290687981.0,rank_episode_vi_return_of_the_jedi,3.0,Episode VI: Return of the Jedi,return_of_the_jedi,6,1
3290687830.0,rank_episode_vi_return_of_the_jedi,3.0,Episode VI: Return of the Jedi,return_of_the_jedi,6,1
3290686887.0,rank_episode_vi_return_of_the_jedi,,Episode VI: Return of the Jedi,return_of_the_jedi,6,0
3290686362.0,rank_episode_vi_return_of_the_jedi,,Episode VI: Return of the Jedi,return_of_the_jedi,6,0
3290685885.0,rank_episode_vi_return_of_the_jedi,,Episode VI: Return of the Jedi,return_of_the_jedi,6,0
3290684868.0,rank_episode_vi_return_of_the_jedi,3.0,Episode VI: Return of the Jedi,return_of_the_jedi,6,1
3290684287.0,rank_episode_vi_return_of_the_jedi,3.0,Episode VI: Return of the Jedi,return_of_the_jedi,6,1
3290681574.0,rank_episode_vi_return_of_the_jedi,,Episode VI: Return of the Jedi,return_of_the_jedi,6,0
3290678952.0,rank_episode_vi_return_of_the_jedi,1.0,Episode VI: Return of the Jedi,return_of_the_jedi,6,1
3290678515.0,rank_episode_vi_return_of_the_jedi,2.0,Episode VI: Return of the Jedi,return_of_the_jedi,6,1
3290676695.0,rank_episode_vi_return_of_the_jedi,2.0,Episode VI: Return of the Jedi,return_of_the_jedi,6,1
3290674534.0,rank_episode_vi_return_of_the_jedi,,Episode VI: Return of the Jedi,return_of_the_jedi,6,0
3290667297.0,rank_episode_vi_return_of_the_jedi,6.0,Episode VI: Return of the Jedi,return_of_the_jedi,6,1
3290664543.0,rank_episode_vi_return_of_the_jedi,1.0,Episode VI: Return of the Jedi,return_of_the_jedi,6,1
3290664463.0,rank_episode_vi_return_of_the_jedi,3.0,Episode VI: Return of the Jedi,return_of_the_jedi,6,1
3290664069.0,rank_episode_vi_return_of_the_jedi,,Episode VI: Return of the Jedi,return_of_the_jedi,6,0
3290662118.0,rank_episode_vi_return_of_the_jedi,3.0,Episode VI: Return of the Jedi,return_of_the_jedi,6,1
3290661650.0,rank_episode_vi_return_of_the_jedi,3.0,Episode VI: Return of the Jedi,return_of_the_jedi,6,1
3290661587.0,rank_episode_vi_return_of_the_jedi,,Episode VI: Return of the Jedi,return_of_the_jedi,6,0
3290661135.0,rank_episode_vi_return_of_the_jedi,3.0,Episode VI: Return of the Jedi,return_of_the_jedi,6,1
3290659818.0,rank_episode_vi_return_of_the_jedi,2.0,Episode VI: Return of the Jedi,return_of_the_jedi,6,1
3290659314.0,rank_episode_vi_return_of_the_jedi,2.0,Episode VI: Return of the Jedi,return_of_the_jedi,6,1
3290655784.0,rank_episode_vi_return_of_the_jedi,3.0,Episode VI: Return of the Jedi,return_of_the_jedi,6,1
3290654597.0,rank_episode_vi_return_of_the_jedi,3.0,Episode VI: Return of the Jedi,return_of_the_jedi,6,1
3290652558.0,rank_episode_vi_return_of_the_jedi,,Episode VI: Return of the Jedi,return_of_the_jedi,6,0
3290651085.0,rank_episode_vi_return_of_the_jedi,,Episode VI: Return of the Jedi,return_of_the_jedi,6,0
3290650590.0,rank_episode_vi_return_of_the_jedi,2.0,Episode VI: Return of the Jedi,return_of_the_jedi,6,1
3290644326.0,rank_episode_vi_return_of_the_jedi,,Episode VI: Return of the Jedi,return_of_the_jedi,6,0
3290640323.0,rank_episode_vi_return_of_the_jedi,2.0,Episode VI: Return of the Jedi,return_of_the_jedi,6,1
3290638529.0,rank_episode_vi_return_of_the_jedi,5.0,Episode VI: Return of the Jedi,return_of_the_jedi,6,1
3290634681.0,rank_episode_vi_return_of_the_jedi,,Episode VI: Return of the Jedi,return_of_the_jedi,6,0
3290631608.0,rank_episode_vi_return_of_the_jedi,2.0,Episode VI: Return of the Jedi,return_of_the_jedi,6,1
3290630470.0,rank_episode_vi_return_of_the_jedi,2.0,Episode VI: Return of the Jedi,return_of_the_jedi,6,1
3290630282.0,rank_episode_vi_return_of_the_jedi,6.0,Episode VI: Return of the Jedi,return_of_the_jedi,6,1
3290628419.0,rank_episode_vi_return_of_the_jedi,,Episode VI: Return of the Jedi,return_of_the_jedi,6,0
3290627850.0,rank_episode_vi_return_of_the_jedi,3.0,Episode VI: Return of the Jedi,return_of_the_jedi,6,1
3290627681.0,rank_episode_vi_return_of_the_jedi,2.0,Episode VI: Return of the Jedi,return_of_the_jedi,6,1
3290626609.0,rank_episode_vi_return_of_the_jedi,,Episode VI: Return of the Jedi,return_of_the_jedi,6,0
3290625814.0,rank_episode_vi_return_of_the_jedi,,Episode VI: Return of the Jedi,return_of_the_jedi,6,0
3290624447.0,rank_episode_vi_return_of_the_jedi,1.0,Episode VI: Return of the Jedi,return_of_the_jedi,6,1
3290620991.0,rank_episode_vi_return_of_the_jedi,1.0,Episode VI: Return of the Jedi,return_of_the_jedi,6,1
3290617461.0,rank_episode_vi_return_of_the_jedi,6.0,Episode VI: Return of the Jedi,return_of_the_jedi,6,1
3290611875.0,rank_episode_vi_return_of_the_jedi,6.0,Episode VI: Return of the Jedi,return_of_the_jedi,6,1
3290611716.0,rank_episode_vi_return_of_the_jedi,2.0,Episode VI: Return of the Jedi,return_of_the_jedi,6,1
3290602490.0,rank_episode_vi_return_of_the_jedi,,Episode VI: Return of the Jedi,return_of_the_jedi,6,0
3290601892.0,rank_episode_vi_return_of_the_jedi,1.0,Episode VI: Return of the Jedi,return_of_the_jedi,6,1
3290601518.0,rank_episode_vi_return_of_the_jedi,,Episode VI: Return of the Jedi,return_of_the_jedi,6,0
3290600680.0,rank_episode_vi_return_of_the_jedi,3.0,Episode VI: Return of the Jedi,return_of_the_jedi,6,1
3290600559.0,rank_episode_vi_return_of_the_jedi,2.0,Episode VI: Return of the Jedi,return_of_the_jedi,6,1
3290600057.0,rank_episode_vi_return_of_the_jedi,1.0,Episode VI: Return of the Jedi,return_of_the_jedi,6,1
3290598307.0,rank_episode_vi_return_of_the_jedi,6.0,Episode VI: Return of the Jedi,return_of_the_jedi,6,1
3290597099.0,rank_episode_vi_return_of_the_jedi,4.0,Episode VI: Return of the Jedi,return_of_the_jedi,6,1
3290593953.0,rank_episode_vi_return_of_the_jedi,4.0,Episode VI: Return of the Jedi,return_of_the_jedi,6,1
3290582716.0,rank_episode_vi_return_of_the_jedi,2.0,Episode VI: Return of the Jedi,return_of_the_jedi,6,1
3290572568.0,rank_episode_vi_return_of_the_jedi,2.0,Episode VI: Return of the Jedi,return_of_the_jedi,6,1
3290572073.0,rank_episode_vi_return_of_the_jedi,3.0,Episode VI: Return of the Jedi,return_of_the_jedi,6,1
3290569001.0,rank_episode_vi_return_of_the_jedi,5.0,Episode VI: Return of the Jedi,return_of_the_jedi,6,1
3290568339.0,rank_episode_vi_return_of_the_jedi,2.0,Episode VI: Return of the Jedi,return_of_the_jedi,6,1
3290565779.0,rank_episode_vi_return_of_the_jedi,3.0,Episode VI: Return of the Jedi,return_of_the_jedi,6,1
3290565768.0,rank_episode_vi_return_of_the_jedi,2.0,Episode VI: Return of the Jedi,return_of_the_jedi,6,1
3290565487.0,rank_episode_vi_return_of_the_jedi,,Episode VI: Return of the Jedi,return_of_the_jedi,6,0
3290561583.0,rank_episode_vi_return_of_the_jedi,4.0,Episode VI: Return of the Jedi,return_of_the_jedi,6,1
3290561192.0,rank_episode_vi_return_of_the_jedi,3.0,Episode VI: Return of the Jedi,return_of_the_jedi,6,1
3290555153.0,rank_episode_vi_return_of_the_jedi,,Episode VI: Return of the Jedi,return_of_the_jedi,6,0
3290553558.0,rank_episode_vi_return_of_the_jedi,,Episode VI: Return of the Jedi,return_of_the_jedi,6,0
3290552963.0,rank_episode_vi_return_of_the_jedi,3.0,Episode VI: Return of the Jedi,return_of_the_jedi,6,1
3290551809.0,rank_episode_vi_return_of_the_jedi,3.0,Episode VI: Return of the Jedi,return_of_the_jedi,6,1
3290547819.0,rank_episode_vi_return_of_the_jedi,,Episode VI: Return of the Jedi,return_of_the_jedi,6,0
3290544886.0,rank_episode_vi_return_of_the_jedi,,Episode VI: Return of the Jedi,return_of_the_jedi,6,0
3290544865.0,rank_episode_vi_return_of_the_jedi,4.0,Episode VI: Return of the Jedi,return_of_the_jedi,6,1
3290544012.0,rank_episode_vi_return_of_the_jedi,,Episode VI: Return of the Jedi,return_of_the_jedi,6,0
3290539653.0,rank_episode_vi_return_of_the_jedi,3.0,Episode VI: Return of the Jedi,return_of_the_jedi,6,1
3290538433.0,rank_episode_vi_return_of_the_jedi,3.0,Episode VI: Return of the Jedi,return_of_the_jedi,6,1
3290536294.0,rank_episode_vi_return_of_the_jedi,,Episode VI: Return of the Jedi,return_of_the_jedi,6,0
3290532429.0,rank_episode_vi_return_of_the_jedi,2.0,Episode VI: Return of the Jedi,return_of_the_jedi,6,1
3290531735.0,rank_episode_vi_return_of_the_jedi,3.0,Episode VI: Return of the Jedi,return_of_the_jedi,6,1
3290526356.0,rank_episode_vi_return_of_the_jedi,,Episode VI: Return of the Jedi,return_of_the_jedi,6,0
3290525782.0,rank_episode_vi_return_of_the_jedi,6.0,Episode VI: Return of the Jedi,return_of_the_jedi,6,1
3290524413.0,rank_episode_vi_return_of_the_jedi,1.0,Episode VI: Return of the Jedi,return_of_the_jedi,6,1
3290519884.0,rank_episode_vi_return_of_the_jedi,1.0,Episode VI: Return of the Jedi,return_of_the_jedi,6,1
3290515688.0,rank_episode_vi_return_of_the_jedi,6.0,Episode VI: Return of the Jedi,return_of_the_jedi,6,1
3290511533.0,rank_episode_vi_return_of_the_jedi,4.0,Episode VI: Return of the Jedi,return_of_the_jedi,6,1
3290506830.0,rank_episode_vi_return_of_the_jedi,1.0,Episode VI: Return of the Jedi,return_of_the_jedi,6,1
3290506333.0,rank_episode_vi_return_of_the_jedi,5.0,Episode VI: Return of the Jedi,return_of_the_jedi,6,1
3290505081.0,rank_episode_vi_return_of_the_jedi,3.0,Episode VI: Return of the Jedi,return_of_the_jedi,6,1
3290500457.0,rank_episode_vi_return_of_the_jedi,6.0,Episode VI: Return of the Jedi,return_of_the_jedi,6,1
3290499954.0,rank_episode_vi_return_of_the_jedi,2.0,Episode VI: Return of the Jedi,return_of_the_jedi,6,1
3290499953.0,rank_episode_vi_return_of_the_jedi,,Episode VI: Return of the Jedi,return_of_the_jedi,6,0
3290496822.0,rank_episode_vi_return_of_the_jedi,1.0,Episode VI: Return of the Jedi,return_of_the_jedi,6,1
3290491807.0,rank_episode_vi_return_of_the_jedi,6.0,Episode VI: Return of the Jedi,return_of_the_jedi,6,1
3290477551.0,rank_episode_vi_return_of_the_jedi,3.0,Episode VI: Return of the Jedi,return_of_the_jedi,6,1
3290475079.0,rank_episode_vi_return_of_the_jedi,,Episode VI: Return of the Jedi,return_of_the_jedi,6,0
3290474953.0,rank_episode_vi_return_of_the_jedi,3.0,Episode VI: Return of the Jedi,return_of_the_jedi,6,1
3290471553.0,rank_episode_vi_return_of_the_jedi,2.0,Episode VI: Return of the Jedi,return_of_the_jedi,6,1
3290467062.0,rank_episode_vi_return_of_the_jedi,3.0,Episode VI: Return of the Jedi,return_of_the_jedi,6,1
3290467000.0,rank_episode_vi_return_of_the_jedi,6.0,Episode VI: Return of the Jedi,return_of_the_jedi,6,1
3290464481.0,rank_episode_vi_return_of_the_jedi,4.0,Episode VI: Return of the Jedi,return_of_the_jedi,6,1
3290463350.0,rank_episode_vi_return_of_the_jedi,,Episode VI: Return of the Jedi,return_of_the_jedi,6,0
3290461599.0,rank_episode_vi_return_of_the_jedi,6.0,Episode VI: Return of the Jedi,return_of_the_jedi,6,1
3290461455.0,rank_episode_vi_return_of_the_jedi,,Episode VI: Return of the Jedi,return_of_the_jedi,6,0
3290448644.0,rank_episode_vi_return_of_the_jedi,2.0,Episode VI: Return of the Jedi,return_of_the_jedi,6,1
3290444421.0,rank_episode_vi_return_of_the_jedi,3.0,Episode VI: Return of the Jedi,return_of_the_jedi,6,1
3290439063.0,rank_episode_vi_return_of_the_jedi,2.0,Episode VI: Return of the Jedi,return_of_the_jedi,6,1
3290437717.0,rank_episode_vi_return_of_the_jedi,2.0,Episode VI: Return of the Jedi,return_of_the_jedi,6,1
3290432874.0,rank_episode_vi_return_of_the_jedi,,Episode VI: Return of the Jedi,return_of_the_jedi,6,0
3290432121.0,rank_episode_vi_return_of_the_jedi,,Episode VI: Return of the Jedi,return_of_the_jedi,6,0
3290428766.0,rank_episode_vi_return_of_the_jedi,6.0,Episode VI: Return of the Jedi,return_of_the_jedi,6,1
3290427764.0,rank_episode_vi_return_of_the_jedi,1.0,Episode VI: Return of the Jedi,return_of_the_jedi,6,1
3290426384.0,rank_episode_vi_return_of_the_jedi,2.0,Episode VI: Return of the Jedi,return_of_the_jedi,6,1
3290426289.0,rank_episode_vi_return_of_the_jedi,,Episode VI: Return of the Jedi,return_of_the_jedi,6,0
3290423155.0,rank_episode_vi_return_of_the_jedi,3.0,Episode VI: Return of the Jedi,return_of_the_jedi,6,1
3290421738.0,rank_episode_vi_return_of_the_jedi,2.0,Episode VI: Return of the Jedi,return_of_the_jedi,6,1
3290417966.0,rank_episode_vi_return_of_the_jedi,1.0,Episode VI: Return of the Jedi,return_of_the_jedi,6,1
3290412412.0,rank_episode_vi_return_of_the_jedi,,Episode VI: Return of the Jedi,return_of_the_jedi,6,0
3290411058.0,rank_episode_vi_return_of_the_jedi,2.0,Episode VI: Return of the Jedi,return_of_the_jedi,6,1
3290409431.0,rank_episode_vi_return_of_the_jedi,2.0,Episode VI: Return of the Jedi,return_of_the_jedi,6,1
3290409075.0,rank_episode_vi_return_of_the_jedi,1.0,Episode VI: Return of the Jedi,return_of_the_jedi,6,1
3290407409.0,rank_episode_vi_return_of_the_jedi,3.0,Episode VI: Return of the Jedi,return_of_the_jedi,6,1
3290401956.0,rank_episode_vi_return_of_the_jedi,2.0,Episode VI: Return of the Jedi,return_of_the_jedi,6,1
3290398978.0,rank_episode_vi_return_of_the_jedi,,Episode VI: Return of the Jedi,return_of_the_jedi,6,0
3290394872.0,rank_episode_vi_return_of_the_jedi,2.0,Episode VI: Return of the Jedi,return_of_the_jedi,6,1
3290392454.0,rank_episode_vi_return_of_the_jedi,4.0,Episode VI: Return of the Jedi,return_of_the_jedi,6,1
3290392264.0,rank_episode_vi_return_of_the_jedi,4.0,Episode VI: Return of the Jedi,return_of_the_jedi,6,1
3290391985.0,rank_episode_vi_return_of_the_jedi,1.0,Episode VI: Return of the Jedi,return_of_the_jedi,6,1
3290386524.0,rank_episode_vi_return_of_the_jedi,1.0,Episode VI: Return of the Jedi,return_of_the_jedi,6,1
3290380140.0,rank_episode_vi_return_of_the_jedi,6.0,Episode VI: Return of the Jedi,return_of_the_jedi,6,1
3290374523.0,rank_episode_vi_return_of_the_jedi,6.0,Episode VI: Return of the Jedi,return_of_the_jedi,6,1
3290371734.0,rank_episode_vi_return_of_the_jedi,,Episode VI: Return of the Jedi,return_of_the_jedi,6,0
3290371532.0,rank_episode_vi_return_of_the_jedi,,Episode VI: Return of the Jedi,return_of_the_jedi,6,0
3290371101.0,rank_episode_vi_return_of_the_jedi,,Episode VI: Return of the Jedi,return_of_the_jedi,6,0
3290365225.0,rank_episode_vi_return_of_the_jedi,2.0,Episode VI: Return of the Jedi,return_of_the_jedi,6,1
3290364952.0,rank_episode_vi_return_of_the_jedi,1.0,Episode VI: Return of the Jedi,return_of_the_jedi,6,1
3290359700.0,rank_episode_vi_return_of_the_jedi,,Episode VI: Return of the Jedi,return_of_the_jedi,6,0
3290358751.0,rank_episode_vi_return_of_the_jedi,,Episode VI: Return of the Jedi,return_of_the_jedi,6,0
3290350512.0,rank_episode_vi_return_of_the_jedi,2.0,Episode VI: Return of the Jedi,return_of_the_jedi,6,1
3290347473.0,rank_episode_vi_return_of_the_jedi,1.0,Episode VI: Return of the Jedi,return_of_the_jedi,6,1
3290344571.0,rank_episode_vi_return_of_the_jedi,5.0,Episode VI: Return of the Jedi,return_of_the_jedi,6,1
3290343366.0,rank_episode_vi_return_of_the_jedi,3.0,Episode VI: Return of the Jedi,return_of_the_jedi,6,1
3290342169.0,rank_episode_vi_return_of_the_jedi,2.0,Episode VI: Return of the Jedi,return_of_the_jedi,6,1
3290342102.0,rank_episode_vi_return_of_the_jedi,2.0,Episode VI: Return of the Jedi,return_of_the_jedi,6,1
3290340804.0,rank_episode_vi_return_of_the_jedi,6.0,Episode VI: Return of the Jedi,return_of_the_jedi,6,1
3290337251.0,rank_episode_vi_return_of_the_jedi,5.0,Episode VI: Return of the Jedi,return_of_the_jedi,6,1
3290335343.0,rank_episode_vi_return_of_the_jedi,,Episode VI: Return of the Jedi,return_of_the_jedi,6,0
3290329580.0,rank_episode_vi_return_of_the_jedi,,Episode VI: Return of the Jedi,return_of_the_jedi,6,0
3290328309.0,rank_episode_vi_return_of_the_jedi,3.0,Episode VI: Return of the Jedi,return_of_the_jedi,6,1
3290325811.0,rank_episode_vi_return_of_the_jedi,3.0,Episode VI: Return of the Jedi,return_of_the_jedi,6,1
3290324518.0,rank_episode_vi_return_of_the_jedi,3.0,Episode VI: Return of the Jedi,return_of_the_jedi,6,1
3290320007.0,rank_episode_vi_return_of_the_jedi,2.0,Episode VI: Return of the Jedi,return_of_the_jedi,6,1
3290318577.0,rank_episode_vi_return_of_the_jedi,6.0,Episode VI: Return of the Jedi,return_of_the_jedi,6,1
3290317691.0,rank_episode_vi_return_of_the_jedi,3.0,Episode VI: Return of the Jedi,return_of_the_jedi,6,1
3290316632.0,rank_episode_vi_return_of_the_jedi,1.0,Episode VI: Return of the Jedi,return_of_the_jedi,6,1
3290316375.0,rank_episode_vi_return_of_the_jedi,6.0,Episode VI: Return of the Jedi,return_of_the_jedi,6,1
3290315336.0,rank_episode_vi_return_of_the_jedi,3.0,Episode VI: Return of the Jedi,return_of_the_jedi,6,1
3290310304.0,rank_episode_vi_return_of_the_jedi,,Episode VI: Return of the Jedi,return_of_the_jedi,6,0
3290309722.0,rank_episode_vi_return_of_the_jedi,6.0,Episode VI: Return of the Jedi,return_of_the_jedi,6,1
3290309711.0,rank_episode_vi_return_of_the_jedi,3.0,Episode VI: Return of the Jedi,return_of_the_jedi,6,1
3290304610.0,rank_episode_vi_return_of_the_jedi,,Episode VI: Return of the Jedi,return_of_the_jedi,6,0
3290297761.0,rank_episode_vi_return_of_the_jedi,,Episode VI: Return of the Jedi,return_of_the_jedi,6,0
3290296317.0,rank_episode_vi_return_of_the_jedi,2.0,Episode VI: Return of the Jedi,return_of_the_jedi,6,1
3290295809.0,rank_episode_vi_return_of_the_jedi,2.0,Episode VI: Return of the Jedi,return_of_the_jedi,6,1
3290294922.0,rank_episode_vi_return_of_the_jedi,,Episode VI: Return of the Jedi,return_of_the_jedi,6,0
3290294142.0,rank_episode_vi_return_of_the_jedi,,Episode VI: Return of the Jedi,return_of_the_jedi,6,0
3290292697.0,rank_episode_vi_return_of_the_jedi,3.0,Episode VI: Return of the Jedi,return_of_the_jedi,6,1
3290289176.0,rank_episode_vi_return_of_the_jedi,,Episode VI: Return of the Jedi,return_of_the_jedi,6,0
3290287101.0,rank_episode_vi_return_of_the_jedi,,Episode VI: Return of the Jedi,return_of_the_jedi,6,0
3290283817.0,rank_episode_vi_return_of_the_jedi,1.0,Episode VI: Return of the Jedi,return_of_the_jedi,6,1
3290283139.0,rank_episode_vi_return_of_the_jedi,4.0,Episode VI: Return of the Jedi,return_of_the_jedi,6,1
3290280642.0,rank_episode_vi_return_of_the_jedi,,Episode VI: Return of the Jedi,return_of_the_jedi,6,0
3290279732.0,rank_episode_vi_return_of_the_jedi,2.0,Episode VI: Return of the Jedi,return_of_the_jedi,6,1
3290269777.0,rank_episode_vi_return_of_the_jedi,2.0,Episode VI: Return of the Jedi,return_of_the_jedi,6,1
3290268027.0,rank_episode_vi_return_of_the_jedi,,Episode VI: Return of the Jedi,return_of_the_jedi,6,0
3290266084.0,rank_episode_vi_return_of_the_jedi,5.0,Episode VI: Return of the Jedi,return_of_the_jedi,6,1
3290262568.0,rank_episode_vi_return_of_the_jedi,3.0,Episode VI: Return of the Jedi,return_of_the_jedi,6,1
3290257673.0,rank_episode_vi_return_of_the_jedi,2.0,Episode VI: Return of the Jedi,return_of_the_jedi,6,1
3290249464.0,rank_episode_vi_return_of_the_jedi,,Episode VI: Return of the Jedi,return_of_the_jedi,6,0
3290248279.0,rank_episode_vi_return_of_the_jedi,,Episode VI: Return of the Jedi,return_of_the_jedi,6,0
3290248167.0,rank_episode_vi_return_of_the_jedi,,Episode VI: Return of the Jedi,return_of_the_jedi,6,0
3290229579.0,rank_episode_vi_return_of_the_jedi,1.0,Episode VI: Return of the Jedi,return_of_the_jedi,6,1
3290227264.0,rank_episode_vi_return_of_the_jedi,2.0,Episode VI: Return of the Jedi,return_of_the_jedi,6,1
3290225128.0,rank_episode_vi_return_of_the_jedi,,Episode VI: Return of the Jedi,return_of_the_jedi,6,0
3290223393.0,rank_episode_vi_return_of_the_jedi,6.0,Episode VI: Return of the Jedi,return_of_the_jedi,6,1
3290216970.0,rank_episode_vi_return_of_the_jedi,3.0,Episode VI: Return of the Jedi,return_of_the_jedi,6,1
3290213089.0,rank_episode_vi_return_of_the_jedi,3.0,Episode VI: Return of the Jedi,return_of_the_jedi,6,1
3290210801.0,rank_episode_vi_return_of_the_jedi,2.0,Episode VI: Return of the Jedi,return_of_the_jedi,6,1
3290209773.0,rank_episode_vi_return_of_the_jedi,1.0,Episode VI: Return of the Jedi,return_of_the_jedi,6,1
3290209744.0,rank_episode_vi_return_of_the_jedi,3.0,Episode VI: Return of the Jedi,return_of_the_jedi,6,1
3290206907.0,rank_episode_vi_return_of_the_jedi,2.0,Episode VI: Return of the Jedi,return_of_the_jedi,6,1
3290203063.0,rank_episode_vi_return_of_the_jedi,1.0,Episode VI: Return of the Jedi,return_of_the_jedi,6,1
3290201752.0,rank_episode_vi_return_of_the_jedi,1.0,Episode VI: Return of the Jedi,return_of_the_jedi,6,1
3290196296.0,rank_episode_vi_return_of_the_jedi,6.0,Episode VI: Return of the Jedi,return_of_the_jedi,6,1
3290193368.0,rank_episode_vi_return_of_the_jedi,,Episode VI: Return of the Jedi,return_of_the_jedi,6,0
3290191566.0,rank_episode_vi_return_of_the_jedi,3.0,Episode VI: Return of the Jedi,return_of_the_jedi,6,1
3290188213.0,rank_episode_vi_return_of_the_jedi,3.0,Episode VI: Return of the Jedi,return_of_the_jedi,6,1
3290185244.0,rank_episode_vi_return_of_the_jedi,6.0,Episode VI: Return of the Jedi,return_of_the_jedi,6,1
3290184813.0,rank_episode_vi_return_of_the_jedi,,Episode VI: Return of the Jedi,return_of_the_jedi,6,0
3290182531.0,rank_episode_vi_return_of_the_jedi,,Episode VI: Return of the Jedi,return_of_the_jedi,6,0
3290180442.0,rank_episode_vi_return_of_the_jedi,,Episode VI: Return of the Jedi,return_of_the_jedi,6,0
3290176915.0,rank_episode_vi_return_of_the_jedi,,Episode VI: Return of the Jedi,return_of_the_jedi,6,0
3290176563.0,rank_episode_vi_return_of_the_jedi,2.0,Episode VI: Return of the Jedi,return_of_the_jedi,6,1
3290174629.0,rank_episode_vi_return_of_the_jedi,,Episode VI: Return of the Jedi,return_of_the_jedi,6,0
3290174048.0,rank_episode_vi_return_of_the_jedi,,Episode VI: Return of the Jedi,return_of_the_jedi,6,0
3290173775.0,rank_episode_vi_return_of_the_jedi,6.0,Episode VI: Return of the Jedi,return_of_the_jedi,6,1
3290173176.0,rank_episode_vi_return_of_the_jedi,3.0,Episode VI: Return of the Jedi,return_of_the_jedi,6,1
3290167473.0,rank_episode_vi_return_of_the_jedi,6.0,Episode VI: Return of the Jedi,return_of_the_jedi,6,1
3290164098.0,rank_episode_vi_return_of_the_jedi,,Episode VI: Return of the Jedi,return_of_the_jedi,6,0
3290159455.0,rank_episode_vi_return_of_the_jedi,,Episode VI: Return of the Jedi,return_of_the_jedi,6,0
3290159056.0,rank_episode_vi_return_of_the_jedi,,Episode VI: Return of the Jedi,return_of_the_jedi,6,0
3290157529.0,rank_episode_vi_return_of_the_jedi,6.0,Episode VI: Return of the Jedi,return_of_the_jedi,6,1
3290149698.0,rank_episode_vi_return_of_the_jedi,1.0,Episode VI: Return of the Jedi,return_of_the_jedi,6,1
3290148834.0,rank_episode_vi_return_of_the_jedi,2.0,Episode VI: Return of the Jedi,return_of_the_jedi,6,1
3290145517.0,rank_episode_vi_return_of_the_jedi,3.0,Episode VI: Return of the Jedi,return_of_the_jedi,6,1
3290142232.0,rank_episode_vi_return_of_the_jedi,3.0,Episode VI: Return of the Jedi,return_of_the_jedi,6,1
3290139192.0,rank_episode_vi_return_of_the_jedi,5.0,Episode VI: Return of the Jedi,return_of_the_jedi,6,1
3290137793.0,rank_episode_vi_return_of_the_jedi,2.0,Episode VI: Return of the Jedi,return_of_the_jedi,6,1
3290128978.0,rank_episode_vi_return_of_the_jedi,,Episode VI: Return of the Jedi,return_of_the_jedi,6,0
3290128468.0,rank_episode_vi_return_of_the_jedi,6.0,Episode VI: Return of the Jedi,return_of_the_jedi,6,1
3290127670.0,rank_episode_vi_return_of_the_jedi,,Episode VI: Return of the Jedi,return_of_the_jedi,6,0
3290125801.0,rank_episode_vi_return_of_the_jedi,6.0,Episode VI: Return of the Jedi,return_of_the_jedi,6,1
3290125784.0,rank_episode_vi_return_of_the_jedi,4.0,Episode VI: Return of the Jedi,return_of_the_jedi,6,1
3290125550.0,rank_episode_vi_return_of_the_jedi,5.0,Episode VI: Return of the Jedi,return_of_the_jedi,6,1
3290125357.0,rank_episode_vi_return_of_the_jedi,3.0,Episode VI: Return of the Jedi,return_of_the_jedi,6,1
3290124259.0,rank_episode_vi_return_of_the_jedi,6.0,Episode VI: Return of the Jedi,return_of_the_jedi,6,1
3290116629.0,rank_episode_vi_return_of_the_jedi,,Episode VI: Return of the Jedi,return_of_the_jedi,6,0
3290116182.0,rank_episode_vi_return_of_the_jedi,2.0,Episode VI: Return of the Jedi,return_of_the_jedi,6,1
3290109779.0,rank_episode_vi_return_of_the_jedi,3.0,Episode VI: Return of the Jedi,return_of_the_jedi,6,1
3290103593.0,rank_episode_vi_return_of_the_jedi,3.0,Episode VI: Return of the Jedi,return_of_the_jedi,6,1
3290099797.0,rank_episode_vi_return_of_the_jedi,2.0,Episode VI: Return of the Jedi,return_of_the_jedi,6,1
3290097546.0,rank_episode_vi_return_of_the_jedi,1.0,Episode VI: Return of the Jedi,return_of_the_jedi,6,1
3290097268.0,rank_episode_vi_return_of_the_jedi,,Episode VI: Return of the Jedi,return_of_the_jedi,6,0
3290095220.0,rank_episode_vi_return_of_the_jedi,,Episode VI: Return of the Jedi,return_of_the_jedi,6,0
3290094384.0,rank_episode_vi_return_of_the_jedi,,Episode VI: Return of the Jedi,return_of_the_jedi,6,0
3290083352.0,rank_episode_vi_return_of_the_jedi,,Episode VI: Return of the Jedi,return_of_the_jedi,6,0
3290082468.0,rank_episode_vi_return_of_the_jedi,,Episode VI: Return of the Jedi,return_of_the_jedi,6,0
3290081504.0,rank_episode_vi_return_of_the_jedi,,Episode VI: Return of the Jedi,return_of_the_jedi,6,0
3290081040.0,rank_episode_vi_return_of_the_jedi,,Episode VI: Return of the Jedi,return_of_the_jedi,6,0
3290076587.0,rank_episode_vi_return_of_the_jedi,,Episode VI: Return of the Jedi,return_of_the_jedi,6,0
3290071379.0,rank_episode_vi_return_of_the_jedi,,Episode VI: Return of the Jedi,return_of_the_jedi,6,0
3290070395.0,rank_episode_vi_return_of_the_jedi,1.0,Episode VI: Return of the Jedi,return_of_the_jedi,6,1
3290068892.0,rank_episode_vi_return_of_the_jedi,6.0,Episode VI: Return of the Jedi,return_of_the_jedi,6,1
3290068765.0,rank_episode_vi_return_of_the_jedi,3.0,Episode VI: Return of the Jedi,return_of_the_jedi,6,1
3290063543.0,rank_episode_vi_return_of_the_jedi,1.0,Episode VI: Return of the Jedi,return_of_the_jedi,6,1
3290062936.0,rank_episode_vi_return_of_the_jedi,,Episode VI: Return of the Jedi,return_of_the_jedi,6,0
3290061815.0,rank_episode_vi_return_of_the_jedi,3.0,Episode VI: Return of the Jedi,return_of_the_jedi,6,1
3290058506.0,rank_episode_vi_return_of_the_jedi,6.0,Episode VI: Return of the Jedi,return_of_the_jedi,6,1
3290058216.0,rank_episode_vi_return_of_the_jedi,6.0,Episode VI: Return of the Jedi,return_of_the_jedi,6,1
3290050695.0,rank_episode_vi_return_of_the_jedi,,Episode VI: Return of the Jedi,return_of_the_jedi,6,0
3290049932.0,rank_episode_vi_return_of_the_jedi,,Episode VI: Return of the Jedi,return_of_the_jedi,6,0
3290049231.0,rank_episode_vi_return_of_the_jedi,3.0,Episode VI: Return of the Jedi,return_of_the_jedi,6,1
3290048884.0,rank_episode_vi_return_of_the_jedi,6.0,Episode VI: Return of the Jedi,return_of_the_jedi,6,1
3290047842.0,rank_episode_vi_return_of_the_jedi,2.0,Episode VI: Return of the Jedi,return_of_the_jedi,6,1
3290047689.0,rank_episode_vi_return_of_the_jedi,,Episode VI: Return of the Jedi,return_of_the_jedi,6,0
3290047483.0,rank_episode_vi_return_of_the_jedi,1.0,Episode VI: Return of the Jedi,return_of_the_jedi,6,1
3290046627.0,rank_episode_vi_return_of_the_jedi,1.0,Episode VI: Return of the Jedi,return_of_the_jedi,6,1
3290042369.0,rank_episode_vi_return_of_the_jedi,2.0,Episode VI: Return of the Jedi,return_of_the_jedi,6,1
3290038794.0,rank_episode_vi_return_of_the_jedi,2.0,Episode VI: Return of the Jedi,return_of_the_jedi,6,1
3290034196.0,rank_episode_vi_return_of_the_jedi,1.0,Episode VI: Return of the Jedi,return_of_the_jedi,6,1
3290032864.0,rank_episode_vi_return_of_the_jedi,2.0,Episode VI: Return of the Jedi,return_of_the_jedi,6,1
3290029531.0,rank_episode_vi_return_of_the_jedi,6.0,Episode VI: Return of the Jedi,return_of_the_jedi,6,1
3290024333.0,rank_episode_vi_return_of_the_jedi,3.0,Episode VI: Return of the Jedi,return_of_the_jedi,6,1
3290022302.0,rank_episode_vi_return_of_the_jedi,3.0,Episode VI: Return of the Jedi,return_of_the_jedi,6,1
3290019869.0,rank_episode_vi_return_of_the_jedi,3.0,Episode VI: Return of the Jedi,return_of_the_jedi,6,1
3290019779.0,rank_episode_vi_return_of_the_jedi,,Episode VI: Return of the Jedi,return_of_the_jedi,6,0
3290018381.0,rank_episode_vi_return_of_the_jedi,2.0,Episode VI: Return of the Jedi,return_of_the_jedi,6,1
3290017901.0,rank_episode_vi_return_of_the_jedi,,Episode VI: Return of the Jedi,return_of_the_jedi,6,0
3290014606.0,rank_episode_vi_return_of_the_jedi,,Episode VI: Return of the Jedi,return_of_the_jedi,6,0
3290013239.0,rank_episode_vi_return_of_the_jedi,,Episode VI: Return of the Jedi,return_of_the_jedi,6,0
3290011286.0,rank_episode_vi_return_of_the_jedi,2.0,Episode VI: Return of the Jedi,return_of_the_jedi,6,1
3290010419.0,rank_episode_vi_return_of_the_jedi,2.0,Episode VI: Return of the Jedi,return_of_the_jedi,6,1
3290008538.0,rank_episode_vi_return_of_the_jedi,,Episode VI: Return of the Jedi,return_of_the_jedi,6,0
3290005674.0,rank_episode_vi_return_of_the_jedi,4.0,Episode VI: Return of the Jedi,return_of_the_jedi,6,1
3290002601.0,rank_episode_vi_return_of_the_jedi,4.0,Episode VI: Return of the Jedi,return_of_the_jedi,6,1
3289997713.0,rank_episode_vi_return_of_the_jedi,3.0,Episode VI: Return of the Jedi,return_of_the_jedi,6,1
3289997196.0,rank_episode_vi_return_of_the_jedi,2.0,Episode VI: Return of the Jedi,return_of_the_jedi,6,1
3289996800.0,rank_episode_vi_return_of_the_jedi,1.0,Episode VI: Return of the Jedi,return_of_the_jedi,6,1
3289996025.0,rank_episode_vi_return_of_the_jedi,1.0,Episode VI: Return of the Jedi,return_of_the_jedi,6,1
3289995352.0,rank_episode_vi_return_of_the_jedi,6.0,Episode VI: Return of the Jedi,return_of_the_jedi,6,1
3289993284.0,rank_episode_vi_return_of_the_jedi,2.0,Episode VI: Return of the Jedi,return_of_the_jedi,6,1
3289991708.0,rank_episode_vi_return_of_the_jedi,,Episode VI: Return of the Jedi,return_of_the_jedi,6,0
3289989311.0,rank_episode_vi_return_of_the_jedi,,Episode VI: Return of the Jedi,return_of_the_jedi,6,0
3289988393.0,rank_episode_vi_return_of_the_jedi,6.0,Episode VI: Return of the Jedi,return_of_the_jedi,6,1
3289987865.0,rank_episode_vi_return_of_the_jedi,,Episode VI: Return of the Jedi,return_of_the_jedi,6,0
3289986698.0,rank_episode_vi_return_of_the_jedi,6.0,Episode VI: Return of the Jedi,return_of_the_jedi,6,1
3289985995.0,rank_episode_vi_return_of_the_jedi,2.0,Episode VI: Return of the Jedi,return_of_the_jedi,6,1
3289980534.0,rank_episode_vi_return_of_the_jedi,3.0,Episode VI: Return of the Jedi,return_of_the_jedi,6,1
3289973506.0,rank_episode_vi_return_of_the_jedi,1.0,Episode VI: Return of the Jedi,return_of_the_jedi,6,1
3289972382.0,rank_episode_vi_return_of_the_jedi,,Episode VI: Return of the Jedi,return_of_the_jedi,6,0
3289971452.0,rank_episode_vi_return_of_the_jedi,,Episode VI: Return of the Jedi,return_of_the_jedi,6,0
3289971256.0,rank_episode_vi_return_of_the_jedi,1.0,Episode VI: Return of the Jedi,return_of_the_jedi,6,1
3289963393.0,rank_episode_vi_return_of_the_jedi,1.0,Episode VI: Return of the Jedi,return_of_the_jedi,6,1
3289962839.0,rank_episode_vi_return_of_the_jedi,,Episode VI: Return of the Jedi,return_of_the_jedi,6,0
3289962614.0,rank_episode_vi_return_of_the_jedi,2.0,Episode VI: Return of the Jedi,return_of_the_jedi,6,1
3289956408.0,rank_episode_vi_return_of_the_jedi,,Episode VI: Return of the Jedi,return_of_the_jedi,6,0
3289955364.0,rank_episode_vi_return_of_the_jedi,1.0,Episode VI: Return of the Jedi,return_of_the_jedi,6,1
3289952496.0,rank_episode_vi_return_of_the_jedi,1.0,Episode VI: Return of the Jedi,return_of_the_jedi,6,1
3289951011.0,rank_episode_vi_return_of_the_jedi,2.0,Episode VI: Return of the Jedi,return_of_the_jedi,6,1
3289949516.0,rank_episode_vi_return_of_the_jedi,2.0,Episode VI: Return of the Jedi,return_of_the_jedi,6,1
3289949409.0,rank_episode_vi_return_of_the_jedi,1.0,Episode VI: Return of the Jedi,return_of_the_jedi,6,1
3289943405.0,rank_episode_vi_return_of_the_jedi,3.0,Episode VI: Return of the Jedi,return_of_the_jedi,6,1
3289943097.0,rank_episode_vi_return_of_the_jedi,1.0,Episode VI: Return of the Jedi,return_of_the_jedi,6,1
3289942520.0,rank_episode_vi_return_of_the_jedi,,Episode VI: Return of the Jedi,return_of_the_jedi,6,0
3289933137.0,rank_episode_vi_return_of_the_jedi,6.0,Episode VI: Return of the Jedi,return_of_the_jedi,6,1
3289927404.0,rank_episode_vi_return_of_the_jedi,3.0,Episode VI: Return of the Jedi,return_of_the_jedi,6,1
3289924943.0,rank_episode_vi_return_of_the_jedi,2.0,Episode VI: Return of the Jedi,return_of_the_jedi,6,1
3289923980.0,rank_episode_vi_return_of_the_jedi,3.0,Episode VI: Return of the Jedi,return_of_the_jedi,6,1
3289920249.0,rank_episode_vi_return_of_the_jedi,3.0,Episode VI: Return of the Jedi,return_of_the_jedi,6,1
3289919285.0,rank_episode_vi_return_of_the_jedi,,Episode VI: Return of the Jedi,return_of_the_jedi,6,0
3289918842.0,rank_episode_vi_return_of_the_jedi,3.0,Episode VI: Return of the Jedi,return_of_the_jedi,6,1
3289914533.0,rank_episode_vi_return_of_the_jedi,6.0,Episode VI: Return of the Jedi,return_of_the_jedi,6,1
3289914097.0,rank_episode_vi_return_of_the_jedi,3.0,Episode VI: Return of the Jedi,return_of_the_jedi,6,1
3289913649.0,rank_episode_vi_return_of_the_jedi,6.0,Episode VI: Return of the Jedi,return_of_the_jedi,6,1
3289911175.0,rank_episode_vi_return_of_the_jedi,1.0,Episode VI: Return of the Jedi,return_of_the_jedi,6,1
3289909917.0,rank_episode_vi_return_of_the_jedi,3.0,Episode VI: Return of the Jedi,return_of_the_jedi,6,1
3289907541.0,rank_episode_vi_return_of_the_jedi,2.0,Episode VI: Return of the Jedi,return_of_the_jedi,6,1
3289905986.0,rank_episode_vi_return_of_the_jedi,6.0,Episode VI: Return of the Jedi,return_of_the_jedi,6,1
3289905819.0,rank_episode_vi_return_of_the_jedi,,Episode VI: Return of the Jedi,return_of_the_jedi,6,0
3289905044.0,rank_episode_vi_return_of_the_jedi,1.0,Episode VI: Return of the Jedi,return_of_the_jedi,6,1
3289903380.0,rank_episode_vi_return_of_the_jedi,,Episode VI: Return of the Jedi,return_of_the_jedi,6,0
3289902920.0,rank_episode_vi_return_of_the_jedi,1.0,Episode VI: Return of the Jedi,return_of_the_jedi,6,1
3289902115.0,rank_episode_vi_return_of_the_jedi,6.0,Episode VI: Return of the Jedi,return_of_the_jedi,6,1
3289901820.0,rank_episode_vi_return_of_the_jedi,2.0,Episode VI: Return of the Jedi,return_of_the_jedi,6,1
3289901633.0,rank_episode_vi_return_of_the_jedi,3.0,Episode VI: Return of the Jedi,return_of_the_jedi,6,1
3289897826.0,rank_episode_vi_return_of_the_jedi,2.0,Episode VI: Return of the Jedi,return_of_the_jedi,6,1
3289896565.0,rank_episode_vi_return_of_the_jedi,2.0,Episode VI: Return of the Jedi,return_of_the_jedi,6,1
3289895732.0,rank_episode_vi_return_of_the_jedi,4.0,Episode VI: Return of the Jedi,return_of_the_jedi,6,1
3289894873.0,rank_episode_vi_return_of_the_jedi,,Episode VI: Return of the Jedi,return_of_the_jedi,6,0
3289891069.0,rank_episode_vi_return_of_the_jedi,,Episode VI: Return of the Jedi,return_of_the_jedi,6,0
3289890495.0,rank_episode_vi_return_of_the_jedi,,Episode VI: Return of the Jedi,return_of_the_jedi,6,0
3289888113.0,rank_episode_vi_return_of_the_jedi,,Episode VI: Return of the Jedi,return_of_the_jedi,6,0
3289888015.0,rank_episode_vi_return_of_the_jedi,3.0,Episode VI: Return of the Jedi,return_of_the_jedi,6,1
3289885747.0,rank_episode_vi_return_of_the_jedi,2.0,Episode VI: Return of the Jedi,return_of_the_jedi,6,1
3289878528.0,rank_episode_vi_return_of_the_jedi,3.0,Episode VI: Return of the Jedi,return_of_the_jedi,6,1
3289877093.0,rank_episode_vi_return_of_the_jedi,3.0,Episode VI: Return of the Jedi,return_of_the_jedi,6,1
3289874408.0,rank_episode_vi_return_of_the_jedi,4.0,Episode VI: Return of the Jedi,return_of_the_jedi,6,1
3289873978.0,rank_episode_vi_return_of_the_jedi,3.0,Episode VI: Return of the Jedi,return_of_the_jedi,6,1
3289870772.0,rank_episode_vi_return_of_the_jedi,2.0,Episode VI: Return of the Jedi,return_of_the_jedi,6,1
3289868197.0,rank_episode_vi_return_of_the_jedi,1.0,Episode VI: Return of the Jedi,return_of_the_jedi,6,1
3289866531.0,rank_episode_vi_return_of_the_jedi,4.0,Episode VI: Return of the Jedi,return_of_the_jedi,6,1
3289866259.0,rank_episode_vi_return_of_the_jedi,,Episode VI: Return of the Jedi,return_of_the_jedi,6,0
3289865550.0,rank_episode_vi_return_of_the_jedi,1.0,Episode VI: Return of the Jedi,return_of_the_jedi,6,1
3289864687.0,rank_episode_vi_return_of_the_jedi,3.0,Episode VI: Return of the Jedi,return_of_the_jedi,6,1
3289862004.0,rank_episode_vi_return_of_the_jedi,,Episode VI: Return of the Jedi,return_of_the_jedi,6,0
3289861464.0,rank_episode_vi_return_of_the_jedi,2.0,Episode VI: Return of the Jedi,return_of_the_jedi,6,1
3289857817.0,rank_episode_vi_return_of_the_jedi,1.0,Episode VI: Return of the Jedi,return_of_the_jedi,6,1
3289856887.0,rank_episode_vi_return_of_the_jedi,3.0,Episode VI: Return of the Jedi,return_of_the_jedi,6,1
3289856557.0,rank_episode_vi_return_of_the_jedi,,Episode VI: Return of the Jedi,return_of_the_jedi,6,0
3289855873.0,rank_episode_vi_return_of_the_jedi,2.0,Episode VI: Return of the Jedi,return_of_the_jedi,6,1
3289854601.0,rank_episode_vi_return_of_the_jedi,3.0,Episode VI: Return of the Jedi,return_of_the_jedi,6,1
3289848909.0,rank_episode_vi_return_of_the_jedi,,Episode VI: Return of the Jedi,return_of_the_jedi,6,0
3289847932.0,rank_episode_vi_return_of_the_jedi,4.0,Episode VI: Return of the Jedi,return_of_the_jedi,6,1
3289844139.0,rank_episode_vi_return_of_the_jedi,2.0,Episode VI: Return of the Jedi,return_of_the_jedi,6,1
3289843973.0,rank_episode_vi_return_of_the_jedi,4.0,Episode VI: Return of the Jedi,return_of_the_jedi,6,1
3289837359.0,rank_episode_vi_return_of_the_jedi,,Episode VI: Return of the Jedi,return_of_the_jedi,6,0
3289835282.0,rank_episode_vi_return_of_the_jedi,2.0,Episode VI: Return of the Jedi,return_of_the_jedi,6,1
3289834572.0,rank_episode_vi_return_of_the_jedi,,Episode VI: Return of the Jedi,return_of_the_jedi,6,0
3289831274.0,rank_episode_vi_return_of_the_jedi,,Episode VI: Return of the Jedi,return_of_the_jedi,6,0
3289830199.0,rank_episode_vi_return_of_the_jedi,,Episode VI: Return of the Jedi,return_of_the_jedi,6,0
3289829982.0,rank_episode_vi_return_of_the_jedi,2.0,Episode VI: Return of the Jedi,return_of_the_jedi,6,1
3289822005.0,rank_episode_vi_return_of_the_jedi,2.0,Episode VI: Return of the Jedi,return_of_the_jedi,6,1
3289821310.0,rank_episode_vi_return_of_the_jedi,6.0,Episode VI: Return of the Jedi,return_of_the_jedi,6,1
3289815685.0,rank_episode_vi_return_of_the_jedi,3.0,Episode VI: Return of the Jedi,return_of_the_jedi,6,1
3289813977.0,rank_episode_vi_return_of_the_jedi,2.0,Episode VI: Return of the Jedi,return_of_the_jedi,6,1
3289812188.0,rank_episode_vi_return_of_the_jedi,3.0,Episode VI: Return of the Jedi,return_of_the_jedi,6,1
3289809469.0,rank_episode_vi_return_of_the_jedi,3.0,Episode VI: Return of the Jedi,return_of_the_jedi,6,1
3289809255.0,rank_episode_vi_return_of_the_jedi,,Episode VI: Return of the Jedi,return_of_the_jedi,6,0
3289808310.0,rank_episode_vi_return_of_the_jedi,,Episode VI: Return of the Jedi,return_of_the_jedi,6,0
3289805753.0,rank_episode_vi_return_of_the_jedi,,Episode VI: Return of the Jedi,return_of_the_jedi,6,0
3289805745.0,rank_episode_vi_return_of_the_jedi,,Episode VI: Return of the Jedi,return_of_the_jedi,6,0
3289804908.0,rank_episode_vi_return_of_the_jedi,3.0,Episode VI: Return of the Jedi,return_of_the_jedi,6,1
3289804326.0,rank_episode_vi_return_of_the_jedi,3.0,Episode VI: Return of the Jedi,return_of_the_jedi,6,1
3289804031.0,rank_episode_vi_return_of_the_jedi,6.0,Episode VI: Return of the Jedi,return_of_the_jedi,6,1
3289802847.0,rank_episode_vi_return_of_the_jedi,3.0,Episode VI: Return of the Jedi,return_of_the_jedi,6,1
3289799650.0,rank_episode_vi_return_of_the_jedi,3.0,Episode VI: Return of the Jedi,return_of_the_jedi,6,1
3289799581.0,rank_episode_vi_return_of_the_jedi,3.0,Episode VI: Return of the Jedi,return_of_the_jedi,6,1
3289798968.0,rank_episode_vi_return_of_the_jedi,4.0,Episode VI: Return of the Jedi,return_of_the_jedi,6,1
3289798759.0,rank_episode_vi_return_of_the_jedi,3.0,Episode VI: Return of the Jedi,return_of_the_jedi,6,1
3289797876.0,rank_episode_vi_return_of_the_jedi,,Episode VI: Return of the Jedi,return_of_the_jedi,6,0
3289795859.0,rank_episode_vi_return_of_the_jedi,,Episode VI: Return of the Jedi,return_of_the_jedi,6,0
3289790475.0,rank_episode_vi_return_of_the_jedi,,Episode VI: Return of the Jedi,return_of_the_jedi,6,0
3289790146.0,rank_episode_vi_return_of_the_jedi,2.0,Episode VI: Return of the Jedi,return_of_the_jedi,6,1
3289786719.0,rank_episode_vi_return_of_the_jedi,2.0,Episode VI: Return of the Jedi,return_of_the_jedi,6,1
3289781705.0,rank_episode_vi_return_of_the_jedi,1.0,Episode VI: Return of the Jedi,return_of_the_jedi,6,1
3289779434.0,rank_episode_vi_return_of_the_jedi,,Episode VI: Return of the Jedi,return_of_the_jedi,6,0
3289764515.0,rank_episode_vi_return_of_the_jedi,,Episode VI: Return of the Jedi,return_of_the_jedi,6,0
3289758800.0,rank_episode_vi_return_of_the_jedi,5.0,Episode VI: Return of the Jedi,return_of_the_jedi,6,1
3289757385.0,rank_episode_vi_return_of_the_jedi,1.0,Episode VI: Return of the Jedi,return_of_the_jedi,6,1
3289757163.0,rank_episode_vi_return_of_the_jedi,3.0,Episode VI: Return of the Jedi,return_of_the_jedi,6,1
3289753279.0,rank_episode_vi_return_of_the_jedi,,Episode VI: Return of the Jedi,return_of_the_jedi,6,0
3289752347.0,rank_episode_vi_return_of_the_jedi,3.0,Episode VI: Return of the Jedi,return_of_the_jedi,6,1
3289751464.0,rank_episode_vi_return_of_the_jedi,3.0,Episode VI: Return of the Jedi,return_of_the_jedi,6,1
3289745316.0,rank_episode_vi_return_of_the_jedi,,Episode VI: Return of the Jedi,return_of_the_jedi,6,0
3289745063.0,rank_episode_vi_return_of_the_jedi,4.0,Episode VI: Return of the Jedi,return_of_the_jedi,6,1
3289737236.0,rank_episode_vi_return_of_the_jedi,3.0,Episode VI: Return of the Jedi,return_of_the_jedi,6,1
3289735954.0,rank_episode_vi_return_of_the_jedi,6.0,Episode VI: Return of the Jedi,return_of_the_jedi,6,1
3289733444.0,rank_episode_vi_return_of_the_jedi,6.0,Episode VI: Return of the Jedi,return_of_the_jedi,6,1
3289730973.0,rank_episode_vi_return_of_the_jedi,3.0,Episode VI: Return of the Jedi,return_of_the_jedi,6,1
3289727014.0,rank_episode_vi_return_of_the_jedi,1.0,Episode VI: Return of the Jedi,return_of_the_jedi,6,1
3289725827.0,rank_episode_vi_return_of_the_jedi,3.0,Episode VI: Return of the Jedi,return_of_the_jedi,6,1
3289725605.0,rank_episode_vi_return_of_the_jedi,3.0,Episode VI: Return of the Jedi,return_of_the_jedi,6,1
3289722110.0,rank_episode_vi_return_of_the_jedi,5.0,Episode VI: Return of the Jedi,return_of_the_jedi,6,1
3289713384.0,rank_episode_vi_return_of_the_jedi,,Episode VI: Return of the Jedi,return_of_the_jedi,6,0
3289711817.0,rank_episode_vi_return_of_the_jedi,3.0,Episode VI: Return of the Jedi,return_of_the_jedi,6,1
3289710382.0,rank_episode_vi_return_of_the_jedi,,Episode VI: Return of the Jedi,return_of_the_jedi,6,0
3289706727.0,rank_episode_vi_return_of_the_jedi,4.0,Episode VI: Return of the Jedi,return_of_the_jedi,6,1
3289706550.0,rank_episode_vi_return_of_the_jedi,,Episode VI: Return of the Jedi,return_of_the_jedi,6,0
3289705195.0,rank_episode_vi_return_of_the_jedi,2.0,Episode VI: Return of the Jedi,return_of_the_jedi,6,1
3289700288.0,rank_episode_vi_return_of_the_jedi,4.0,Episode VI: Return of the Jedi,return_of_the_jedi,6,1
3289695941.0,rank_episode_vi_return_of_the_jedi,2.0,Episode VI: Return of the Jedi,return_of_the_jedi,6,1
3289693023.0,rank_episode_vi_return_of_the_jedi,3.0,Episode VI: Return of the Jedi,return_of_the_jedi,6,1
3289692258.0,rank_episode_vi_return_of_the_jedi,2.0,Episode VI: Return of the Jedi,return_of_the_jedi,6,1
3289689591.0,rank_episode_vi_return_of_the_jedi,,Episode VI: Return of the Jedi,return_of_the_jedi,6,0
3289689331.0,rank_episode_vi_return_of_the_jedi,4.0,Episode VI: Return of the Jedi,return_of_the_jedi,6,1
3289688885.0,rank_episode_vi_return_of_the_jedi,3.0,Episode VI: Return of the Jedi,return_of_the_jedi,6,1
3289686202.0,rank_episode_vi_return_of_the_jedi,,Episode VI: Return of the Jedi,return_of_the_jedi,6,0
3289685200.0,rank_episode_vi_return_of_the_jedi,,Episode VI: Return of the Jedi,return_of_the_jedi,6,0
3289684323.0,rank_episode_vi_return_of_the_jedi,5.0,Episode VI: Return of the Jedi,return_of_the_jedi,6,1
3289681765.0,rank_episode_vi_return_of_the_jedi,1.0,Episode VI: Return of the Jedi,return_of_the_jedi,6,1
3289680108.0,rank_episode_vi_return_of_the_jedi,1.0,Episode VI: Return of the Jedi,return_of_the_jedi,6,1
3289673695.0,rank_episode_vi_return_of_the_jedi,6.0,Episode VI: Return of the Jedi,return_of_the_jedi,6,1
3289666523.0,rank_episode_vi_return_of_the_jedi,,Episode VI: Return of the Jedi,return_of_the_jedi,6,0
3289664241.0,rank_episode_vi_return_of_the_jedi,3.0,Episode VI: Return of the Jedi,return_of_the_jedi,6,1
3289653763.0,rank_episode_vi_return_of_the_jedi,2.0,Episode VI: Return of the Jedi,return_of_the_jedi,6,1
3289653664.0,rank_episode_vi_return_of_the_jedi,,Episode VI: Return of the Jedi,return_of_the_jedi,6,0
3289652167.0,rank_episode_vi_return_of_the_jedi,5.0,Episode VI: Return of the Jedi,return_of_the_jedi,6,1
3289649402.0,rank_episode_vi_return_of_the_jedi,,Episode VI: Return of the Jedi,return_of_the_jedi,6,0
3289648154.0,rank_episode_vi_return_of_the_jedi,,Episode VI: Return of the Jedi,return_of_the_jedi,6,0
3289646833.0,rank_episode_vi_return_of_the_jedi,,Episode VI: Return of the Jedi,return_of_the_jedi,6,0
3289645505.0,rank_episode_vi_return_of_the_jedi,6.0,Episode VI: Return of the Jedi,return_of_the_jedi,6,1
3289644365.0,rank_episode_vi_return_of_the_jedi,1.0,Episode VI: Return of the Jedi,return_of_the_jedi,6,1
3289641241.0,rank_episode_vi_return_of_the_jedi,2.0,Episode VI: Return of the Jedi,return_of_the_jedi,6,1
3289640516.0,rank_episode_vi_return_of_the_jedi,,Episode VI: Return of the Jedi,return_of_the_jedi,6,0
3289638367.0,rank_episode_vi_return_of_the_jedi,2.0,Episode VI: Return of the Jedi,return_of_the_jedi,6,1
3289633176.0,rank_episode_vi_return_of_the_jedi,3.0,Episode VI: Return of the Jedi,return_of_the_jedi,6,1
3289628791.0,rank_episode_vi_return_of_the_jedi,6.0,Episode VI: Return of the Jedi,return_of_the_jedi,6,1
3289627503.0,rank_episode_vi_return_of_the_jedi,,Episode VI: Return of the Jedi,return_of_the_jedi,6,0
3289625918.0,rank_episode_vi_return_of_the_jedi,,Episode VI: Return of the Jedi,return_of_the_jedi,6,0
3289625905.0,rank_episode_vi_return_of_the_jedi,,Episode VI: Return of the Jedi,return_of_the_jedi,6,0
3289625071.0,rank_episode_vi_return_of_the_jedi,2.0,Episode VI: Return of the Jedi,return_of_the_jedi,6,1
3289621004.0,rank_episode_vi_return_of_the_jedi,3.0,Episode VI: Return of the Jedi,return_of_the_jedi,6,1
3289619487.0,rank_episode_vi_return_of_the_jedi,6.0,Episode VI: Return of the Jedi,return_of_the_jedi,6,1
3289618781.0,rank_episode_vi_return_of_the_jedi,,Episode VI: Return of the Jedi,return_of_the_jedi,6,0
3289618768.0,rank_episode_vi_return_of_the_jedi,,Episode VI: Return of the Jedi,return_of_the_jedi,6,0
3289618355.0,rank_episode_vi_return_of_the_jedi,,Episode VI: Return of the Jedi,return_of_the_jedi,6,0
3289616064.0,rank_episode_vi_return_of_the_jedi,,Episode VI: Return of the Jedi,return_of_the_jedi,6,0
3289610618.0,rank_episode_vi_return_of_the_jedi,,Episode VI: Return of the Jedi,return_of_the_jedi,6,0
3289610391.0,rank_episode_vi_return_of_the_jedi,6.0,Episode VI: Return of the Jedi,return_of_the_jedi,6,1
3289600885.0,rank_episode_vi_return_of_the_jedi,1.0,Episode VI: Return of the Jedi,return_of_the_jedi,6,1
3289598419.0,rank_episode_vi_return_of_the_jedi,2.0,Episode VI: Return of the Jedi,return_of_the_jedi,6,1
3289597768.0,rank_episode_vi_return_of_the_jedi,,Episode VI: Return of the Jedi,return_of_the_jedi,6,0
3289597035.0,rank_episode_vi_return_of_the_jedi,2.0,Episode VI: Return of the Jedi,return_of_the_jedi,6,1
3289588064.0,rank_episode_vi_return_of_the_jedi,5.0,Episode VI: Return of the Jedi,return_of_the_jedi,6,1
3289582868.0,rank_episode_vi_return_of_the_jedi,4.0,Episode VI: Return of the Jedi,return_of_the_jedi,6,1
3289582774.0,rank_episode_vi_return_of_the_jedi,2.0,Episode VI: Return of the Jedi,return_of_the_jedi,6,1
3289582090.0,rank_episode_vi_return_of_the_jedi,2.0,Episode VI: Return of the Jedi,return_of_the_jedi,6,1
3289573606.0,rank_episode_vi_return_of_the_jedi,3.0,Episode VI: Return of the Jedi,return_of_the_jedi,6,1
3289572808.0,rank_episode_vi_return_of_the_jedi,3.0,Episode VI: Return of the Jedi,return_of_the_jedi,6,1
3289569955.0,rank_episode_vi_return_of_the_jedi,,Episode VI: Return of the Jedi,return_of_the_jedi,6,0
3289567355.0,rank_episode_vi_return_of_the_jedi,2.0,Episode VI: Return of the Jedi,return_of_the_jedi,6,1
3289564387.0,rank_episode_vi_return_of_the_jedi,3.0,Episode VI: Return of the Jedi,return_of_the_jedi,6,1
3289563102.0,rank_episode_vi_return_of_the_jedi,,Episode VI: Return of the Jedi,return_of_the_jedi,6,0
3289561190.0,rank_episode_vi_return_of_the_jedi,,Episode VI: Return of the Jedi,return_of_the_jedi,6,0
3289560376.0,rank_episode_vi_return_of_the_jedi,2.0,Episode VI: Return of the Jedi,return_of_the_jedi,6,1
3289555540.0,rank_episode_vi_return_of_the_jedi,,Episode VI: Return of the Jedi,return_of_the_jedi,6,0
3289553574.0,rank_episode_vi_return_of_the_jedi,,Episode VI: Return of the Jedi,return_of_the_jedi,6,0
3289553473.0,rank_episode_vi_return_of_the_jedi,3.0,Episode VI: Return of the Jedi,return_of_the_jedi,6,1
3289552996.0,rank_episode_vi_return_of_the_jedi,2.0,Episode VI: Return of the Jedi,return_of_the_jedi,6,1
3289552625.0,rank_episode_vi_return_of_the_jedi,6.0,Episode VI: Return of the Jedi,return_of_the_jedi,6,1
3289543778.0,rank_episode_vi_return_of_the_jedi,3.0,Episode VI: Return of the Jedi,return_of_the_jedi,6,1
3289540349.0,rank_episode_vi_return_of_the_jedi,3.0,Episode VI: Return of the Jedi,return_of_the_jedi,6,1
3289539921.0,rank_episode_vi_return_of_the_jedi,4.0,Episode VI: Return of the Jedi,return_of_the_jedi,6,1
3289537363.0,rank_episode_vi_return_of_the_jedi,3.0,Episode VI: Return of the Jedi,return_of_the_jedi,6,1
3289537293.0,rank_episode_vi_return_of_the_jedi,2.0,Episode VI: Return of the Jedi,return_of_the_jedi,6,1
3289536171.0,rank_episode_vi_return_of_the_jedi,6.0,Episode VI: Return of the Jedi,return_of_the_jedi,6,1
3289533753.0,rank_episode_vi_return_of_the_jedi,6.0,Episode VI: Return of the Jedi,return_of_the_jedi,6,1
3289531711.0,rank_episode_vi_return_of_the_jedi,2.0,Episode VI: Return of the Jedi,return_of_the_jedi,6,1
3289530269.0,rank_episode_vi_return_of_the_jedi,,Episode VI: Return of the Jedi,return_of_the_jedi,6,0
3289530042.0,rank_episode_vi_return_of_the_jedi,2.0,Episode VI: Return of the Jedi,return_of_the_jedi,6,1
3289529064.0,rank_episode_vi_return_of_the_jedi,6.0,Episode VI: Return of the Jedi,return_of_the_jedi,6,1
3289528214.0,rank_episode_vi_return_of_the_jedi,,Episode VI: Return of the Jedi,return_of_the_jedi,6,0
3289526845.0,rank_episode_vi_return_of_the_jedi,3.0,Episode VI: Return of the Jedi,return_of_the_jedi,6,1
3289526048.0,rank_episode_vi_return_of_the_jedi,1.0,Episode VI: Return of the Jedi,return_of_the_jedi,6,1
3289522048.0,rank_episode_vi_return_of_the_jedi,2.0,Episode VI: Return of the Jedi,return_of_the_jedi,6,1
3289512650.0,rank_episode_vi_return_of_the_jedi,,Episode VI: Return of the Jedi,return_of_the_jedi,6,0
3289510637.0,rank_episode_vi_return_of_the_jedi,3.0,Episode VI: Return of the Jedi,return_of_the_jedi,6,1
3289510083.0,rank_episode_vi_return_of_the_jedi,,Episode VI: Return of the Jedi,return_of_the_jedi,6,0
3289508774.0,rank_episode_vi_return_of_the_jedi,2.0,Episode VI: Return of the Jedi,return_of_the_jedi,6,1
3289505557.0,rank_episode_vi_return_of_the_jedi,6.0,Episode VI: Return of the Jedi,return_of_the_jedi,6,1
3289498676.0,rank_episode_vi_return_of_the_jedi,1.0,Episode VI: Return of the Jedi,return_of_the_jedi,6,1
3289498263.0,rank_episode_vi_return_of_the_jedi,2.0,Episode VI: Return of the Jedi,return_of_the_jedi,6,1
3289498064.0,rank_episode_vi_return_of_the_jedi,1.0,Episode VI: Return of the Jedi,return_of_the_jedi,6,1
3289494245.0,rank_episode_vi_return_of_the_jedi,,Episode VI: Return of the Jedi,return_of_the_jedi,6,0
3289492759.0,rank_episode_vi_return_of_the_jedi,,Episode VI: Return of the Jedi,return_of_the_jedi,6,0
3289492075.0,rank_episode_vi_return_of_the_jedi,2.0,Episode VI: Return of the Jedi,return_of_the_jedi,6,1
3289489736.0,rank_episode_vi_return_of_the_jedi,6.0,Episode VI: Return of the Jedi,return_of_the_jedi,6,1
3289485680.0,rank_episode_vi_return_of_the_jedi,,Episode VI: Return of the Jedi,return_of_the_jedi,6,0
3289484757.0,rank_episode_vi_return_of_the_jedi,2.0,Episode VI: Return of the Jedi,return_of_the_jedi,6,1
3289481873.0,rank_episode_vi_return_of_the_jedi,,Episode VI: Return of the Jedi,return_of_the_jedi,6,0
3289481310.0,rank_episode_vi_return_of_the_jedi,6.0,Episode VI: Return of the Jedi,return_of_the_jedi,6,1
3289472648.0,rank_episode_vi_return_of_the_jedi,6.0,Episode VI: Return of the Jedi,return_of_the_jedi,6,1
3289469330.0,rank_episode_vi_return_of_the_jedi,,Episode VI: Return of the Jedi,return_of_the_jedi,6,0
3289467778.0,rank_episode_vi_return_of_the_jedi,2.0,Episode VI: Return of the Jedi,return_of_the_jedi,6,1
3289467324.0,rank_episode_vi_return_of_the_jedi,2.0,Episode VI: Return of the Jedi,return_of_the_jedi,6,1
3289463626.0,rank_episode_vi_return_of_the_jedi,,Episode VI: Return of the Jedi,return_of_the_jedi,6,0
3289463066.0,rank_episode_vi_return_of_the_jedi,6.0,Episode VI: Return of the Jedi,return_of_the_jedi,6,1
3289459695.0,rank_episode_vi_return_of_the_jedi,,Episode VI: Return of the Jedi,return_of_the_jedi,6,0
3289458608.0,rank_episode_vi_return_of_the_jedi,2.0,Episode VI: Return of the Jedi,return_of_the_jedi,6,1
3289453110.0,rank_episode_vi_return_of_the_jedi,6.0,Episode VI: Return of the Jedi,return_of_the_jedi,6,1
3289450247.0,rank_episode_vi_return_of_the_jedi,4.0,Episode VI: Return of the Jedi,return_of_the_jedi,6,1
3289450050.0,rank_episode_vi_return_of_the_jedi,5.0,Episode VI: Return of the Jedi,return_of_the_jedi,6,1
3289449176.0,rank_episode_vi_return_of_the_jedi,4.0,Episode VI: Return of the Jedi,return_of_the_jedi,6,1
3289448435.0,rank_episode_vi_return_of_the_jedi,1.0,Episode VI: Return of the Jedi,return_of_the_jedi,6,1
3289445841.0,rank_episode_vi_return_of_the_jedi,6.0,Episode VI: Return of the Jedi,return_of_the_jedi,6,1
3289437997.0,rank_episode_vi_return_of_the_jedi,,Episode VI: Return of the Jedi,return_of_the_jedi,6,0
3289436437.0,rank_episode_vi_return_of_the_jedi,3.0,Episode VI: Return of the Jedi,return_of_the_jedi,6,1
3289434297.0,rank_episode_vi_return_of_the_jedi,2.0,Episode VI: Return of the Jedi,return_of_the_jedi,6,1
3289425578.0,rank_episode_vi_return_of_the_jedi,4.0,Episode VI: Return of the Jedi,return_of_the_jedi,6,1
3289423303.0,rank_episode_vi_return_of_the_jedi,3.0,Episode VI: Return of the Jedi,return_of_the_jedi,6,1
3289419064.0,rank_episode_vi_return_of_the_jedi,,Episode VI: Return of the Jedi,return_of_the_jedi,6,0
3289418012.0,rank_episode_vi_return_of_the_jedi,,Episode VI: Return of the Jedi,return_of_the_jedi,6,0
3289416615.0,rank_episode_vi_return_of_the_jedi,3.0,Episode VI: Return of the Jedi,return_of_the_jedi,6,1
3289415200.0,rank_episode_vi_return_of_the_jedi,,Episode VI: Return of the Jedi,return_of_the_jedi,6,0
3289414959.0,rank_episode_vi_return_of_the_jedi,3.0,Episode VI: Return of the Jedi,return_of_the_jedi,6,1
3289414036.0,rank_episode_vi_return_of_the_jedi,1.0,Episode VI: Return of the Jedi,return_of_the_jedi,6,1
3289410507.0,rank_episode_vi_return_of_the_jedi,3.0,Episode VI: Return of the Jedi,return_of_the_jedi,6,1
3289410455.0,rank_episode_vi_return_of_the_jedi,3.0,Episode VI: Return of the Jedi,return_of_the_jedi,6,1
3289398157.0,rank_episode_vi_return_of_the_jedi,6.0,Episode VI: Return of the Jedi,return_of_the_jedi,6,1
3289394268.0,rank_episode_vi_return_of_the_jedi,1.0,Episode VI: Return of the Jedi,return_of_the_jedi,6,1
3289393495.0,rank_episode_vi_return_of_the_jedi,2.0,Episode VI: Return of the Jedi,return_of_the_jedi,6,1
3289392497.0,rank_episode_vi_return_of_the_jedi,1.0,Episode VI: Return of the Jedi,return_of_the_jedi,6,1
3289383220.0,rank_episode_vi_return_of_the_jedi,3.0,Episode VI: Return of the Jedi,return_of_the_jedi,6,1
3289381739.0,rank_episode_vi_return_of_the_jedi,5.0,Episode VI: Return of the Jedi,return_of_the_jedi,6,1
3289374653.0,rank_episode_vi_return_of_the_jedi,,Episode VI: Return of the Jedi,return_of_the_jedi,6,0
3289370623.0,rank_episode_vi_return_of_the_jedi,2.0,Episode VI: Return of the Jedi,return_of_the_jedi,6,1
3289369318.0,rank_episode_vi_return_of_the_jedi,2.0,Episode VI: Return of the Jedi,return_of_the_jedi,6,1
3289363684.0,rank_episode_vi_return_of_the_jedi,2.0,Episode VI: Return of the Jedi,return_of_the_jedi,6,1
3289358306.0,rank_episode_vi_return_of_the_jedi,6.0,Episode VI: Return of the Jedi,return_of_the_jedi,6,1
3289354975.0,rank_episode_vi_return_of_the_jedi,2.0,Episode VI: Return of the Jedi,return_of_the_jedi,6,1
3289351950.0,rank_episode_vi_return_of_the_jedi,4.0,Episode VI: Return of the Jedi,return_of_the_jedi,6,1
3289351379.0,rank_episode_vi_return_of_the_jedi,3.0,Episode VI: Return of the Jedi,return_of_the_jedi,6,1
3289341349.0,rank_episode_vi_return_of_the_jedi,,Episode VI: Return of the Jedi,return_of_the_jedi,6,0
3289334585.0,rank_episode_vi_return_of_the_jedi,,Episode VI: Return of the Jedi,return_of_the_jedi,6,0
3289334511.0,rank_episode_vi_return_of_the_jedi,,Episode VI: Return of the Jedi,return_of_the_jedi,6,0
3289322178.0,rank_episode_vi_return_of_the_jedi,6.0,Episode VI: Return of the Jedi,return_of_the_jedi,6,1
3289321600.0,rank_episode_vi_return_of_the_jedi,6.0,Episode VI: Return of the Jedi,return_of_the_jedi,6,1
3289317542.0,rank_episode_vi_return_of_the_jedi,3.0,Episode VI: Return of the Jedi,return_of_the_jedi,6,1
3289316592.0,rank_episode_vi_return_of_the_jedi,,Episode VI: Return of the Jedi,return_of_the_jedi,6,0
3289311086.0,rank_episode_vi_return_of_the_jedi,6.0,Episode VI: Return of the Jedi,return_of_the_jedi,6,1
3289305272.0,rank_episode_vi_return_of_the_jedi,,Episode VI: Return of the Jedi,return_of_the_jedi,6,0
3289302743.0,rank_episode_vi_return_of_the_jedi,,Episode VI: Return of the Jedi,return_of_the_jedi,6,0
3289301976.0,rank_episode_vi_return_of_the_jedi,,Episode VI: Return of the Jedi,return_of_the_jedi,6,0
3289282741.0,rank_episode_vi_return_of_the_jedi,,Episode VI: Return of the Jedi,return_of_the_jedi,6,0
3289281855.0,rank_episode_vi_return_of_the_jedi,,Episode VI: Return of the Jedi,return_of_the_jedi,6,0
3289279767.0,rank_episode_vi_return_of_the_jedi,,Episode VI: Return of the Jedi,return_of_the_jedi,6,0
3289274314.0,rank_episode_vi_return_of_the_jedi,2.0,Episode VI: Return of the Jedi,return_of_the_jedi,6,1
3289274207.0,rank_episode_vi_return_of_the_jedi,,Episode VI: Return of the Jedi,return_of_the_jedi,6,0
3289262699.0,rank_episode_vi_return_of_the_jedi,3.0,Episode VI: Return of the Jedi,return_of_the_jedi,6,1
3289262511.0,rank_episode_vi_return_of_the_jedi,5.0,Episode VI: Return of the Jedi,return_of_the_jedi,6,1
3289242777.0,rank_episode_vi_return_of_the_jedi,,Episode VI: Return of the Jedi,return_of_the_jedi,6,0
3289236782.0,rank_episode_vi_return_of_the_jedi,4.0,Episode VI: Return of the Jedi,return_of_the_jedi,6,1
3289198607.0,rank_episode_vi_return_of_the_jedi,4.0,Episode VI: Return of the Jedi,return_of_the_jedi,6,1
3289179421.0,rank_episode_vi_return_of_the_jedi,,Episode VI: Return of the Jedi,return_of_the_jedi,6,0
3289178815.0,rank_episode_vi_return_of_the_jedi,,Episode VI: Return of the Jedi,return_of_the_jedi,6,0
3289177383.0,rank_episode_vi_return_of_the_jedi,3.0,Episode VI: Return of the Jedi,return_of_the_jedi,6,1
3289172932.0,rank_episode_vi_return_of_the_jedi,,Episode VI: Return of the Jedi,return_of_the_jedi,6,0
3289156917.0,rank_episode_vi_return_of_the_jedi,4.0,Episode VI: Return of the Jedi,return_of_the_jedi,6,1
3289153001.0,rank_episode_vi_return_of_the_jedi,6.0,Episode VI: Return of the Jedi,return_of_the_jedi,6,1
3289148779.0,rank_episode_vi_return_of_the_jedi,6.0,Episode VI: Return of the Jedi,return_of_the_jedi,6,1
3289112999.0,rank_episode_vi_return_of_the_jedi,2.0,Episode VI: Return of the Jedi,return_of_the_jedi,6,1
3289095873.0,rank_episode_vi_return_of_the_jedi,6.0,Episode VI: Return of the Jedi,return_of_the_jedi,6,1
3289069642.0,rank_episode_vi_return_of_the_jedi,3.0,Episode VI: Return of the Jedi,return_of_the_jedi,6,1
3289064086.0,rank_episode_vi_return_of_the_jedi,6.0,Episode VI: Return of the Jedi,return_of_the_jedi,6,1
3289054324.0,rank_episode_vi_return_of_the_jedi,6.0,Episode VI: Return of the Jedi,return_of_the_jedi,6,1
3289049751.0,rank_episode_vi_return_of_the_jedi,6.0,Episode VI: Return of the Jedi,return_of_the_jedi,6,1
3289032654.0,rank_episode_vi_return_of_the_jedi,,Episode VI: Return of the Jedi,return_of_the_jedi,6,0
3288941294.0,rank_episode_vi_return_of_the_jedi,2.0,Episode VI: Return of the Jedi,return_of_the_jedi,6,1
3288846487.0,rank_episode_vi_return_of_the_jedi,2.0,Episode VI: Return of the Jedi,return_of_the_jedi,6,1
3288826742.0,rank_episode_vi_return_of_the_jedi,,Episode VI: Return of the Jedi,return_of_the_jedi,6,0
3288823234.0,rank_episode_vi_return_of_the_jedi,,Episode VI: Return of the Jedi,return_of_the_jedi,6,0
3288802482.0,rank_episode_vi_return_of_the_jedi,2.0,Episode VI: Return of the Jedi,return_of_the_jedi,6,1
3288793006.0,rank_episode_vi_return_of_the_jedi,6.0,Episode VI: Return of the Jedi,return_of_the_jedi,6,1
3288777560.0,rank_episode_vi_return_of_the_jedi,3.0,Episode VI: Return of the Jedi,return_of_the_jedi,6,1
3288772244.0,rank_episode_vi_return_of_the_jedi,1.0,Episode VI: Return of the Jedi,return_of_the_jedi,6,1
3288771826.0,rank_episode_vi_return_of_the_jedi,2.0,Episode VI: Return of the Jedi,return_of_the_jedi,6,1
3288750443.0,rank_episode_vi_return_of_the_jedi,2.0,Episode VI: Return of the Jedi,return_of_the_jedi,6,1
3288741236.0,rank_episode_vi_return_of_the_jedi,5.0,Episode VI: Return of the Jedi,return_of_the_jedi,6,1
3288740386.0,rank_episode_vi_return_of_the_jedi,6.0,Episode VI: Return of the Jedi,return_of_the_jedi,6,1
3288728912.0,rank_episode_vi_return_of_the_jedi,3.0,Episode VI: Return of the Jedi,return_of_the_jedi,6,1
3288723253.0,rank_episode_vi_return_of_the_jedi,,Episode VI: Return of the Jedi,return_of_the_jedi,6,0
3288722710.0,rank_episode_vi_return_of_the_jedi,2.0,Episode VI: Return of the Jedi,return_of_the_jedi,6,1
3288719090.0,rank_episode_vi_return_of_the_jedi,4.0,Episode VI: Return of the Jedi,return_of_the_jedi,6,1
3288718743.0,rank_episode_vi_return_of_the_jedi,2.0,Episode VI: Return of the Jedi,return_of_the_jedi,6,1
3288714827.0,rank_episode_vi_return_of_the_jedi,3.0,Episode VI: Return of the Jedi,return_of_the_jedi,6,1
3288714697.0,rank_episode_vi_return_of_the_jedi,6.0,Episode VI: Return of the Jedi,return_of_the_jedi,6,1
3288713721.0,rank_episode_vi_return_of_the_jedi,1.0,Episode VI: Return of the Jedi,return_of_the_jedi,6,1
3288713570.0,rank_episode_vi_return_of_the_jedi,3.0,Episode VI: Return of the Jedi,return_of_the_jedi,6,1
3288712832.0,rank_episode_vi_return_of_the_jedi,6.0,Episode VI: Return of the Jedi,return_of_the_jedi,6,1
3288704807.0,rank_episode_vi_return_of_the_jedi,5.0,Episode VI: Return of the Jedi,return_of_the_jedi,6,1
3288702291.0,rank_episode_vi_return_of_the_jedi,3.0,Episode VI: Return of the Jedi,return_of_the_jedi,6,1
3288700554.0,rank_episode_vi_return_of_the_jedi,6.0,Episode VI: Return of the Jedi,return_of_the_jedi,6,1
3288699973.0,rank_episode_vi_return_of_the_jedi,,Episode VI: Return of the Jedi,return_of_the_jedi,6,0
3288698545.0,rank_episode_vi_return_of_the_jedi,,Episode VI: Return of the Jedi,return_of_the_jedi,6,0
3288698085.0,rank_episode_vi_return_of_the_jedi,6.0,Episode VI: Return of the Jedi,return_of_the_jedi,6,1
3288697760.0,rank_episode_vi_return_of_the_jedi,6.0,Episode VI: Return of the Jedi,return_of_the_jedi,6,1
3288696158.0,rank_episode_vi_return_of_the_jedi,,Episode VI: Return of the Jedi,return_of_the_jedi,6,0
3288694272.0,rank_episode_vi_return_of_the_jedi,,Episode VI: Return of the Jedi,return_of_the_jedi,6,0
3288690295.0,rank_episode_vi_return_of_the_jedi,3.0,Episode VI: Return of the Jedi,return_of_the_jedi,6,1
3288689621.0,rank_episode_vi_return_of_the_jedi,,Episode VI: Return of the Jedi,return_of_the_jedi,6,0
3288687502.0,rank_episode_vi_return_of_the_jedi,4.0,Episode VI: Return of the Jedi,return_of_the_jedi,6,1
3288685641.0,rank_episode_vi_return_of_the_jedi,2.0,Episode VI: Return of the Jedi,return_of_the_jedi,6,1
3288683262.0,rank_episode_vi_return_of_the_jedi,,Episode VI: Return of the Jedi,return_of_the_jedi,6,0
3288683105.0,rank_episode_vi_return_of_the_jedi,4.0,Episode VI: Return of the Jedi,return_of_the_jedi,6,1
3288682774.0,rank_episode_vi_return_of_the_jedi,,Episode VI: Return of the Jedi,return_of_the_jedi,6,0
3288682656.0,rank_episode_vi_return_of_the_jedi,5.0,Episode VI: Return of the Jedi,return_of_the_jedi,6,1
3288678886.0,rank_episode_vi_return_of_the_jedi,2.0,Episode VI: Return of the Jedi,return_of_the_jedi,6,1
3288675923.0,rank_episode_vi_return_of_the_jedi,1.0,Episode VI: Return of the Jedi,return_of_the_jedi,6,1
3288672490.0,rank_episode_vi_return_of_the_jedi,2.0,Episode VI: Return of the Jedi,return_of_the_jedi,6,1
3288672409.0,rank_episode_vi_return_of_the_jedi,1.0,Episode VI: Return of the Jedi,return_of_the_jedi,6,1
3288672197.0,rank_episode_vi_return_of_the_jedi,,Episode VI: Return of the Jedi,return_of_the_jedi,6,0
3288671359.0,rank_episode_vi_return_of_the_jedi,6.0,Episode VI: Return of the Jedi,return_of_the_jedi,6,1
3288671328.0,rank_episode_vi_return_of_the_jedi,4.0,Episode VI: Return of the Jedi,return_of_the_jedi,6,1
3288670345.0,rank_episode_vi_return_of_the_jedi,3.0,Episode VI: Return of the Jedi,return_of_the_jedi,6,1
3288668791.0,rank_episode_vi_return_of_the_jedi,1.0,Episode VI: Return of the Jedi,return_of_the_jedi,6,1
3288668404.0,rank_episode_vi_return_of_the_jedi,,Episode VI: Return of the Jedi,return_of_the_jedi,6,0
3288668176.0,rank_episode_vi_return_of_the_jedi,2.0,Episode VI: Return of the Jedi,return_of_the_jedi,6,1
3288666429.0,rank_episode_vi_return_of_the_jedi,,Episode VI: Return of the Jedi,return_of_the_jedi,6,0
3288665797.0,rank_episode_vi_return_of_the_jedi,,Episode VI: Return of the Jedi,return_of_the_jedi,6,0
3288665355.0,rank_episode_vi_return_of_the_jedi,,Episode VI: Return of the Jedi,return_of_the_jedi,6,0
3288662617.0,rank_episode_vi_return_of_the_jedi,,Episode VI: Return of the Jedi,return_of_the_jedi,6,0
3288660175.0,rank_episode_vi_return_of_the_jedi,3.0,Episode VI: Return of the Jedi,return_of_the_jedi,6,1
3288657866.0,rank_episode_vi_return_of_the_jedi,3.0,Episode VI: Return of the Jedi,return_of_the_jedi,6,1
3288657113.0,rank_episode_vi_return_of_the_jedi,1.0,Episode VI: Return of the Jedi,return_of_the_jedi,6,1
3288653945.0,rank_episode_vi_return_of_the_jedi,,Episode VI: Return of the Jedi,return_of_the_jedi,6,0
3288653548.0,rank_episode_vi_return_of_the_jedi,4.0,Episode VI: Return of the Jedi,return_of_the_jedi,6,1
3288653332.0,rank_episode_vi_return_of_the_jedi,,Episode VI: Return of the Jedi,return_of_the_jedi,6,0
3288653149.0,rank_episode_vi_return_of_the_jedi,4.0,Episode VI: Return of the Jedi,return_of_the_jedi,6,1
3288650455.0,rank_episode_vi_return_of_the_jedi,3.0,Episode VI: Return of the Jedi,return_of_the_jedi,6,1
3288649171.0,rank_episode_vi_return_of_the_jedi,,Episode VI: Return of the Jedi,return_of_the_jedi,6,0
3288647913.0,rank_episode_vi_return_of_the_jedi,1.0,Episode VI: Return of the Jedi,return_of_the_jedi,6,1
3288647623.0,rank_episode_vi_return_of_the_jedi,2.0,Episode VI: Return of the Jedi,return_of_the_jedi,6,1
3288644592.0,rank_episode_vi_return_of_the_jedi,6.0,Episode VI: Return of the Jedi,return_of_the_jedi,6,1
3288644163.0,rank_episode_vi_return_of_the_jedi,4.0,Episode VI: Return of the Jedi,return_of_the_jedi,6,1
3288641278.0,rank_episode_vi_return_of_the_jedi,,Episode VI: Return of the Jedi,return_of_the_jedi,6,0
3288639879.0,rank_episode_vi_return_of_the_jedi,,Episode VI: Return of the Jedi,return_of_the_jedi,6,0
3288639732.0,rank_episode_vi_return_of_the_jedi,,Episode VI: Return of the Jedi,return_of_the_jedi,6,0
3288639377.0,rank_episode_vi_return_of_the_jedi,1.0,Episode VI: Return of the Jedi,return_of_the_jedi,6,1
3288638640.0,rank_episode_vi_return_of_the_jedi,,Episode VI: Return of the Jedi,return_of_the_jedi,6,0
3288635451.0,rank_episode_vi_return_of_the_jedi,6.0,Episode VI: Return of the Jedi,return_of_the_jedi,6,1
3288633861.0,rank_episode_vi_return_of_the_jedi,,Episode VI: Return of the Jedi,return_of_the_jedi,6,0
3288629979.0,rank_episode_vi_return_of_the_jedi,4.0,Episode VI: Return of the Jedi,return_of_the_jedi,6,1
3288627180.0,rank_episode_vi_return_of_the_jedi,,Episode VI: Return of the Jedi,return_of_the_jedi,6,0
3288625580.0,rank_episode_vi_return_of_the_jedi,2.0,Episode VI: Return of the Jedi,return_of_the_jedi,6,1
3288623870.0,rank_episode_vi_return_of_the_jedi,4.0,Episode VI: Return of the Jedi,return_of_the_jedi,6,1
3288623420.0,rank_episode_vi_return_of_the_jedi,,Episode VI: Return of the Jedi,return_of_the_jedi,6,0
3288623033.0,rank_episode_vi_return_of_the_jedi,2.0,Episode VI: Return of the Jedi,return_of_the_jedi,6,1
3288620198.0,rank_episode_vi_return_of_the_jedi,2.0,Episode VI: Return of the Jedi,return_of_the_jedi,6,1
3288618459.0,rank_episode_vi_return_of_the_jedi,1.0,Episode VI: Return of the Jedi,return_of_the_jedi,6,1
3288617343.0,rank_episode_vi_return_of_the_jedi,,Episode VI: Return of the Jedi,return_of_the_jedi,6,0
3288617091.0,rank_episode_vi_return_of_the_jedi,3.0,Episode VI: Return of the Jedi,return_of_the_jedi,6,1
3288614671.0,rank_episode_vi_return_of_the_jedi,3.0,Episode VI: Return of the Jedi,return_of_the_jedi,6,1
3288614539.0,rank_episode_vi_return_of_the_jedi,1.0,Episode VI: Return of the Jedi,return_of_the_jedi,6,1
3288614195.0,rank_episode_vi_return_of_the_jedi,5.0,Episode VI: Return of the Jedi,return_of_the_jedi,6,1
3288613051.0,rank_episode_vi_return_of_the_jedi,,Episode VI: Return of the Jedi,return_of_the_jedi,6,0
3288609566.0,rank_episode_vi_return_of_the_jedi,5.0,Episode VI: Return of the Jedi,return_of_the_jedi,6,1
3288608965.0,rank_episode_vi_return_of_the_jedi,,Episode VI: Return of the Jedi,return_of_the_jedi,6,0
3288604946.0,rank_episode_vi_return_of_the_jedi,6.0,Episode VI: Return of the Jedi,return_of_the_jedi,6,1
3288602883.0,rank_episode_vi_return_of_the_jedi,2.0,Episode VI: Return of the Jedi,return_of_the_jedi,6,1
3288601847.0,rank_episode_vi_return_of_the_jedi,4.0,Episode VI: Return of the Jedi,return_of_the_jedi,6,1
3288601827.0,rank_episode_vi_return_of_the_jedi,,Episode VI: Return of the Jedi,return_of_the_jedi,6,0
3288599799.0,rank_episode_vi_return_of_the_jedi,4.0,Episode VI: Return of the Jedi,return_of_the_jedi,6,1
3288599067.0,rank_episode_vi_return_of_the_jedi,1.0,Episode VI: Return of the Jedi,return_of_the_jedi,6,1
3288593331.0,rank_episode_vi_return_of_the_jedi,,Episode VI: Return of the Jedi,return_of_the_jedi,6,0
3288590836.0,rank_episode_vi_return_of_the_jedi,,Episode VI: Return of the Jedi,return_of_the_jedi,6,0
3288588424.0,rank_episode_vi_return_of_the_jedi,,Episode VI: Return of the Jedi,return_of_the_jedi,6,0
3288587373.0,rank_episode_vi_return_of_the_jedi,1.0,Episode VI: Return of the Jedi,return_of_the_jedi,6,1
3288586178.0,rank_episode_vi_return_of_the_jedi,1.0,Episode VI: Return of the Jedi,return_of_the_jedi,6,1
3288585053.0,rank_episode_vi_return_of_the_jedi,1.0,Episode VI: Return of the Jedi,return_of_the_jedi,6,1
3288584578.0,rank_episode_vi_return_of_the_jedi,3.0,Episode VI: Return of the Jedi,return_of_the_jedi,6,1
3288583884.0,rank_episode_vi_return_of_the_jedi,1.0,Episode VI: Return of the Jedi,return_of_the_jedi,6,1
3288583591.0,rank_episode_vi_return_of_the_jedi,,Episode VI: Return of the Jedi,return_of_the_jedi,6,0
3288581774.0,rank_episode_vi_return_of_the_jedi,,Episode VI: Return of the Jedi,return_of_the_jedi,6,0
3288580684.0,rank_episode_vi_return_of_the_jedi,,Episode VI: Return of the Jedi,return_of_the_jedi,6,0
3288580145.0,rank_episode_vi_return_of_the_jedi,,Episode VI: Return of the Jedi,return_of_the_jedi,6,0
3288579719.0,rank_episode_vi_return_of_the_jedi,,Episode VI: Return of the Jedi,return_of_the_jedi,6,0
3288579445.0,rank_episode_vi_return_of_the_jedi,,Episode VI: Return of the Jedi,return_of_the_jedi,6,0
3288578983.0,rank_episode_vi_return_of_the_jedi,1.0,Episode VI: Return of the Jedi,return_of_the_jedi,6,1
3288578072.0,rank_episode_vi_return_of_the_jedi,2.0,Episode VI: Return of the Jedi,return_of_the_jedi,6,1
3288576462.0,rank_episode_vi_return_of_the_jedi,1.0,Episode VI: Return of the Jedi,return_of_the_jedi,6,1
3288574703.0,rank_episode_vi_return_of_the_jedi,1.0,Episode VI: Return of the Jedi,return_of_the_jedi,6,1
3288571196.0,rank_episode_vi_return_of_the_jedi,1.0,Episode VI: Return of the Jedi,return_of_the_jedi,6,1
3288568534.0,rank_episode_vi_return_of_the_jedi,2.0,Episode VI: Return of the Jedi,return_of_the_jedi,6,1
3288567242.0,rank_episode_vi_return_of_the_jedi,1.0,Episode VI: Return of the Jedi,return_of_the_jedi,6,1
3288567154.0,rank_episode_vi_return_of_the_jedi,3.0,Episode VI: Return of the Jedi,return_of_the_jedi,6,1
3288563970.0,rank_episode_vi_return_of_the_jedi,,Episode VI: Return of the Jedi,return_of_the_jedi,6,0
3288563342.0,rank_episode_vi_return_of_the_jedi,,Episode VI: Return of the Jedi,return_of_the_jedi,6,0
3288563065.0,rank_episode_vi_return_of_the_jedi,2.0,Episode VI: Return of the Jedi,return_of_the_jedi,6,1
3288559700.0,rank_episode_vi_return_of_the_jedi,,Episode VI: Return of the Jedi,return_of_the_jedi,6,0
3288559015.0,rank_episode_vi_return_of_the_jedi,6.0,Episode VI: Return of the Jedi,return_of_the_jedi,6,1
3288558131.0,rank_episode_vi_return_of_the_jedi,3.0,Episode VI: Return of the Jedi,return_of_the_jedi,6,1
3288557322.0,rank_episode_vi_return_of_the_jedi,,Episode VI: Return of the Jedi,return_of_the_jedi,6,0
3288553903.0,rank_episode_vi_return_of_the_jedi,1.0,Episode VI: Return of the Jedi,return_of_the_jedi,6,1
3288553457.0,rank_episode_vi_return_of_the_jedi,,Episode VI: Return of the Jedi,return_of_the_jedi,6,0
3288552984.0,rank_episode_vi_return_of_the_jedi,3.0,Episode VI: Return of the Jedi,return_of_the_jedi,6,1
3288551156.0,rank_episode_vi_return_of_the_jedi,,Episode VI: Return of the Jedi,return_of_the_jedi,6,0
3288549677.0,rank_episode_vi_return_of_the_jedi,,Episode VI: Return of the Jedi,return_of_the_jedi,6,0
3288547379.0,rank_episode_vi_return_of_the_jedi,2.0,Episode VI: Return of the Jedi,return_of_the_jedi,6,1
3288545527.0,rank_episode_vi_return_of_the_jedi,2.0,Episode VI: Return of the Jedi,return_of_the_jedi,6,1
3288544295.0,rank_episode_vi_return_of_the_jedi,2.0,Episode VI: Return of the Jedi,return_of_the_jedi,6,1
3288539645.0,rank_episode_vi_return_of_the_jedi,,Episode VI: Return of the Jedi,return_of_the_jedi,6,0
3288538248.0,rank_episode_vi_return_of_the_jedi,2.0,Episode VI: Return of the Jedi,return_of_the_jedi,6,1
3288536532.0,rank_episode_vi_return_of_the_jedi,2.0,Episode VI: Return of the Jedi,return_of_the_jedi,6,1
3288534023.0,rank_episode_vi_return_of_the_jedi,6.0,Episode VI: Return of the Jedi,return_of_the_jedi,6,1
3288532773.0,rank_episode_vi_return_of_the_jedi,,Episode VI: Return of the Jedi,return_of_the_jedi,6,0
3288532255.0,rank_episode_vi_return_of_the_jedi,,Episode VI: Return of the Jedi,return_of_the_jedi,6,0
3288526244.0,rank_episode_vi_return_of_the_jedi,,Episode VI: Return of the Jedi,return_of_the_jedi,6,0
3288524042.0,rank_episode_vi_return_of_the_jedi,2.0,Episode VI: Return of the Jedi,return_of_the_jedi,6,1
3288523874.0,rank_episode_vi_return_of_the_jedi,2.0,Episode VI: Return of the Jedi,return_of_the_jedi,6,1
3288522525.0,rank_episode_vi_return_of_the_jedi,3.0,Episode VI: Return of the Jedi,return_of_the_jedi,6,1
3288522488.0,rank_episode_vi_return_of_the_jedi,2.0,Episode VI: Return of the Jedi,return_of_the_jedi,6,1
3288521325.0,rank_episode_vi_return_of_the_jedi,3.0,Episode VI: Return of the Jedi,return_of_the_jedi,6,1
3288519037.0,rank_episode_vi_return_of_the_jedi,3.0,Episode VI: Return of the Jedi,return_of_the_jedi,6,1
3288516295.0,rank_episode_vi_return_of_the_jedi,2.0,Episode VI: Return of the Jedi,return_of_the_jedi,6,1
3288515773.0,rank_episode_vi_return_of_the_jedi,3.0,Episode VI: Return of the Jedi,return_of_the_jedi,6,1
3288514217.0,rank_episode_vi_return_of_the_jedi,3.0,Episode VI: Return of the Jedi,return_of_the_jedi,6,1
3288513045.0,rank_episode_vi_return_of_the_jedi,,Episode VI: Return of the Jedi,return_of_the_jedi,6,0
3288512822.0,rank_episode_vi_return_of_the_jedi,2.0,Episode VI: Return of the Jedi,return_of_the_jedi,6,1
3288512665.0,rank_episode_vi_return_of_the_jedi,1.0,Episode VI: Return of the Jedi,return_of_the_jedi,6,1
3288512020.0,rank_episode_vi_return_of_the_jedi,,Episode VI: Return of the Jedi,return_of_the_jedi,6,0
3288511686.0,rank_episode_vi_return_of_the_jedi,,Episode VI: Return of the Jedi,return_of_the_jedi,6,0
3288511180.0,rank_episode_vi_return_of_the_jedi,6.0,Episode VI: Return of the Jedi,return_of_the_jedi,6,1
3288509415.0,rank_episode_vi_return_of_the_jedi,2.0,Episode VI: Return of the Jedi,return_of_the_jedi,6,1
3288506275.0,rank_episode_vi_return_of_the_jedi,4.0,Episode VI: Return of the Jedi,return_of_the_jedi,6,1
3288505925.0,rank_episode_vi_return_of_the_jedi,1.0,Episode VI: Return of the Jedi,return_of_the_jedi,6,1
3288505737.0,rank_episode_vi_return_of_the_jedi,2.0,Episode VI: Return of the Jedi,return_of_the_jedi,6,1
3288505216.0,rank_episode_vi_return_of_the_jedi,,Episode VI: Return of the Jedi,return_of_the_jedi,6,0
3288505151.0,rank_episode_vi_return_of_the_jedi,,Episode VI: Return of the Jedi,return_of_the_jedi,6,0
3288504398.0,rank_episode_vi_return_of_the_jedi,6.0,Episode VI: Return of the Jedi,return_of_the_jedi,6,1
3288502884.0,rank_episode_vi_return_of_the_jedi,2.0,Episode VI: Return of the Jedi,return_of_the_jedi,6,1
3288501301.0,rank_episode_vi_return_of_the_jedi,4.0,Episode VI: Return of the Jedi,return_of_the_jedi,6,1
3288499757.0,rank_episode_vi_return_of_the_jedi,,Episode VI: Return of the Jedi,return_of_the_jedi,6,0
3288498715.0,rank_episode_vi_return_of_the_jedi,6.0,Episode VI: Return of the Jedi,return_of_the_jedi,6,1
3288497532.0,rank_episode_vi_return_of_the_jedi,,Episode VI: Return of the Jedi,return_of_the_jedi,6,0
3288497228.0,rank_episode_vi_return_of_the_jedi,3.0,Episode VI: Return of the Jedi,return_of_the_jedi,6,1
3288497010.0,rank_episode_vi_return_of_the_jedi,,Episode VI: Return of the Jedi,return_of_the_jedi,6,0
3288493077.0,rank_episode_vi_return_of_the_jedi,4.0,Episode VI: Return of the Jedi,return_of_the_jedi,6,1
3288492006.0,rank_episode_vi_return_of_the_jedi,2.0,Episode VI: Return of the Jedi,return_of_the_jedi,6,1
3288484535.0,rank_episode_vi_return_of_the_jedi,2.0,Episode VI: Return of the Jedi,return_of_the_jedi,6,1
3288482717.0,rank_episode_vi_return_of_the_jedi,1.0,Episode VI: Return of the Jedi,return_of_the_jedi,6,1
3288482581.0,rank_episode_vi_return_of_the_jedi,3.0,Episode VI: Return of the Jedi,return_of_the_jedi,6,1
3288482369.0,rank_episode_vi_return_of_the_jedi,6.0,Episode VI: Return of the Jedi,return_of_the_jedi,6,1
3288479368.0,rank_episode_vi_return_of_the_jedi,2.0,Episode VI: Return of the Jedi,return_of_the_jedi,6,1
3288479074.0,rank_episode_vi_return_of_the_jedi,,Episode VI: Return of the Jedi,return_of_the_jedi,6,0
3288477753.0,rank_episode_vi_return_of_the_jedi,3.0,Episode VI: Return of the Jedi,return_of_the_jedi,6,1
3288476971.0,rank_episode_vi_return_of_the_jedi,3.0,Episode VI: Return of the Jedi,return_of_the_jedi,6,1
3288472373.0,rank_episode_vi_return_of_the_jedi,,Episode VI: Return of the Jedi,return_of_the_jedi,6,0
3288471192.0,rank_episode_vi_return_of_the_jedi,,Episode VI: Return of the Jedi,return_of_the_jedi,6,0
3288469670.0,rank_episode_vi_return_of_the_jedi,,Episode VI: Return of the Jedi,return_of_the_jedi,6,0
3288469047.0,rank_episode_vi_return_of_the_jedi,3.0,Episode VI: Return of the Jedi,return_of_the_jedi,6,1
3288460192.0,rank_episode_vi_return_of_the_jedi,,Episode VI: Return of the Jedi,return_of_the_jedi,6,0
3288459190.0,rank_episode_vi_return_of_the_jedi,3.0,Episode VI: Return of the Jedi,return_of_the_jedi,6,1
3288458873.0,rank_episode_vi_return_of_the_jedi,,Episode VI: Return of the Jedi,return_of_the_jedi,6,0
3288456946.0,rank_episode_vi_return_of_the_jedi,3.0,Episode VI: Return of the Jedi,return_of_the_jedi,6,1
3288455900.0,rank_episode_vi_return_of_the_jedi,,Episode VI: Return of the Jedi,return_of_the_jedi,6,0
3288453555.0,rank_episode_vi_return_of_the_jedi,6.0,Episode VI: Return of the Jedi,return_of_the_jedi,6,1
3288446700.0,rank_episode_vi_return_of_the_jedi,2.0,Episode VI: Return of the Jedi,return_of_the_jedi,6,1
3288446529.0,rank_episode_vi_return_of_the_jedi,2.0,Episode VI: Return of the Jedi,return_of_the_jedi,6,1
3288445926.0,rank_episode_vi_return_of_the_jedi,2.0,Episode VI: Return of the Jedi,return_of_the_jedi,6,1
3288444784.0,rank_episode_vi_return_of_the_jedi,2.0,Episode VI: Return of the Jedi,return_of_the_jedi,6,1
3288442728.0,rank_episode_vi_return_of_the_jedi,6.0,Episode VI: Return of the Jedi,return_of_the_jedi,6,1
3288436226.0,rank_episode_vi_return_of_the_jedi,,Episode VI: Return of the Jedi,return_of_the_jedi,6,0
3288432395.0,rank_episode_vi_return_of_the_jedi,,Episode VI: Return of the Jedi,return_of_the_jedi,6,0
3288429451.0,rank_episode_vi_return_of_the_jedi,3.0,Episode VI: Return of the Jedi,return_of_the_jedi,6,1
3288429390.0,rank_episode_vi_return_of_the_jedi,,Episode VI: Return of the Jedi,return_of_the_jedi,6,0
3288429092.0,rank_episode_vi_return_of_the_jedi,3.0,Episode VI: Return of the Jedi,return_of_the_jedi,6,1
3288428243.0,rank_episode_vi_return_of_the_jedi,3.0,Episode VI: Return of the Jedi,return_of_the_jedi,6,1
3288425859.0,rank_episode_vi_return_of_the_jedi,1.0,Episode VI: Return of the Jedi,return_of_the_jedi,6,1
3288423088.0,rank_episode_vi_return_of_the_jedi,,Episode VI: Return of the Jedi,return_of_the_jedi,6,0
3288423045.0,rank_episode_vi_return_of_the_jedi,6.0,Episode VI: Return of the Jedi,return_of_the_jedi,6,1
3288421819.0,rank_episode_vi_return_of_the_jedi,,Episode VI: Return of the Jedi,return_of_the_jedi,6,0
3288420798.0,rank_episode_vi_return_of_the_jedi,1.0,Episode VI: Return of the Jedi,return_of_the_jedi,6,1
3288417782.0,rank_episode_vi_return_of_the_jedi,2.0,Episode VI: Return of the Jedi,return_of_the_jedi,6,1
3288417641.0,rank_episode_vi_return_of_the_jedi,3.0,Episode VI: Return of the Jedi,return_of_the_jedi,6,1
3288416959.0,rank_episode_vi_return_of_the_jedi,3.0,Episode VI: Return of the Jedi,return_of_the_jedi,6,1
3288415166.0,rank_episode_vi_return_of_the_jedi,2.0,Episode VI: Return of the Jedi,return_of_the_jedi,6,1
3288414025.0,rank_episode_vi_return_of_the_jedi,2.0,Episode VI: Return of the Jedi,return_of_the_jedi,6,1
3288413441.0,rank_episode_vi_return_of_the_jedi,2.0,Episode VI: Return of the Jedi,return_of_the_jedi,6,1
3288410348.0,rank_episode_vi_return_of_the_jedi,2.0,Episode VI: Return of the Jedi,return_of_the_jedi,6,1
3288410073.0,rank_episode_vi_return_of_the_jedi,,Episode VI: Return of the Jedi,return_of_the_jedi,6,0
3288408698.0,rank_episode_vi_return_of_the_jedi,2.0,Episode VI: Return of the Jedi,return_of_the_jedi,6,1
3288402717.0,rank_episode_vi_return_of_the_jedi,,Episode VI: Return of the Jedi,return_of_the_jedi,6,0
3288402643.0,rank_episode_vi_return_of_the_jedi,4.0,Episode VI: Return of the Jedi,return_of_the_jedi,6,1
3288402592.0,rank_episode_vi_return_of_the_jedi,5.0,Episode VI: Return of the Jedi,return_of_the_jedi,6,1
3288402511.0,rank_episode_vi_return_of_the_jedi,1.0,Episode VI: Return of the Jedi,return_of_the_jedi,6,1
3288401681.0,rank_episode_vi_return_of_the_jedi,6.0,Episode VI: Return of the Jedi,return_of_the_jedi,6,1
3288401136.0,rank_episode_vi_return_of_the_jedi,5.0,Episode VI: Return of the Jedi,return_of_the_jedi,6,1
3288398062.0,rank_episode_vi_return_of_the_jedi,6.0,Episode VI: Return of the Jedi,return_of_the_jedi,6,1
3288396374.0,rank_episode_vi_return_of_the_jedi,6.0,Episode VI: Return of the Jedi,return_of_the_jedi,6,1
3288395255.0,rank_episode_vi_return_of_the_jedi,,Episode VI: Return of the Jedi,return_of_the_jedi,6,0
3288391812.0,rank_episode_vi_return_of_the_jedi,2.0,Episode VI: Return of the Jedi,return_of_the_jedi,6,1
3288389603.0,rank_episode_vi_return_of_the_jedi,6.0,Episode VI: Return of the Jedi,return_of_the_jedi,6,1
3288388730.0,rank_episode_vi_return_of_the_jedi,1.0,Episode VI: Return of the Jedi,return_of_the_jedi,6,1
3288378779.0,rank_episode_vi_return_of_the_jedi,1.0,Episode VI: Return of the Jedi,return_of_the_jedi,6,1
3288375286.0,rank_episode_vi_return_of_the_jedi,,Episode VI: Return of the Jedi,return_of_the_jedi,6,0
3288373068.0,rank_episode_vi_return_of_the_jedi,1.0,Episode VI: Return of the Jedi,return_of_the_jedi,6,1
3288372923.0,rank_episode_vi_return_of_the_jedi,5.0,Episode VI: Return of the Jedi,return_of_the_jedi,6,1
